parameter_id,family,proposed_config_key,proposed_consumer,proposed_unit_class,proposed_unit_contract,proposed_profile_stage,proposed_profile_use,evidence_status,E0_reviewer_id,E0_disposition,E0_rationale,C0_reviewer_id,C0_disposition,C0_rationale,coordinator_id,resolved_at,E0_session_id,E0_base_commit,E0_evidence_locator,E0_replacement,C0_session_id,C0_base_commit,C0_evidence_locator,C0_replacement,coordinator_resolution,reviewed_at
ed.demandcasemix.arrivals,demand_case_mix,demand.arrivals,Proposed CareOps ED model/config; Kairos 22 CLI scenario configuration,rate_or_schedule,patients/hour or timestamped arrival schedule; select one representation per profile,MVP_candidate,"candidate input for deterministic/minimal, generic nominal, or surge profiles according to pathway applicability",identity_only_no_value_or_distribution_asserted,/root/p02_e0_detail_review,accept,"The proposed consumer and demand.arrivals key fit the E0 need for seeded, time-varying arrivals. Keep the profile's rate-versus-timestamped-schedule choice exclusive and make the schedule clock explicit; the row does not justify a value or an arrival distribution.",C0 independent reviewer /root/p02_c0_detail_review_a,accept,"The selected representation is a generative arrival input: a rate process or explicit occurrence schedule, not an observed target by itself. Observed arrival occurrences can calibrate the chosen process only with an exposure window, cohort inclusion and missingness counts; schedule timestamps need the dataset/run origin, source zone, retained precision and declared conversion policy.",coordinator/root-draft,,p02_e0_detail_review_2026-09-30,16d79a5c0eff9fb60969b9e7829b5c67cdf63e46,model-inputs/ed/schema/parameter-usage-matrix-proposal.json#/entries/0; model-inputs/ed/schema/parameter-ids.json#/entries/0; conductor/tracks/generic_ed_delivery_20260925/spec.md#Model-requirements; conductor/tracks/generic_ed_delivery_20260925/plan.md#E0,,codex-subtask:/root/p02_c0_detail_review_a,16d79a5c0eff9fb60969b9e7829b5c67cdf63e46,conductor/tracks/ed_parameter_evidence_20260927/spec.md §Demand and case mix; §Evidence and distribution selection; conductor/tracks/empirical_calibration_20260925/spec.md §3 Validation and normalization; §7 Calibration and validation procedure; model-inputs/ed/schema/parameter-ids.json ed.demandcasemix.arrivals,,"proposed_accept: `demand.arrivals` for MVP_candidate. E0: The proposed consumer and demand.arrivals key fit the E0 need for seeded, time-varying arrivals. C0: The selected representation is a generative arrival input: a rate process or explicit occurrence schedule, not an observed target by itself. Use seconds and checked ED-adapter conversion under ADR-0004; generic MVP schedules start at relative zero, explicit-offset instants retain source precision, and naive local times/recurrence stay disabled pending an IANA adapter.",2026-09-30
ed.demandcasemix.calendarprofile,demand_case_mix,demand.calendarprofile,Proposed CareOps ED model/config,schedule_or_interval,absolute instants carry explicit timezone; intervals use declared ED clock unit,MVP_candidate,"candidate input for deterministic/minimal, generic nominal, or surge profiles according to pathway applicability",identity_only_no_value_or_distribution_asserted,/root/p02_e0_detail_review,revise,"The ID describes a calendar/seasonal modifier, while the key and schedule-or-interval contract are plausible. The generic rationale incorrectly calls this required; the ID notes applicability remains open and E0's MVP requires time-varying arrivals, not calendar seasonality.",C0 independent reviewer /root/p02_c0_detail_review_a,revise,"A calendar profile generates time-varying demand; calendar labels are not calibration targets. Absolute instants and recurring local times have different conversion needs: UTC origin/zone/precision for instants, and IANA zone plus explicit fold/gap handling for recurrence. Counts by time block can target the profile only when occurrence time and each block's exposure are preserved.",coordinator/root-draft,,p02_e0_detail_review_2026-09-30,16d79a5c0eff9fb60969b9e7829b5c67cdf63e46,model-inputs/ed/schema/parameter-usage-matrix-proposal.json#/entries/1; model-inputs/ed/schema/parameter-ids.json#/entries/1; model-inputs/ed/schema/parameter-ids.json#/entries/1; conductor/tracks/generic_ed_delivery_20260925/spec.md#MVP-first-delivery-clarification; conductor/tracks/generic_ed_delivery_20260925/plan.md#E0,"Keep the ID/key and timestamp contract, but change profile_use to optional modifier only when a profile supplies an explicit calendar interval/timezone mapping; omit from minimal deterministic profile.",codex-subtask:/root/p02_c0_detail_review_a,16d79a5c0eff9fb60969b9e7829b5c67cdf63e46,conductor/evidence/p0.2-e0-c0-owner-review-brief-20260930.md §Timestamped schedules; conductor/design/p0.2-interface-disposition-draft-20260930.md §3 Absolute schedules; conductor/tracks/empirical_calibration_20260925/spec.md §3 Validation and normalization; model-inputs/ed/schema/parameter-ids.json ed.demandcasemix.calendarprofile,"Replacement: represent recurrence in a declared ED clock/calendar with IANA zone and fold/gap policy; represent absolute events with original timestamp precision, explicit zone and dataset origin, normalize before checked tick conversion, and retain occurrence separate from recorded time.","proposed_revise: replacement: Consumer: CareOps ED configuration adapter; key: demand.calendarprofile. Unit: interval bounds use ED-clock seconds; absolute instants retain original precision and explicit offset/zone and are normalized against the dataset UTC origin. Relative MVP schedules start at zero; checked conversion follows ADR-0004, and naive local timestamps or recurrence are rejected until a tested IANA zone adapter defines fold/gap handling. Stage: MVP_candidate, optional only for a profile with an explicit calendar interval/time-zone mapping; omit from the minimal deterministic profile. Use: generated calendar modifier for time-varying arrivals, not an observed target.",2026-09-30
ed.demandcasemix.surgeprofile,demand_case_mix,demand.surgeprofile,Proposed CareOps ED model/config; Kairos 22 CLI scenario configuration,categorical_or_structured,no single scalar unit; every numeric leaf declares its unit and category coding,MVP_candidate,"candidate input for deterministic/minimal, generic nominal, or surge profiles according to pathway applicability",identity_only_no_value_or_distribution_asserted,/root/p02_e0_detail_review,revise,"Surge is a scenario distinction, not a universally required case-mix input. The ID explicitly says distinct surge profiles must not be collapsed without semantic review; the prior acceptance does not address this distinction.",C0 independent reviewer /root/p02_c0_detail_review_a,accept,The surge profile is a scenario generator for a time-varying intensity or schedule; it is not evidence that a surge distribution exists. Empirical targets may be occurrence counts/rates over prespecified intervals with exposure and a declared baseline comparison; do not infer burst dependence from calendar labels alone.,coordinator/root-draft,,p02_e0_detail_review_2026-09-30,16d79a5c0eff9fb60969b9e7829b5c67cdf63e46,model-inputs/ed/schema/parameter-usage-matrix-proposal.json#/entries/2; model-inputs/ed/schema/parameter-ids.json#/entries/2; model-inputs/ed/schema/parameter-ids.json#/entries/2; conductor/tracks/generic_ed_delivery_20260925/spec.md#Model-requirements,Keep demand.surgeprofile as an optional scenario selector/modifier; require an explicit surge profile definition and leave it absent in minimal and nominal profiles unless selected.,codex-subtask:/root/p02_c0_detail_review_a,16d79a5c0eff9fb60969b9e7829b5c67cdf63e46,conductor/tracks/ed_parameter_evidence_20260927/spec.md §Demand and case mix; §Evidence and distribution selection; conductor/tracks/empirical_calibration_20260925/spec.md §3 Dataset manifest and validation; model-inputs/ed/schema/parameter-ids.json ed.demandcasemix.surgeprofile,,"proposed_revise: replacement: Consumer: CareOps ED configuration adapter, with typed case attributes passed to Kairos Track 03 Flow; key: demand.surgeprofile. Unit: structured categorical/time-varying profile; every numeric leaf declares units, categories, conditioning and denominator. Stage: MVP_candidate, optional and absent from minimal and nominal profiles unless explicitly selected. Use: generate a declared surge intensity or occurrence schedule; do not imply a surge distribution or infer dependence from marginal counts.",2026-09-30
ed.demandcasemix.arrivalmode,demand_case_mix,demand.arrivalmode,Proposed CareOps ED model/config; Kairos 03 Flow,categorical_or_structured,no single scalar unit; every numeric leaf declares its unit and category coding,MVP_candidate,"candidate input for deterministic/minimal, generic nominal, or surge profiles according to pathway applicability",identity_only_no_value_or_distribution_asserted,/root/p02_e0_detail_review,accept,Arrival mode is a categorical case attribute consumed by Flow. Retain it as a typed case attribute when modeled pathways branch on mode; no universal category set or routing policy follows from this row.,C0 independent reviewer /root/p02_c0_detail_review_a,accept,"Arrival mode is a generated case attribute that selects an arrival pathway (for example, the modeled mode categories); it is not a duration target. Observed mode proportions can calibrate category weights only with the arrival cohort as denominator, explicit unknown/missing categories and compatible site/period strata; mode-specific timing targets require occurrence anchors for each stream.",coordinator/root-draft,,p02_e0_detail_review_2026-09-30,16d79a5c0eff9fb60969b9e7829b5c67cdf63e46,model-inputs/ed/schema/parameter-usage-matrix-proposal.json#/entries/3; model-inputs/ed/schema/parameter-ids.json#/entries/3; model-inputs/ed/schema/parameter-ids.json#/entries/3; conductor/tracks/generic_ed_delivery_20260925/spec.md#Model-requirements,,codex-subtask:/root/p02_c0_detail_review_a,16d79a5c0eff9fb60969b9e7829b5c67cdf63e46,conductor/tracks/ed_parameter_evidence_20260927/spec.md §Demand and case mix; §Catalogue record contract; conductor/tracks/empirical_calibration_20260925/spec.md §3 TraceMapping and quality exclusions; model-inputs/ed/schema/parameter-ids.json ed.demandcasemix.arrivalmode,,"proposed_accept: `demand.arrivalmode` for MVP_candidate. E0: Arrival mode is a categorical case attribute consumed by Flow. C0: Arrival mode is a generated case attribute that selects an arrival pathway (for example, the modeled mode categories); it is not a duration target. Declare category coding, conditioning and denominator; preserve unknowns and do not infer joint dependence from marginal observations.",2026-09-30
ed.demandcasemix.agemix,demand_case_mix,demand.agemix,Proposed CareOps ED model/config; Kairos 03 Flow,probability_or_conditional_table,"dimensionless values in [0,1], denominators/conditioning explicit",MVP_candidate,"candidate input for deterministic/minimal, generic nominal, or surge profiles according to pathway applicability",identity_only_no_value_or_distribution_asserted,/root/p02_e0_detail_review,revise,"Age mix can parameterize case composition, but the current table contract does not say whether categories are mutually exclusive, exhaustive, or conditioned on another attribute. A generic denominator warning does not resolve those structural choices.",C0 independent reviewer /root/p02_c0_detail_review_a,accept,"Age mix generates patient attributes; it does not directly target elapsed time. Observed age-band counts can calibrate a conditional table only when bands, arrival-cohort denominator, missing-age handling and applicable population are fixed; marginal age counts cannot establish dependence with acuity or case type.",coordinator/root-draft,,p02_e0_detail_review_2026-09-30,16d79a5c0eff9fb60969b9e7829b5c67cdf63e46,model-inputs/ed/schema/parameter-usage-matrix-proposal.json#/entries/4; model-inputs/ed/schema/parameter-ids.json#/entries/4; model-inputs/ed/schema/parameter-ids.json#/entries/4; conductor/tracks/generic_ed_delivery_20260925/p0.2-e0-c0-owner-review-brief-20260930.md#Cross-cutting-proposals-needing-explicit-disposition,"Keep demand.agemix optional; require explicit age bands, denominator/population, and conditioning, and validate mutually exclusive/exhaustive categories only where the declared representation requires them.",codex-subtask:/root/p02_c0_detail_review_a,16d79a5c0eff9fb60969b9e7829b5c67cdf63e46,conductor/tracks/ed_parameter_evidence_20260927/spec.md §Catalogue record contract; §Reports 26–30 integration; conductor/tracks/empirical_calibration_20260925/spec.md §7 data partition and §6 metric strata; model-inputs/ed/schema/parameter-ids.json ed.demandcasemix.agemix,,"proposed_revise: replacement: Consumer: CareOps ED configuration adapter, with generated age-band case attributes passed to Kairos Track 03 Flow; key: demand.agemix. Unit: dimensionless proportions in [0,1] or explicitly declared patient counts; record age-band coding, denominator, conditioning and unknown category. Require mutually exclusive/exhaustive bands only when that representation claims complete coverage. Stage: MVP_candidate, optional and profile-defined. Use: generate arrival case composition; observed age proportions are calibration targets only when cohort and denominator match, and marginal data do not define joint mix.",2026-09-30
ed.demandcasemix.casetypemix,demand_case_mix,demand.casetypemix,Proposed CareOps ED model/config; Kairos 03 Flow,probability_or_conditional_table,"dimensionless values in [0,1], denominators/conditioning explicit",MVP_candidate,"candidate input for deterministic/minimal, generic nominal, or surge profiles according to pathway applicability",identity_only_no_value_or_distribution_asserted,/root/p02_e0_detail_review,revise,"Case type is a profile classification, but the ID provides no taxonomy or relationship to age/acuity. Treating it as a required generic input could create unsupported clinical groupings.",C0 independent reviewer /root/p02_c0_detail_review_a,accept,Case-type mix generates an arrival attribute/pathway selector. A fitted table needs a named mutually exclusive or explicitly overlapping classification and the eligible-arrival denominator; observed diagnosis or final disposition must not leak into a case type known only later in the simulated episode.,coordinator/root-draft,,p02_e0_detail_review_2026-09-30,16d79a5c0eff9fb60969b9e7829b5c67cdf63e46,model-inputs/ed/schema/parameter-usage-matrix-proposal.json#/entries/5; model-inputs/ed/schema/parameter-ids.json#/entries/5; model-inputs/ed/schema/parameter-ids.json#/entries/5; conductor/tracks/generic_ed_delivery_20260925/spec.md#MVP-first-delivery-clarification,"Keep demand.casetypemix optional and profile-defined; require declared category labels and denominator/conditioning, and do not infer a taxonomy or values.",codex-subtask:/root/p02_c0_detail_review_a,16d79a5c0eff9fb60969b9e7829b5c67cdf63e46,"conductor/tracks/ed_parameter_evidence_20260927/spec.md §Catalogue record contract; §Reports 26–30 integration (cohort, missingness and no future-information leakage); conductor/tracks/empirical_calibration_20260925/spec.md §7 data partition; model-inputs/ed/schema/parameter-ids.json ed.demandcasemix.casetypemix",,"proposed_revise: replacement: Consumer: CareOps ED configuration adapter, with generated case-type attributes passed to Kairos Track 03 Flow; key: demand.casetypemix. Unit: dimensionless proportions in [0,1] or explicitly declared patient counts; declare category labels, denominator, conditioning and unknown handling. Stage: MVP_candidate, optional and defined by the selected profile; no taxonomy is implied by the ID. Use: generate a case-type/pathway selector; do not infer its relationship to age or acuity, or a joint distribution, from marginal observations.",2026-09-30
ed.demandcasemix.acuitymix,demand_case_mix,demand.acuitymix,Proposed CareOps ED model/config; Kairos 03 Flow,probability_or_conditional_table,"dimensionless values in [0,1], denominators/conditioning explicit",MVP_candidate,"candidate input for deterministic/minimal, generic nominal, or surge profiles according to pathway applicability",identity_only_no_value_or_distribution_asserted,/root/p02_e0_detail_review,accept,"Acuity is named in E-R1 and E0's source-assumption work, so it has a clear generic pathway consumer. Keep the conditional-table shape and require category labels plus the population denominator; the acceptance asserts no acuity proportions or triage policy.",C0 independent reviewer /root/p02_c0_detail_review_a,accept,Acuity mix generates the initial acuity attribute under a declared triage coding and cohort denominator. Observed triage acuity can target that distribution only when the recorded scale/version and timing are mapped; reassessment acuity is a separate later observation and must not overwrite the arrival attribute.,coordinator/root-draft,,p02_e0_detail_review_2026-09-30,16d79a5c0eff9fb60969b9e7829b5c67cdf63e46,model-inputs/ed/schema/parameter-usage-matrix-proposal.json#/entries/6; model-inputs/ed/schema/parameter-ids.json#/entries/6; model-inputs/ed/schema/parameter-ids.json#/entries/6; conductor/tracks/generic_ed_delivery_20260925/spec.md#Model-requirements; conductor/tracks/generic_ed_delivery_20260925/plan.md#E0,,codex-subtask:/root/p02_c0_detail_review_a,16d79a5c0eff9fb60969b9e7829b5c67cdf63e46,conductor/tracks/ed_parameter_evidence_20260927/spec.md §Catalogue record contract; §Reports 26–30 integration (realized versus recorded state); conductor/tracks/empirical_calibration_20260925/spec.md §3 TraceMapping; model-inputs/ed/schema/parameter-ids.json ed.demandcasemix.acuitymix,,"proposed_accept: `demand.acuitymix` for MVP_candidate. E0: Acuity is named in E-R1 and E0's source-assumption work, so it has a clear generic pathway consumer. C0: Acuity mix generates the initial acuity attribute under a declared triage coding and cohort denominator. Declare category coding, conditioning and denominator; preserve unknowns and do not infer joint dependence from marginal observations.",2026-09-30
ed.demandcasemix.jointcasemix,demand_case_mix,demand.jointcasemix,Proposed CareOps ED model/config; Kairos 03 Flow,probability_or_conditional_table,"dimensionless values in [0,1], denominators/conditioning explicit",MVP_candidate,"candidate input for deterministic/minimal, generic nominal, or surge profiles according to pathway applicability",identity_only_no_value_or_distribution_asserted,/root/p02_e0_detail_review,defer,"The ID expressly leaves dependence unspecified. Marginal age, case type, and acuity tables do not establish whether a joint table is needed; accepting this candidate could invite a fabricated dependence structure.",C0 independent reviewer /root/p02_c0_detail_review_a,accept,"Joint case mix is a generative dependence table, not an observed target in itself. Calibration requires patient-level linked attributes and a declared cohort denominator; multiplying separately observed age, case-type and acuity marginals would invent independence and cannot recover their joint distribution.",coordinator/root-draft,,p02_e0_detail_review_2026-09-30,16d79a5c0eff9fb60969b9e7829b5c67cdf63e46,model-inputs/ed/schema/parameter-usage-matrix-proposal.json#/entries/7; model-inputs/ed/schema/parameter-ids.json#/entries/7; model-inputs/ed/schema/parameter-ids.json#/entries/7; conductor/tracks/generic_ed_delivery_20260925/p0.2-e0-c0-owner-review-brief-20260930.md#Cross-cutting-proposals-needing-explicit-disposition,"Defer jointcasemix from the minimal profile. Include only after a named profile specifies the joint dimensions, conditioning, denominator, and relationship to supplied marginals.",codex-subtask:/root/p02_c0_detail_review_a,16d79a5c0eff9fb60969b9e7829b5c67cdf63e46,conductor/tracks/ed_parameter_evidence_20260927/spec.md §Catalogue record contract; §Reports 26–30 integration (marginals do not establish joint dependence); conductor/tracks/empirical_calibration_20260925/spec.md §7 training-only fitting; model-inputs/ed/schema/parameter-ids.json ed.demandcasemix.jointcasemix,,"proposed_defer: trigger: a named profile defines joint dimensions, conditioning, denominator and linkage to supplied marginals; linked patient-level attributes are required for calibration. Omit from minimal, generic and surge profiles until then.",2026-09-30
ed.demandcasemix.referrals,demand_case_mix,demand.referrals,Proposed CareOps ED model/config; Kairos 03 Flow,categorical_or_probability_table,category labels and conditional proportions with explicit denominator; count-valued input declares patient count,MVP_candidate,"candidate input for deterministic/minimal, generic nominal, or surge profiles according to pathway applicability",identity_only_no_value_or_distribution_asserted,/root/p02_e0_detail_review,revise,"Referral arrivals are a boundary category, not automatically part of every ED scenario. The generic accept rationale calls all arrival/case-mix inputs required without distinguishing this optional source population.",C0 independent reviewer /root/p02_c0_detail_review_a,accept,"Referral categories are generated case inputs or routing conditions, depending on the row's declared semantics; referral proportions are targetable only from the arriving cohort with a source/unknown category and denominator. Referral destination after assessment is an outcome and must not be used as a known-at-arrival covariate.",coordinator/root-draft,,p02_e0_detail_review_2026-09-30,16d79a5c0eff9fb60969b9e7829b5c67cdf63e46,model-inputs/ed/schema/parameter-usage-matrix-proposal.json#/entries/8; model-inputs/ed/schema/parameter-ids.json#/entries/8; model-inputs/ed/schema/parameter-ids.json#/entries/8; conductor/tracks/generic_ed_delivery_20260925/spec.md#Model-requirements,Keep demand.referrals as an optional boundary-arrival input when the scenario includes referral arrivals; define whether counts mean arrivals or patient proportions and use the declared patient denominator.,codex-subtask:/root/p02_c0_detail_review_a,16d79a5c0eff9fb60969b9e7829b5c67cdf63e46,"conductor/tracks/ed_parameter_evidence_20260927/spec.md §Catalogue record contract; §Reports 26–30 integration (latent, known and recorded state); conductor/tracks/empirical_calibration_20260925/spec.md §3 occurrence mapping; model-inputs/ed/schema/parameter-ids.json ed.demandcasemix.referrals",,"proposed_revise: replacement: Consumer: CareOps ED configuration adapter, with incoming case attributes passed to Kairos Track 03 Flow; key: demand.referrals. Unit: declared referral category proportions with an arriving-patient denominator, or patient counts with an explicit count unit; include source and unknown category. Stage: MVP_candidate, optional only when the scenario includes referral arrivals. Use: generate referral arrivals or a referral attribute as explicitly selected by the profile; never treat outgoing referral/disposition as this input.",2026-09-30
ed.demandcasemix.transfers,demand_case_mix,demand.transfers,Proposed CareOps ED model/config; Kairos 03 Flow,categorical_or_probability_table,category labels and conditional proportions with explicit denominator; count-valued input declares patient count,MVP_candidate,"candidate input for deterministic/minimal, generic nominal, or surge profiles according to pathway applicability",identity_only_no_value_or_distribution_asserted,/root/p02_e0_detail_review,revise,This ID concerns transfer arrivals. E0 also models outgoing transfer disposition and external bed offers; those are different flows and should not share an ambiguous transfer concept.,C0 independent reviewer /root/p02_c0_detail_review_a,accept,"Transfers describe a generated arrival/cohort category only if the parameter is incoming ED transfers; outgoing transfer disposition is a later pathway outcome. The mapping must settle direction and eligible population before fitting, then use occurrence-time arrivals and denominator counts; a transfer label alone is not elapsed transfer time.",coordinator/root-draft,,p02_e0_detail_review_2026-09-30,16d79a5c0eff9fb60969b9e7829b5c67cdf63e46,model-inputs/ed/schema/parameter-usage-matrix-proposal.json#/entries/9; model-inputs/ed/schema/parameter-ids.json#/entries/9; model-inputs/ed/schema/parameter-ids.json#/entries/9; conductor/tracks/generic_ed_delivery_20260925/plan.md#E0; conductor/tracks/generic_ed_delivery_20260925/plan.md#E1,"Keep demand.transfers specifically for incoming transfer arrivals and document the source boundary/count denominator; model outgoing transfer as pathways.transfer, not this key.",codex-subtask:/root/p02_c0_detail_review_a,16d79a5c0eff9fb60969b9e7829b5c67cdf63e46,conductor/tracks/ed_parameter_evidence_20260927/spec.md §Demand and case mix; §Hospital interfaces; conductor/design/p0.2-interface-disposition-draft-20260930.md §5 Probability and observation boundaries; model-inputs/ed/schema/parameter-ids.json ed.demandcasemix.transfers,,"proposed_revise: replacement: Consumer: CareOps ED configuration adapter, with incoming transfer case attributes passed to Kairos Track 03 Flow; key: demand.transfers. Unit: declared transfer category proportions with an arriving-patient denominator, or patient counts with explicit count unit; include source boundary and unknown category. Stage: MVP_candidate, optional only when incoming transfers are in scope. Use: represent arrivals entering the ED from an external transfer boundary; outgoing transfer disposition belongs to pathways.transfer.",2026-09-30
ed.demandcasemix.repeatpresentations,demand_case_mix,demand.repeatpresentations,Proposed CareOps ED model/config; Kairos 03 Flow,categorical_or_probability_table,category labels and conditional proportions with explicit denominator; count-valued input declares patient count,MVP_candidate,"candidate input for deterministic/minimal, generic nominal, or surge profiles according to pathway applicability",identity_only_no_value_or_distribution_asserted,/root/p02_e0_detail_review,defer,"Repeat presentations need patient linkage and an observation-window definition to distinguish a new presentation from a return by the same person. The parameter ID says those semantics are unresolved, so a generic profile claim is premature.",C0 independent reviewer /root/p02_c0_detail_review_a,accept,"Repeat-presentation status is generated from an explicitly defined lookback/linkage rule and is not a within-episode repeat loop. Observed proportions need the eligible arrival cohort, lookback coverage and linkage/missingness denominator; without those, this category is not identifiable from isolated episode rows.",coordinator/root-draft,,p02_e0_detail_review_2026-09-30,16d79a5c0eff9fb60969b9e7829b5c67cdf63e46,model-inputs/ed/schema/parameter-usage-matrix-proposal.json#/entries/10; model-inputs/ed/schema/parameter-ids.json#/entries/10; model-inputs/ed/schema/parameter-ids.json#/entries/10; conductor/tracks/generic_ed_delivery_20260925/spec.md#Model-requirements,"Defer demand.repeatpresentations from MVP profiles until the contract states linkage key, lookback/window, and whether a repeat is generated as a new arrival or represented by an existing patient history.",codex-subtask:/root/p02_c0_detail_review_a,16d79a5c0eff9fb60969b9e7829b5c67cdf63e46,conductor/tracks/ed_parameter_evidence_20260927/spec.md §Catalogue record contract; §Reports 26–30 integration (cohort and missingness denominator); conductor/tracks/empirical_calibration_20260925/spec.md §7 partition by patient/episode; model-inputs/ed/schema/parameter-ids.json ed.demandcasemix.repeatpresentations,,"proposed_defer: trigger: the profile defines linkage key, lookback/window, eligible denominator and whether repeat status creates a new arrival or prior history. Omit from MVP until then; this is distinct from within-episode loops.",2026-09-30
ed.despathways.registration,des_pathways,pathways.registration,Proposed CareOps ED model/config; Kairos 03 Flow,categorical_or_structured,pathway state/transition data; numeric durations/probabilities appear as typed leaves,MVP_candidate,"candidate input for deterministic/minimal, generic nominal, or surge profiles according to pathway applicability",identity_only_no_value_or_distribution_asserted,/root/p02_e0_detail_review,accept,"Registration is a distinct stage input, but the pathway-stage label alone does not impose clinical content. It can be represented as an optional configured state/transition while retaining patient arrival and registration timestamps separately where the scenario needs them.",C0 independent reviewer /root/p02_c0_detail_review_a,accept,"Registration pathway structure is a generated sequence/policy. Registration occurrence start/end or completion may be observed targets when source timestamps represent event occurrence; chart entry/message times remain separate, and an arrival-to-registration interval must not be attributed wholly to registration work if it includes queueing.",coordinator/root-draft,,p02_e0_detail_review_2026-09-30,16d79a5c0eff9fb60969b9e7829b5c67cdf63e46,model-inputs/ed/schema/parameter-usage-matrix-proposal.json#/entries/11; model-inputs/ed/schema/parameter-ids.json#/entries/11; model-inputs/ed/schema/parameter-ids.json#/entries/11; conductor/tracks/generic_ed_delivery_20260925/spec.md#Model-requirements,,codex-subtask:/root/p02_c0_detail_review_a,16d79a5c0eff9fb60969b9e7829b5c67cdf63e46,conductor/tracks/ed_parameter_evidence_20260927/spec.md §DES pathways; conductor/tracks/empirical_calibration_20260925/spec.md §3 observed_at vs recorded_at; §4 Avoid double counting; model-inputs/ed/schema/parameter-ids.json ed.despathways.registration,,"proposed_accept: `pathways.registration` for MVP_candidate. E0: Registration is a distinct stage input, but the pathway-stage label alone does not impose clinical content. C0: Registration pathway structure is a generated sequence/policy. Keep numeric leaves unit-bearing and separate generated inputs from observed targets; no empirical value or policy default is asserted.",2026-09-30
ed.despathways.triage,des_pathways,pathways.triage,Proposed CareOps ED model/config; Kairos 03 Flow,categorical_or_structured,pathway state/transition data; numeric durations/probabilities appear as typed leaves,MVP_candidate,"candidate input for deterministic/minimal, generic nominal, or surge profiles according to pathway applicability",identity_only_no_value_or_distribution_asserted,/root/p02_e0_detail_review,accept,Triage and routing are directly relevant to acuity-based pathways. The structured shape is suitable provided routing behavior is separately explicit and category semantics are not invented by the consumer.,C0 independent reviewer /root/p02_c0_detail_review_a,accept,"Triage path and branching rules are generated inputs; mapped triage start/end and observed branch/outcome can be calibration targets. Require occurrence semantics and triage-scale/version, and separate time waiting for triage from active triage work before fitting a duration leaf.",coordinator/root-draft,,p02_e0_detail_review_2026-09-30,16d79a5c0eff9fb60969b9e7829b5c67cdf63e46,model-inputs/ed/schema/parameter-usage-matrix-proposal.json#/entries/12; model-inputs/ed/schema/parameter-ids.json#/entries/12; model-inputs/ed/schema/parameter-ids.json#/entries/12; conductor/tracks/generic_ed_delivery_20260925/spec.md#Model-requirements,,codex-subtask:/root/p02_c0_detail_review_a,16d79a5c0eff9fb60969b9e7829b5c67cdf63e46,conductor/tracks/ed_parameter_evidence_20260927/spec.md §DES pathways and §Durations; conductor/tracks/empirical_calibration_20260925/spec.md §3 TraceMapping; §4 Avoid double counting; model-inputs/ed/schema/parameter-ids.json ed.despathways.triage,,proposed_accept: `pathways.triage` for MVP_candidate. E0: Triage and routing are directly relevant to acuity-based pathways. C0: Triage path and branching rules are generated inputs; mapped triage start/end and observed branch/outcome can be calibration targets. Keep numeric leaves unit-bearing and separate generated inputs from observed targets; no empirical value or policy default is asserted.,2026-09-30
ed.despathways.assessment,des_pathways,pathways.assessment,Proposed CareOps ED model/config; Kairos 03 Flow,categorical_or_structured,pathway state/transition data; numeric durations/probabilities appear as typed leaves,MVP_candidate,"candidate input for deterministic/minimal, generic nominal, or surge profiles according to pathway applicability",identity_only_no_value_or_distribution_asserted,/root/p02_e0_detail_review,accept,"Assessment is one of the stages explicitly named in E1's runnable pathway slice. Its structured stage key is suitable, with active work represented through a typed duration input rather than embedded unlabelled elapsed time.",C0 independent reviewer /root/p02_c0_detail_review_a,accept,"Assessment sequence/branching is a generated pathway; assessment occurrence events can target a replay probe when mapped to the correct task occurrence. Arrival-to-assessment elapsed time combines queue and possibly transit, so it does not by itself identify assessment work duration.",coordinator/root-draft,,p02_e0_detail_review_2026-09-30,16d79a5c0eff9fb60969b9e7829b5c67cdf63e46,model-inputs/ed/schema/parameter-usage-matrix-proposal.json#/entries/13; model-inputs/ed/schema/parameter-ids.json#/entries/13; model-inputs/ed/schema/parameter-ids.json#/entries/13; conductor/tracks/generic_ed_delivery_20260925/plan.md#E1,,codex-subtask:/root/p02_c0_detail_review_a,16d79a5c0eff9fb60969b9e7829b5c67cdf63e46,conductor/tracks/ed_parameter_evidence_20260927/spec.md §DES pathways; conductor/tracks/empirical_calibration_20260925/spec.md §4 Avoid double counting; §5 Shadow replay; model-inputs/ed/schema/parameter-ids.json ed.despathways.assessment,,proposed_accept: `pathways.assessment` for MVP_candidate. E0: Assessment is one of the stages explicitly named in E1's runnable pathway slice. C0: Assessment sequence/branching is a generated pathway; assessment occurrence events can target a replay probe when mapped to the correct task occurrence. Keep numeric leaves unit-bearing and separate generated inputs from observed targets; no empirical value or policy default is asserted.,2026-09-30
ed.despathways.diagnostics,des_pathways,pathways.diagnostics,Proposed CareOps ED model/config; Kairos 03 Flow,categorical_or_structured,pathway state/transition data; numeric durations/probabilities appear as typed leaves,MVP_candidate,"candidate input for deterministic/minimal, generic nominal, or surge profiles according to pathway applicability",identity_only_no_value_or_distribution_asserted,/root/p02_e0_detail_review,accept,"Diagnostics are an explicit E1 stage and can have dependencies. Preserve the structured stage/transition shape, with test ordering and resource waits represented separately from the diagnostic active-work duration.",C0 independent reviewer /root/p02_c0_detail_review_a,accept,"Diagnostic ordering and conditions are generated pathway inputs; order/result timestamps are not automatically test start/completion times. Calibration targets need distinct order, specimen/procedure start, result availability and review events where those stages are modeled, with censoring and missing-result counts.",coordinator/root-draft,,p02_e0_detail_review_2026-09-30,16d79a5c0eff9fb60969b9e7829b5c67cdf63e46,model-inputs/ed/schema/parameter-usage-matrix-proposal.json#/entries/14; model-inputs/ed/schema/parameter-ids.json#/entries/14; model-inputs/ed/schema/parameter-ids.json#/entries/14; conductor/tracks/generic_ed_delivery_20260925/plan.md#E1; conductor/tracks/generic_ed_delivery_20260925/plan.md#E2,,codex-subtask:/root/p02_c0_detail_review_a,16d79a5c0eff9fb60969b9e7829b5c67cdf63e46,conductor/tracks/ed_parameter_evidence_20260927/spec.md §DES pathways; conductor/tracks/empirical_calibration_20260925/spec.md §3 occurrence/recorded timestamp separation; §4 Avoid double counting; model-inputs/ed/schema/parameter-ids.json ed.despathways.diagnostics,,proposed_accept: `pathways.diagnostics` for MVP_candidate. E0: Diagnostics are an explicit E1 stage and can have dependencies. C0: Diagnostic ordering and conditions are generated pathway inputs; order/result timestamps are not automatically test start/completion times. Keep numeric leaves unit-bearing and separate generated inputs from observed targets; no empirical value or policy default is asserted.,2026-09-30
ed.despathways.treatment,des_pathways,pathways.treatment,Proposed CareOps ED model/config; Kairos 03 Flow,categorical_or_structured,pathway state/transition data; numeric durations/probabilities appear as typed leaves,MVP_candidate,"candidate input for deterministic/minimal, generic nominal, or surge profiles according to pathway applicability",identity_only_no_value_or_distribution_asserted,/root/p02_e0_detail_review,accept,"Treatment is explicitly in E1's pathway slice. The row's unit-bearing-leaf approach is appropriate, but treatment stage membership alone must not imply a clinical regimen or duration.",C0 independent reviewer /root/p02_c0_detail_review_a,accept,"Treatment pathway choice is generated from modeled case state; observed treatment-start/end anchors can target replay only when they identify the treatment occurrence. A broad arrival-to-treatment interval is unsuitable as intrinsic treatment work because queue, assessment and transit may be included.",coordinator/root-draft,,p02_e0_detail_review_2026-09-30,16d79a5c0eff9fb60969b9e7829b5c67cdf63e46,model-inputs/ed/schema/parameter-usage-matrix-proposal.json#/entries/15; model-inputs/ed/schema/parameter-ids.json#/entries/15; model-inputs/ed/schema/parameter-ids.json#/entries/15; conductor/tracks/generic_ed_delivery_20260925/plan.md#E1,,codex-subtask:/root/p02_c0_detail_review_a,16d79a5c0eff9fb60969b9e7829b5c67cdf63e46,conductor/tracks/ed_parameter_evidence_20260927/spec.md §DES pathways; conductor/tracks/empirical_calibration_20260925/spec.md §4 Avoid double counting; §5 shadow probes; model-inputs/ed/schema/parameter-ids.json ed.despathways.treatment,,proposed_accept: `pathways.treatment` for MVP_candidate. E0: Treatment is explicitly in E1's pathway slice. C0: Treatment pathway choice is generated from modeled case state; observed treatment-start/end anchors can target replay only when they identify the treatment occurrence. Keep numeric leaves unit-bearing and separate generated inputs from observed targets; no empirical value or policy default is asserted.,2026-09-30
ed.despathways.observation,des_pathways,pathways.observation,Proposed CareOps ED model/config; Kairos 03 Flow,categorical_or_structured,pathway state/transition data; numeric durations/probabilities appear as typed leaves,MVP_candidate,"candidate input for deterministic/minimal, generic nominal, or surge profiles according to pathway applicability",identity_only_no_value_or_distribution_asserted,/root/p02_e0_detail_review,revise,"Observation is an optional stage; the current broad profile_use can imply it belongs to minimal, nominal, and surge scenarios. It also risks confusing ED observation with inpatient boarding.",C0 independent reviewer /root/p02_c0_detail_review_a,accept,"Observation admission and reassessment schedule are generated pathway decisions; observed observation entry/exit and reassessment occurrences can be separate targets. Bed assignment is not physical occupancy: map bed-entered/occupied and release events to the modeled state, and account for censoring at the observation window.",coordinator/root-draft,,p02_e0_detail_review_2026-09-30,16d79a5c0eff9fb60969b9e7829b5c67cdf63e46,model-inputs/ed/schema/parameter-usage-matrix-proposal.json#/entries/16; model-inputs/ed/schema/parameter-ids.json#/entries/16; model-inputs/ed/schema/parameter-ids.json#/entries/16; conductor/tracks/generic_ed_delivery_20260925/spec.md#Model-requirements; conductor/tracks/generic_ed_delivery_20260925/plan.md#E1,Keep pathways.observation optional and define its ED exit/return transitions; represent boarding separately from observation and include only when enabled in the profile.,codex-subtask:/root/p02_c0_detail_review_a,16d79a5c0eff9fb60969b9e7829b5c67cdf63e46,conductor/tracks/ed_parameter_evidence_20260927/spec.md §DES pathways and §Resources; conductor/tracks/empirical_calibration_20260925/spec.md §3 observed_at and §5 observed macro ledger; model-inputs/ed/schema/parameter-ids.json ed.despathways.observation,,"proposed_revise: replacement: Consumer: CareOps ED configuration adapter maps this pathway into Kairos Track 03 Flow transitions; key: pathways.observation. Unit: typed pathway states/transitions, with any durations in seconds and probabilities dimensionless with explicit conditioning and denominator. Stage: MVP_candidate, optional only in profiles enabling observation. Use: define observation entry, reassessment if applicable, and ED exit/return transitions; model inpatient boarding separately and keep observed events separate from generated pathway rules.",2026-09-30
ed.despathways.reassessment,des_pathways,pathways.reassessment,Proposed CareOps ED model/config; Kairos 03 Flow,categorical_or_structured,no single scalar unit; every numeric leaf declares its unit and category coding,MVP_candidate,"candidate input for deterministic/minimal, generic nominal, or surge profiles according to pathway applicability",identity_only_no_value_or_distribution_asserted,/root/p02_e0_detail_review,revise,Reassessment is a conditional repeat stage rather than a universal step. The prior generic pathway statement does not identify its trigger or prevent an unbounded loop.,C0 independent reviewer /root/p02_c0_detail_review_a,accept,Reassessment loop rules are generated inputs; the measured reassessment occurrences are target events only when every repeated task has an occurrence index and the due/eligible context is known. Prompt/switch counts do not identify the interval or work duration without at-risk time and staff availability.,coordinator/root-draft,,p02_e0_detail_review_2026-09-30,16d79a5c0eff9fb60969b9e7829b5c67cdf63e46,model-inputs/ed/schema/parameter-usage-matrix-proposal.json#/entries/17; model-inputs/ed/schema/parameter-ids.json#/entries/17; model-inputs/ed/schema/parameter-ids.json#/entries/17; conductor/tracks/generic_ed_delivery_20260925/plan.md#E1,"Keep pathways.reassessment optional; require an explicit trigger/transition and bounded loop behavior in the profile, with any timing value as a typed duration.",codex-subtask:/root/p02_c0_detail_review_a,16d79a5c0eff9fb60969b9e7829b5c67cdf63e46,conductor/tracks/ed_parameter_evidence_20260927/spec.md §DES pathways; §Reports 5–8 integration (observation concurrency and repeated events); conductor/tracks/empirical_calibration_20260925/spec.md §3 occurrence; §4 staff/task semantics; model-inputs/ed/schema/parameter-ids.json ed.despathways.reassessment,,"proposed_revise: replacement: Consumer: CareOps ED configuration adapter maps reassessment transitions into Kairos Track 03 Flow; key: pathways.reassessment. Unit: typed trigger/transition data; numeric timing leaves use seconds and probability leaves declare conditioning and denominator. Stage: MVP_candidate, optional only where the selected pathway enables reassessment. Use: specify the trigger, repeated-task occurrence semantics and bounded loop/termination behavior; observed reassessment events are separate targets with occurrence indices and eligible context.",2026-09-30
ed.despathways.consult,des_pathways,pathways.consult,Proposed CareOps ED model/config; Kairos 03 Flow,categorical_or_structured,pathway state/transition data; numeric durations/probabilities appear as typed leaves,MVP_candidate,"candidate input for deterministic/minimal, generic nominal, or surge profiles according to pathway applicability",identity_only_no_value_or_distribution_asserted,/root/p02_e0_detail_review,revise,"Consult is enabled only for some pathways. A candidate label across all profile types risks implying universal consult behavior, and no clinical consult rule is supplied.",C0 independent reviewer /root/p02_c0_detail_review_a,accept,"Consult triggers and destination are generated pathway inputs. Consult request, acceptance, arrival and completion are distinct observable targets; an elapsed request-to-completion target includes waiting/availability and cannot be assigned solely to consult work unless those components are separately represented.",coordinator/root-draft,,p02_e0_detail_review_2026-09-30,16d79a5c0eff9fb60969b9e7829b5c67cdf63e46,model-inputs/ed/schema/parameter-usage-matrix-proposal.json#/entries/18; model-inputs/ed/schema/parameter-ids.json#/entries/18; model-inputs/ed/schema/parameter-ids.json#/entries/18; conductor/tracks/generic_ed_delivery_20260925/spec.md#Model-requirements,"Keep pathways.consult optional; profile declares when it applies, the return/terminal transitions, and any resource claim independently.",codex-subtask:/root/p02_c0_detail_review_a,16d79a5c0eff9fb60969b9e7829b5c67cdf63e46,conductor/tracks/ed_parameter_evidence_20260927/spec.md §DES pathways; conductor/tracks/empirical_calibration_20260925/spec.md §3 TraceMapping; §4 Avoid double counting; model-inputs/ed/schema/parameter-ids.json ed.despathways.consult,,"proposed_revise: replacement: Consumer: CareOps ED configuration adapter maps consult transitions into Kairos Track 03 Flow; key: pathways.consult. Unit: typed pathway states/transitions; any durations use seconds and any probabilities declare conditioning and denominator. Stage: MVP_candidate, optional only for profiles where a consult pathway applies. Use: state the trigger, destination, return or terminal transition and resource claim; do not imply a universal consult route or treat observed consult events as generated rules.",2026-09-30
ed.despathways.discharge,des_pathways,pathways.discharge,Proposed CareOps ED model/config; Kairos 03 Flow,categorical_or_structured,pathway state/transition data; numeric durations/probabilities appear as typed leaves,MVP_candidate,"candidate input for deterministic/minimal, generic nominal, or surge profiles according to pathway applicability",identity_only_no_value_or_distribution_asserted,/root/p02_e0_detail_review,accept,Discharge is a core terminal route in the generic patient pathway. The route key is appropriate if terminal reason and endpoint timestamps are retained for conservation and outcome summaries.,C0 independent reviewer /root/p02_c0_detail_review_a,accept,"Discharge branch/decision is generated; observed discharge decision, departure-ready and actual-departure events are distinct targets. Keep boarding or transport after a decision separate from disposition work and retain departures outside the observation window as censored/unfinished, not zero-duration outcomes.",coordinator/root-draft,,p02_e0_detail_review_2026-09-30,16d79a5c0eff9fb60969b9e7829b5c67cdf63e46,model-inputs/ed/schema/parameter-usage-matrix-proposal.json#/entries/19; model-inputs/ed/schema/parameter-ids.json#/entries/19; model-inputs/ed/schema/parameter-ids.json#/entries/19; conductor/tracks/generic_ed_delivery_20260925/plan.md#E1,,codex-subtask:/root/p02_c0_detail_review_a,16d79a5c0eff9fb60969b9e7829b5c67cdf63e46,conductor/tracks/ed_parameter_evidence_20260927/spec.md §DES pathways and §Hospital interfaces; conductor/design/p0.2-interface-disposition-draft-20260930.md §5 Probability and observation boundaries; conductor/tracks/empirical_calibration_20260925/spec.md §3 censoring; model-inputs/ed/schema/parameter-ids.json ed.despathways.discharge,,"proposed_accept: `pathways.discharge` for MVP_candidate. E0: Discharge is a core terminal route in the generic patient pathway. C0: Discharge branch/decision is generated; observed discharge decision, departure-ready and actual-departure events are distinct targets. Keep numeric leaves unit-bearing and separate generated inputs from observed targets; no empirical value or policy default is asserted.",2026-09-30
ed.despathways.admission,des_pathways,pathways.admission,Proposed CareOps ED model/config; Kairos 03 Flow,categorical_or_structured,pathway state/transition data; numeric durations/probabilities appear as typed leaves,MVP_candidate,"candidate input for deterministic/minimal, generic nominal, or surge profiles according to pathway applicability",identity_only_no_value_or_distribution_asserted,/root/p02_e0_detail_review,revise,"Admission route is valid, but E0/E1 distinguish provisional disposition from realized outcomes and require boarding behavior. The generic pathway rationale does not preserve that distinction.",C0 independent reviewer /root/p02_c0_detail_review_a,accept,"Admission decision and offer/acceptance/transport/departure sequence are generated boundary behavior. Observed admission decision is a pathway target; boarding is a separate emergent interval ending at actual ED departure while the resource remains occupied, and inpatient availability/withdrawal/competing demand must be observed or explicitly assumed.",coordinator/root-draft,,p02_e0_detail_review_2026-09-30,16d79a5c0eff9fb60969b9e7829b5c67cdf63e46,model-inputs/ed/schema/parameter-usage-matrix-proposal.json#/entries/20; model-inputs/ed/schema/parameter-ids.json#/entries/20; model-inputs/ed/schema/parameter-ids.json#/entries/20; conductor/tracks/generic_ed_delivery_20260925/spec.md#Reports-5–8-integration; conductor/tracks/generic_ed_delivery_20260925/plan.md#E1,"Keep pathways.admission; represent decision/provisional disposition, boarding occupancy, and realized admission as separate states/events, and do not treat an admission decision as ED exit.",codex-subtask:/root/p02_c0_detail_review_a,16d79a5c0eff9fb60969b9e7829b5c67cdf63e46,conductor/design/p0.2-interface-disposition-draft-20260930.md §5 Probability and observation boundaries; conductor/tracks/ed_parameter_evidence_20260927/spec.md §Hospital interfaces; conductor/tracks/empirical_calibration_20260925/spec.md §3 resource/time mapping and §5 anchors; model-inputs/ed/schema/parameter-ids.json ed.despathways.admission,,"proposed_revise: replacement: Consumer: CareOps ED configuration adapter maps admission behavior into Kairos Track 03 Flow and the declared finite bed-offer boundary; key: pathways.admission. Unit: typed decision and transition data, with duration leaves in seconds and probabilities carrying explicit conditioning/denominator. Stage: MVP_candidate for the admission pathway. Use: keep admission decision, offer/acceptance, boarding occupancy, transport and realized admission/physical ED departure as distinct states or events; an admission decision does not release the ED resource.",2026-09-30
ed.despathways.transfer,des_pathways,pathways.transfer,Proposed CareOps ED model/config; Kairos 03 Flow,categorical_or_structured,pathway state/transition data; numeric durations/probabilities appear as typed leaves,MVP_candidate,"candidate input for deterministic/minimal, generic nominal, or surge profiles according to pathway applicability",identity_only_no_value_or_distribution_asserted,/root/p02_e0_detail_review,revise,"Outgoing transfer is a disposition route; the separate demand.transfers ID is incoming transfer arrivals. The matrix's generic route language should make direction explicit, and E0 freezes bed-offer and ambulance boundary assumptions.",C0 independent reviewer /root/p02_c0_detail_review_a,accept,"Outgoing transfer decision/path is generated; observed transfer request, destination offer, acceptance, transport and ED departure are distinct targets. A transfer label is not evidence for a travel or boarding duration, and unavailable destinations/withdrawn offers require explicit exposure and outcome accounting.",coordinator/root-draft,,p02_e0_detail_review_2026-09-30,16d79a5c0eff9fb60969b9e7829b5c67cdf63e46,model-inputs/ed/schema/parameter-usage-matrix-proposal.json#/entries/21; model-inputs/ed/schema/parameter-ids.json#/entries/21; model-inputs/ed/schema/parameter-ids.json#/entries/21; conductor/tracks/generic_ed_delivery_20260925/plan.md#E0; conductor/tracks/generic_ed_delivery_20260925/plan.md#E1,"Keep pathways.transfer for outgoing transfer disposition only; state destination/eligibility and completion boundary, and do not conflate it with incoming transfer arrivals or imply a full fleet/ward model.",codex-subtask:/root/p02_c0_detail_review_a,16d79a5c0eff9fb60969b9e7829b5c67cdf63e46,conductor/design/p0.2-interface-disposition-draft-20260930.md §5 Probability and observation boundaries; conductor/tracks/ed_parameter_evidence_20260927/spec.md §Hospital interfaces; conductor/tracks/empirical_calibration_20260925/spec.md §3 quality/censoring; model-inputs/ed/schema/parameter-ids.json ed.despathways.transfer,,proposed_revise: replacement: Consumer: CareOps ED configuration adapter maps outgoing transfer disposition into Kairos Track 03 Flow; key: pathways.transfer. Unit: typed destination/eligibility/transition data; numeric durations use seconds and probabilities declare conditioning and denominator. Stage: MVP_candidate only when outgoing transfer is enabled. Use: define destination eligibility and the modeled completion boundary for an outgoing transfer; keep incoming transfer arrivals under demand.transfers and do not imply a full fleet or receiving-ward model.,2026-09-30
ed.despathways.abandonment,des_pathways,pathways.abandonment,Proposed CareOps ED model/config; Kairos 03 Flow,probability_or_conditional_table,"dimensionless values in [0,1], denominators/conditioning explicit",MVP_candidate,"candidate input for deterministic/minimal, generic nominal, or surge profiles according to pathway applicability",identity_only_no_value_or_distribution_asserted,/root/p02_e0_detail_review,accept,"Abandonment is a profile-specific terminal route, and the ID says so. The earlier rationale adequately preserves optional enablement and terminal accounting; keep it absent unless selected.",C0 independent reviewer /root/p02_c0_detail_review_a,accept,"Abandonment hazard/decision is generated behavior; observed leave-before-assessment or leave-before-treatment is a target only with a defined eligible risk set and time at risk. Distinguish abandonment from administrative discharge and right censoring, and report missing departure reasons so exclusions cannot improve fit invisibly.",coordinator/root-draft,,p02_e0_detail_review_2026-09-30,16d79a5c0eff9fb60969b9e7829b5c67cdf63e46,model-inputs/ed/schema/parameter-usage-matrix-proposal.json#/entries/22; model-inputs/ed/schema/parameter-ids.json#/entries/22; model-inputs/ed/schema/parameter-ids.json#/entries/22; conductor/tracks/generic_ed_delivery_20260925/plan.md#E1,,codex-subtask:/root/p02_c0_detail_review_a,16d79a5c0eff9fb60969b9e7829b5c67cdf63e46,conductor/tracks/ed_parameter_evidence_20260927/spec.md §Patient behavior and §Evidence and distribution selection; conductor/tracks/empirical_calibration_20260925/spec.md §3 censoring and exclusions; §6 missing/outcome rates; model-inputs/ed/schema/parameter-ids.json ed.despathways.abandonment,,"proposed_accept: `pathways.abandonment` for MVP_candidate. E0: Abandonment is a profile-specific terminal route, and the ID says so. C0: Abandonment hazard/decision is generated behavior; observed leave-before-assessment or leave-before-treatment is a target only with a defined eligible risk set and time at risk. Declare category coding, conditioning and denominator; preserve unknowns and do not infer joint dependence from marginal observations.",2026-09-30
ed.despathways.routingprobability,des_pathways,pathways.routingprobability,Proposed CareOps ED model/config; Kairos 03 Flow,probability_or_conditional_table,"dimensionless values in [0,1], denominators/conditioning explicit",MVP_candidate,"candidate input for deterministic/minimal, generic nominal, or surge profiles according to pathway applicability",identity_only_no_value_or_distribution_asserted,/root/p02_e0_detail_review,revise,Routing probabilities are not generic policy values. The table must identify the decision point and conditioning population; simply saying conditional pathways are enabled does not define the routing denominator or relationship to deterministic routes.,C0 independent reviewer /root/p02_c0_detail_review_a,accept,"Routing probabilities generate branch choices conditional on state; they are calibratable only against observed choices with the eligible alternative set and state at decision time. Aggregate pathway counts without availability/conditioning cannot identify choice probabilities, and route-choice probability must not be confused with spatial path length or travel time.",coordinator/root-draft,,p02_e0_detail_review_2026-09-30,16d79a5c0eff9fb60969b9e7829b5c67cdf63e46,model-inputs/ed/schema/parameter-usage-matrix-proposal.json#/entries/23; model-inputs/ed/schema/parameter-ids.json#/entries/23; model-inputs/ed/schema/parameter-ids.json#/entries/23; conductor/tracks/generic_ed_delivery_20260925/p0.2-e0-c0-owner-review-brief-20260930.md#Cross-cutting-proposals-needing-explicit-disposition,"Keep pathways.routingprobability as an optional typed conditional table; bind each row to a named decision point, exhaustive/allowed outcomes, denominator, and deterministic-versus-probabilistic mode.",codex-subtask:/root/p02_c0_detail_review_a,16d79a5c0eff9fb60969b9e7829b5c67cdf63e46,conductor/tracks/ed_parameter_evidence_20260927/spec.md §DES pathways and §Reports 5–8 integration (eligible choice sets); conductor/tracks/empirical_calibration_20260925/spec.md §4 Spatial contract; §7 identifiability; model-inputs/ed/schema/parameter-ids.json ed.despathways.routingprobability,,"proposed_revise: replacement: Consumer: CareOps ED configuration adapter supplies conditional routing tables to Kairos Track 03 Flow; key: pathways.routingprobability. Unit: dimensionless probabilities in [0,1], with a named decision point, conditioning state, eligible alternatives, denominator, allowed outcomes and normalization rule; identify deterministic versus sampled selection. Stage: MVP_candidate, optional when a profile uses probabilistic routing. Use: generate a branch choice conditional on state; calibration against observed choices requires the same eligible alternative set and decision-time state.",2026-09-30
ed.despathways.repeatloops,des_pathways,pathways.repeatloops,Proposed CareOps ED model/config; Kairos 03 Flow,categorical_or_structured,no single scalar unit; every numeric leaf declares its unit and category coding,MVP_candidate,"candidate input for deterministic/minimal, generic nominal, or surge profiles according to pathway applicability",identity_only_no_value_or_distribution_asserted,/root/p02_e0_detail_review,revise,The repeat-loop structure has no declared bound or cycle semantics. Generic candidate acceptance could permit infinite pathway execution or duplicate work without a model-level stop rule.,C0 independent reviewer /root/p02_c0_detail_review_a,accept,"Repeat-loop rules generate repeated pathway transitions; observations can target loop counts/transitions only when task occurrences and episode boundaries are retained. A completed-event count alone is biased by window truncation, so include eligible cases, observation window and unfinished/censored loops.",coordinator/root-draft,,p02_e0_detail_review_2026-09-30,16d79a5c0eff9fb60969b9e7829b5c67cdf63e46,model-inputs/ed/schema/parameter-usage-matrix-proposal.json#/entries/24; model-inputs/ed/schema/parameter-ids.json#/entries/24; model-inputs/ed/schema/parameter-ids.json#/entries/24; conductor/tracks/generic_ed_delivery_20260925/plan.md#E1,"Keep pathways.repeatloops only where enabled; require explicit loop edge, trigger, termination/max-iteration rule, and event accounting before a profile can use it.",codex-subtask:/root/p02_c0_detail_review_a,16d79a5c0eff9fb60969b9e7829b5c67cdf63e46,conductor/tracks/ed_parameter_evidence_20260927/spec.md §DES pathways; conductor/tracks/empirical_calibration_20260925/spec.md §3 occurrence/censoring; §7 partition and candidate evaluation; model-inputs/ed/schema/parameter-ids.json ed.despathways.repeatloops,,"proposed_revise: replacement: Consumer: CareOps ED configuration adapter maps enabled repeat edges into Kairos Track 03 Flow; key: pathways.repeatloops. Unit: typed loop edge and trigger, with numeric timing in seconds and any probabilities explicitly conditioned. Stage: MVP_candidate only for profiles that explicitly enable a repeated pathway. Use: declare the loop edge, trigger, termination condition or maximum iterations and event accounting; observed loop counts are separate targets requiring occurrence indices and episode boundaries.",2026-09-30
ed.despathways.priorities,des_pathways,pathways.priorities,Proposed CareOps ED model/config; Kairos 03 Flow,categorical_or_structured,no single scalar unit; every numeric leaf declares its unit and category coding,MVP_candidate,"candidate input for deterministic/minimal, generic nominal, or surge profiles according to pathway applicability",identity_only_no_value_or_distribution_asserted,/root/p02_e0_detail_review,accept,"Priority policy is a Flow contract concern, and the prior recommendation correctly avoids choosing clinical priorities. Retain the key only when a profile uses multiple queue classes and bind ordering/tie-breaking to the reviewed queue contract.",C0 independent reviewer /root/p02_c0_detail_review_a,accept,"Priority rules generate a selection policy; observed service order can target it only if the decision-time eligible task/staff set, priority state and stable tie-break inputs are available. Realized order alone is confounded by staff availability and cannot identify a priority score or urgency rule.",coordinator/root-draft,,p02_e0_detail_review_2026-09-30,16d79a5c0eff9fb60969b9e7829b5c67cdf63e46,model-inputs/ed/schema/parameter-usage-matrix-proposal.json#/entries/25; model-inputs/ed/schema/parameter-ids.json#/entries/25; model-inputs/ed/schema/parameter-ids.json#/entries/25; conductor/tracks/generic_ed_delivery_20260925/plan.md#E1,,codex-subtask:/root/p02_c0_detail_review_a,16d79a5c0eff9fb60969b9e7829b5c67cdf63e46,"conductor/tracks/ed_parameter_evidence_20260927/spec.md §ABM staff behavior and §Reports 5–8 integration (eligible choice sets, assignment); conductor/tracks/empirical_calibration_20260925/spec.md §4 Micro staff behavior; §7 identifiability; model-inputs/ed/schema/parameter-ids.json ed.despathways.priorities",,"proposed_accept: `pathways.priorities` for MVP_candidate. E0: Priority policy is a Flow contract concern, and the prior recommendation correctly avoids choosing clinical priorities. C0: Priority rules generate a selection policy; observed service order can target it only if the decision-time eligible task/staff set, priority state and stable tie-break inputs are available. Keep numeric leaves unit-bearing and separate generated inputs from observed targets; no empirical value or policy default is asserted.",2026-09-30
ed.despathways.deadlines,des_pathways,pathways.deadlines,Proposed CareOps ED model/config; Kairos 03 Flow,time,s canonical input; convert from explicit source/config unit to ED clock ticks,MVP_candidate,"candidate input for deterministic/minimal, generic nominal, or surge profiles according to pathway applicability",identity_only_no_value_or_distribution_asserted,/root/p02_e0_detail_review,accept,Deadlines need explicit origin and absolute/relative form; the prior rationale states both and leaves tick conversion details to C0. Preserve that split and require an explicit missed-deadline behavior in the pathway contract.,C0 independent reviewer /root/p02_c0_detail_review_a,revise,"A deadline is a generated pathway constraint or target threshold, not an observed duration distribution. Deadline-attainment diagnostics require a declared clock origin and the relevant occurrence endpoint; an absolute timestamp also needs source zone/precision, while a relative deadline needs a versioned duration-to-tick scale and checked rounding.",coordinator/root-draft,,p02_e0_detail_review_2026-09-30,16d79a5c0eff9fb60969b9e7829b5c67cdf63e46,model-inputs/ed/schema/parameter-usage-matrix-proposal.json#/entries/26; model-inputs/ed/schema/parameter-ids.json#/entries/26; model-inputs/ed/schema/parameter-ids.json#/entries/26; conductor/tracks/generic_ed_delivery_20260925/p0.2-e0-c0-owner-review-brief-20260930.md#Cross-cutting-proposals-needing-explicit-disposition,,codex-subtask:/root/p02_c0_detail_review_a,16d79a5c0eff9fb60969b9e7829b5c67cdf63e46,conductor/tracks/ed_parameter_evidence_20260927/spec.md §DES pathways; conductor/tracks/empirical_calibration_20260925/spec.md §3 timestamp normalization and §5 paired observed/predicted endpoint; conductor/design/p0.2-interface-disposition-draft-20260930.md §2 Durations and ticks and §3 Absolute schedules; libs/kairos/crates/kairo-ecs-types/src/lib.rs:53-105,"Replacement: keep seconds for relative deadline durations; distinguish relative limits from absolute instants, bind each to the versioned time profile/origin and explicit zone/precision where applicable, and reject overflow or unsupported precision.","proposed_revise: replacement: Consumer: CareOps ED configuration adapter supplies deadline constraints to Kairos Track 03 Flow; key: pathways.deadlines. Unit: relative limits in decimal seconds; absolute deadlines are explicit-offset instants tied to the dataset UTC origin and retain source precision. Apply ADR-0004 checked conversion to one-nanosecond u128 ticks; reject unsupported precision, negative/overflow values and naive local instants. Stage: MVP_candidate only for an enabled pathway with a declared deadline. Use: generated pathway threshold/constraint, distinct from an observed elapsed-time target.",2026-09-30
ed.despathways.preemption,des_pathways,pathways.preemption,Proposed CareOps ED model/config; Kairos 03 Flow,categorical_or_structured,no single scalar unit; every numeric leaf declares its unit and category coding,MVP_candidate,"candidate input for deterministic/minimal, generic nominal, or surge profiles according to pathway applicability",identity_only_no_value_or_distribution_asserted,/root/p02_e0_detail_review,accept,A generic preemption flag would conflate staff-task interruption with patient/resource eviction. The prior rationale correctly separates them and limits MVP behavior to the reviewed queue contract.,C0 independent reviewer /root/p02_c0_detail_review_a,accept,"Preemption rule is a generative scheduler/policy input, not a directly fitted elapsed time. Target evidence needs interruption, suspend/resume, completed-work and task ancestry records; counts of interruptions require eligible active tasks and exposure, and preemption semantics remain owned by queue/Flow contracts.",coordinator/root-draft,,p02_e0_detail_review_2026-09-30,16d79a5c0eff9fb60969b9e7829b5c67cdf63e46,model-inputs/ed/schema/parameter-usage-matrix-proposal.json#/entries/27; model-inputs/ed/schema/parameter-ids.json#/entries/27; model-inputs/ed/schema/parameter-ids.json#/entries/27; conductor/tracks/generic_ed_delivery_20260925/plan.md#E2,,codex-subtask:/root/p02_c0_detail_review_a,16d79a5c0eff9fb60969b9e7829b5c67cdf63e46,conductor/tracks/ed_parameter_evidence_20260927/spec.md §DES pathways and §ABM staff behavior; conductor/tracks/empirical_calibration_20260925/spec.md §4 interruptible tasks; §5 replay; conductor/tracks/des_queue_preemption_20260925/plan.md Q0.2–Q0.4 accepted contracts; model-inputs/ed/schema/parameter-ids.json ed.despathways.preemption,,"proposed_accept: `pathways.preemption` for MVP_candidate. E0: A generic preemption flag would conflate staff-task interruption with patient/resource eviction. C0: Preemption rule is a generative scheduler/policy input, not a directly fitted elapsed time. Keep numeric leaves unit-bearing and separate generated inputs from observed targets; no empirical value or policy default is asserted.",2026-09-30
ed.durations.intrinsicwork,durations,durations.intrinsicwork,Proposed CareOps ED model/config; Kairos 03 Flow,time,s canonical input; convert to integer ED SimTime ticks,MVP_candidate,"candidate input for deterministic/minimal, generic nominal, or surge profiles according to pathway applicability",identity_only_no_value_or_distribution_asserted,/root/p02_e0_detail_review,accept,"Intrinsic work is active task time, not total elapsed patient time. Preserve that definition and do not fold queue wait, transit, or setup into this duration; distribution/value selection is outside this interface review.",C0 independent reviewer /root/p02_c0_detail_review_a,revise,"Intrinsic work is a generative active-work duration and a candidate fit parameter only if mapped observation endpoints isolate active work from setup, queue, transit and interruption/resumption. The seconds input unit is sound, but conversion into integer ticks must bind to the versioned ED tick quantum and a declared exactness/rounding rule; `SimTime` stores integer ticks without a physical scale.",coordinator/root-draft,,p02_e0_detail_review_2026-09-30,16d79a5c0eff9fb60969b9e7829b5c67cdf63e46,model-inputs/ed/schema/parameter-usage-matrix-proposal.json#/entries/28; model-inputs/ed/schema/parameter-ids.json#/entries/28; model-inputs/ed/schema/parameter-ids.json#/entries/28; conductor/tracks/generic_ed_delivery_20260925/plan.md#E1; conductor/tracks/generic_ed_delivery_20260925/plan.md#E2,,codex-subtask:/root/p02_c0_detail_review_a,16d79a5c0eff9fb60969b9e7829b5c67cdf63e46,conductor/tracks/ed_parameter_evidence_20260927/spec.md §Durations and §Evidence and distribution selection; conductor/tracks/empirical_calibration_20260925/spec.md §3 timestamp conversion; §4 Avoid double counting; conductor/design/p0.2-interface-disposition-draft-20260930.md §2 Durations and ticks; libs/kairos/crates/kairo-ecs-types/src/lib.rs:53-105,"Replacement: seconds are canonical input; fit only from occurrence-mapped endpoints that isolate active work, and convert under a versioned tick quantum with checked range and declared exactness/rounding and precision-loss reporting.","proposed_revise: replacement: Consumer: CareOps ED configuration adapter supplies active-work durations to Kairos Track 03 Flow; key: durations.intrinsicwork. Unit: decimal seconds converted under ADR-0004 to one-nanosecond u128 ticks with exact fixed-value checks or the declared sampled-duration ceiling rule and precision/rounding metadata. Stage: MVP_candidate for modeled task work. Use: generative active task time; fit only from occurrence-mapped endpoints that isolate active work from setup, queue, transit and interruption/resumption, preserving source precision.",2026-09-30
ed.durations.setup,durations,durations.setup,Proposed CareOps ED model/config; Kairos 03 Flow,time,s canonical input; convert to integer ED SimTime ticks,MVP_candidate,"candidate input for deterministic/minimal, generic nominal, or surge profiles according to pathway applicability",identity_only_no_value_or_distribution_asserted,/root/p02_e0_detail_review,revise,"Setup is a distinct duration, but the proposal does not state what is being set up or which resource/task owns it. Accepting a free-floating setup interval risks overlap with intrinsic work.",C0 independent reviewer /root/p02_c0_detail_review_a,revise,"Setup is a separate generated work component; it can be a target only when event mapping distinguishes setup start/end from active service, queue and transit. Seconds remain the input unit, with tick quantum, range checks and rounding counted under the selected profile version.",coordinator/root-draft,,p02_e0_detail_review_2026-09-30,16d79a5c0eff9fb60969b9e7829b5c67cdf63e46,model-inputs/ed/schema/parameter-usage-matrix-proposal.json#/entries/29; model-inputs/ed/schema/parameter-ids.json#/entries/29; model-inputs/ed/schema/parameter-ids.json#/entries/29; conductor/tracks/generic_ed_delivery_20260925/plan.md#E2,Keep durations.setup only with an explicit task/resource owner and start/end event definition; state whether it occupies capacity and whether it precedes active work.,codex-subtask:/root/p02_c0_detail_review_a,16d79a5c0eff9fb60969b9e7829b5c67cdf63e46,conductor/tracks/ed_parameter_evidence_20260927/spec.md §Durations; conductor/tracks/empirical_calibration_20260925/spec.md §3 TraceMapping; §4 Avoid double counting; conductor/design/p0.2-interface-disposition-draft-20260930.md §2; libs/kairos/crates/kairo-ecs-types/src/lib.rs:53-105,"Replacement: retain seconds; require setup-specific occurrence endpoints and declared included process before fitting, then convert using the versioned tick quantum and explicit checked rounding policy.","proposed_revise: replacement: Consumer: CareOps ED configuration adapter supplies setup intervals to Kairos Track 03 Flow and the named task/resource occupancy model; key: durations.setup. Unit: decimal seconds converted under ADR-0004 to one-nanosecond u128 ticks with checked exactness or declared sampled rounding. Stage: MVP_candidate only when a task/resource has a separately modeled setup phase. Use: identify the owning task/resource, setup start/end and whether capacity is occupied or setup precedes active work; fit only from setup-specific occurrence endpoints distinct from service, queue and transit.",2026-09-30
ed.durations.turnaround,durations,durations.turnaround,Proposed CareOps ED model/config; Kairos 03 Flow,time,s canonical input; convert to integer ED SimTime ticks,MVP_candidate,"candidate input for deterministic/minimal, generic nominal, or surge profiles according to pathway applicability",identity_only_no_value_or_distribution_asserted,/root/p02_e0_detail_review,accept,"Turnaround should represent process/device turnaround, with report availability and clinician review separated. The prior recommendation captures that distinction; duration semantics still need event boundaries in the typed consumer contract.",C0 independent reviewer /root/p02_c0_detail_review_a,revise,Turnaround is an elapsed generated delay whose meaning may include external processing but should not silently include ED queue or transit. Calibration requires turnaround-specific occurrence endpoints and a declared inclusion boundary; seconds-to-ticks still depends on a versioned quantum and rounding policy.,coordinator/root-draft,,p02_e0_detail_review_2026-09-30,16d79a5c0eff9fb60969b9e7829b5c67cdf63e46,model-inputs/ed/schema/parameter-usage-matrix-proposal.json#/entries/30; model-inputs/ed/schema/parameter-ids.json#/entries/30; model-inputs/ed/schema/parameter-ids.json#/entries/30; conductor/evidence/p0.2-e0-c0-owner-review-brief-20260930.md#Cross-cutting-proposals-needing-explicit-disposition,,codex-subtask:/root/p02_c0_detail_review_a,16d79a5c0eff9fb60969b9e7829b5c67cdf63e46,conductor/tracks/ed_parameter_evidence_20260927/spec.md §Durations; conductor/tracks/empirical_calibration_20260925/spec.md §3 timestamp lineage; §4 Avoid double counting; conductor/design/p0.2-interface-disposition-draft-20260930.md §2; libs/kairos/crates/kairo-ecs-types/src/lib.rs:53-105,"Replacement: retain seconds; specify the turnaround event pair and external/ED components included, then use a versioned tick quantum with checked conversion and declared rounding.",proposed_revise: replacement: Consumer: CareOps ED configuration adapter supplies process/device turnaround to Kairos Track 03 Flow; key: durations.turnaround. Unit: decimal seconds converted under ADR-0004 to one-nanosecond u128 ticks with checked exactness or declared sampled rounding. Stage: MVP_candidate only for a pathway with an explicit turnaround interval. Use: define the event pair and included external/ED components; keep report availability and clinician review separate and do not silently include ED queue or transit. Fit only to matching occurrence endpoints.,2026-09-30
ed.durations.reportreviewdelay,durations,durations.reportreviewdelay,Proposed CareOps ED model/config; Kairos 03 Flow,time,s canonical input; convert from explicit source/config unit to ED clock ticks,MVP_candidate,"candidate input for deterministic/minimal, generic nominal, or surge profiles according to pathway applicability",identity_only_no_value_or_distribution_asserted,/root/p02_e0_detail_review,accept,"Report/review delay is a waiting interval after the relevant diagnostic process, not additional active work. The key is suitable if the model records report availability and review completion separately.",C0 independent reviewer /root/p02_c0_detail_review_a,revise,"Report/review delay is generated elapsed time; observed target endpoints must mean report availability and review occurrence, not order time, message creation or chart entry. Preserve recorded timestamps as separate lineage, and bind second-to-tick conversion to the versioned quantum and rounding contract.",coordinator/root-draft,,p02_e0_detail_review_2026-09-30,16d79a5c0eff9fb60969b9e7829b5c67cdf63e46,model-inputs/ed/schema/parameter-usage-matrix-proposal.json#/entries/31; model-inputs/ed/schema/parameter-ids.json#/entries/31; model-inputs/ed/schema/parameter-ids.json#/entries/31; conductor/tracks/generic_ed_delivery_20260925/plan.md#E1,,codex-subtask:/root/p02_c0_detail_review_a,16d79a5c0eff9fb60969b9e7829b5c67cdf63e46,"conductor/tracks/ed_parameter_evidence_20260927/spec.md §Durations; conductor/tracks/empirical_calibration_20260925/spec.md §3 observed_at, recorded_at and message_created_at; §4 Avoid double counting; conductor/design/p0.2-interface-disposition-draft-20260930.md §2; libs/kairos/crates/kairo-ecs-types/src/lib.rs:53-105","Replacement: retain seconds; require occurrence-time endpoints for report availability/review and separate recorded/message time, then convert through the versioned tick quantum with checked declared rounding.","proposed_revise: replacement: Consumer: CareOps ED configuration adapter supplies report/review delay to Kairos Track 03 Flow; key: durations.reportreviewdelay. Unit: decimal seconds converted under ADR-0004 to one-nanosecond u128 ticks with checked exactness or declared sampled rounding; retain source event precision. Stage: MVP_candidate only for pathways modeling this delay. Use: generate elapsed delay after the relevant diagnostic process; map observed targets to report-availability and review-occurrence endpoints, keeping order time and recorded/message time separate.",2026-09-30
ed.durations.cleaning,durations,durations.cleaning,Proposed CareOps ED model/config; Kairos 03 Flow,time,s canonical input; convert to integer ED SimTime ticks,MVP_candidate,"candidate input for deterministic/minimal, generic nominal, or surge profiles according to pathway applicability",identity_only_no_value_or_distribution_asserted,/root/p02_e0_detail_review,revise,Cleaning affects when a location/resource is available again; the row does not say which resource's occupancy it follows. The broad duration wording leaves a capacity-accounting boundary unresolved.,C0 independent reviewer /root/p02_c0_detail_review_a,revise,"Cleaning is generated resource work; its target must use cleaning start/completion events and must not substitute bed assignment, patient departure or bed release for physical occupancy. Conversion requires a versioned tick quantum and declared rounding; timing observations also need to identify whether cleaning is serialized or overlaps other work.",coordinator/root-draft,,p02_e0_detail_review_2026-09-30,16d79a5c0eff9fb60969b9e7829b5c67cdf63e46,model-inputs/ed/schema/parameter-usage-matrix-proposal.json#/entries/32; model-inputs/ed/schema/parameter-ids.json#/entries/32; model-inputs/ed/schema/parameter-ids.json#/entries/32; conductor/tracks/generic_ed_delivery_20260925/plan.md#E2,Keep durations.cleaning tied to an identified reusable resource/location and its release/ready events; avoid counting the same cleaning interval in both task work and resource availability.,codex-subtask:/root/p02_c0_detail_review_a,16d79a5c0eff9fb60969b9e7829b5c67cdf63e46,conductor/tracks/ed_parameter_evidence_20260927/spec.md §Durations and §Resources; conductor/tracks/empirical_calibration_20260925/spec.md §3 event mapping; §4 bed cleaning/resource lifecycle; conductor/design/p0.2-interface-disposition-draft-20260930.md §2; libs/kairos/crates/kairo-ecs-types/src/lib.rs:53-105,"Replacement: retain seconds; map cleaning occurrence start/end separately from bed occupancy/release and declare concurrency, then convert using versioned tick quantum and explicit rounding.","proposed_revise: replacement: Consumer: CareOps ED configuration adapter supplies cleaning work to the reusable resource/location availability model consumed by Kairos Track 03 Flow; key: durations.cleaning. Unit: decimal seconds converted under ADR-0004 to one-nanosecond u128 ticks with checked exactness or declared sampled rounding. Stage: MVP_candidate for modeled reusable spaces/resources. Use: name the resource and map cleaning occurrence start/completion separately from patient departure, bed assignment and resource release; declare concurrency and avoid counting the same interval in task work and availability. Fit only from cleaning-specific endpoints.",2026-09-30
ed.durations.handover,durations,durations.handover,Proposed CareOps ED model/config; Kairos 03 Flow,time,s canonical input; convert to integer ED SimTime ticks,MVP_candidate,"candidate input for deterministic/minimal, generic nominal, or surge profiles according to pathway applicability",identity_only_no_value_or_distribution_asserted,/root/p02_e0_detail_review,revise,"Handover is not a single universal interval: E0 calls out ambulance arrival, triage, handover, offload, and crew release as distinct clocks. The generic seconds-to-ticks rationale misses those separate endpoints.",C0 independent reviewer /root/p02_c0_detail_review_a,revise,"Handover is generated staff work; calibrate only with handover-specific occurrence anchors and an overlap/concurrency rule. Aggregate shift change or patient elapsed time does not isolate it, and second-to-tick conversion needs a versioned quantum and declared rounding.",coordinator/root-draft,,p02_e0_detail_review_2026-09-30,16d79a5c0eff9fb60969b9e7829b5c67cdf63e46,model-inputs/ed/schema/parameter-usage-matrix-proposal.json#/entries/33; model-inputs/ed/schema/parameter-ids.json#/entries/33; model-inputs/ed/schema/parameter-ids.json#/entries/33; conductor/tracks/generic_ed_delivery_20260925/plan.md#E0,Keep durations.handover only for a named handover interval with explicit participants and start/end events; ambulance offload and crew release remain separate measures where modeled.,codex-subtask:/root/p02_c0_detail_review_a,16d79a5c0eff9fb60969b9e7829b5c67cdf63e46,conductor/tracks/ed_parameter_evidence_20260927/spec.md §Durations and §ABM staff behavior; conductor/tracks/empirical_calibration_20260925/spec.md §3 TraceMapping; §4 Avoid double counting; conductor/design/p0.2-interface-disposition-draft-20260930.md §2; libs/kairos/crates/kairo-ecs-types/src/lib.rs:53-105,"Replacement: retain seconds; define handover occurrence endpoints and concurrent-work treatment before fitting, then convert using the versioned tick quantum and explicit rounding.","proposed_revise: replacement: Consumer: CareOps ED configuration adapter supplies a named handover task to Kairos Track 03 Flow; key: durations.handover. Unit: decimal seconds converted under ADR-0004 to one-nanosecond u128 ticks with checked exactness or declared sampled rounding. Stage: MVP_candidate only when that handover is represented as a task. Use: specify participants, occurrence start/end and overlap/concurrency treatment; keep ambulance arrival, offload and crew release as separate measures where modeled, and fit only from handover-specific anchors.",2026-09-30
ed.durations.disposition,durations,durations.disposition,Proposed CareOps ED model/config; Kairos 03 Flow,time,s canonical input; convert to integer ED SimTime ticks,MVP_candidate,"candidate input for deterministic/minimal, generic nominal, or surge profiles according to pathway applicability",identity_only_no_value_or_distribution_asserted,/root/p02_e0_detail_review,defer,"Disposition duration is too broad to accept as an independent component while discharge, admission, transfer, and boarding routes already own elapsed work. The prior rationale notes overlap but does not resolve what this ID measures.",C0 independent reviewer /root/p02_c0_detail_review_a,revise,"Disposition work is generated after a decision and must exclude boarding, bed search, transport and other departure delay; observed decision-ready, work completion and actual ED departure are separate possible targets. Only the work interval can fit this duration, with explicit censoring; tick conversion remains profile-versioned.",coordinator/root-draft,,p02_e0_detail_review_2026-09-30,16d79a5c0eff9fb60969b9e7829b5c67cdf63e46,model-inputs/ed/schema/parameter-usage-matrix-proposal.json#/entries/34; model-inputs/ed/schema/parameter-ids.json#/entries/34; model-inputs/ed/schema/parameter-ids.json#/entries/34; conductor/tracks/generic_ed_delivery_20260925/plan.md#E1; conductor/evidence/p0.2-e0-c0-owner-review-brief-20260930.md#Cross-cutting-proposals-needing-explicit-disposition,"Defer durations.disposition until E0 names the active interval, owning route, and endpoints; if it duplicates a route's active work or boarding, remove that duplicate representation from the profile contract.",codex-subtask:/root/p02_c0_detail_review_a,16d79a5c0eff9fb60969b9e7829b5c67cdf63e46,conductor/tracks/ed_parameter_evidence_20260927/spec.md §Durations and §Hospital interfaces; conductor/design/p0.2-interface-disposition-draft-20260930.md §5 Probability and observation boundaries; conductor/tracks/empirical_calibration_20260925/spec.md §3 censoring; §4 Avoid double counting; conductor/design/p0.2-interface-disposition-draft-20260930.md §2; libs/kairos/crates/kairo-ecs-types/src/lib.rs:53-105,"Replacement: retain seconds; define disposition-work endpoints and explicitly exclude boarding/transport intervals, then convert with versioned tick quantum, checked range and declared rounding.","proposed_revise: replacement: Consumer: CareOps ED configuration adapter to Kairos Track 03 Flow; key: durations.disposition. Unit: decimal seconds converted by ADR-0004. Stage/use: optional MVP route-specific active disposition task, only when its owner and decision-ready/work-complete endpoints are declared. This duration excludes boarding, bed search, transport and departure delay; if the route already accounts for the same work, omit this key rather than sample it twice. Actual ED departure remains a separate event.",2026-09-30
ed.durations.boarding,durations,durations.boarding,Proposed CareOps ED model/config; Kairos 03 Flow,time,s canonical input; convert to integer ED SimTime ticks,MVP_candidate,"candidate input for deterministic/minimal, generic nominal, or surge profiles according to pathway applicability",identity_only_no_value_or_distribution_asserted,Codex subagent /root/p02_e0_b,revise,"Keep seconds as the canonical duration unit, but define this as elapsed ED occupancy from a provisional admission/boarding state until realized transfer or another explicit terminal event. Do not independently sample a boarding duration or release the ED bed at the bed-offer event; that would double count time or release occupancy too early.",/root/p02_c0_detail_review_b,revise,"Boarding is an elapsed boundary interval, not intrinsic ED service work: observed disposition/physical-departure anchors may include downstream bed or transfer delay. A fitted boarding target and a generated residual boundary delay must not represent the same interval; episode end and physical departure also remain distinct.",coordinator/root-draft,,/root/p02_e0_b (task identity; host session ID unavailable),16d79a5c0eff9fb60969b9e7829b5c67cdf63e46,conductor/tracks/generic_ed_delivery_20260925/plan.md:62-65; conductor/tracks/generic_ed_delivery_20260925/spec.md:30-33,"Unit contract: seconds for observed/derived elapsed boarding intervals; runtime end is realized transfer/discharge, with offer availability, boarding wait and recurrent boarder-care tasks represented separately. Candidate profile use only when admission/boarding is enabled.",/root/p02_c0_detail_review_b-20260930,16d79a5c0eff9fb60969b9e7829b5c67cdf63e46,conductor/tracks/empirical_calibration_20260925/spec.md#3-4; conductor/tracks/empirical_calibration_20260925/spec.md#Normalized-trace-event-and-validation; conductor/tracks/empirical_calibration_20260925/plan.md#C0,Define boarding start/end anchors and whether the model owns a residual boundary delay. Treat observed elapsed boarding as a target only when its event mapping and censoring are explicit; retain seconds/source precision and use the C0-declared checked tick conversion.,"proposed_revise: replacement: Key `durations.boarding`; consumer: C0 trace/metric mapping, and the CareOps ED adapter only if a separately identified residual boundary delay is modeled. Unit: elapsed seconds, with source precision retained and fixed values converted by the checked seconds-to-nanosecond-tick rule in ADR-0004. Stage/use: E2 admission-enabled profiles map observed boarding as an outcome from the provisional admission/boarding state to realized ED departure or another declared terminal event; do not sample this full observed interval as service work or release an ED resource at bed offer. Generate only an explicitly scoped residual interval after the observed/generated boundary has been decomposed, so bed-offer, acceptance, transport, recurrent care, and actual departure are not double counted.",2026-09-30
ed.durations.transit,durations,durations.transit,Proposed CareOps ED model/config; Kairos 03 Flow,time,s canonical input; convert to integer ED SimTime ticks,MVP_candidate,"candidate input for deterministic/minimal, generic nominal, or surge profiles according to pathway applicability",identity_only_no_value_or_distribution_asserted,Codex subagent /root/p02_e0_b,revise,"Seconds are suitable for a genuine configured external transport interval, but local Micro travel should be derived from route distance and movement speed, while Macro mode should not silently add transit. The present key conflates local travel with external transfer transport and can double count movement.",/root/p02_c0_detail_review_b,revise,"A scalar transit duration is usable for Macro aggregate timing, while Micro transit is generated from route distance and walking speed. Fitting and replaying the same observed travel interval as both a duration and movement cost would double count it.",coordinator/root-draft,,/root/p02_e0_b (task identity; host session ID unavailable),16d79a5c0eff9fb60969b9e7829b5c67cdf63e46,"conductor/tracks/generic_ed_delivery_20260925/spec.md:28-29,95-100; conductor/tracks/generic_ed_delivery_20260925/plan.md:45",Unit contract: seconds only for explicitly defined external transport intervals; local staff/patient route travel is derived from graph distance and applicable speed. Split the config key/semantic when both are needed. Mark external transport pathway/profile applicability explicitly.,/root/p02_c0_detail_review_b-20260930,16d79a5c0eff9fb60969b9e7829b5c67cdf63e46,conductor/tracks/empirical_calibration_20260925/spec.md#3-4; conductor/tracks/empirical_calibration_20260925/spec.md#Spatial-contract; conductor/tracks/empirical_calibration_20260925/plan.md#C0,"Restrict this key to an explicitly declared Macro travel interval or residual; in Micro derive travel ticks from graph distance and speed. Map observed start/end occurrence separately from recorded/message time and declare source precision, origin, and tick rounding.",proposed_revise: replacement: Consumer: CareOps ED adapter to Kairos Track 03 Flow; key: durations.transit. Unit: nonnegative decimal seconds converted by ADR-0004. Stage/use: Macro may use an explicitly configured aggregate local transit interval only when it is not already included in service work; Micro derives local travel from graph distance and speed and does not add the Macro interval. External transfer/transport has its own hospital-boundary input and occurrence anchors. Observed local movement and recorded timestamps remain separate from generated durations.,2026-09-30
ed.resources.staffroles,resources,resources.staffroles,Proposed CareOps ED model/config; Kairos 03 Flow,categorical_or_structured,no single scalar unit; every numeric leaf declares its unit and category coding,MVP_candidate,"candidate input for deterministic/minimal, generic nominal, or surge profiles according to pathway applicability",identity_only_no_value_or_distribution_asserted,Codex subagent /root/p02_e0_b,accept,Structured role/skill categories are ordinary ED domain inputs; every numeric leaf can declare its own unit. Keep role/skill eligibility in the ED adapter and avoid encoding staffing policy as an engine default.,/root/p02_c0_detail_review_b,accept,"Staff role labels and skill categories are categorical generative configuration. They have no scalar physical unit; any numeric leaf such as an explicitly defined grade or count needs its own coding and unit. Observed role records can describe staffing context, but aggregate throughput does not identify role composition.",coordinator/root-draft,,/root/p02_e0_b (task identity; host session ID unavailable),16d79a5c0eff9fb60969b9e7829b5c67cdf63e46,conductor/tracks/generic_ed_delivery_20260925/spec.md:25-27; conductor/tracks/generic_ed_delivery_20260925/plan.md:73-78,,/root/p02_c0_detail_review_b-20260930,16d79a5c0eff9fb60969b9e7829b5c67cdf63e46,conductor/tracks/ed_parameter_evidence_20260927/spec.md#Catalogue-record-contract; conductor/tracks/empirical_calibration_20260925/spec.md#4-Dual-fidelity-execution; conductor/tracks/empirical_calibration_20260925/spec.md#Research-integration-requirements,,proposed_accept: `resources.staffroles` for MVP_candidate. E0: Structured role/skill categories are ordinary ED domain inputs; every numeric leaf can declare its own unit. C0: Staff role labels and skill categories are categorical generative configuration. Keep numeric leaves unit-bearing and separate generated inputs from observed targets; no empirical value or policy default is asserted.,2026-09-30
ed.resources.staffcounts,resources,resources.staffcounts,Proposed CareOps ED model/config; Kairos 03 Flow,count_or_capacity,non-negative integer count; resource identity and availability are separate,MVP_candidate,"candidate input for deterministic/minimal, generic nominal, or surge profiles according to pathway applicability",identity_only_no_value_or_distribution_asserted,Codex subagent /root/p02_e0_b,accept,"Non-negative counts are appropriate scenario-level staffing capacity inputs. Where ABM identity or assignment is required, expand counts to stable synthetic agent identities; a count alone does not define assignment or availability.",/root/p02_c0_detail_review_b,revise,"A single staff count can mean employed headcount, rostered, present, or eligible capacity; these are different snapshots and have different calibration roles. Only declared as-operated counts can be observed covariates/targets; service or queue outcomes cannot recover them uniquely.",coordinator/root-draft,,/root/p02_e0_b (task identity; host session ID unavailable),16d79a5c0eff9fb60969b9e7829b5c67cdf63e46,"conductor/tracks/generic_ed_delivery_20260925/spec.md:25-27,95-100; conductor/tracks/generic_ed_delivery_20260925/plan.md:83",,/root/p02_c0_detail_review_b-20260930,16d79a5c0eff9fb60969b9e7829b5c67cdf63e46,conductor/tracks/ed_parameter_evidence_20260927/spec.md#Parameter-coverage-inventory; conductor/tracks/empirical_calibration_20260925/spec.md#4-Dual-fidelity-execution; conductor/tracks/empirical_calibration_20260925/spec.md#Validation-and-normalization,"Name the count basis and reference time/window (for example, rostered versus present/eligible); keep staff identity and interval availability separate. Map observed counts with provenance and denominator, and do not infer staff counts from throughput or wait metrics.","proposed_revise: replacement: Key `resources.staffcounts`; consumer: CareOps ED configuration validator and ED adapter, which maps role capacity to Kairos Track 03 Flow; synthetic role/zone/location bindings follow the minimum-bindings proposal. Unit: nonnegative integer staff persons per declared `staff_role_id` and time basis. Stage/use: E2 profiles distinguish employed, rostered, present, and task-eligible counts as separate named quantities or snapshots; availability intervals modify effective capacity. Never infer one basis from another or from observed assignments, and do not generate individual staff identities from a count under this contract. Use only declared roles and eligibility bindings; unknown is not zero.",2026-09-30
ed.resources.rosters,resources,resources.rosters,Proposed CareOps ED model/config; Kairos 03 Flow,schedule_or_interval,absolute instants carry explicit timezone; intervals use declared ED clock unit,MVP_candidate,"candidate input for deterministic/minimal, generic nominal, or surge profiles according to pathway applicability",identity_only_no_value_or_distribution_asserted,Codex subagent /root/p02_e0_b,accept,Roster schedules are in-scope capacity inputs. Keep explicit timezone on absolute instants and distinguish them from run-relative intervals; recurring local-calendar/DST resolution remains a C0 time-boundary decision.,/root/p02_c0_detail_review_b,revise,"Roster instants and effective intervals are configuration inputs with local recurrence semantics; observed clock-in/out or roster records are evidence with occurrence time distinct from entry/update time. A timezone label alone does not resolve DST folds, gaps, source precision, or the trace origin.",coordinator/root-draft,,/root/p02_e0_b (task identity; host session ID unavailable),16d79a5c0eff9fb60969b9e7829b5c67cdf63e46,conductor/tracks/generic_ed_delivery_20260925/spec.md:25-27; conductor/evidence/p0.2-e0-c0-owner-review-brief-20260930.md:32-33,,/root/p02_c0_detail_review_b-20260930,16d79a5c0eff9fb60969b9e7829b5c67cdf63e46,conductor/tracks/empirical_calibration_20260925/spec.md#Normalized-trace-event.v1; conductor/tracks/empirical_calibration_20260925/spec.md#Validation-and-normalization; conductor/tracks/empirical_calibration_20260925/plan.md#C0,"For absolute timestamps require offset/timezone and original precision; normalize instants to UTC. For recurring rosters preserve the IANA zone, recurrence, and fold/gap policy. State observation origin and checked interval-to-tick rounding separately.","proposed_revise: replacement: Key `resources.rosters`; consumer: CareOps ED configuration validator and ED adapter to Kairos Track 03 Flow availability. Unit: role/resource capacity with half-open schedule intervals in ED-clock seconds; generic schedules are relative to tick zero, and timestamped instants require explicit offset/zone, origin, and retained precision under ADR-0004. Stage/use: E2 profiles provide configured roster availability for declared staff roles/resources. Treat observed roster records and clock-in/out as separate evidence with occurrence time distinct from entry/update time; local recurrence stays disabled until a tested IANA-zone adapter defines fold/gap behavior.",2026-09-30
ed.resources.breaks,resources,resources.breaks,Proposed CareOps ED model/config; Kairos 03 Flow,schedule_or_interval,absolute instants carry explicit timezone; intervals use declared ED clock unit,MVP_candidate,"candidate input for deterministic/minimal, generic nominal, or surge profiles according to pathway applicability",identity_only_no_value_or_distribution_asserted,Codex subagent /root/p02_e0_b,accept,Break schedules are in-scope; model their effective capacity intervals and explicit in-flight-work behavior rather than treating breaks as duration samples or silently dropping active work. C0 still owns timestamp precision and conversion details.,/root/p02_c0_detail_review_b,revise,"A break rule changes a staff member’s availability interval, while observed break start/end times are trace events; subtracting it again from an observed busy interval would double count unavailable time. Local recurring break schedules also encounter DST ambiguity.",coordinator/root-draft,,/root/p02_e0_b (task identity; host session ID unavailable),16d79a5c0eff9fb60969b9e7829b5c67cdf63e46,conductor/tracks/generic_ed_delivery_20260925/spec.md:25-27; conductor/tracks/generic_ed_delivery_20260925/plan.md:73-78; conductor/evidence/p0.2-e0-c0-owner-review-brief-20260930.md:32-33,,/root/p02_c0_detail_review_b-20260930,16d79a5c0eff9fb60969b9e7829b5c67cdf63e46,conductor/tracks/empirical_calibration_20260925/spec.md#Normalized-trace-event.v1; conductor/tracks/empirical_calibration_20260925/spec.md#4-Dual-fidelity-execution; conductor/tracks/empirical_calibration_20260925/plan.md#C0,Represent planned break recurrence and effective availability as inputs; map actual break occurrence as a separate observation with event provenance and censoring. Require zone/precision and the C0-declared UTC-origin/tick conversion for instants and intervals.,"proposed_revise: replacement: Key `resources.breaks`; consumer: CareOps ED adapter to Kairos Track 03 Flow staff availability. Unit: half-open availability intervals on the ED clock, expressed in seconds/ticks per declared role or staff-capacity unit. Stage/use: E2 profiles use configured breaks to reduce effective capacity and declare what happens to in-flight work at break start/end. Observed break occurrences are separate trace events; do not subtract them again from observed busy intervals. Apply ADR-0004 timestamp and checked tick conversion rules; recurring local schedules require the tested IANA adapter.",2026-09-30
ed.resources.absenceovertime,resources,resources.absenceovertime,Proposed CareOps ED model/config; Kairos 03 Flow,schedule_or_capacity_delta,"staff count and effective time intervals, with explicit local timezone",MVP_candidate,"candidate input for deterministic/minimal, generic nominal, or surge profiles according to pathway applicability",identity_only_no_value_or_distribution_asserted,Codex subagent /root/p02_e0_b,revise,"The scheduled capacity delta is a valid domain input, but “explicit local timezone” is ambiguous and the proposed schedule type should distinguish absolute instants from run-relative intervals. Preserve non-negative resulting capacity and in-flight-work rules.",/root/p02_c0_detail_review_b,revise,"Absence/overtime is a time-varying capacity delta, not just a net headcount. Planned adjustments are generative schedule inputs; recorded staffing presence is evidence, and downstream capacity/queue outcomes do not identify the staffing cause.",coordinator/root-draft,,/root/p02_e0_b (task identity; host session ID unavailable),16d79a5c0eff9fb60969b9e7829b5c67cdf63e46,conductor/tracks/generic_ed_delivery_20260925/spec.md:25-27; conductor/evidence/p0.2-e0-c0-owner-review-brief-20260930.md:32-33,"Unit contract: integer staff-capacity delta plus half-open effective intervals; absolute instants include an explicit IANA timezone identifier, while run-relative intervals use the declared ED clock unit. Validate resulting capacity and shift-end/in-flight-work behavior.",/root/p02_c0_detail_review_b-20260930,16d79a5c0eff9fb60969b9e7829b5c67cdf63e46,conductor/tracks/empirical_calibration_20260925/spec.md#4-Dual-fidelity-execution; conductor/tracks/empirical_calibration_20260925/spec.md#Normalized-trace-event.v1; conductor/tracks/empirical_calibration_20260925/plan.md#C0,"Retain signed staff-count delta, affected roles/resources, effective interval, and source time lineage as distinct fields. Specify timezone/DST, precision, and tick conversion for interval boundaries; map as-operated presence independently if used for calibration.","proposed_revise: replacement: Key `resources.absenceovertime`; consumer: CareOps ED configuration validator and ED adapter to Kairos Track 03 Flow capacity availability. Unit: signed integer staff-person capacity delta by declared role over a half-open ED-clock interval in seconds/ticks; validate the resulting capacity is nonnegative. Stage/use: E2 profiles apply planned absence/overtime as generated time-varying capacity changes and specify shift-end/in-flight-work handling. Absolute instants retain explicit offset/zone, source precision, and origin under ADR-0004; generic schedules are relative to zero. Observed presence is separately mapped evidence, never a substitute for the configured delta; recurring local times remain unsupported pending an IANA adapter.",2026-09-30
ed.resources.supervision,resources,resources.supervision,Proposed CareOps ED model/config; Kairos 03 Flow,count_or_capacity,non-negative integer count; resource identity and availability are separate,MVP_candidate,"candidate input for deterministic/minimal, generic nominal, or surge profiles according to pathway applicability",identity_only_no_value_or_distribution_asserted,Codex subagent /root/p02_e0_b,accept,A supervision role/capacity input is consistent with staff resources if it is a separately available resource and the profile states its eligibility relationship. It must not imply atomic supervisor-plus-worker acquisition or validate unsupported multi-person work.,/root/p02_c0_detail_review_b,revise,"Supervision count is only meaningful with a declared scope and time: supervisors present, supervisory capacity, and a supervision ratio are not interchangeable. Numeric ratio leaves require a denominator and cannot be identified from aggregate service outcomes.",coordinator/root-draft,,/root/p02_e0_b (task identity; host session ID unavailable),16d79a5c0eff9fb60969b9e7829b5c67cdf63e46,"conductor/tracks/generic_ed_delivery_20260925/spec.md:25-27,70; conductor/tracks/generic_ed_delivery_20260925/plan.md:78",,/root/p02_c0_detail_review_b-20260930,16d79a5c0eff9fb60969b9e7829b5c67cdf63e46,conductor/tracks/ed_parameter_evidence_20260927/spec.md#Catalogue-record-contract; conductor/tracks/empirical_calibration_20260925/spec.md#4-Dual-fidelity-execution; conductor/tracks/empirical_calibration_20260925/spec.md#Research-integration-requirements,Define whether this is a capacity count or an explicit supervisor-to-eligible-staff rule; state the role/population and effective interval. Keep observed staffing snapshots and calibration targets separately mapped with denominator/provenance.,"proposed_revise: replacement: Key `resources.supervision`; consumer: CareOps ED validator and adapter to Kairos Track 03 Flow as a separately available synthetic staff role/resource. Unit: nonnegative integer supervisor persons or explicitly named supervisor-capacity slots per declared zone/location and interval; a supervisor-to-eligible-staff ratio, if proposed later, is a different typed rule with an explicit denominator. Stage/use: E2 uses this only when a pathway declares supervisory eligibility and capacity demand. It does not imply atomic supervisor-plus-worker acquisition or unsupported multi-person work. Keep observed staffing snapshots separate from configured availability and any calibration target.",2026-09-30
ed.resources.taskconcurrency,resources,resources.taskconcurrency,Proposed CareOps ED model/config; Kairos 03 Flow,count_or_capacity,non-negative integer count; resource identity and availability are separate,MVP_candidate,"candidate input for deterministic/minimal, generic nominal, or surge profiles according to pathway applicability",identity_only_no_value_or_distribution_asserted,Codex subagent /root/p02_e0_b,revise,A scalar concurrency count is ambiguous between resource capacity and simultaneous attention by one staff agent. The latter is not an MVP assumption; the contract explicitly excludes claiming that multitasking is represented as simultaneous attention.,/root/p02_c0_detail_review_b,revise,"Task concurrency is a limit on simultaneous work for a named resource or actor, not a count of tasks observed over a shift. Calibration needs the eligible workload and exposure interval; observed simultaneous tasks are telemetry, not a substitute for configured capacity.",coordinator/root-draft,,/root/p02_e0_b (task identity; host session ID unavailable),16d79a5c0eff9fb60969b9e7829b5c67cdf63e46,"conductor/tracks/generic_ed_delivery_20260925/spec.md:70; conductor/tracks/generic_ed_delivery_20260925/plan.md:75-78; conductor/tracks/des_queue_preemption_20260925/spec.md:14-18,316","Unit contract: define only named-resource capacity as non-negative integer units; if agent task concurrency is retained as a distinct behavior, defer it or explicitly document a reviewed approximation and its limits. Do not use this field to authorize concurrent work by one agent.",/root/p02_c0_detail_review_b-20260930,16d79a5c0eff9fb60969b9e7829b5c67cdf63e46,conductor/tracks/empirical_calibration_20260925/spec.md#Normalized-trace-event-and-validation; conductor/tracks/empirical_calibration_20260925/spec.md#4-Dual-fidelity-execution; conductor/tracks/empirical_calibration_20260925/plan.md#C0,"Declare owner (staff/resource/pathway), concurrency scope, and whether the integer is a simultaneous-slot limit. Keep observed task intervals and concurrency measurements separate; do not infer the limit from aggregate counts without identified eligible work.","proposed_revise: replacement: Key `resources.taskconcurrency`; consumer: CareOps ED adapter to Kairos Track 03 Flow only as a named resource's simultaneous-slot capacity. Unit: nonnegative integer concurrent slots per `resource_id`. Stage/use: E2 may consume this for resource pools with explicit capacity bindings. Do not interpret it as permission for one staff agent to perform simultaneous tasks; agent attention/task concurrency is deferred unless separately specified as a reviewed behavior with limits and fixtures. Observed overlapping tasks are telemetry, not configured capacity.",2026-09-30
ed.resources.beds,resources,resources.beds,Proposed CareOps ED model/config; Kairos 03 Flow,count_or_capacity,non-negative integer count; resource identity and availability are separate,MVP_candidate,"candidate input for deterministic/minimal, generic nominal, or surge profiles according to pathway applicability",identity_only_no_value_or_distribution_asserted,Codex subagent /root/p02_e0_b,accept,"Bed count/capacity is a core configurable MVP input independent of visual geometry. Keep identity, occupancy and availability distinct; a finite inpatient bed offer is a boundary event, not a new ED bed or an automatic ED release.",/root/p02_c0_detail_review_b,revise,"Bed inventory is physical capacity, while open, staffed, usable, monitored, or occupied beds vary by time and capability. Observed occupancy can be a trace state/target, but it must not be substituted for the physical inventory or silently used to raise replay capacity.",coordinator/root-draft,,/root/p02_e0_b (task identity; host session ID unavailable),16d79a5c0eff9fb60969b9e7829b5c67cdf63e46,"conductor/tracks/generic_ed_delivery_20260925/spec.md:95-100; conductor/tracks/generic_ed_delivery_20260925/plan.md:62-65,83",,/root/p02_c0_detail_review_b-20260930,16d79a5c0eff9fb60969b9e7829b5c67cdf63e46,conductor/tracks/ed_parameter_evidence_20260927/spec.md#Parameter-coverage-inventory; conductor/tracks/empirical_calibration_20260925/spec.md#Validation-and-normalization; conductor/tracks/empirical_calibration_20260925/spec.md#4-Dual-fidelity-execution,Keep physical bed IDs/count distinct from effective open/staffed/usable capacity and occupancy intervals; give time-varying availability explicit intervals and provenance. Validate observed occupancy against the declared capacity and preserve any mismatch as a blocker/diagnostic.,"proposed_revise: replacement: Key `resources.beds`; consumer: CareOps ED validator and adapter to Kairos Track 03 Flow resource capacity, bound by stable `resource_id`, `zone_id`, and `location_id` as specified by the minimum-bindings proposal. Unit: integer physical bed count per explicitly identified pool; open, staffed, usable, capability-compatible capacity and occupancy are separate typed states/intervals. Stage/use: E2 profiles declare known inventory and effective availability separately; Macro needs categorical zone/location bindings but no route graph. Validate references and occupancy against effective capacity; an inpatient offer is a boundary event, not an ED bed and not an automatic ED release. Unknown capacity cannot be allocated.",2026-09-30
ed.resources.rooms,resources,resources.rooms,Proposed CareOps ED model/config; Kairos 03 Flow,count_or_capacity,non-negative integer count; resource identity and availability are separate,MVP_candidate,"candidate input for deterministic/minimal, generic nominal, or surge profiles according to pathway applicability",identity_only_no_value_or_distribution_asserted,Codex subagent /root/p02_e0_b,accept,Room/treatment-space capacity is an MVP input and may have a lifecycle separate from bed capacity. Do not assume a one-to-one room/bed mapping; bind occupancy/reservation explicitly.,/root/p02_c0_detail_review_b,revise,"A room count is physical inventory, not necessarily treatment capacity: room function, concurrent use, closure, and assigned resource are separate. Occupancy events are observations and cannot establish the count of rooms available to the modeled pathway.",coordinator/root-draft,,/root/p02_e0_b (task identity; host session ID unavailable),16d79a5c0eff9fb60969b9e7829b5c67cdf63e46,"conductor/tracks/generic_ed_delivery_20260925/spec.md:95-100; conductor/tracks/generic_ed_delivery_20260925/plan.md:78,83",,/root/p02_c0_detail_review_b-20260930,16d79a5c0eff9fb60969b9e7829b5c67cdf63e46,conductor/tracks/ed_parameter_evidence_20260927/spec.md#Parameter-coverage-inventory; conductor/tracks/empirical_calibration_20260925/spec.md#Normalized-trace-event-and-validation; conductor/tracks/empirical_calibration_20260925/spec.md#4-Dual-fidelity-execution,Declare stable room/location identity and distinguish physical rooms from pathway-eligible and time-effective capacity. Map observed room entry/exit separately from room inventory; validate overlapping use against the declared effective capacity.,"proposed_revise: replacement: Key `resources.rooms`; consumer: CareOps ED validator and adapter to Kairos Track 03 Flow resource capacity, using distinct stable pool/location/zone IDs and explicit room function/pathway eligibility. Unit: integer physical rooms per identified pool; treatment-space capacity and time-effective availability are separately declared. Stage/use: E2 may model room and bed lifecycles independently; never infer one-to-one room/bed equivalence. Macro uses named zone/location bindings without geometry or routes; Micro coordinates/routes are optional. Map observed room entry/exit separately from inventory and validate concurrent use against effective capacity.",2026-09-30
ed.resources.equipment,resources,resources.equipment,Proposed CareOps ED model/config; Kairos 03 Flow,count_or_capacity,non-negative integer count; resource identity and availability are separate,MVP_candidate,"candidate input for deterministic/minimal, generic nominal, or surge profiles according to pathway applicability",identity_only_no_value_or_distribution_asserted,Codex subagent /root/p02_e0_b,accept,"Equipment identities and availability are ordinary model resources. This count contract is suitable for equipment capacity, provided contested/multi-equipment tasks do not imply atomic bundles beyond the Q contract.",/root/p02_c0_detail_review_b,revise,"Equipment inventory count does not represent working, available, or pathway-compatible capacity, and equipment allocation can vary over time. Observed equipment use is a possible trace covariate/target only with a resource identity and exposure; it does not identify inventory by itself.",coordinator/root-draft,,/root/p02_e0_b (task identity; host session ID unavailable),16d79a5c0eff9fb60969b9e7829b5c67cdf63e46,"conductor/tracks/generic_ed_delivery_20260925/spec.md:25-27,70; conductor/tracks/des_queue_preemption_20260925/spec.md:14-18",,/root/p02_c0_detail_review_b-20260930,16d79a5c0eff9fb60969b9e7829b5c67cdf63e46,conductor/tracks/ed_parameter_evidence_20260927/spec.md#Parameter-coverage-inventory; conductor/tracks/empirical_calibration_20260925/spec.md#Validation-and-normalization; conductor/tracks/empirical_calibration_20260925/spec.md#4-Dual-fidelity-execution,"Keep physical item identity/count separate from capability, status, availability intervals, and allocation events. Declare the count basis; map use/occupancy observations and their windows separately and check concurrent claims against capacity.","proposed_revise: replacement: Key `resources.equipment`; consumer: CareOps ED validator and adapter to Kairos Track 03 Flow resource pools, each with stable resource/item identity and zone/location binding. Unit: integer physical item count by declared equipment class/capability; working, available, pathway-compatible capacity and allocation intervals are distinct fields. Stage/use: E2 profiles may allocate only known available compatible capacity. Keep item inventory separate from equipment/supply trip events; do not imply atomic multi-equipment bundles unless a supported task contract declares them. Macro needs categorical bindings only; optional Micro retrieval uses spatial trip inputs.",2026-09-30
ed.resources.opencalendars,resources,resources.opencalendars,Proposed CareOps ED model/config; Kairos 03 Flow,schedule_or_interval,absolute instants carry explicit timezone; intervals use declared ED clock unit,MVP_candidate,"candidate input for deterministic/minimal, generic nominal, or surge profiles according to pathway applicability",identity_only_no_value_or_distribution_asserted,Codex subagent /root/p02_e0_b,accept,"Opening calendars are ordinary capacity schedules. Their intervals should identify the affected resource/location and whether changes affect active work; absolute-time timezone, precision and DST resolution require C0 alignment.",/root/p02_c0_detail_review_b,revise,"Opening calendars define when a resource/pathway can be used; they are exogenous configuration, not observed utilization. Recurring local opening times need DST rules, while observation timestamps retain actual occurrence, precision, and recording lineage.",coordinator/root-draft,,/root/p02_e0_b (task identity; host session ID unavailable),16d79a5c0eff9fb60969b9e7829b5c67cdf63e46,conductor/tracks/generic_ed_delivery_20260925/spec.md:25-27; conductor/tracks/generic_ed_delivery_20260925/plan.md:73-78; conductor/evidence/p0.2-e0-c0-owner-review-brief-20260930.md:32-33,,/root/p02_c0_detail_review_b-20260930,16d79a5c0eff9fb60969b9e7829b5c67cdf63e46,conductor/tracks/empirical_calibration_20260925/spec.md#Validation-and-normalization; conductor/tracks/empirical_calibration_20260925/spec.md#4-Dual-fidelity-execution; conductor/tracks/empirical_calibration_20260925/plan.md#C0,Preserve calendar recurrence in an explicit zone with fold/gap policy and effective dates. Treat observed openings/closures as separate events; normalize absolute instants to UTC and convert intervals using the declared C0 origin/resolution/rounding.,"proposed_revise: replacement: Key `resources.opencalendars`; consumer: CareOps ED validator and adapter to Kairos Track 03 Flow availability for an explicitly named resource, location, or pathway. Unit: half-open effective intervals on the ED clock in seconds/ticks, with capacity state/change declared. Stage/use: E2 configuration defines when the target is open, not its observed utilization. Generic schedules are relative to zero; absolute instants retain explicit offset/zone, origin, and source precision under ADR-0004. Observed openings/closures are separate events; recurring local calendars remain disabled pending tested IANA fold/gap handling.",2026-09-30
ed.resources.outages,resources,resources.outages,Proposed CareOps ED model/config; Kairos 03 Flow,schedule_or_interval,absolute instants carry explicit timezone; intervals use declared ED clock unit,MVP_candidate,"candidate input for deterministic/minimal, generic nominal, or surge profiles according to pathway applicability",identity_only_no_value_or_distribution_asserted,Codex subagent /root/p02_e0_b,accept,Outages are schedule-driven capacity reductions and fit the MVP resource model when target identity and active-use/shrink behavior are explicit. Do not allow negative capacity or silently evict active allocations.,/root/p02_c0_detail_review_b,revise,An outage schedule is an input that changes effective capacity; an observed equipment/bed failure event has an occurrence time and possibly a later record time. Treating outage duration as both a capacity clamp and a fitted service delay would conflate mechanisms.,coordinator/root-draft,,/root/p02_e0_b (task identity; host session ID unavailable),16d79a5c0eff9fb60969b9e7829b5c67cdf63e46,conductor/tracks/generic_ed_delivery_20260925/spec.md:25-27; conductor/tracks/generic_ed_delivery_20260925/plan.md:73-78; conductor/evidence/q0.2-parent-join-acceptance-20260930.md:30,,/root/p02_c0_detail_review_b-20260930,16d79a5c0eff9fb60969b9e7829b5c67cdf63e46,conductor/tracks/empirical_calibration_20260925/spec.md#Normalized-trace-event.v1; conductor/tracks/empirical_calibration_20260925/spec.md#Validation-and-normalization; conductor/tracks/empirical_calibration_20260925/plan.md#C0,Represent outage cause/state and effective start/end separately from downstream delay targets. Preserve source zone/precision and occurrence versus recorded time; declare DST policy for recurring schedules and checked tick conversion.,proposed_revise: replacement: Key `resources.outages`; consumer: CareOps ED validator and adapter to Kairos Track 03 Flow as a capacity/status change on a declared `resource_id` or pool. Unit: outage state/capacity delta over a half-open ED-clock interval in seconds/ticks. Stage/use: E2 profiles may reduce effective capacity and must state how active allocations are treated; never permit negative capacity or silently evict work. Observed failure occurrence and recorded/message times remain separate trace fields. Do not also encode the outage as a sampled downstream service delay; apply ADR-0004 conversion and keep recurrence disabled until IANA behavior is tested.,2026-09-30
ed.resources.reservations,resources,resources.reservations,Proposed CareOps ED model/config; Kairos 03 Flow,schedule_or_interval,absolute instants carry explicit timezone; intervals use declared ED clock unit,MVP_candidate,"candidate input for deterministic/minimal, generic nominal, or surge profiles according to pathway applicability",identity_only_no_value_or_distribution_asserted,Codex subagent /root/p02_e0_b,accept,"Reservations fit the MVP if target, lifecycle, expiry/release and occupancy are explicit and separate from atomic multi-resource acquisition. A reservation is not an implicit resource bundle.",/root/p02_c0_detail_review_b,revise,"A reservation is a claim/state with an owner and effective interval, not observed physical occupancy; queue and cleaning lifecycle may delay actual release. Reservation events are observations only under a separately defined mapping and cannot be equated with bed entry/exit.",coordinator/root-draft,,/root/p02_e0_b (task identity; host session ID unavailable),16d79a5c0eff9fb60969b9e7829b5c67cdf63e46,conductor/tracks/generic_ed_delivery_20260925/plan.md:73-78; conductor/tracks/des_queue_preemption_20260925/spec.md:14-18,,/root/p02_c0_detail_review_b-20260930,16d79a5c0eff9fb60969b9e7829b5c67cdf63e46,conductor/tracks/empirical_calibration_20260925/spec.md#4-Dual-fidelity-execution; conductor/tracks/empirical_calibration_20260925/spec.md#Normalized-trace-event.v1; conductor/tracks/empirical_calibration_20260925/plan.md#C0,"Require reservation owner/resource and state transitions plus effective interval semantics. Map observed reservation, assignment, and physical entry/exit as distinct events; declare timezone/precision/origin/tick conversion for timed boundaries.","proposed_revise: replacement: Key `resources.reservations`; consumer: CareOps ED adapter to Kairos Track 03 Flow resource lifecycle for a named owner/task and `resource_id`. Unit: reservation state plus half-open effective interval in ED-clock seconds/ticks; expiry/release rule is explicit. Stage/use: E2 keeps reservation, assignment, physical occupancy, and bed-ready/cleaning release as distinct states/events. A reservation is not occupancy and does not imply atomic multi-resource acquisition. Map observed reservation events separately with occurrence/recorded lineage; use ADR-0004 for timed boundaries.",2026-09-30
ed.resources.cleaningcapacity,resources,resources.cleaningcapacity,Proposed CareOps ED model/config; Kairos 03 Flow,count_or_capacity,non-negative integer count; resource identity and availability are separate,MVP_candidate,"candidate input for deterministic/minimal, generic nominal, or surge profiles according to pathway applicability",identity_only_no_value_or_distribution_asserted,Codex subagent /root/p02_e0_b,accept,Cleaning capacity is an ordinary non-negative resource count for the E2 cleaning lifecycle. Keep cleaner-resource capacity separate from the cleaning duration and from the bed/room becoming available.,/root/p02_c0_detail_review_b,revise,"Cleaning capacity may mean cleaning staff/equipment slots or completed cleaning throughput, while bed cleaning is also a timed task that gates bed release. A count alone cannot express cleaning work duration or the observation window for completed cleans.",coordinator/root-draft,,/root/p02_e0_b (task identity; host session ID unavailable),16d79a5c0eff9fb60969b9e7829b5c67cdf63e46,conductor/tracks/generic_ed_delivery_20260925/plan.md:73-78 (cleaning lifecycle acceptance),,/root/p02_c0_detail_review_b-20260930,16d79a5c0eff9fb60969b9e7829b5c67cdf63e46,conductor/tracks/empirical_calibration_20260925/spec.md#4-Dual-fidelity-execution; conductor/tracks/empirical_calibration_20260925/spec.md#Normalized-trace-event.v1; conductor/tracks/empirical_calibration_20260925/plan.md#C0,"Define capacity as named cleaning resources or concurrent cleaning slots; model clean-task duration separately in seconds/ticks. Map clean start/end and bed-ready events separately, retaining observed versus generated timing and capacity provenance.",proposed_revise: replacement: Key `resources.cleaningcapacity`; consumer: CareOps ED validator and adapter to Kairos Track 03 Flow as named cleaner staff/equipment resources or simultaneous cleaning slots. Unit: nonnegative integer cleaning capacity per resource/binding; cleaning task duration is a separate nonnegative seconds input converted under ADR-0004. Stage/use: E2 cleaning lifecycle holds the bed/room unavailable until the declared clean completion/ready event. Do not represent completed cleans per window as capacity or fold duration into capacity. Map observed clean start/end and bed-ready events separately.,2026-09-30
ed.abmstaffbehavior.agentattributes,abm_staff_behavior,staff_behavior.agentattributes,Proposed CareOps ED model/config; Kairos 03 Flow,categorical_or_structured,no single scalar unit; every numeric leaf declares its unit and category coding,MVP_candidate,"candidate input for deterministic/minimal, generic nominal, or surge profiles according to pathway applicability",identity_only_no_value_or_distribution_asserted,Codex subagent /root/p02_e0_b,accept,Typed agent attributes are compatible with the ABM boundary; structured numeric leaves need explicit units/coding. Limit attributes to declared model behavior and avoid unsupported demographic or clinical detail.,/root/p02_c0_detail_review_b,revise,"Agent attributes are generative staff-level inputs; observed staff/shift traits or sampled task outcomes are not interchangeable. Staff and shift clustering and the eligible-choice set limit identifiability, so aggregate service metrics cannot justify assigning latent attributes.",coordinator/root-draft,,/root/p02_e0_b (task identity; host session ID unavailable),16d79a5c0eff9fb60969b9e7829b5c67cdf63e46,"conductor/tracks/generic_ed_delivery_20260925/spec.md:25-27,70; conductor/tracks/ed_parameter_evidence_20260927/spec.md:14-23",,/root/p02_c0_detail_review_b-20260930,16d79a5c0eff9fb60969b9e7829b5c67cdf63e46,conductor/tracks/ed_parameter_evidence_20260927/spec.md#Catalogue-record-contract; conductor/tracks/empirical_calibration_20260925/spec.md#4-Dual-fidelity-execution; conductor/tracks/empirical_calibration_20260925/spec.md#Research-integration-requirements,"Specify entity scope, category coding, numeric-leaf units, and whether attributes are fixed or vary by shift/time. Mark observed, derived, elicited, or assumed lineage; fit only against separately mapped staff-level evidence with cluster structure and identifiability limits.","proposed_revise: replacement: Key `staff_behavior.agentattributes`; consumer: CareOps ED schema and ED adapter to Kairos Track 03 Flow agent/task context. Unit: versioned categorical coding; every numeric leaf declares its own unit and entity scope. Stage/use: E2 includes only attributes required by declared staff eligibility or task behavior, with fixed versus shift/time-varying scope explicit. Mark each value's observed, derived, elicited, or assumed provenance; observed staff/shift measurements remain separate from generated attributes and are calibratable only with staff-level evidence, clustering, and identifiability recorded. Assert no empirical values or unsupported demographic/clinical detail.",2026-09-30
ed.abmstaffbehavior.assignment,abm_staff_behavior,staff_behavior.assignment,Proposed CareOps ED model/config; Kairos 03 Flow,categorical_or_structured,no single scalar unit; every numeric leaf declares its unit and category coding,MVP_candidate,"candidate input for deterministic/minimal, generic nominal, or surge profiles according to pathway applicability",identity_only_no_value_or_distribution_asserted,Codex subagent /root/p02_e0_b,accept,Assignment is a valid ED-side policy/config input. Separate initial/eligible assignment from the assignment and interruption history that the runtime must preserve; no engine-specific queue behavior belongs in this key.,/root/p02_c0_detail_review_b,revise,"Assignment is a generative dispatch/assignment rule or state, while observed staff-to-task assignments are trace events. Actual assignments depend on eligible staff and task availability; outcomes alone cannot reveal the rule that selected one staff member.",coordinator/root-draft,,/root/p02_e0_b (task identity; host session ID unavailable),16d79a5c0eff9fb60969b9e7829b5c67cdf63e46,conductor/tracks/generic_ed_delivery_20260925/spec.md:70; conductor/tracks/generic_ed_delivery_20260925/plan.md:73-78,,/root/p02_c0_detail_review_b-20260930,16d79a5c0eff9fb60969b9e7829b5c67cdf63e46,conductor/tracks/empirical_calibration_20260925/spec.md#4-Dual-fidelity-execution; conductor/tracks/empirical_calibration_20260925/spec.md#Normalized-trace-event.v1; conductor/tracks/empirical_calibration_20260925/spec.md#Research-integration-requirements,"Distinguish configured assignment policy/state from observed assignment events. For calibration of choices preserve the eligible set, event occurrence, actor/task identities and time lineage; do not infer policy from aggregate duration or throughput.","proposed_revise: replacement: Key `staff_behavior.assignment`; consumer: CareOps ED adapter to Kairos Track 03 Flow dispatch inputs, constrained by declared role, task, zone, location, availability, and skill eligibility. Unit: typed categorical assignment policy/state; numeric leaves declare units. Stage/use: E2 uses this only for an explicit supported assignment rule. Configured policy/state generates choices; observed staff-to-task assignments are separate trace events. A choice calibration target must retain actor/task IDs, decision occurrence, full eligible set, and timestamp lineage; aggregate duration or throughput cannot identify the assignment rule.",2026-09-30
ed.abmstaffbehavior.zoneskilleligibility,abm_staff_behavior,staff_behavior.zoneskilleligibility,Proposed CareOps ED model/config; Kairos 03 Flow,categorical_or_structured,no single scalar unit; every numeric leaf declares its unit and category coding,MVP_candidate,"candidate input for deterministic/minimal, generic nominal, or surge profiles according to pathway applicability",identity_only_no_value_or_distribution_asserted,Codex subagent /root/p02_e0_b,accept,Zone and skill eligibility are explicit MVP staff inputs and should constrain dispatch against named zones/resources. Keep location IDs distinct from visual geometry and require no CAD import.,/root/p02_c0_detail_review_b,revise,"Zone/skill eligibility defines which staff were allowed to act at a decision point, an essential denominator for assessing assignment choices. A skill label is not evidence of current availability, and observed assignments do not show the unchosen eligible alternatives.",coordinator/root-draft,,/root/p02_e0_b (task identity; host session ID unavailable),16d79a5c0eff9fb60969b9e7829b5c67cdf63e46,"conductor/tracks/generic_ed_delivery_20260925/spec.md:25-27,95-100; conductor/tracks/generic_ed_delivery_20260925/plan.md:40,73-78",,/root/p02_c0_detail_review_b-20260930,16d79a5c0eff9fb60969b9e7829b5c67cdf63e46,conductor/tracks/empirical_calibration_20260925/spec.md#4-Dual-fidelity-execution; conductor/tracks/empirical_calibration_20260925/spec.md#Research-integration-requirements; conductor/tracks/empirical_calibration_20260925/plan.md#C0,"Version eligibility categories and effective intervals; record the choice-set snapshot, availability, role/skill and relevant task state when comparing observed assignment choices. Treat the rule as generated configuration and empirical choices as distinct observations.","proposed_revise: replacement: Key `staff_behavior.zoneskilleligibility`; consumer: CareOps ED validator and adapter to Kairos Track 03 Flow dispatch eligibility. Unit: versioned relation among stable `staff_role_id`, `task_class_id`, `zone_id`, and optional `location_id` (no physical unit); all references must resolve exactly, and a location must belong to its declared zone. Stage/use: required as a minimum E2 binding where work is spatially assigned, including Macro categorical placement when movement is off. Eligibility is configuration; observed-choice targets require a time-specific availability/role/skill/task-state choice-set snapshot. Never infer an undeclared zone, location, role, or eligibility.",2026-09-30
ed.abmstaffbehavior.taskchoice,abm_staff_behavior,staff_behavior.taskchoice,Proposed CareOps ED model/config; Kairos 03 Flow,categorical_or_structured,no single scalar unit; every numeric leaf declares its unit and category coding,MVP_candidate,"candidate input for deterministic/minimal, generic nominal, or surge profiles according to pathway applicability",identity_only_no_value_or_distribution_asserted,Codex subagent /root/p02_e0_b,accept,The ED adapter owns task choice. For MVP this should be a small explicit deterministic or otherwise reviewed policy tied to eligible tasks; do not infer clinical decisions or task probabilities from this identity row.,/root/p02_c0_detail_review_b,revise,"Task-choice rules generate which eligible work a staff agent selects. Observed task starts alone omit tasks that were available but not selected, so an unconditional choice probability would have an unknown denominator and confounded urgency/eligibility.",coordinator/root-draft,,/root/p02_e0_b (task identity; host session ID unavailable),16d79a5c0eff9fb60969b9e7829b5c67cdf63e46,conductor/tracks/generic_ed_delivery_20260925/spec.md:70; conductor/tracks/des_queue_preemption_20260925/spec.md:316,,/root/p02_c0_detail_review_b-20260930,16d79a5c0eff9fb60969b9e7829b5c67cdf63e46,conductor/tracks/empirical_calibration_20260925/spec.md#4-Dual-fidelity-execution; conductor/tracks/empirical_calibration_20260925/spec.md#Research-integration-requirements; conductor/tracks/empirical_calibration_20260925/plan.md#C0,"Keep policy/rule inputs distinct from observed task-choice events. Any fitted choice model must preserve eligible actions, decision time, task/actor state and conditioning variables; otherwise label the rule as an explicit assumption and do not claim empirical calibration.","proposed_revise: replacement: Key `staff_behavior.taskchoice`; consumer: CareOps ED adapter to Kairos Track 03 Flow for selecting among supported eligible task actions. Unit: versioned deterministic/structured policy with category coding; any numeric leaf declares its unit. Stage/use: E2 uses a small explicit policy only for modeled task classes and declared eligibility/priority inputs. Observed task starts are outcomes; empirical choice fitting requires decision times, actor/task states, and the complete eligible-action denominator. Without that mapping, label the policy an assumption and do not claim calibration.",2026-09-30
ed.abmstaffbehavior.reassessment,abm_staff_behavior,staff_behavior.reassessment,Proposed CareOps ED model/config; Kairos 03 Flow,categorical_or_structured,no single scalar unit; every numeric leaf declares its unit and category coding,MVP_candidate,"candidate input for deterministic/minimal, generic nominal, or surge profiles according to pathway applicability",identity_only_no_value_or_distribution_asserted,Codex subagent /root/p02_e0_b,accept,"Reassessment behavior may be configured when the pathway/profile enables it, but its triggering rule and time semantics must be explicit. Do not invent unobserved frequencies or require it in every generic fixture.",/root/p02_c0_detail_review_b,revise,"Reassessment is a policy/event process, not a single scalar. Configured trigger/interval rules generate reassessment; observed reassessment timestamps are targets only when event occurrence and recording delay are separated and the patient remains under observation.",coordinator/root-draft,,/root/p02_e0_b (task identity; host session ID unavailable),16d79a5c0eff9fb60969b9e7829b5c67cdf63e46,"conductor/tracks/ed_parameter_evidence_20260927/spec.md:14-23,45-50; conductor/tracks/generic_ed_delivery_20260925/plan.md:56-65",,/root/p02_c0_detail_review_b-20260930,16d79a5c0eff9fb60969b9e7829b5c67cdf63e46,conductor/tracks/ed_parameter_evidence_20260927/spec.md#Parameter-coverage-inventory; conductor/tracks/empirical_calibration_20260925/spec.md#Normalized-trace-event.v1; conductor/tracks/empirical_calibration_20260925/spec.md#Validation-and-normalization,"Represent trigger, cadence/threshold and applicable cohort as separate rule fields with declared time units. Map observed reassessment occurrences and observation-window censoring independently; retain event versus recorded/message timestamps and tick conversion.","proposed_revise: replacement: Key `staff_behavior.reassessment`; consumer: CareOps ED adapter to Kairos Track 03 Flow as a pathway-enabled reassessment trigger/cadence rule. Unit: typed trigger/threshold plus any interval in seconds, converted under ADR-0004; category and numeric leaves declare coding/units. Stage/use: optional E2 profile input only for a pathway that enables reassessment. Map observed reassessment occurrence, recording time, at-risk observation window, and censoring separately; a generated trigger or cadence is not itself an observed target, and no frequency is asserted.",2026-09-30
ed.abmstaffbehavior.urgencyfifo,abm_staff_behavior,staff_behavior.urgencyfifo,Proposed CareOps ED model/config; Kairos 03 Flow,ordinal_policy,stable priority ordering and FIFO tie-break; no physical unit,MVP_candidate,"candidate input for deterministic/minimal, generic nominal, or surge profiles according to pathway applicability",identity_only_no_value_or_distribution_asserted,Codex subagent /root/p02_e0_b,accept,A stable ordinal priority policy with FIFO tie-break aligns with the reviewed queue contract. ED-side priority assignment remains explicit; this key must not invent acuity thresholds or override Q ordering.,/root/p02_c0_detail_review_b,revise,"Urgency/FIFO is a deterministic ordering rule without a physical unit; observed queue order or wait outcomes do not directly measure its parameters, especially when priority eligibility and simultaneous arrivals are incompletely observed. It can remain a declared policy input for the candidate profile.",coordinator/root-draft,,/root/p02_e0_b (task identity; host session ID unavailable),16d79a5c0eff9fb60969b9e7829b5c67cdf63e46,"conductor/tracks/generic_ed_delivery_20260925/spec.md:25-27; conductor/tracks/des_queue_preemption_20260925/spec.md:10-18,57",,/root/p02_c0_detail_review_b-20260930,16d79a5c0eff9fb60969b9e7829b5c67cdf63e46,conductor/tracks/empirical_calibration_20260925/spec.md#4-Dual-fidelity-execution; conductor/tracks/empirical_calibration_20260925/spec.md#Normalized-trace-event.v1; conductor/tracks/empirical_calibration_20260925/plan.md#C0,"Freeze the priority ordering and stable tie-break as a policy version; keep priority/arrival occurrence and resource eligibility mappings explicit. Treat observed wait/sequence as validation outcomes, not a numeric calibration target unless the decision inputs are fully mapped.","proposed_revise: replacement: Key `staff_behavior.urgencyfifo`; consumer: CareOps ED adapter supplies priority attributes and stable tie-break inputs to Kairos Track 03 Flow's reviewed queue ordering. Unit: versioned ordinal policy with no physical unit. Stage/use: E2 retains the declared urgency order and FIFO tie-break; ED-side priority assignment remains explicit and does not invent acuity thresholds or override the queue contract. Observed queue sequence/wait is a validation outcome, not a numeric calibration target unless priority, arrival occurrence, resource eligibility, and tie inputs are all mapped.",2026-09-30
ed.abmstaffbehavior.communicationhandover,abm_staff_behavior,staff_behavior.communicationhandover,Proposed CareOps ED model/config; Kairos 03 Flow,categorical_or_structured,no single scalar unit; every numeric leaf declares its unit and category coding,MVP_candidate,"candidate input for deterministic/minimal, generic nominal, or surge profiles according to pathway applicability",identity_only_no_value_or_distribution_asserted,Codex subagent /root/p02_e0_b,accept,Handover can be a structured ED behavior input if task timing and ownership are explicit and it does not simulate simultaneous attention by assumption. It may be omitted from profiles where the pathway does not use it.,/root/p02_c0_detail_review_b,revise,"Communication/handover includes discrete interactions and may include duration, but the matrix’s structured class gives no timing or event definition for numeric leaves. Incoming prompts, actual handover work and subsequent task switches are distinct, and message timestamps are not event occurrence.",coordinator/root-draft,,/root/p02_e0_b (task identity; host session ID unavailable),16d79a5c0eff9fb60969b9e7829b5c67cdf63e46,conductor/tracks/generic_ed_delivery_20260925/plan.md:73-78; conductor/tracks/generic_ed_delivery_20260925/spec.md:70,,/root/p02_c0_detail_review_b-20260930,16d79a5c0eff9fb60969b9e7829b5c67cdf63e46,conductor/tracks/empirical_calibration_20260925/spec.md#Normalized-trace-event.v1; conductor/tracks/empirical_calibration_20260925/spec.md#4-Dual-fidelity-execution; conductor/tracks/empirical_calibration_20260925/plan.md#C0,"Keep handover policy/interaction kind categorical; give any active-work duration seconds/source precision and explicit anchors. Map incoming prompt, handover start/end and task switch/resumption as distinct events with occurrence/recorded/message lineage.","proposed_revise: replacement: Key `staff_behavior.communicationhandover`; consumer: CareOps ED adapter to Kairos Track 03 Flow for explicitly modeled handover interaction/task events. Unit: categorical interaction/policy coding; any active-work duration is seconds with source precision and explicit start/end anchors, converted under ADR-0004. Stage/use: optional E2 pathway input; do not assume simultaneous attention. Keep incoming prompt, handover work, task switch, and resumption as distinct generated actions or observed events, retaining occurrence versus recorded/message time. Do not use an unanchored elapsed gap as handover work.",2026-09-30
ed.abmstaffbehavior.interruptionresumption,abm_staff_behavior,staff_behavior.interruptionresumption,Proposed CareOps ED model/config; Kairos 03 Flow,categorical_or_structured,agent rule/attribute record; numeric leaves declare their unit,MVP_candidate,"candidate input for deterministic/minimal, generic nominal, or surge profiles according to pathway applicability",identity_only_no_value_or_distribution_asserted,Codex subagent /root/p02_e0_b,accept,The ED adapter must choose an explicit supported Suspend/Abort/Restart policy and retain interruption ancestry/resumption state. This is a valid MVP candidate only for work whose behavior is covered by the Q API.,/root/p02_c0_detail_review_b,revise,"Interruption and resumption rules need task identity and ancestry: an incoming prompt is not necessarily a switch, and a gap between task events is not necessarily active switching work. Observed interruption/resumption times can be censored or recorded late.",coordinator/root-draft,,/root/p02_e0_b (task identity; host session ID unavailable),16d79a5c0eff9fb60969b9e7829b5c67cdf63e46,"conductor/tracks/des_queue_preemption_20260925/spec.md:10-18,64,316; conductor/tracks/generic_ed_delivery_20260925/spec.md:70",,/root/p02_c0_detail_review_b-20260930,16d79a5c0eff9fb60969b9e7829b5c67cdf63e46,conductor/tracks/empirical_calibration_20260925/plan.md#C0; conductor/tracks/empirical_calibration_20260925/spec.md#Normalized-trace-event.v1; conductor/tracks/empirical_calibration_20260925/spec.md#Research-integration-requirements,"Preserve interrupted task, cause/prompt, first subsequent task, eventual resumption and occurrence/recorded timestamps. Keep policy inputs separate from those observations; declare seconds and checked ticks for any explicit timed component.","proposed_revise: replacement: Key `staff_behavior.interruptionresumption`; consumer: CareOps ED adapter selects a supported Suspend/Abort/Restart policy for Kairos Track 03 Flow task lifecycle. Unit: versioned categorical lifecycle policy; any explicit timed leaf is seconds with source precision and ADR-0004 tick conversion. Stage/use: E2 only for work covered by the reviewed Q lifecycle. Preserve interrupted task identity/ancestry, prompt/cause, first subsequent task, eventual resumption, and occurrence/recorded timestamps in observations; an incoming prompt is not necessarily a switch and an event gap is not active work. No unsupported policy is implied.",2026-09-30
ed.abmstaffbehavior.switchingoverhead,abm_staff_behavior,staff_behavior.switchingoverhead,Proposed CareOps ED model/config; Kairos 03 Flow,time,s canonical input; convert from explicit source/config unit to ED clock ticks,MVP_candidate,"candidate input for deterministic/minimal, generic nominal, or surge profiles according to pathway applicability",identity_only_no_value_or_distribution_asserted,Codex subagent /root/p02_e0_b,accept,Seconds are an acceptable domain normalization unit at the E0 boundary. Define whether overhead is active work or elapsed delay and ensure it is not also included in service duration; C0 must still accept tick precision and rounding.,/root/p02_c0_detail_review_b,revise,"Switching overhead is active work attributable to changing context, not the whole elapsed gap between interrupted and next task; that gap may contain queueing, suspension, handover or unobserved work. EHR elapsed intervals alone do not identify switching cost.",coordinator/root-draft,,/root/p02_e0_b (task identity; host session ID unavailable),16d79a5c0eff9fb60969b9e7829b5c67cdf63e46,conductor/evidence/p0.2-e0-c0-owner-review-brief-20260930.md:31-33; conductor/tracks/ed_parameter_evidence_20260927/spec.md:14-23,,/root/p02_c0_detail_review_b-20260930,16d79a5c0eff9fb60969b9e7829b5c67cdf63e46,conductor/tracks/empirical_calibration_20260925/spec.md#4-Dual-fidelity-execution; conductor/tracks/empirical_calibration_20260925/spec.md#Research-integration-requirements; conductor/tracks/empirical_calibration_20260925/plan.md#C0,"Define active switching work and start/end events in seconds with source precision; keep queue, suspension and resumption elapsed times separate as observations/targets. Convert with the C0-declared checked tick rule and preserve uncertainty/identifiability limits.","proposed_revise: replacement: Key `staff_behavior.switchingoverhead`; consumer: CareOps ED adapter to Kairos Track 03 Flow as explicit active context-switch work, if enabled by the pathway. Unit: nonnegative seconds with declared source precision, converted to integer ticks by ADR-0004. Stage/use: optional E2 input with explicit generated start/end semantics; exclude queueing, suspension, handover, and resumption elapsed time unless modeled as separate components. Observed whole gaps are not switching-work targets. Preserve uncertainty and identifiability; no value or distribution is asserted.",2026-09-30
ed.spatialabm.graphtopology,spatial_abm,spatial.graphtopology,Proposed CareOps ED model/config; Kairos 03 Flow,categorical_or_structured,no single scalar unit; every numeric leaf declares its unit and category coding,MVP_optional_spatial,synthetic named locations/routes may be used; geometry import and visualization excluded,identity_only_no_value_or_distribution_asserted,Codex subagent /root/p02_e0_b,accept,"A small synthetic named-location graph is allowed when Micro transit is needed; geometry import, floor-plan capture and visualization are outside this MVP input. Keep graph direction/access semantics explicit.",/root/p02_c0_detail_review_b,accept,Graph topology is a versioned generative representation of candidate walkable connections. It is not an observed staff trajectory or proof that an edge is legally accessible; optional MVP scope supports synthetic named locations/routes while geometry import remains outside scope.,coordinator/root-draft,,/root/p02_e0_b (task identity; host session ID unavailable),16d79a5c0eff9fb60969b9e7829b5c67cdf63e46,conductor/tracks/generic_ed_delivery_20260925/spec.md:95-100; conductor/tracks/generic_ed_delivery_20260925/plan.md:40,,/root/p02_c0_detail_review_b-20260930,16d79a5c0eff9fb60969b9e7829b5c67cdf63e46,conductor/tracks/empirical_calibration_20260925/spec.md#Spatial-contract; conductor/tracks/empirical_calibration_20260925/spec.md#Research-integration-requirements; conductor/tracks/ed_parameter_evidence_20260927/plan.md#P0.2-review-artifact,,"proposed_accept: `spatial.graphtopology` for MVP_optional_spatial. E0: A small synthetic named-location graph is allowed when Micro transit is needed; geometry import, floor-plan capture and visualization are outside this MVP input. C0: Graph topology is a versioned generative representation of candidate walkable connections. Keep named IDs distinct from observed paths; use metres and metres/second, with movement rules enabled only by an explicit Micro Mode profile.",2026-09-30
ed.spatialabm.scaledistance,spatial_abm,spatial.scaledistance,Proposed CareOps ED model/config; Kairos 03 Flow,distance,m,MVP_optional_spatial,synthetic named locations/routes may be used; geometry import and visualization excluded,identity_only_no_value_or_distribution_asserted,Codex subagent /root/p02_e0_b,accept,Metres are a suitable canonical distance unit for an optional synthetic route graph. Do not represent drawing scale or imported coordinates as evidence of actual travel distance.,/root/p02_c0_detail_review_b,accept,Metres are a coherent distance unit for the optional synthetic graph. Distance is a generative edge/input measure; observed travel duration is a separate target and cannot be derived from distance without route and speed assumptions.,coordinator/root-draft,,/root/p02_e0_b (task identity; host session ID unavailable),16d79a5c0eff9fb60969b9e7829b5c67cdf63e46,conductor/evidence/p0.2-e0-c0-owner-review-brief-20260930.md:34; conductor/tracks/generic_ed_delivery_20260925/spec.md:95-100,,/root/p02_c0_detail_review_b-20260930,16d79a5c0eff9fb60969b9e7829b5c67cdf63e46,conductor/tracks/empirical_calibration_20260925/spec.md#Spatial-contract; conductor/tracks/empirical_calibration_20260925/spec.md#4-Dual-fidelity-execution; conductor/tracks/ed_parameter_evidence_20260927/plan.md#P0.2-review-artifact,,"proposed_accept: `spatial.scaledistance` for MVP_optional_spatial. E0: Metres are a suitable canonical distance unit for an optional synthetic route graph. C0: Metres are a coherent distance unit for the optional synthetic graph. Keep named IDs distinct from observed paths; use metres and metres/second, with movement rules enabled only by an explicit Micro Mode profile.",2026-09-30
ed.spatialabm.locations,spatial_abm,spatial.locations,Proposed CareOps ED model/config; Kairos 03 Flow,categorical_or_structured,no single scalar unit; every numeric leaf declares its unit and category coding,MVP_optional_spatial,synthetic named locations/routes may be used; geometry import and visualization excluded,identity_only_no_value_or_distribution_asserted,Codex subagent /root/p02_e0_b,accept,Named locations are within the MVP and need stable IDs plus any declared numeric coordinates/units; do not require map geometry or visualization.,/root/p02_c0_detail_review_b,revise,"A location catalogue is structured identity, while any coordinates/scale are numeric leaves requiring a declared coordinate frame and units. In the optional MVP, named synthetic locations are sufficient; imported geometry or observed location fixes require separate lineage and must not be treated as ground-truth routes.",coordinator/root-draft,,/root/p02_e0_b (task identity; host session ID unavailable),16d79a5c0eff9fb60969b9e7829b5c67cdf63e46,conductor/tracks/generic_ed_delivery_20260925/plan.md:40; conductor/tracks/generic_ed_delivery_20260925/spec.md:95-100,,/root/p02_c0_detail_review_b-20260930,16d79a5c0eff9fb60969b9e7829b5c67cdf63e46,conductor/tracks/empirical_calibration_20260925/spec.md#Spatial-contract; conductor/tracks/empirical_calibration_20260925/spec.md#Research-integration-requirements; conductor/tracks/ed_parameter_evidence_20260927/plan.md#P0.2-review-artifact,"Keep stable location IDs and type/zone categories distinct from coordinates. If coordinates are present, declare frame, scale/unit and provenance; limit candidate MVP to named synthetic locations unless an explicit reviewed geometry source is in scope.","proposed_revise: replacement: Key `spatial.locations`; consumer: CareOps ED validator and adapter to Kairos Track 03 Flow for stable named location/zone references and resource/staff bindings. Unit: stable IDs and coded location type/zone have no physical unit; optional coordinates declare frame, scale, metres, and provenance. Stage/use: MVP minimum requires nonempty stable `zone_id`/`location_id` identities and consistent bindings even in Macro, where they are categorical placement/eligibility constraints only. Micro may add coordinates/geometry; geometry import and visualization remain excluded. Display names are never identifiers, and no location is inferred.",2026-09-30
ed.spatialabm.routesconnectivity,spatial_abm,spatial.routesconnectivity,Proposed CareOps ED model/config; Kairos 03 Flow,categorical_or_structured,no single scalar unit; every numeric leaf declares its unit and category coding,MVP_optional_spatial,synthetic named locations/routes may be used; geometry import and visualization excluded,identity_only_no_value_or_distribution_asserted,Codex subagent /root/p02_e0_b,accept,"Connectivity is a suitable structured optional Micro input, provided route adjacency/access and distance fields are explicit and Macro mode does not acquire fabricated transit time.",/root/p02_c0_detail_review_b,revise,"Route connectivity is a generated graph edge/access rule, whereas recorded paths may be sensor-smoothed observations and do not prove a legal or walkable path. Edge distance, movement speed and elapsed travel time are separate quantities; initial contract excludes congestion-dependent edge costs.",coordinator/root-draft,,/root/p02_e0_b (task identity; host session ID unavailable),16d79a5c0eff9fb60969b9e7829b5c67cdf63e46,"conductor/tracks/generic_ed_delivery_20260925/spec.md:28-29,95-100; conductor/tracks/generic_ed_delivery_20260925/plan.md:40,75-78",,/root/p02_c0_detail_review_b-20260930,16d79a5c0eff9fb60969b9e7829b5c67cdf63e46,conductor/tracks/empirical_calibration_20260925/spec.md#Spatial-contract; conductor/tracks/empirical_calibration_20260925/spec.md#Research-integration-requirements; conductor/tracks/ed_parameter_evidence_20260927/plan.md#P0.2-review-artifact,"Version the graph and edge IDs; represent access/connectivity separately from distance and travel time. Treat observed tracks as evidence with sensor/transform provenance, not direct graph truth; keep congestion disabled absent an extension and observations.","proposed_revise: replacement: Key `spatial.routesconnectivity`; consumer: CareOps ED validator and ED adapter to Kairos Track 03 Flow only when a profile explicitly enables Micro movement. Unit: versioned graph/edge IDs and access categories; edge distance is metres and derived movement speed is metres/second, with travel duration in seconds/ticks under ADR-0004. Stage/use: optional Micro input; Macro uses named zone/location bindings and adds no fabricated transit cost. Separate generated connectivity from observed/sensor-smoothed tracks with their provenance; keep congestion disabled absent a reviewed extension.",2026-09-30
ed.spatialabm.walkingspeedvariation,spatial_abm,spatial.walkingspeedvariation,Proposed CareOps ED model/config; Kairos 03 Flow,speed,m/s,MVP_optional_spatial,synthetic named locations/routes may be used; geometry import and visualization excluded,identity_only_no_value_or_distribution_asserted,Codex subagent /root/p02_e0_b,accept,Metres/second is appropriate for optional speed inputs. Keep walking speed distinct from route distance and use the movement mode/agent context to derive travel time; no numeric distribution or default is endorsed.,/root/p02_c0_detail_review_b,accept,Metres per second is the appropriate speed unit for the optional movement model. Speed variation is a generative input; observed origin/destination travel intervals are separate timestamped targets and do not isolate speed unless route distance and movement mode are also known.,coordinator/root-draft,,/root/p02_e0_b (task identity; host session ID unavailable),16d79a5c0eff9fb60969b9e7829b5c67cdf63e46,"conductor/evidence/p0.2-e0-c0-owner-review-brief-20260930.md:34; conductor/tracks/generic_ed_delivery_20260925/spec.md:28-29,95-100",,/root/p02_c0_detail_review_b-20260930,16d79a5c0eff9fb60969b9e7829b5c67cdf63e46,conductor/tracks/empirical_calibration_20260925/spec.md#Spatial-contract; conductor/tracks/empirical_calibration_20260925/spec.md#Validation-and-normalization; conductor/tracks/empirical_calibration_20260925/spec.md#Research-integration-requirements,,"proposed_accept: `spatial.walkingspeedvariation` for MVP_optional_spatial. E0: Metres/second is appropriate for optional speed inputs. C0: Metres per second is the appropriate speed unit for the optional movement model. Keep named IDs distinct from observed paths; use metres and metres/second, with movement rules enabled only by an explicit Micro Mode profile.",2026-09-30
ed.spatialabm.equipmentsupplytrips,spatial_abm,spatial.equipmentsupplytrips,Proposed CareOps ED model/config; Kairos 03 Flow,count_or_capacity,non-negative integer count; resource identity and availability are separate,MVP_optional_spatial,synthetic named locations/routes may be used; geometry import and visualization excluded,identity_only_no_value_or_distribution_asserted,Codex subagent /root/p02_e0_b,revise,"A trip is an event or demand pattern, not an equipment count/capacity. Equipment inventory/availability already belongs in resources.equipment; this field should describe optional retrieval-trip events without duplicating stock.",/root/p02_c0_detail_review_b,revise,"The registry’s count class risks conflating trip events/exposure with equipment inventory or capacity. A trip count also has no meaning without purpose, observation window and opportunity denominator; trips may be generated events or observed movement targets.",coordinator/root-draft,,/root/p02_e0_b (task identity; host session ID unavailable),16d79a5c0eff9fb60969b9e7829b5c67cdf63e46,conductor/tracks/generic_ed_delivery_20260925/spec.md:95-100; conductor/tracks/generic_ed_delivery_20260925/plan.md:75-78,"Unit class: categorical_or_structured. Unit contract: trip/event schedule or rule, with explicit count, time, route and purpose fields where applicable; inventory and resource availability remain in resources.equipment. Keep optional-spatial stage only when Micro movement/retrieval is enabled.",/root/p02_c0_detail_review_b-20260930,16d79a5c0eff9fb60969b9e7829b5c67cdf63e46,conductor/tracks/ed_parameter_evidence_20260927/spec.md#Parameter-coverage-inventory; conductor/tracks/empirical_calibration_20260925/spec.md#Normalized-trace-event.v1; conductor/tracks/empirical_calibration_20260925/plan.md#C0,Separate equipment/supply trip event type and count window/exposure from equipment capacity. Define trip purpose and origin/destination; map observed trip timestamps with source precision and do not infer a capacity count from trip frequency.,"proposed_revise: replacement: Key `spatial.equipmentsupplytrips`; consumer: CareOps ED adapter to Kairos Track 03 Flow as optional Micro movement/retrieval events or a generating rule, not as resource capacity. Unit class: structured event/rule; declare trip purpose, equipment/supply class, origin and destination IDs, movement mode, event count over a defined exposure window, and any time fields in seconds/ticks under ADR-0004. Stage/use: enable only in an explicit Micro profile; equipment inventory and availability remain in `resources.equipment`, and Macro must not add local travel. Observed trip events retain occurrence/recorded precision and are separate from generated trips; do not infer inventory from frequency.",2026-09-30
ed.spatialabm.routechoice,spatial_abm,spatial.routechoice,Proposed CareOps ED model/config; Kairos 03 Flow,categorical_or_structured,no single scalar unit; every numeric leaf declares its unit and category coding,MVP_optional_spatial,synthetic named locations/routes may be used; geometry import and visualization excluded,identity_only_no_value_or_distribution_asserted,Codex subagent /root/p02_e0_b,accept,Route-choice rules are optional spatial behavior. A deterministic shortest/declared path is sufficient where choice behavior is not enabled; no empirical route-choice probabilities or extra congestion mechanism are implied.,/root/p02_c0_detail_review_b,revise,Route-choice behavior is conditional on the available reachable alternatives and the staff/task context at decision time. Observed chosen paths or aggregate travel times omit the unchosen set and cannot identify route preference; a policy distribution needs an explicit denominator.,coordinator/root-draft,,/root/p02_e0_b (task identity; host session ID unavailable),16d79a5c0eff9fb60969b9e7829b5c67cdf63e46,conductor/tracks/generic_ed_delivery_20260925/spec.md:95-100; conductor/tracks/generic_ed_delivery_20260925/plan.md:75-78,,/root/p02_c0_detail_review_b-20260930,16d79a5c0eff9fb60969b9e7829b5c67cdf63e46,conductor/tracks/empirical_calibration_20260925/spec.md#Spatial-contract; conductor/tracks/empirical_calibration_20260925/spec.md#Research-integration-requirements; conductor/tracks/ed_parameter_evidence_20260927/spec.md#Evidence-and-distribution-selection,"Version route-choice policy and record the reachable eligible alternatives, graph version, origin/destination, movement mode, decision occurrence and conditioning state for fitted choices. Keep observed path data separate and provenance-qualified; do not infer probabilities from aggregate transit time.","proposed_revise: replacement: Key `spatial.routechoice`; consumer: CareOps ED adapter to Kairos Track 03 Flow for optional Micro path selection over a versioned graph. Unit: categorical/deterministic policy unless a reviewed probability model is supplied with declared normalization and conditioning. Stage/use: Micro only; identify origin/destination, movement mode, graph revision, and all reachable eligible alternatives at the choice time. A declared deterministic route is sufficient when choice behavior is disabled. Keep observed paths separate with sensor/transform provenance; aggregate transit time does not identify route preference. Macro has no route-choice or local travel cost.",2026-09-30
ed.spatialabm.travelinterruptions,spatial_abm,spatial.travelinterruptions,Proposed CareOps ED model/config; Kairos 03 Flow,categorical_or_structured,"route/movement rule; distance uses m, speed m/s, time s in explicit fields",MVP_optional_spatial,synthetic named locations/routes may be used; geometry import and visualization excluded,identity_only_no_value_or_distribution_asserted,Codex subagent /root/p02_e0_b,accept,"This is only an optional Micro movement rule. If enabled, define interruption eligibility, route progress and resumption explicitly under the supported ED/Q lifecycle; do not treat movement as animation time or infer a delay distribution.",/root/p02_c0_detail_review_b,revise,"Travel interruption occurrence/cause is a behavior rule, while duration and movement progress are separate timed/mechanical quantities. If interruption delay is included in the transit target and separately generated as delay, travel can be counted twice; a missed endpoint is censored rather than zero.",coordinator/root-draft,,/root/p02_e0_b (task identity; host session ID unavailable),16d79a5c0eff9fb60969b9e7829b5c67cdf63e46,"conductor/tracks/generic_ed_delivery_20260925/plan.md:75-81; conductor/tracks/generic_ed_delivery_20260925/spec.md:70; conductor/tracks/des_queue_preemption_20260925/spec.md:64,316",,/root/p02_c0_detail_review_b-20260930,16d79a5c0eff9fb60969b9e7829b5c67cdf63e46,conductor/tracks/empirical_calibration_20260925/spec.md#Spatial-contract; conductor/tracks/empirical_calibration_20260925/spec.md#Trace-driven-shadow-replay; conductor/tracks/empirical_calibration_20260925/plan.md#C0,"Separate interruption trigger/cause, elapsed pause and movement progress; numeric time leaves use seconds/source precision and declared tick rounding. Preserve observed interruption event lineage and censoring independently from generated travel behavior.","proposed_revise: replacement: Key `spatial.travelinterruptions`; consumer: CareOps ED adapter to Kairos Track 03 Flow only for Micro movement lifecycle. Unit: typed trigger/cause and progress rule; distance in metres, speed in metres/second, pause/work time in seconds with ADR-0004 tick conversion. Stage/use: optional Micro rule that separately defines interruption eligibility, route progress, pause, and resumption. Do not fold pause into route-derived travel and also generate it as a second delay. Observed interruptions preserve event/recording lineage and censoring; Macro does not add movement time.",2026-09-30
ed.spatialabm.congestion,spatial_abm,spatial.congestion,Future spatial fidelity owner; consumer not applicable until that scope is approved,categorical_or_structured,no single scalar unit; every numeric leaf declares its unit and category coding,deferred_or_post_v1,excluded unless a separately reviewed extension enables it,identity_only_no_value_or_distribution_asserted,Codex subagent /root/p02_e0_b,defer,Keep congestion outside the generic MVP and current E0 consumer contract. It is already classified as deferred and needs a separately scoped spatial-fidelity decision before any consumer or profile is enabled.,/root/p02_c0_detail_review_b,defer,Congestion is expressly post-MVP: the current spatial contract uses fixed graph costs and does not model occupancy-dependent edge costs. There is no accepted congestion exposure/event mapping or target in this C0 scope.,coordinator/root-draft,,/root/p02_e0_b (task identity; host session ID unavailable),16d79a5c0eff9fb60969b9e7829b5c67cdf63e46,conductor/evidence/p0.2-e0-c0-owner-review-brief-20260930.md:36; conductor/tracks/generic_ed_delivery_20260925/spec.md:88-100,Retain deferred_or_post_v1 stage; no E0 consumer or MVP profile use until a separately reviewed extension is approved.,/root/p02_c0_detail_review_b-20260930,16d79a5c0eff9fb60969b9e7829b5c67cdf63e46,conductor/tracks/empirical_calibration_20260925/spec.md#Spatial-contract; conductor/tracks/ed_parameter_evidence_20260927/spec.md#Parameter-coverage-inventory; conductor/tracks/empirical_calibration_20260925/plan.md#C0,"Keep deferred until a separately reviewed extension defines congestion mechanism, exposure, event/time mapping, units, identifiability and fixtures; do not enable calibration or infer local congestion values under this row.","proposed_defer: trigger: a separately reviewed post-v1 extension defines congestion mechanism, exposure, event/time mapping, units, identifiability and fixtures. Exclude from all current profiles.",2026-09-30
ed.patientbehavior.patience,patient_behavior,patient_behavior.patience,Proposed CareOps ED model/config; Kairos 03 Flow,time,s canonical input; convert from explicit source/config unit to ED clock ticks,MVP_candidate,"candidate input for deterministic/minimal, generic nominal, or surge profiles according to pathway applicability",identity_only_no_value_or_distribution_asserted,Codex subagent /root/p02_e0_b,accept,Patience is a valid optional input only for a profile that enables abandonment; it is not required in every generic scenario. Use seconds at the domain boundary and do not treat a threshold as an empirically supported distribution or as the abandonment policy itself.,/root/p02_c0_detail_review_b,revise,Patience is a latent generative abandonment threshold/rule; observed queue time before abandonment is a right-censored outcome for patients who remain. Treating completed waits as patience values loses censoring and confounds queue conditions with behavior.,coordinator/root-draft,,/root/p02_e0_b (task identity; host session ID unavailable),16d79a5c0eff9fb60969b9e7829b5c67cdf63e46,conductor/tracks/generic_ed_delivery_20260925/plan.md:62-65; conductor/tracks/generic_ed_delivery_20260925/spec.md:30-33; conductor/tracks/ed_parameter_evidence_20260927/spec.md:14-23,,/root/p02_c0_detail_review_b-20260930,16d79a5c0eff9fb60969b9e7829b5c67cdf63e46,conductor/tracks/ed_parameter_evidence_20260927/spec.md#Validation-and-normalization; conductor/tracks/ed_parameter_evidence_20260927/spec.md#Trace-driven-shadow-replay; conductor/tracks/ed_parameter_evidence_20260927/spec.md#Evidence-and-distribution-selection,"Define threshold or hazard form and conditioning separately from observed abandonment event, last-known-at-risk time and censor reason. Map occurrence/recording time distinctly; preserve seconds/source precision and declared tick conversion.","proposed_revise: replacement: Key `patient_behavior.patience`; consumer: CareOps ED adapter to Kairos Track 03 Flow only when the profile enables queue abandonment. Unit: nonnegative seconds for a threshold, or a typed hazard with every time/rate leaf and conditioning declared; convert time through ADR-0004. Stage/use: optional generative E2 rule, not required in every generic profile. Observed abandonment occurrence and last-known-at-risk time for patients remaining in queue are separate targets with censor reason, cohort, occurrence/recording lineage, and right censoring retained. Do not treat completed queue waits as patience values or assert an empirical threshold.",2026-09-30
ed.patientbehavior.abandonment,patient_behavior,patient_behavior.abandonment,Proposed CareOps ED model/config; Kairos 03 Flow,probability_or_conditional_table,"dimensionless values in [0,1], denominators/conditioning explicit",MVP_candidate,"candidate input for deterministic/minimal, generic nominal, or surge profiles according to pathway applicability",identity_only_no_value_or_distribution_asserted,independent agent-panel reviewer,accept,Keep abandonment as a configurable pathway policy only when enabled by the selected profile; the E1 plan explicitly makes it optional and requires a terminal reason and censoring fields. The conditional probability shape is suitable if denominators and conditioning are explicit.,agent:/root/p02_c0_c,accept,"Generative abandonment behavior is a model input, not an observed target. A probability is meaningful only for the explicitly declared leaving-without-being-seen pathway and an eligible-patient denominator; no value or fitted distribution is accepted here.",coordinator/root-draft,,/root/p02_e0_c_resume,16d79a5c0eff9fb60969b9e7829b5c67cdf63e46,model-inputs/ed/schema/p0.2-owner-review-response-template.csv#data-row=71; model-inputs/ed/schema/parameter-usage-matrix-proposal.json#/entries/70; conductor/tracks/ed_parameter_evidence_20260927/spec.md §Parameter coverage inventory (Patient behavior); conductor/tracks/generic_ed_delivery_20260925/plan.md §E1.3,,/root/p02_c0_c,16d79a5c0eff9fb60969b9e7829b5c67cdf63e46,"model-inputs/ed/schema/p0.2-owner-review-response-template.csv:data row 71 (CSV line 72); model-inputs/ed/schema/parameter-ids.json#/entries/70; conductor/tracks/ed_parameter_evidence_20260927/spec.md#L28-L38; conductor/tracks/empirical_calibration_20260925/spec.md#L127-L133,#L203-L243,#L256-L273,#L370-L388; conductor/evidence/p0.2-e0-c0-owner-review-brief-20260930.md#L14-L17,#L31-L36",No replacement; accept the proposed C0 unit/role subject to the cross-cutting tick-conversion deferral in row 90.,"proposed_accept: `patient_behavior.abandonment` for MVP_candidate. E0: Keep abandonment as a configurable pathway policy only when enabled by the selected profile; the E1 plan explicitly makes it optional and requires a terminal reason and censoring fields. C0: Generative abandonment behavior is a model input, not an observed target. Declare category coding, conditioning and denominator; preserve unknowns and do not infer joint dependence from marginal observations.",2026-09-30
ed.patientbehavior.mobilityassistance,patient_behavior,patient_behavior.mobilityassistance,Proposed CareOps ED model/config; Kairos 03 Flow,categorical_or_structured,"patient attribute/rule; age, count, probability or time leaves carry explicit units",MVP_candidate,"candidate input for deterministic/minimal, generic nominal, or surge profiles according to pathway applicability",identity_only_no_value_or_distribution_asserted,independent agent-panel reviewer,defer,"The catalogue may retain this input, but the generic MVP contract does not require an assisted-mobility behavior model. Keep it out of MVP profile fixtures until an in-scope pathway requires it and its effect on resources or routes is specified.",agent:/root/p02_c0_c,accept,"Mobility/assistance is an input attribute or rule where relevant. It is not a direct target by itself; calibrate only from observed attributes/assistance records with population and time provenance, and do not infer walking cost from elapsed EHR intervals.",coordinator/root-draft,,/root/p02_e0_c_resume,16d79a5c0eff9fb60969b9e7829b5c67cdf63e46,model-inputs/ed/schema/p0.2-owner-review-response-template.csv#data-row=72; model-inputs/ed/schema/parameter-usage-matrix-proposal.json#/entries/71; conductor/tracks/ed_parameter_evidence_20260927/spec.md §Parameter coverage inventory (Patient behavior); conductor/delivery-contract.md §Functional MVP,,/root/p02_c0_c,16d79a5c0eff9fb60969b9e7829b5c67cdf63e46,"model-inputs/ed/schema/p0.2-owner-review-response-template.csv:data row 72 (CSV line 73); model-inputs/ed/schema/parameter-ids.json#/entries/71; conductor/tracks/ed_parameter_evidence_20260927/spec.md#L28-L38; conductor/tracks/empirical_calibration_20260925/spec.md#L127-L133,#L203-L243,#L256-L273,#L370-L388; conductor/evidence/p0.2-e0-c0-owner-review-brief-20260930.md#L14-L17,#L31-L36",No replacement; accept the proposed C0 unit/role subject to the cross-cutting tick-conversion deferral in row 90.,"proposed_defer: trigger: a named profile enables movement constraints and defines assistance categories, affected movement/resource rule and location/route applicability. Otherwise omit from MVP.",2026-09-30
ed.patientbehavior.routingcompliance,patient_behavior,patient_behavior.routingcompliance,Proposed CareOps ED model/config; Kairos 03 Flow,probability_or_conditional_table,"dimensionless values in [0,1], denominators/conditioning explicit",MVP_candidate,"candidate input for deterministic/minimal, generic nominal, or surge profiles according to pathway applicability",identity_only_no_value_or_distribution_asserted,independent agent-panel reviewer,defer,A generic routing-compliance probability would add a patient decision rule without a defined route-choice or compliance mechanism in the MVP contract. Preserve the ID as deferred; enable only with a scoped route policy and explicit conditioned denominators.,agent:/root/p02_c0_c,accept,Routing compliance is generative behavior. Keep any observed compliance outcome separate and condition the input on a defined routing opportunity and eligibility denominator; no rate is asserted.,coordinator/root-draft,,/root/p02_e0_c_resume,16d79a5c0eff9fb60969b9e7829b5c67cdf63e46,model-inputs/ed/schema/p0.2-owner-review-response-template.csv#data-row=73; model-inputs/ed/schema/parameter-usage-matrix-proposal.json#/entries/72; conductor/tracks/ed_parameter_evidence_20260927/spec.md §Parameter coverage inventory (Patient behavior); conductor/delivery-contract.md §Functional MVP,,/root/p02_c0_c,16d79a5c0eff9fb60969b9e7829b5c67cdf63e46,"model-inputs/ed/schema/p0.2-owner-review-response-template.csv:data row 73 (CSV line 74); model-inputs/ed/schema/parameter-ids.json#/entries/72; conductor/tracks/ed_parameter_evidence_20260927/spec.md#L28-L38; conductor/tracks/empirical_calibration_20260925/spec.md#L127-L133,#L203-L243,#L256-L273,#L370-L388; conductor/evidence/p0.2-e0-c0-owner-review-brief-20260930.md#L14-L17,#L31-L36",No replacement; accept the proposed C0 unit/role subject to the cross-cutting tick-conversion deferral in row 90.,"proposed_defer: trigger: a named profile enables route choice and defines eligible alternatives, intended route, compliance state and observable outcome. Otherwise omit from MVP with no inferred movement effect.",2026-09-30
ed.patientbehavior.companions,patient_behavior,patient_behavior.companions,Future patient-behavior owner; consumer not applicable until relevance is established,categorical_or_structured,"patient attribute/rule; age, count, probability or time leaves carry explicit units",deferred_or_post_v1,excluded unless a separately reviewed extension enables it,identity_only_no_value_or_distribution_asserted,independent agent-panel reviewer,defer,No generic MVP behavior or resource effect for companions is specified. The proposed future consumer and deferred profile stage are appropriate; revisit only if relevance is established.,agent:/root/p02_c0_c,not_applicable,"Deferred identity has no current generic ED or C0 consumer. If activated later, review the mechanism, applicability, time semantics, and measurement mapping before calibration.",coordinator/root-draft,,/root/p02_e0_c_resume,16d79a5c0eff9fb60969b9e7829b5c67cdf63e46,model-inputs/ed/schema/p0.2-owner-review-response-template.csv#data-row=74; model-inputs/ed/schema/parameter-usage-matrix-proposal.json#/entries/73; conductor/tracks/ed_parameter_evidence_20260927/spec.md §Parameter coverage inventory (Patient behavior),,/root/p02_c0_c,16d79a5c0eff9fb60969b9e7829b5c67cdf63e46,"model-inputs/ed/schema/p0.2-owner-review-response-template.csv:data row 74 (CSV line 75); model-inputs/ed/schema/parameter-ids.json#/entries/73; conductor/tracks/ed_parameter_evidence_20260927/spec.md#L28-L38; conductor/tracks/empirical_calibration_20260925/spec.md#L127-L133,#L203-L243,#L256-L273,#L370-L388; conductor/evidence/p0.2-e0-c0-owner-review-brief-20260930.md#L14-L17,#L31-L36",,"proposed_defer: trigger: a scoped profile names companion entities, interaction/resource effects and supporting evidence or explicit assumptions. Exclude from current MVP profiles.",2026-09-30
ed.hospitalinterfaces.admissiondemand,hospital_interfaces,hospital_boundary.admissiondemand,Proposed CareOps ED model/config; Kairos 03 Flow boundary,count_schedule_or_policy,finite capacity/offer/transport/diagnostic boundary record; numeric leaves carry explicit units,MVP_boundary_minimum,finite ED-eligible bed offers only where required by admission/boarding fixture; broader hospital mechanisms excluded,identity_only_no_value_or_distribution_asserted,independent agent-panel reviewer,revise,"The name and proposed use risk injecting external admission arrivals in addition to patients whose admission disposition is generated by the ED pathway. Define this as pathway-generated admission requests or an explicitly external fixture input, never both; distinguish that demand from receiving-bed offers.",agent:/root/p02_c0_c,revise,"This row is external admission demand, but its proposed profile-use text describes inpatient bed offers. Keep admission requests/demand distinct from bed availability and patient disposition; model it as an exogenous boundary input. Any observed boundary schedule is an input with source time provenance, not an ED outcome target.",coordinator/root-draft,,/root/p02_e0_c_resume,16d79a5c0eff9fb60969b9e7829b5c67cdf63e46,model-inputs/ed/schema/p0.2-owner-review-response-template.csv#data-row=75; model-inputs/ed/schema/parameter-usage-matrix-proposal.json#/entries/74; conductor/tracks/generic_ed_delivery_20260925/plan.md §E0.3 (finite bed offers); §E1.3 (admission/boarding); conductor/delivery-contract.md §Functional MVP,Use `hospital_boundary.admission_requests` for ED-generated requests and document external fixture demand as mutually exclusive input mode; do not treat general hospital admission counts as ED arrivals.,/root/p02_c0_c,16d79a5c0eff9fb60969b9e7829b5c67cdf63e46,"model-inputs/ed/schema/p0.2-owner-review-response-template.csv:data row 75 (CSV line 76); model-inputs/ed/schema/parameter-ids.json#/entries/74; conductor/tracks/ed_parameter_evidence_20260927/spec.md#L28-L38; conductor/tracks/empirical_calibration_20260925/spec.md#L127-L133,#L203-L243,#L256-L273,#L370-L388; conductor/evidence/p0.2-e0-c0-owner-review-brief-20260930.md#L14-L17,#L31-L36; conductor/tracks/ed_parameter_evidence_20260927/spec.md#L34-L38","Replace profile use with: “Exogenous, time-stamped external admission-demand input where needed by the declared admission/boarding fixture; keep separate from inpatient bed-offer/availability and ED disposition targets. Use only a source-backed or explicitly synthetic schedule; do not fit from aggregate ED boarding alone.”","proposed_revise: replacement: Consumer: CareOps ED adapter at the admission boundary; key: hospital_boundary.admissiondemand. Unit: finite timestamped external competing-demand schedule with declared count, time unit and provenance. Stage/use: MVP admission/boarding fixture may enable this external demand mode to compete for finite inpatient offers; ED-generated admission requests arise once from ED disposition and are distinct from the external schedule. Neither mode injects a second ED patient-arrival stream. Keep demand separate from bed offers and observed boarding targets.",2026-09-30
ed.hospitalinterfaces.inpatientbedavailability,hospital_interfaces,hospital_boundary.inpatientbedavailability,Proposed CareOps ED model/config; Kairos 03 Flow boundary,categorical_or_structured,no single scalar unit; every numeric leaf declares its unit and category coding,MVP_boundary_minimum,finite ED-eligible bed offers only where required by admission/boarding fixture; broader hospital mechanisms excluded,identity_only_no_value_or_distribution_asserted,independent agent-panel reviewer,revise,"The generic structured unit contract is too vague for the minimum admission boundary. The E0 plan requires finite, destination-compatible ED-eligible offers with lifetime/withdrawal and competing-demand assumptions. Model offer records explicitly; do not infer available ED beds from raw inpatient counts.",agent:/root/p02_c0_c,accept,"Inpatient bed availability/release is exogenous boundary state, distinct from ED boarding/length-of-stay outcomes. Preserve source observation times and availability intervals; do not infer bed availability from patient wait or discharge timestamps.",coordinator/root-draft,,/root/p02_e0_c_resume,16d79a5c0eff9fb60969b9e7829b5c67cdf63e46,model-inputs/ed/schema/p0.2-owner-review-response-template.csv#data-row=76; model-inputs/ed/schema/parameter-usage-matrix-proposal.json#/entries/75; conductor/tracks/generic_ed_delivery_20260925/plan.md §E0.3; conductor/delivery-contract.md §Functional MVP,"Retain the stable ID/key but define a finite ED-eligible bed-offer schedule with destination compatibility, availability interval/expiry, withdrawal, and explicit competing-demand assumptions; numeric leaves carry units.",/root/p02_c0_c,16d79a5c0eff9fb60969b9e7829b5c67cdf63e46,"model-inputs/ed/schema/p0.2-owner-review-response-template.csv:data row 76 (CSV line 77); model-inputs/ed/schema/parameter-ids.json#/entries/75; conductor/tracks/ed_parameter_evidence_20260927/spec.md#L28-L38; conductor/tracks/empirical_calibration_20260925/spec.md#L127-L133,#L203-L243,#L256-L273,#L370-L388; conductor/evidence/p0.2-e0-c0-owner-review-brief-20260930.md#L14-L17,#L31-L36; conductor/tracks/ed_parameter_evidence_20260927/spec.md#L34-L38",No replacement; accept the proposed C0 unit/role subject to the cross-cutting tick-conversion deferral in row 90.,"proposed_revise: replacement: For MVP admission/boarding fixtures, the CareOps ED adapter consumes `hospital_boundary.inpatientbedavailability` as finite ED-eligible offer records, each with destination compatibility, availability start and expiry in declared time units, withdrawal state/time, and explicit competing-demand assumptions. Offers are exogenous boundary capacity, not ED demand or a proxy inferred from raw inpatient counts; accepting an offer does not release ED occupancy, which ends only at actual ED departure.",2026-09-30
ed.hospitalinterfaces.transfertransport,hospital_interfaces,hospital_boundary.transfertransport,Proposed CareOps ED model/config; Kairos 03 Flow boundary,categorical_or_structured,no single scalar unit; every numeric leaf declares its unit and category coding,MVP_boundary_minimum,finite ED-eligible bed offers only where required by admission/boarding fixture; broader hospital mechanisms excluded,identity_only_no_value_or_distribution_asserted,independent agent-panel reviewer,accept,"Keep transfer/transport as a boundary record for enabled transfer pathways. The E0 plan distinguishes ambulance arrival, triage, handover, offload, and crew-release clocks; those events must not be collapsed into one elapsed duration.",agent:/root/p02_c0_c,accept,Transfer/transport availability is an exogenous boundary input when enabled. A separately observed transport delay may be a target only when its start/end events are defined; do not fit it from an undifferentiated patient elapsed interval.,coordinator/root-draft,,/root/p02_e0_c_resume,16d79a5c0eff9fb60969b9e7829b5c67cdf63e46,model-inputs/ed/schema/p0.2-owner-review-response-template.csv#data-row=77; model-inputs/ed/schema/parameter-usage-matrix-proposal.json#/entries/76; conductor/tracks/generic_ed_delivery_20260925/plan.md §E0.3; §E1.3,,/root/p02_c0_c,16d79a5c0eff9fb60969b9e7829b5c67cdf63e46,"model-inputs/ed/schema/p0.2-owner-review-response-template.csv:data row 77 (CSV line 78); model-inputs/ed/schema/parameter-ids.json#/entries/76; conductor/tracks/ed_parameter_evidence_20260927/spec.md#L28-L38; conductor/tracks/empirical_calibration_20260925/spec.md#L127-L133,#L203-L243,#L256-L273,#L370-L388; conductor/evidence/p0.2-e0-c0-owner-review-brief-20260930.md#L14-L17,#L31-L36; conductor/tracks/ed_parameter_evidence_20260927/spec.md#L34-L38",No replacement; accept the proposed C0 unit/role subject to the cross-cutting tick-conversion deferral in row 90.,proposed_accept: `hospital_boundary.transfertransport` for MVP_boundary_minimum. E0: Keep transfer/transport as a boundary record for enabled transfer pathways. C0: Transfer/transport availability is an exogenous boundary input when enabled. Keep numeric leaves unit-bearing and separate generated inputs from observed targets; no empirical value or policy default is asserted.,2026-09-30
ed.hospitalinterfaces.diagnosticdependencies,hospital_interfaces,hospital_boundary.diagnosticdependencies,Proposed CareOps ED model/config; Kairos 03 Flow boundary,categorical_or_structured,no single scalar unit; every numeric leaf declares its unit and category coding,MVP_boundary_minimum,finite ED-eligible bed offers only where required by admission/boarding fixture; broader hospital mechanisms excluded,identity_only_no_value_or_distribution_asserted,independent agent-panel reviewer,accept,A structured boundary input is appropriate for explicitly modeled diagnostic dependencies. Require named dependency/resource and explicit timing/capacity units at numeric leaves; do not imply a whole-hospital diagnostic model.,agent:/root/p02_c0_c,accept,External diagnostic dependency is a boundary input. Keep availability/turnaround inputs distinct from observed ED process outcomes and define event endpoints before any delay is fitted.,coordinator/root-draft,,/root/p02_e0_c_resume,16d79a5c0eff9fb60969b9e7829b5c67cdf63e46,model-inputs/ed/schema/p0.2-owner-review-response-template.csv#data-row=78; model-inputs/ed/schema/parameter-usage-matrix-proposal.json#/entries/77; conductor/tracks/ed_parameter_evidence_20260927/spec.md §Parameter coverage inventory (Hospital interfaces); conductor/tracks/generic_ed_delivery_20260925/plan.md §E1.2,,/root/p02_c0_c,16d79a5c0eff9fb60969b9e7829b5c67cdf63e46,"model-inputs/ed/schema/p0.2-owner-review-response-template.csv:data row 78 (CSV line 79); model-inputs/ed/schema/parameter-ids.json#/entries/77; conductor/tracks/ed_parameter_evidence_20260927/spec.md#L28-L38; conductor/tracks/empirical_calibration_20260925/spec.md#L127-L133,#L203-L243,#L256-L273,#L370-L388; conductor/evidence/p0.2-e0-c0-owner-review-brief-20260930.md#L14-L17,#L31-L36; conductor/tracks/ed_parameter_evidence_20260927/spec.md#L34-L38",No replacement; accept the proposed C0 unit/role subject to the cross-cutting tick-conversion deferral in row 90.,proposed_accept: `hospital_boundary.diagnosticdependencies` for MVP_boundary_minimum. E0: A structured boundary input is appropriate for explicitly modeled diagnostic dependencies. C0: External diagnostic dependency is a boundary input. Keep numeric leaves unit-bearing and separate generated inputs from observed targets; no empirical value or policy default is asserted.,2026-09-30
ed.hospitalinterfaces.wholehospitalmechanisms,hospital_interfaces,hospital_boundary.wholehospitalmechanisms,Future hospital-domain owner; consumer not applicable to generic ED MVP,categorical_or_structured,no single scalar unit; every numeric leaf declares its unit and category coding,deferred_or_post_v1,excluded unless a separately reviewed extension enables it,identity_only_no_value_or_distribution_asserted,independent agent-panel reviewer,defer,Whole-hospital mechanisms are outside the generic ED MVP and the parameter spec explicitly excludes a detailed whole-hospital model. Keep the ID deferred with no current E0 consumer.,agent:/root/p02_c0_c,not_applicable,Whole-hospital mechanisms are explicitly deferred and outside the generic ED C0 interface. No current target or generation contract should be assigned.,coordinator/root-draft,,/root/p02_e0_c_resume,16d79a5c0eff9fb60969b9e7829b5c67cdf63e46,model-inputs/ed/schema/p0.2-owner-review-response-template.csv#data-row=79; model-inputs/ed/schema/parameter-usage-matrix-proposal.json#/entries/78; conductor/tracks/ed_parameter_evidence_20260927/spec.md §Parameter coverage inventory (Hospital interfaces),,/root/p02_c0_c,16d79a5c0eff9fb60969b9e7829b5c67cdf63e46,"model-inputs/ed/schema/p0.2-owner-review-response-template.csv:data row 79 (CSV line 80); model-inputs/ed/schema/parameter-ids.json#/entries/78; conductor/tracks/ed_parameter_evidence_20260927/spec.md#L28-L38; conductor/tracks/empirical_calibration_20260925/spec.md#L127-L133,#L203-L243,#L256-L273,#L370-L388; conductor/evidence/p0.2-e0-c0-owner-review-brief-20260930.md#L14-L17,#L31-L36",,"proposed_defer: trigger: a separately reviewed extension requires mechanisms beyond the finite ED admission boundary and defines state, scope, evidence and interface. Keep whole-hospital behavior out of MVP.",2026-09-30
ed.optionalcomplexity.fatigue,optional_complexity,extensions.fatigue,Future CareOps ED ABM profile; no current Kairos consumer,categorical_or_structured,no single scalar unit; every numeric leaf declares its unit and category coding,deferred_or_post_v1,excluded unless a separately reviewed extension enables it,identity_only_no_value_or_distribution_asserted,independent agent-panel reviewer,defer,Fatigue has no MVP consumer or defined state/update mechanism. The spec directs optional complexity to remain deferred until evidence and decision relevance justify activation.,agent:/root/p02_c0_c,not_applicable,Fatigue has no current mechanism or consumer and is deferred. Do not infer fatigue from shift-level outcome differences absent a defined observation and identification design.,coordinator/root-draft,,/root/p02_e0_c_resume,16d79a5c0eff9fb60969b9e7829b5c67cdf63e46,model-inputs/ed/schema/p0.2-owner-review-response-template.csv#data-row=80; model-inputs/ed/schema/parameter-usage-matrix-proposal.json#/entries/79; conductor/tracks/ed_parameter_evidence_20260927/spec.md §Parameter coverage inventory (Optional complexity),,/root/p02_c0_c,16d79a5c0eff9fb60969b9e7829b5c67cdf63e46,"model-inputs/ed/schema/p0.2-owner-review-response-template.csv:data row 80 (CSV line 81); model-inputs/ed/schema/parameter-ids.json#/entries/79; conductor/tracks/ed_parameter_evidence_20260927/spec.md#L28-L38; conductor/tracks/empirical_calibration_20260925/spec.md#L127-L133,#L203-L243,#L256-L273,#L370-L388; conductor/evidence/p0.2-e0-c0-owner-review-brief-20260930.md#L14-L17,#L31-L36",,"proposed_defer: trigger: a scoped extension defines a staff-capacity mechanism, eligible evidence/time window and validation fixture. Do not infer fatigue from task duration; exclude from current profiles.",2026-09-30
ed.optionalcomplexity.learning,optional_complexity,extensions.learning,Future CareOps ED ABM profile; no current Kairos consumer,categorical_or_structured,no single scalar unit; every numeric leaf declares its unit and category coding,deferred_or_post_v1,excluded unless a separately reviewed extension enables it,identity_only_no_value_or_distribution_asserted,independent agent-panel reviewer,defer,Learning has no MVP consumer or defined state/update mechanism. Keep it deferred until evidence and a decision-relevant behavior contract exist.,agent:/root/p02_c0_c,not_applicable,Learning has no current mechanism or consumer and is deferred. A future effect needs explicit temporal state and a separately reviewed observation design.,coordinator/root-draft,,/root/p02_e0_c_resume,16d79a5c0eff9fb60969b9e7829b5c67cdf63e46,model-inputs/ed/schema/p0.2-owner-review-response-template.csv#data-row=81; model-inputs/ed/schema/parameter-usage-matrix-proposal.json#/entries/80; conductor/tracks/ed_parameter_evidence_20260927/spec.md §Parameter coverage inventory (Optional complexity),,/root/p02_c0_c,16d79a5c0eff9fb60969b9e7829b5c67cdf63e46,"model-inputs/ed/schema/p0.2-owner-review-response-template.csv:data row 81 (CSV line 82); model-inputs/ed/schema/parameter-ids.json#/entries/80; conductor/tracks/ed_parameter_evidence_20260927/spec.md#L28-L38; conductor/tracks/empirical_calibration_20260925/spec.md#L127-L133,#L203-L243,#L256-L273,#L370-L388; conductor/evidence/p0.2-e0-c0-owner-review-brief-20260930.md#L14-L17,#L31-L36",,"proposed_defer: trigger: a scoped extension defines changing skill/behavior state, exposure history, timescale, evidence and validation fixture. Exclude learning from current profiles.",2026-09-30
ed.optionalcomplexity.crowdingfeedback,optional_complexity,extensions.crowdingfeedback,Future CareOps ED model profile; Kairos 03 Flow only after scoped acceptance,structured_extension,deferred extension schema; numeric leaves carry explicit units if enabled,deferred_or_post_v1,excluded unless a separately reviewed extension enables it,identity_only_no_value_or_distribution_asserted,independent agent-panel reviewer,defer,Crowding feedback is an extension requiring scoped acceptance and an explicit mechanism; the generic MVP requires occupancy reporting but does not require crowding to alter behavior.,agent:/root/p02_c0_c,not_applicable,Crowding feedback is deferred pending a scoped mechanism. Aggregate crowding/outcome association alone does not identify a generative feedback function.,coordinator/root-draft,,/root/p02_e0_c_resume,16d79a5c0eff9fb60969b9e7829b5c67cdf63e46,model-inputs/ed/schema/p0.2-owner-review-response-template.csv#data-row=82; model-inputs/ed/schema/parameter-usage-matrix-proposal.json#/entries/81; conductor/tracks/ed_parameter_evidence_20260927/spec.md §Parameter coverage inventory (Optional complexity); conductor/delivery-contract.md §Functional MVP,,/root/p02_c0_c,16d79a5c0eff9fb60969b9e7829b5c67cdf63e46,"model-inputs/ed/schema/p0.2-owner-review-response-template.csv:data row 82 (CSV line 83); model-inputs/ed/schema/parameter-ids.json#/entries/81; conductor/tracks/ed_parameter_evidence_20260927/spec.md#L28-L38; conductor/tracks/empirical_calibration_20260925/spec.md#L127-L133,#L203-L243,#L256-L273,#L370-L388; conductor/evidence/p0.2-e0-c0-owner-review-brief-20260930.md#L14-L17,#L31-L36",,"proposed_defer: trigger: a separately reviewed extension specifies causal feedback, exposure/outcome mapping, units, identifiability and fixtures. Occupancy metrics alone do not enable crowding feedback.",2026-09-30
ed.optionalcomplexity.detailedphysiology,optional_complexity,extensions.detailedphysiology,Future CareOps ED model profile; no current Kairos consumer,categorical_or_structured,no single scalar unit; every numeric leaf declares its unit and category coding,deferred_or_post_v1,excluded unless a separately reviewed extension enables it,identity_only_no_value_or_distribution_asserted,independent agent-panel reviewer,defer,Detailed physiology is explicitly optional and has no generic MVP consumer. Preserve as deferred; do not turn it into an implicit deterioration or clinical policy.,agent:/root/p02_c0_c,not_applicable,Detailed physiology is explicitly deferred from the declared minimal fidelity; no current calibration interface applies.,coordinator/root-draft,,/root/p02_e0_c_resume,16d79a5c0eff9fb60969b9e7829b5c67cdf63e46,model-inputs/ed/schema/p0.2-owner-review-response-template.csv#data-row=83; model-inputs/ed/schema/parameter-usage-matrix-proposal.json#/entries/82; conductor/tracks/ed_parameter_evidence_20260927/spec.md §Parameter coverage inventory (Optional complexity); conductor/tracks/generic_ed_delivery_20260925/plan.md §E2.3,,/root/p02_c0_c,16d79a5c0eff9fb60969b9e7829b5c67cdf63e46,"model-inputs/ed/schema/p0.2-owner-review-response-template.csv:data row 83 (CSV line 84); model-inputs/ed/schema/parameter-ids.json#/entries/82; conductor/tracks/ed_parameter_evidence_20260927/spec.md#L28-L38; conductor/tracks/empirical_calibration_20260925/spec.md#L127-L133,#L203-L243,#L256-L273,#L370-L388; conductor/evidence/p0.2-e0-c0-owner-review-brief-20260930.md#L14-L17,#L31-L36",,"proposed_defer: trigger: a reviewed clinical scope defines physiological state, transitions, units, evidence and validation. Exclude detailed physiology from the generic MVP.",2026-09-30
ed.experimentcontrols.initialization,experiment_controls,experiment.initialization,Proposed CareOps ED model/config; Kairos 22 CLI,categorical_or_structured,initial occupancy/state record; each numeric leaf declares its own unit and coding,MVP_candidate,"candidate input for deterministic/minimal, generic nominal, or surge profiles according to pathway applicability",identity_only_no_value_or_distribution_asserted,independent agent-panel reviewer,accept,"An explicit initial-state input is needed to describe occupancy and ongoing work without hidden defaults. Require internally consistent entity, resource, and event state; an empty deterministic initialization remains a valid MVP fixture.",agent:/root/p02_c0_c,accept,"Initialization is a generative initial-state input. Anchor simulation time at run start; encode ongoing-task ages as elapsed durations at that origin. If source records use absolute timestamps, retain their source timezone/precision before deriving ages; do not treat initial-state observations as post-start outcomes.",coordinator/root-draft,,/root/p02_e0_c_resume,16d79a5c0eff9fb60969b9e7829b5c67cdf63e46,model-inputs/ed/schema/p0.2-owner-review-response-template.csv#data-row=84; model-inputs/ed/schema/parameter-usage-matrix-proposal.json#/entries/83; conductor/tracks/ed_parameter_evidence_20260927/spec.md §Parameter coverage inventory (Experiment controls); §Example input pack; conductor/tracks/generic_ed_delivery_20260925/plan.md §E0.2,,/root/p02_c0_c,16d79a5c0eff9fb60969b9e7829b5c67cdf63e46,"model-inputs/ed/schema/p0.2-owner-review-response-template.csv:data row 84 (CSV line 85); model-inputs/ed/schema/parameter-ids.json#/entries/83; conductor/tracks/ed_parameter_evidence_20260927/spec.md#L28-L38; conductor/tracks/empirical_calibration_20260925/spec.md#L127-L133,#L203-L243,#L256-L273,#L370-L388; conductor/evidence/p0.2-e0-c0-owner-review-brief-20260930.md#L14-L17,#L31-L36",No replacement; accept the proposed C0 unit/role subject to the cross-cutting tick-conversion deferral in row 90.,proposed_accept: `experiment.initialization` for MVP_candidate. E0: An explicit initial-state input is needed to describe occupancy and ongoing work without hidden defaults. C0: Initialization is a generative initial-state input. Keep numeric leaves unit-bearing and separate generated inputs from observed targets; no empirical value or policy default is asserted.,2026-09-30
ed.experimentcontrols.ongoingworkages,experiment_controls,experiment.ongoingworkages,Proposed CareOps ED model/config; Kairos 22 CLI,time,s canonical input; convert from explicit source/config unit to ED clock ticks,MVP_candidate,"candidate input for deterministic/minimal, generic nominal, or surge profiles according to pathway applicability",identity_only_no_value_or_distribution_asserted,independent agent-panel reviewer,accept,Retain as optional initialization detail for in-progress work. Values must be non-negative durations interpreted from the run clock origin and must not be counted again as service already completed; not required in the one-patient fresh-start fixture.,agent:/root/p02_c0_c,accept,"Ongoing-work age is elapsed time at initialization, not an absolute civil timestamp. Preserve source event/time provenance when derived from records; normalize to seconds, then convert only under the still-unresolved declared tick quantum and conversion rule.",coordinator/root-draft,,/root/p02_e0_c_resume,16d79a5c0eff9fb60969b9e7829b5c67cdf63e46,model-inputs/ed/schema/p0.2-owner-review-response-template.csv#data-row=85; model-inputs/ed/schema/parameter-usage-matrix-proposal.json#/entries/84; conductor/tracks/ed_parameter_evidence_20260927/spec.md §Parameter coverage inventory (Experiment controls); §Catalogue record contract,,/root/p02_c0_c,16d79a5c0eff9fb60969b9e7829b5c67cdf63e46,"model-inputs/ed/schema/p0.2-owner-review-response-template.csv:data row 85 (CSV line 86); model-inputs/ed/schema/parameter-ids.json#/entries/84; conductor/tracks/ed_parameter_evidence_20260927/spec.md#L28-L38; conductor/tracks/empirical_calibration_20260925/spec.md#L127-L133,#L203-L243,#L256-L273,#L370-L388; conductor/evidence/p0.2-e0-c0-owner-review-brief-20260930.md#L14-L17,#L31-L36",No replacement; accept the proposed C0 unit/role subject to the cross-cutting tick-conversion deferral in row 90.,"proposed_accept: `experiment.ongoingworkages` for MVP_candidate. E0: Retain as optional initialization detail for in-progress work. C0: Ongoing-work age is elapsed time at initialization, not an absolute civil timestamp. Use seconds and checked ED-adapter conversion under ADR-0004; generic MVP schedules start at relative zero, explicit-offset instants retain source precision, and naive local times/recurrence stay disabled pending an IANA adapter.",2026-09-30
ed.experimentcontrols.warmup,experiment_controls,experiment.warmup,Proposed Kairos 22 CLI; Kairos 21 calibration,time,s canonical input; convert from explicit source/config unit to ED clock ticks,hardened_v1,calibration/validation/experiment profiles; not required for functional MVP,identity_only_no_value_or_distribution_asserted,independent agent-panel reviewer,accept,"Warm-up is appropriately staged for hardened experiments rather than the functional MVP. Keep it an explicit experiment setting when introduced, with reported metric windows excluding warm-up as declared.",agent:/root/p02_c0_c,accept,"Warm-up is an experiment duration relative to run origin, with no timezone. Express in canonical seconds; metric exclusion is a study window and must be reported separately from generated patient/process data. Tick conversion remains subject to C0 resolution.",coordinator/root-draft,,/root/p02_e0_c_resume,16d79a5c0eff9fb60969b9e7829b5c67cdf63e46,model-inputs/ed/schema/p0.2-owner-review-response-template.csv#data-row=86; model-inputs/ed/schema/parameter-usage-matrix-proposal.json#/entries/85; conductor/tracks/ed_parameter_evidence_20260927/spec.md §Parameter coverage inventory (Experiment controls); conductor/delivery-contract.md §Hardened native v1,,/root/p02_c0_c,16d79a5c0eff9fb60969b9e7829b5c67cdf63e46,"model-inputs/ed/schema/p0.2-owner-review-response-template.csv:data row 86 (CSV line 87); model-inputs/ed/schema/parameter-ids.json#/entries/85; conductor/tracks/ed_parameter_evidence_20260927/spec.md#L28-L38; conductor/tracks/empirical_calibration_20260925/spec.md#L127-L133,#L203-L243,#L256-L273,#L370-L388; conductor/evidence/p0.2-e0-c0-owner-review-brief-20260930.md#L14-L17,#L31-L36",No replacement; accept the proposed C0 unit/role subject to the cross-cutting tick-conversion deferral in row 90.,"proposed_accept: `experiment.warmup` for hardened_v1. E0: Warm-up is appropriately staged for hardened experiments rather than the functional MVP. C0: Warm-up is an experiment duration relative to run origin, with no timezone. Use seconds and checked ED-adapter conversion under ADR-0004; generic MVP schedules start at relative zero, explicit-offset instants retain source precision, and naive local times/recurrence stay disabled pending an IANA adapter.",2026-09-30
ed.experimentcontrols.horizon,experiment_controls,experiment.horizon,Proposed Kairos 22 CLI,time,s canonical input; convert from explicit source/config unit to ED clock ticks,MVP_candidate,"candidate input for deterministic/minimal, generic nominal, or surge profiles according to pathway applicability",identity_only_no_value_or_distribution_asserted,independent agent-panel reviewer,accept,A run horizon is required to bound the MVP scenario. Reject invalid or unrepresentable values clearly after conversion to the engine clock; exact tick resolution and rounding remain a C0/Kairos contract decision.,agent:/root/p02_c0_c,accept,"Horizon is elapsed simulation duration from run origin, not a civil timestamp. Seconds are a suitable canonical input unit; tick conversion requires the declared resolution and checked conversion contract.",coordinator/root-draft,,/root/p02_e0_c_resume,16d79a5c0eff9fb60969b9e7829b5c67cdf63e46,model-inputs/ed/schema/p0.2-owner-review-response-template.csv#data-row=87; model-inputs/ed/schema/parameter-usage-matrix-proposal.json#/entries/86; conductor/delivery-contract.md §Functional MVP (choose seed/horizon); conductor/evidence/p0.2-e0-c0-owner-review-brief-20260930.md §Canonical duration unit,,/root/p02_c0_c,16d79a5c0eff9fb60969b9e7829b5c67cdf63e46,"model-inputs/ed/schema/p0.2-owner-review-response-template.csv:data row 87 (CSV line 88); model-inputs/ed/schema/parameter-ids.json#/entries/86; conductor/tracks/ed_parameter_evidence_20260927/spec.md#L28-L38; conductor/tracks/empirical_calibration_20260925/spec.md#L127-L133,#L203-L243,#L256-L273,#L370-L388; conductor/evidence/p0.2-e0-c0-owner-review-brief-20260930.md#L14-L17,#L31-L36",No replacement; accept the proposed C0 unit/role subject to the cross-cutting tick-conversion deferral in row 90.,"proposed_accept: `experiment.horizon` for MVP_candidate. E0: A run horizon is required to bound the MVP scenario. C0: Horizon is elapsed simulation duration from run origin, not a civil timestamp. Use seconds and checked ED-adapter conversion under ADR-0004; generic MVP schedules start at relative zero, explicit-offset instants retain source precision, and naive local times/recurrence stay disabled pending an IANA adapter.",2026-09-30
ed.experimentcontrols.replications,experiment_controls,experiment.replications,Proposed Kairos 22 CLI; Kairos 21 calibration,count_or_capacity,non-negative integer count; resource identity and availability are separate,hardened_v1,calibration/validation/experiment profiles; not required for functional MVP,identity_only_no_value_or_distribution_asserted,independent agent-panel reviewer,accept,"Repeated experiments are a hardened-v1 feature, not needed for the functional MVP. A non-negative integer count is structurally appropriate, but the runner must define whether zero is invalid rather than silently treating it as one.",agent:/root/p02_c0_c,accept,"Replication count is an experiment-design control, not an empirical target or ED-generative parameter. Keep the sampling/cluster unit and candidate/replication identities explicit; no count is asserted.",coordinator/root-draft,,/root/p02_e0_c_resume,16d79a5c0eff9fb60969b9e7829b5c67cdf63e46,model-inputs/ed/schema/p0.2-owner-review-response-template.csv#data-row=88; model-inputs/ed/schema/parameter-usage-matrix-proposal.json#/entries/87; conductor/delivery-contract.md §Hardened native v1 (Repeated experiments and uncertainty summaries),,/root/p02_c0_c,16d79a5c0eff9fb60969b9e7829b5c67cdf63e46,"model-inputs/ed/schema/p0.2-owner-review-response-template.csv:data row 88 (CSV line 89); model-inputs/ed/schema/parameter-ids.json#/entries/87; conductor/tracks/ed_parameter_evidence_20260927/spec.md#L28-L38; conductor/tracks/empirical_calibration_20260925/spec.md#L127-L133,#L203-L243,#L256-L273,#L370-L388; conductor/evidence/p0.2-e0-c0-owner-review-brief-20260930.md#L14-L17,#L31-L36",,"proposed_accept: `experiment.replications` for hardened_v1. E0: Repeated experiments are a hardened-v1 feature, not needed for the functional MVP. C0: Replication count is an experiment-design control, not an empirical target or ED-generative parameter. Keep numeric leaves unit-bearing and separate generated inputs from observed targets; no empirical value or policy default is asserted.",2026-09-30
ed.experimentcontrols.seedstreams,experiment_controls,experiment.seedstreams,Proposed Kairos 01 seed/order contract; Kairos 22 CLI experiment orchestration,seed_identity,unsigned integer seed plus named purpose; exact width owned by Kairos 01,hardened_v1,calibration/validation/experiment profiles; not required for functional MVP,identity_only_no_value_or_distribution_asserted,independent agent-panel reviewer,revise,The proposed hardened-v1 stage conflicts with the MVP requirement to choose a seed and reproduce canonical outputs on repeat runs. E0 needs a single run seed now; named multi-stream allocation and exact seed width remain owned by Kairos 01.,agent:/root/p02_c0_c,accept,Seed purpose/stream identity supports reproducibility of generated inputs and calibration candidates; it is not a fitted parameter or target. Leave width and exact derivation to Kairos 01 and preserve named purpose/sampling level.,coordinator/root-draft,,/root/p02_e0_c_resume,16d79a5c0eff9fb60969b9e7829b5c67cdf63e46,model-inputs/ed/schema/p0.2-owner-review-response-template.csv#data-row=89; model-inputs/ed/schema/parameter-usage-matrix-proposal.json#/entries/88; conductor/delivery-contract.md §Functional MVP; §Hardened native v1; conductor/tracks/ed_parameter_evidence_20260927/spec.md §Example input pack,Stage as `MVP_candidate` for a single run seed and repeatability; reserve named multi-stream allocation/width for the Kairos 01 contract.,/root/p02_c0_c,16d79a5c0eff9fb60969b9e7829b5c67cdf63e46,"model-inputs/ed/schema/p0.2-owner-review-response-template.csv:data row 89 (CSV line 90); model-inputs/ed/schema/parameter-ids.json#/entries/88; conductor/tracks/ed_parameter_evidence_20260927/spec.md#L28-L38; conductor/tracks/empirical_calibration_20260925/spec.md#L127-L133,#L203-L243,#L256-L273,#L370-L388; conductor/evidence/p0.2-e0-c0-owner-review-brief-20260930.md#L14-L17,#L31-L36",,"proposed_revise: replacement: Expose `experiment.seedstreams` at MVP stage to the CareOps ED configuration validator and Kairos 22 run orchestrator as one explicit run seed that makes repeated runs with identical inputs reproducible; represent it as an unsigned integer seed identity, with its supported width validated by the selected Kairos contract. Do not require named stream allocation in MVP; derive named streams and define their width only under Kairos Track 01.",2026-09-30
ed.experimentcontrols.timeunits,experiment_controls,experiment.timeunits,Proposed CareOps ED model/config; Kairos 22 CLI,time,s canonical input; convert from explicit source/config unit to ED clock ticks,MVP_candidate,"candidate input for deterministic/minimal, generic nominal, or surge profiles according to pathway applicability",identity_only_no_value_or_distribution_asserted,independent agent-panel reviewer,revise,A free-standing runtime time-unit switch conflicts with the proposed canonical seconds boundary and can make the same numeric value ambiguous. Units should travel with each time-bearing field; schema/manifest metadata may identify the source unit before normalization.,agent:/root/p02_c0_c,defer,"Seconds are a reasonable canonical ED configuration unit, but this row explicitly leaves time resolution/runtime type undefined. Kairos SimTime stores integer ticks and the engine has no civil-time or timezone conversion; C0 has not fixed tick quantum, run origin convention, or rounding/rejection rule. Do not claim seconds-to-ticks conversion is settled.",coordinator/root-draft,,/root/p02_e0_c_resume,16d79a5c0eff9fb60969b9e7829b5c67cdf63e46,model-inputs/ed/schema/p0.2-owner-review-response-template.csv#data-row=90; model-inputs/ed/schema/parameter-usage-matrix-proposal.json#/entries/89; conductor/evidence/p0.2-e0-c0-owner-review-brief-20260930.md §Canonical duration unit; §Timestamped schedules,"Replace the runtime key with per-field unit metadata; normalize durations to seconds at the input boundary, then convert once to Kairos ticks under the accepted C0 conversion contract.",/root/p02_c0_c,16d79a5c0eff9fb60969b9e7829b5c67cdf63e46,"model-inputs/ed/schema/p0.2-owner-review-response-template.csv:data row 90 (CSV line 91); model-inputs/ed/schema/parameter-ids.json#/entries/89; conductor/tracks/ed_parameter_evidence_20260927/spec.md#L28-L38; conductor/tracks/empirical_calibration_20260925/spec.md#L127-L133,#L203-L243,#L256-L273,#L370-L388; conductor/evidence/p0.2-e0-c0-owner-review-brief-20260930.md#L14-L17,#L31-L36; libs/kairos/crates/kairo-ecs-types/src/lib.rs#L51-L65; libs/kairos/conductor/quality-frontier-20260928.md#L17","Retain seconds as the normalized external duration unit. Defer acceptance of tick conversion until C0 freezes a per-run or contract-level tick quantum (exact seconds-per-tick), simulation origin, checked seconds-to-ticks conversion, and behavior for nonrepresentable values; preserve absolute source timestamps and timezone handling in the ED/IO adapter, outside SimTime.","proposed_revise: replacement: Remove `experiment.timeunits` as a runtime global unit switch. At MVP, each time-valued field declares its source unit and the CareOps ED adapter normalizes fixed durations exactly to decimal seconds, then converts once using ADR-0004's one-nanosecond-per-`u128`-tick profile with checked conversion; sampled finite nonnegative durations round upward as specified there. ADR-0004 accepts this interface contract, while Rust adapter/runtime and calibration trace integration remain unverified.",2026-09-30
ed.experimentcontrols.modeoverrides,experiment_controls,experiment.modeoverrides,Proposed CareOps ED model/config; Kairos 22 CLI,categorical_or_structured,no single scalar unit; every numeric leaf declares its unit and category coding,MVP_candidate,"candidate input for deterministic/minimal, generic nominal, or surge profiles according to pathway applicability",identity_only_no_value_or_distribution_asserted,independent agent-panel reviewer,accept,"Allow only documented, schema-enumerated mode/feature choices for supported profiles. Do not permit arbitrary configuration-key overrides that bypass validation or change frozen model semantics.",agent:/root/p02_c0_c,revise,"Mode/fidelity overrides affect generated trajectories and metric comparability; they are controls, not calibration parameters. Candidate comparisons must hold the resolved mode constant or report mode as a prespecified stratum, and record it in run/metric provenance.",coordinator/root-draft,,/root/p02_e0_c_resume,16d79a5c0eff9fb60969b9e7829b5c67cdf63e46,model-inputs/ed/schema/p0.2-owner-review-response-template.csv#data-row=91; model-inputs/ed/schema/parameter-usage-matrix-proposal.json#/entries/90; conductor/tracks/ed_parameter_evidence_20260927/spec.md §Catalogue record contract (applicability/mode); conductor/delivery-contract.md §Functional MVP,,/root/p02_c0_c,16d79a5c0eff9fb60969b9e7829b5c67cdf63e46,"model-inputs/ed/schema/p0.2-owner-review-response-template.csv:data row 91 (CSV line 92); model-inputs/ed/schema/parameter-ids.json#/entries/90; conductor/tracks/ed_parameter_evidence_20260927/spec.md#L28-L38; conductor/tracks/empirical_calibration_20260925/spec.md#L127-L133,#L203-L243,#L256-L273,#L370-L388; conductor/evidence/p0.2-e0-c0-owner-review-brief-20260930.md#L14-L17,#L31-L36",Replace C0 profile-use semantics with: “Scenario control fixed within each calibration comparison or declared as a prespecified comparison stratum; record resolved mode in run/metric provenance. Do not optimize mode jointly as a fitted parameter.”,"proposed_revise: replacement: The CareOps ED schema accepts only documented, enumerated `experiment.modeoverrides` for modes supported by the selected profile; record the resolved mode in run and metric provenance. Keep each mode fixed within a calibration comparison or declare it beforehand as a comparison stratum; stage as an MVP scenario control where applicable, never fit or optimize it as a calibration parameter. Structured numeric leaves retain explicit units.",2026-09-30
ed.experimentcontrols.observationcensoringwindows,experiment_controls,experiment.observationcensoringwindows,Proposed Kairos 22 CLI; Kairos 21 calibration,schedule_or_interval,observation and censoring windows use declared time units; preserve event and censoring semantics,hardened_v1,calibration/validation/experiment profiles; not required for functional MVP,identity_only_no_value_or_distribution_asserted,independent agent-panel reviewer,accept,Keep for hardened calibration/validation runs. Window and censoring declarations must preserve event-time and incomplete-run meaning; this is not a generative patient input.,agent:/root/p02_c0_c,revise,"The unit proposal does not distinguish relative intervals from absolute civil-time windows. Observation windows need an explicit anchor; absolute source instants retain original offset/timezone and source precision, while durations/windows are relative to a declared run, episode, or study origin. DST resolution belongs to the adapter; integer ticks cannot retain civil-time semantics.",coordinator/root-draft,,/root/p02_e0_c_resume,16d79a5c0eff9fb60969b9e7829b5c67cdf63e46,model-inputs/ed/schema/p0.2-owner-review-response-template.csv#data-row=92; model-inputs/ed/schema/parameter-usage-matrix-proposal.json#/entries/91; conductor/tracks/ed_parameter_evidence_20260927/spec.md §Parameter coverage inventory (Experiment controls and Measurement mapping); §Hardened native v1,,/root/p02_c0_c,16d79a5c0eff9fb60969b9e7829b5c67cdf63e46,"model-inputs/ed/schema/p0.2-owner-review-response-template.csv:data row 92 (CSV line 93); model-inputs/ed/schema/parameter-ids.json#/entries/91; conductor/tracks/ed_parameter_evidence_20260927/spec.md#L28-L38; conductor/tracks/empirical_calibration_20260925/spec.md#L127-L133,#L203-L243,#L256-L273,#L370-L388; conductor/evidence/p0.2-e0-c0-owner-review-brief-20260930.md#L14-L17,#L31-L36","Replace unit contract with: “Declare each window as elapsed duration or absolute source-time interval. Durations use canonical seconds and a named run/episode/study origin; absolute timestamps retain source offset/timezone, DST resolution, and original precision. Convert to ticks only under the frozen C0 tick quantum/rule; never invent finer precision.”","proposed_revise: replacement: For hardened-v1 Kairos 21 calibration/validation and Kairos 22 experiment orchestration, represent each `experiment.observationcensoringwindows` window explicitly as either an elapsed duration in canonical seconds with a named run, episode, or study origin, or an absolute source-time interval retaining original timestamps, offset/timezone, DST resolution, and source precision. Convert only under ADR-0004's checked adapter rules; do not infer precision from ticks or use a window as a generated patient duration.",2026-09-30
ed.experimentcontrols.calibrationbounds,experiment_controls,experiment.calibrationbounds,Proposed Kairos 21 calibration,categorical_or_structured,no single scalar unit; every numeric leaf declares its unit and category coding,hardened_v1,calibration/validation/experiment profiles; not required for functional MVP,identity_only_no_value_or_distribution_asserted,independent agent-panel reviewer,accept,Calibration bounds belong to the later calibration interface and are correctly staged outside the functional MVP. Bounds need parameter-specific units and provenance when populated; no values are proposed here.,agent:/root/p02_c0_c,accept,"Calibration bounds constrain candidate generation and must be separate from physical limits, observed sample ranges, scenario ranges, and uncertainty. Numeric leaves need units and source/rationale; bounds do not turn observed targets into generative inputs.",coordinator/root-draft,,/root/p02_e0_c_resume,16d79a5c0eff9fb60969b9e7829b5c67cdf63e46,model-inputs/ed/schema/p0.2-owner-review-response-template.csv#data-row=93; model-inputs/ed/schema/parameter-usage-matrix-proposal.json#/entries/92; conductor/tracks/ed_parameter_evidence_20260927/spec.md §Catalogue record contract (range classes and calibration status); conductor/delivery-contract.md §Hardened native v1,,/root/p02_c0_c,16d79a5c0eff9fb60969b9e7829b5c67cdf63e46,"model-inputs/ed/schema/p0.2-owner-review-response-template.csv:data row 93 (CSV line 94); model-inputs/ed/schema/parameter-ids.json#/entries/92; conductor/tracks/ed_parameter_evidence_20260927/spec.md#L28-L38; conductor/tracks/empirical_calibration_20260925/spec.md#L127-L133,#L203-L243,#L256-L273,#L370-L388; conductor/evidence/p0.2-e0-c0-owner-review-brief-20260930.md#L14-L17,#L31-L36",,"proposed_accept: `experiment.calibrationbounds` for hardened_v1. E0: Calibration bounds belong to the later calibration interface and are correctly staged outside the functional MVP. C0: Calibration bounds constrain candidate generation and must be separate from physical limits, observed sample ranges, scenario ranges, and uncertainty. Keep numeric leaves unit-bearing and separate generated inputs from observed targets; no empirical value or policy default is asserted.",2026-09-30
ed.measurementmapping.observedelapsedinterval,measurement_mapping,observations.observedelapsedinterval,Proposed Kairos 04 Arrow trace mapping; Kairos 21 calibration,time,s canonical input; preserve original precision and source-unit provenance,hardened_v1,calibration/validation/experiment profiles; not required for functional MVP,identity_only_no_value_or_distribution_asserted,independent agent-panel reviewer,accept,"Keep as an observation mapping for hardened calibration, with original source unit/precision retained and explicit mapping to elapsed endpoints. Do not consume observed elapsed time as intrinsic service work by default.",agent:/root/p02_c0_c,revise,"This is an observed measurement, not a primitive generative work duration. Preserve the source event pair and raw timestamp values, source timezone/offset, precision and recording-time lineage; derive elapsed seconds only after event mapping. Do not equate elapsed interval with intrinsic service, queue, or transit without endpoint evidence.",coordinator/root-draft,,/root/p02_e0_c_resume,16d79a5c0eff9fb60969b9e7829b5c67cdf63e46,model-inputs/ed/schema/p0.2-owner-review-response-template.csv#data-row=94; model-inputs/ed/schema/parameter-usage-matrix-proposal.json#/entries/93; conductor/tracks/ed_parameter_evidence_20260927/spec.md §Durations; §Evidence and distribution selection; §Measurement mapping,,/root/p02_c0_c,16d79a5c0eff9fb60969b9e7829b5c67cdf63e46,"model-inputs/ed/schema/p0.2-owner-review-response-template.csv:data row 94 (CSV line 95); model-inputs/ed/schema/parameter-ids.json#/entries/93; conductor/tracks/ed_parameter_evidence_20260927/spec.md#L28-L38; conductor/tracks/empirical_calibration_20260925/spec.md#L127-L133,#L203-L243,#L256-L273,#L370-L388; conductor/evidence/p0.2-e0-c0-owner-review-brief-20260930.md#L14-L17,#L31-L36; model-inputs/ed/schema/parameter-ids.json#/entries/93","Replace unit contract with: “Observed target/measurement only; retain raw source timestamps, event endpoints, source units, timezone/offset, precision and occurrence-versus-recording times. Derive canonical elapsed seconds with a versioned mapping; map to ticks only under frozen C0 conversion without fabricating precision. The interval is not a primitive service-time input.”","proposed_revise: replacement: For hardened-v1 Kairos 04 trace mapping and Kairos 21 calibration, `observations.observedelapsedinterval` is an observed target in source units, not a generated service/work input. Retain raw source timestamps, declared event endpoints, timezone/offset, precision, provenance, and occurrence-versus-recording lineage; derive elapsed seconds only through a versioned mapping with explicit cohort and denominator, and keep the result separate from simulated durations and generated configuration.",2026-09-30
ed.measurementmapping.queuedelay,measurement_mapping,observations.queuedelay,Proposed Kairos 04 Arrow trace mapping; Kairos 21 calibration,time,s canonical input; convert from explicit source/config unit to ED clock ticks,hardened_v1,calibration/validation/experiment profiles; not required for functional MVP,identity_only_no_value_or_distribution_asserted,independent agent-panel reviewer,accept,"Queue delay is an observed target/mapping, not a generative service duration. Preserve queue-entry/exit event semantics and units so queue time is not double-counted in service work.",agent:/root/p02_c0_c,revise,"Registry semantics identify queue delay as an observed validation target; simulated queue delay is endogenous. The matrix time-unit wording alone does not prevent reusing the measured target as a generative input. Define queue entry and service-grant endpoints, eligible cohort/denominator, exclusions and censoring; retain the observed target separately from simulated outcome.",coordinator/root-draft,,/root/p02_e0_c_resume,16d79a5c0eff9fb60969b9e7829b5c67cdf63e46,model-inputs/ed/schema/p0.2-owner-review-response-template.csv#data-row=95; model-inputs/ed/schema/parameter-usage-matrix-proposal.json#/entries/94; conductor/tracks/ed_parameter_evidence_20260927/spec.md §Durations; §Measurement mapping; conductor/delivery-contract.md §Functional MVP (reported waiting time),,/root/p02_c0_c,16d79a5c0eff9fb60969b9e7829b5c67cdf63e46,"model-inputs/ed/schema/p0.2-owner-review-response-template.csv:data row 95 (CSV line 96); model-inputs/ed/schema/parameter-ids.json#/entries/94; conductor/tracks/ed_parameter_evidence_20260927/spec.md#L28-L38; conductor/tracks/empirical_calibration_20260925/spec.md#L127-L133,#L203-L243,#L256-L273,#L370-L388; conductor/evidence/p0.2-e0-c0-owner-review-brief-20260930.md#L14-L17,#L31-L36; model-inputs/ed/schema/parameter-ids.json#/entries/94","Replace unit contract with: “Observed target only: specify queue-entry and grant/start events, clock/source provenance, cohort and denominator, missingness/censoring, and canonical duration unit. Keep observed and simulated queue-delay fields separate; never use this target as an input parameter. Tick normalization is conditional on frozen C0 conversion.”","proposed_revise: replacement: For hardened-v1 Kairos 04 trace mapping and Kairos 21 calibration, `observations.queuedelay` is an observed validation target in canonical seconds, never a generative service-time input. Define queue-entry and grant/start endpoints, clock and source provenance, cohort, denominator, missingness, and censoring; retain observed and simulated queue delay as separate fields and do not add the observed target to simulated work.",2026-09-30
ed.measurementmapping.eventdefinitions,measurement_mapping,observations.eventdefinitions,Proposed Kairos 04 Arrow trace mapping; Kairos 21 calibration,categorical_or_structured,no single scalar unit; every numeric leaf declares its unit and category coding,hardened_v1,calibration/validation/experiment profiles; not required for functional MVP,identity_only_no_value_or_distribution_asserted,independent agent-panel reviewer,accept,A structured event dictionary is necessary to map traces to model observations. Version event names and endpoint semantics with the trace schema; no event definition should be inferred from a label alone.,agent:/root/p02_c0_c,accept,"Event definitions are measurement mappings, separate from pathway-generation rules. Version the source-to-canonical mapping; preserve event occurrence time separately from nullable source-recorded/message-created times, and retain distinct episode_end and physical_departure semantics.",coordinator/root-draft,,/root/p02_e0_c_resume,16d79a5c0eff9fb60969b9e7829b5c67cdf63e46,model-inputs/ed/schema/p0.2-owner-review-response-template.csv#data-row=96; model-inputs/ed/schema/parameter-usage-matrix-proposal.json#/entries/95; conductor/tracks/ed_parameter_evidence_20260927/spec.md §Measurement mapping; §Acceptance P-R1,,/root/p02_c0_c,16d79a5c0eff9fb60969b9e7829b5c67cdf63e46,"model-inputs/ed/schema/p0.2-owner-review-response-template.csv:data row 96 (CSV line 97); model-inputs/ed/schema/parameter-ids.json#/entries/95; conductor/tracks/ed_parameter_evidence_20260927/spec.md#L28-L38; conductor/tracks/empirical_calibration_20260925/spec.md#L127-L133,#L203-L243,#L256-L273,#L370-L388; conductor/evidence/p0.2-e0-c0-owner-review-brief-20260930.md#L14-L17,#L31-L36; model-inputs/ed/schema/parameter-ids.json#/entries/95",,"proposed_accept: `observations.eventdefinitions` for hardened_v1. E0: A structured event dictionary is necessary to map traces to model observations. C0: Event definitions are measurement mappings, separate from pathway-generation rules. Keep event provenance, cohorts and observed targets separate from generated configuration and simulated outcomes.",2026-09-30
ed.measurementmapping.inclusioncriteria,measurement_mapping,observations.inclusioncriteria,Proposed Kairos 04 Arrow trace mapping; Kairos 21 calibration,categorical_or_structured,no single scalar unit; every numeric leaf declares its unit and category coding,hardened_v1,calibration/validation/experiment profiles; not required for functional MVP,identity_only_no_value_or_distribution_asserted,independent agent-panel reviewer,accept,Keep explicit cohort/visit and exclusion rules at the observation boundary. Criteria must preserve denominator and missingness provenance and must not silently alter generative arrivals or pathways.,agent:/root/p02_c0_c,accept,"Inclusion criteria define the observed-data cohort, not a generative rule. Prespecify and version them before fitting/evaluation; retain exclusions and prevent future outcome or post-hoc selection from leaking into predictors or calibration targets.",coordinator/root-draft,,/root/p02_e0_c_resume,16d79a5c0eff9fb60969b9e7829b5c67cdf63e46,model-inputs/ed/schema/p0.2-owner-review-response-template.csv#data-row=97; model-inputs/ed/schema/parameter-usage-matrix-proposal.json#/entries/96; conductor/tracks/ed_parameter_evidence_20260927/spec.md §Reports 9–12 integration; §Reports 26–30 integration; §Measurement mapping,,/root/p02_c0_c,16d79a5c0eff9fb60969b9e7829b5c67cdf63e46,"model-inputs/ed/schema/p0.2-owner-review-response-template.csv:data row 97 (CSV line 98); model-inputs/ed/schema/parameter-ids.json#/entries/96; conductor/tracks/ed_parameter_evidence_20260927/spec.md#L28-L38; conductor/tracks/empirical_calibration_20260925/spec.md#L127-L133,#L203-L243,#L256-L273,#L370-L388; conductor/evidence/p0.2-e0-c0-owner-review-brief-20260930.md#L14-L17,#L31-L36; model-inputs/ed/schema/parameter-ids.json#/entries/96",,"proposed_accept: `observations.inclusioncriteria` for hardened_v1. E0: Keep explicit cohort/visit and exclusion rules at the observation boundary. C0: Inclusion criteria define the observed-data cohort, not a generative rule. Keep event provenance, cohorts and observed targets separate from generated configuration and simulated outcomes.",2026-09-30
ed.measurementmapping.metricdenominators,measurement_mapping,observations.metricdenominators,Proposed Kairos 21 calibration; Kairos 22 CLI reporting,categorical_or_structured,no single scalar unit; every numeric leaf declares its unit and category coding,hardened_v1,calibration/validation/experiment profiles; not required for functional MVP,identity_only_no_value_or_distribution_asserted,independent agent-panel reviewer,accept,Explicit denominators are required for interpretable reported metrics and calibration targets. Store them with metric definitions and cohort rules; do not infer them from aggregate totals.,agent:/root/p02_c0_c,accept,"Metric denominators are measurement semantics. Define eligible cases/events and conditioning variables explicitly, report reference/simulation counts plus excluded, unmatched and censored counts, and keep denominators distinct from generated demand or pathway probabilities.",coordinator/root-draft,,/root/p02_e0_c_resume,16d79a5c0eff9fb60969b9e7829b5c67cdf63e46,model-inputs/ed/schema/p0.2-owner-review-response-template.csv#data-row=98; model-inputs/ed/schema/parameter-usage-matrix-proposal.json#/entries/97; conductor/delivery-contract.md §Functional MVP (metrics with units and denominators); conductor/tracks/ed_parameter_evidence_20260927/spec.md §Measurement mapping,,/root/p02_c0_c,16d79a5c0eff9fb60969b9e7829b5c67cdf63e46,"model-inputs/ed/schema/p0.2-owner-review-response-template.csv:data row 98 (CSV line 99); model-inputs/ed/schema/parameter-ids.json#/entries/97; conductor/tracks/ed_parameter_evidence_20260927/spec.md#L28-L38; conductor/tracks/empirical_calibration_20260925/spec.md#L127-L133,#L203-L243,#L256-L273,#L370-L388; conductor/evidence/p0.2-e0-c0-owner-review-brief-20260930.md#L14-L17,#L31-L36; model-inputs/ed/schema/parameter-ids.json#/entries/97",,"proposed_accept: `observations.metricdenominators` for hardened_v1. E0: Explicit denominators are required for interpretable reported metrics and calibration targets. C0: Metric denominators are measurement semantics. Keep event provenance, cohorts and observed targets separate from generated configuration and simulated outcomes.",2026-09-30
ed.measurementmapping.timestampprecisiondelay,measurement_mapping,observations.timestampprecisiondelay,Proposed Kairos 04 Arrow trace mapping; Kairos 21 calibration,time,s canonical input; convert from explicit source/config unit to ED clock ticks,hardened_v1,calibration/validation/experiment profiles; not required for functional MVP,identity_only_no_value_or_distribution_asserted,independent agent-panel reviewer,accept,"Retain this as observation metadata for timestamp resolution/recording delay, not as a process duration to add to simulated work. Unit conversion alone does not settle source timezone, origin, DST, precision, or rounding; C0 must close those semantics.",agent:/root/p02_c0_c,revise,"Timestamp precision and recording delay are different concepts. Source precision cannot be upgraded by normalization, and a recording delay cannot be inferred from timestamp granularity alone. Preserve absolute-time timezone/offset and occurrence versus recording times independently.",coordinator/root-draft,,/root/p02_e0_c_resume,16d79a5c0eff9fb60969b9e7829b5c67cdf63e46,model-inputs/ed/schema/p0.2-owner-review-response-template.csv#data-row=99; model-inputs/ed/schema/parameter-usage-matrix-proposal.json#/entries/98; conductor/evidence/p0.2-e0-c0-owner-review-brief-20260930.md §Timestamped schedules; conductor/tracks/ed_parameter_evidence_20260927/spec.md §Measurement mapping,,/root/p02_c0_c,16d79a5c0eff9fb60969b9e7829b5c67cdf63e46,"model-inputs/ed/schema/p0.2-owner-review-response-template.csv:data row 99 (CSV line 100); model-inputs/ed/schema/parameter-ids.json#/entries/98; conductor/tracks/ed_parameter_evidence_20260927/spec.md#L28-L38; conductor/tracks/empirical_calibration_20260925/spec.md#L127-L133,#L203-L243,#L256-L273,#L370-L388; conductor/evidence/p0.2-e0-c0-owner-review-brief-20260930.md#L14-L17,#L31-L36; model-inputs/ed/schema/parameter-ids.json#/entries/98","Replace unit contract with: “Measurement metadata: preserve raw occurrence and source-recorded/message-created timestamps separately, each with source precision, timezone/offset where absolute, and provenance. Represent recording delay separately with an evidence-backed or unknown status; never infer it from timestamp resolution. Normalize without fabricating precision and convert only under frozen C0 rules.”","proposed_revise: replacement: For hardened-v1 Kairos 04 trace mapping and Kairos 21 calibration, `observations.timestampprecisiondelay` contains observation metadata rather than process duration: preserve occurrence and source-recorded/message-created timestamps separately with source precision, offset/timezone where absolute, and provenance. Represent recording delay separately in declared source time units as evidence-backed or unknown; never infer it from timestamp resolution, fabricate precision, or add it to simulated work.",2026-09-30
ed.measurementmapping.missingness,measurement_mapping,observations.missingness,Proposed Kairos 04 Arrow trace mapping; Kairos 21 calibration,categorical_or_structured,explicit observed-data missingness metadata and mapping policy; numeric leaves declare units if present,hardened_v1,calibration/validation/experiment profiles; not required for functional MVP,identity_only_no_value_or_distribution_asserted,independent agent-panel reviewer,accept,An explicit missingness mapping is appropriate for empirical inputs and targets. Preserve observed-data missingness and handling policy; never coerce missing values to zero or fabricate a generative value.,agent:/root/p02_c0_c,accept,"Missingness belongs to observed-data metadata and cohort/metric accounting, not an implicit generated default. Preserve field-level missingness reason where available; report missing/outcome rates and exclusions separately, and do not claim first-release survival or missing-data correction.",coordinator/root-draft,,/root/p02_e0_c_resume,16d79a5c0eff9fb60969b9e7829b5c67cdf63e46,model-inputs/ed/schema/p0.2-owner-review-response-template.csv#data-row=100; model-inputs/ed/schema/parameter-usage-matrix-proposal.json#/entries/99; conductor/tracks/ed_parameter_evidence_20260927/spec.md §Catalogue record contract (unknown is never zero); §Measurement mapping; §Acceptance P-R2,,/root/p02_c0_c,16d79a5c0eff9fb60969b9e7829b5c67cdf63e46,"model-inputs/ed/schema/p0.2-owner-review-response-template.csv:data row 100 (CSV line 101); model-inputs/ed/schema/parameter-ids.json#/entries/99; conductor/tracks/ed_parameter_evidence_20260927/spec.md#L28-L38; conductor/tracks/empirical_calibration_20260925/spec.md#L127-L133,#L203-L243,#L256-L273,#L370-L388; conductor/evidence/p0.2-e0-c0-owner-review-brief-20260930.md#L14-L17,#L31-L36; model-inputs/ed/schema/parameter-ids.json#/entries/99",,"proposed_accept: `observations.missingness` for hardened_v1. E0: An explicit missingness mapping is appropriate for empirical inputs and targets. C0: Missingness belongs to observed-data metadata and cohort/metric accounting, not an implicit generated default. Keep event provenance, cohorts and observed targets separate from generated configuration and simulated outcomes.",2026-09-30
ed.measurementmapping.censoring,measurement_mapping,observations.censoring,Proposed Kairos 04 Arrow trace mapping; Kairos 21 calibration,categorical_or_structured,explicit observed-trace censoring semantics and mapping; numeric leaves declare units if present,hardened_v1,calibration/validation/experiment profiles; not required for functional MVP,identity_only_no_value_or_distribution_asserted,independent agent-panel reviewer,accept,Keep censoring metadata distinct from terminal simulated outcomes and from ordinary missingness. It is needed for observation/calibration interpretation but is not an MVP generative input.,agent:/root/p02_c0_c,accept,"Censoring belongs to observed traces/targets. Preserve risk start, last observed time, event/cause, censor reason and observation window; do not encode censor time as an exact completion or silently drop censored cases. Report censoring separately; no survival correction is implied.",coordinator/root-draft,,/root/p02_e0_c_resume,16d79a5c0eff9fb60969b9e7829b5c67cdf63e46,model-inputs/ed/schema/p0.2-owner-review-response-template.csv#data-row=101; model-inputs/ed/schema/parameter-usage-matrix-proposal.json#/entries/100; conductor/tracks/ed_parameter_evidence_20260927/spec.md §Measurement mapping; §Acceptance P-R4; conductor/tracks/generic_ed_delivery_20260925/plan.md §E1.3,,/root/p02_c0_c,16d79a5c0eff9fb60969b9e7829b5c67cdf63e46,"model-inputs/ed/schema/p0.2-owner-review-response-template.csv:data row 101 (CSV line 102); model-inputs/ed/schema/parameter-ids.json#/entries/100; conductor/tracks/ed_parameter_evidence_20260927/spec.md#L28-L38; conductor/tracks/empirical_calibration_20260925/spec.md#L127-L133,#L203-L243,#L256-L273,#L370-L388; conductor/evidence/p0.2-e0-c0-owner-review-brief-20260930.md#L14-L17,#L31-L36; model-inputs/ed/schema/parameter-ids.json#/entries/100",,"proposed_accept: `observations.censoring` for hardened_v1. E0: Keep censoring metadata distinct from terminal simulated outcomes and from ordinary missingness. C0: Censoring belongs to observed traces/targets. Keep event provenance, cohorts and observed targets separate from generated configuration and simulated outcomes.",2026-09-30
