parameter_id,family,proposed_config_key,proposed_consumer,proposed_unit_class,proposed_unit_contract,proposed_profile_stage,proposed_profile_use,evidence_status,E0_reviewer_id,E0_disposition,E0_rationale,C0_reviewer_id,C0_disposition,C0_rationale,coordinator_id,resolved_at,E0_session_id,E0_base_commit,E0_evidence_locator,E0_replacement,C0_session_id,C0_base_commit,C0_evidence_locator,C0_replacement,coordinator_resolution,reviewed_at
ed.demandcasemix.arrivals,demand_case_mix,demand.arrivals,Proposed CareOps ED model/config; Kairos 22 CLI scenario configuration,rate_or_schedule,patients/hour or timestamped arrival schedule; select one representation per profile,MVP_candidate,"candidate input for deterministic/minimal, generic nominal, or surge profiles according to pathway applicability",identity_only_no_value_or_distribution_asserted,/root/p02_e0_detail_review,accept,"The proposed consumer and demand.arrivals key fit the E0 need for seeded, time-varying arrivals. Keep the profile's rate-versus-timestamped-schedule choice exclusive and make the schedule clock explicit; the row does not justify a value or an arrival distribution.",C0 independent reviewer /root/p02_c0_detail_review_a,accept,"The selected representation is a generative arrival input: a rate process or explicit occurrence schedule, not an observed target by itself. Observed arrival occurrences can calibrate the chosen process only with an exposure window, cohort inclusion and missingness counts; schedule timestamps need the dataset/run origin, source zone, retained precision and declared conversion policy.",coordinator/root,2026-09-30,p02_e0_detail_review_2026-09-30,16d79a5c0eff9fb60969b9e7829b5c67cdf63e46,model-inputs/ed/schema/parameter-usage-matrix-proposal.json#/entries/0; model-inputs/ed/schema/parameter-ids.json#/entries/0; conductor/tracks/generic_ed_delivery_20260925/spec.md#Model-requirements; conductor/tracks/generic_ed_delivery_20260925/plan.md#E0,,codex-subtask:/root/p02_c0_detail_review_a,16d79a5c0eff9fb60969b9e7829b5c67cdf63e46,conductor/tracks/ed_parameter_evidence_20260927/spec.md §Demand and case mix; §Evidence and distribution selection; conductor/tracks/empirical_calibration_20260925/spec.md §3 Validation and normalization; §7 Calibration and validation procedure; model-inputs/ed/schema/parameter-ids.json ed.demandcasemix.arrivals,,"accept: key=demand.arrivals; consumer=Proposed CareOps ED model/config; Kairos 22 CLI scenario configuration; unit=patients/hour or timestamped arrival schedule; select one representation per profile; stage=MVP_minimum; use=Generate seeded arrivals from exactly one selected representation: a rate process or explicit relative schedule; preserve the schedule origin and source timestamp metadata.; role=generative; Generate seeded arrivals from one selected representation (rate process or explicit schedule); preserve exposure, cohort and timestamp origin/zone/precision for calibration, and assert no rate or distribution value.",2026-09-30
ed.demandcasemix.calendarprofile,demand_case_mix,demand.calendarprofile,Proposed CareOps ED model/config,schedule_or_interval,absolute instants carry explicit timezone; intervals use declared ED clock unit,MVP_candidate,"candidate input for deterministic/minimal, generic nominal, or surge profiles according to pathway applicability",identity_only_no_value_or_distribution_asserted,/root/p02_e0_detail_review,revise,"The ID describes a calendar/seasonal modifier, while the key and schedule-or-interval contract are plausible. The generic rationale incorrectly calls this required; the ID notes applicability remains open and E0's MVP requires time-varying arrivals, not calendar seasonality.",C0 independent reviewer /root/p02_c0_detail_review_a,revise,"A calendar profile generates time-varying demand; calendar labels are not calibration targets. Absolute instants and recurring local times have different conversion needs: UTC origin/zone/precision for instants, and IANA zone plus explicit fold/gap handling for recurrence. Counts by time block can target the profile only when occurrence time and each block's exposure are preserved.",coordinator/root,2026-09-30,p02_e0_detail_review_2026-09-30,16d79a5c0eff9fb60969b9e7829b5c67cdf63e46,model-inputs/ed/schema/parameter-usage-matrix-proposal.json#/entries/1; model-inputs/ed/schema/parameter-ids.json#/entries/1; model-inputs/ed/schema/parameter-ids.json#/entries/1; conductor/tracks/generic_ed_delivery_20260925/spec.md#MVP-first-delivery-clarification; conductor/tracks/generic_ed_delivery_20260925/plan.md#E0,"Keep the ID/key and timestamp contract, but change profile_use to optional modifier only when a profile supplies an explicit calendar interval/timezone mapping; omit from minimal deterministic profile.",codex-subtask:/root/p02_c0_detail_review_a,16d79a5c0eff9fb60969b9e7829b5c67cdf63e46,conductor/evidence/p0.2-e0-c0-owner-review-brief-20260930.md §Timestamped schedules; conductor/design/p0.2-interface-disposition-draft-20260930.md §3 Absolute schedules; conductor/tracks/empirical_calibration_20260925/spec.md §3 Validation and normalization; model-inputs/ed/schema/parameter-ids.json ed.demandcasemix.calendarprofile,"Replacement: represent recurrence in a declared ED clock/calendar with IANA zone and fold/gap policy; represent absolute events with original timestamp precision, explicit zone and dataset origin, normalize before checked tick conversion, and retain occurrence separate from recorded time.","revise: key=demand.calendarprofile; consumer=CareOps ED configuration adapter; unit=interval bounds use ED-clock seconds; absolute instants retain original precision and explicit offset/zone and are normalized against the dataset UTC origin. Relative MVP schedules start at zero; checked conversion follows ADR-0004, and naive local timestamps or recurrence are rejected until a tested IANA zone adapter defines fold/gap handling.; stage=MVP_conditional; use=generated calendar modifier for time-varying arrivals, not an observed target.; role=generative; Use only as an optional calendar modifier for time-varying arrivals; intervals use ED-clock seconds and instants retain explicit zone/offset and UTC origin. Disable naive local recurrence until IANA fold/gap handling is tested.",2026-09-30
ed.demandcasemix.surgeprofile,demand_case_mix,demand.surgeprofile,Proposed CareOps ED model/config; Kairos 22 CLI scenario configuration,categorical_or_structured,no single scalar unit; every numeric leaf declares its unit and category coding,MVP_candidate,"candidate input for deterministic/minimal, generic nominal, or surge profiles according to pathway applicability",identity_only_no_value_or_distribution_asserted,/root/p02_e0_detail_review,revise,"Surge is a scenario distinction, not a universally required case-mix input. The ID explicitly says distinct surge profiles must not be collapsed without semantic review; the prior acceptance does not address this distinction.",C0 independent reviewer /root/p02_c0_detail_review_a,accept,The surge profile is a scenario generator for a time-varying intensity or schedule; it is not evidence that a surge distribution exists. Empirical targets may be occurrence counts/rates over prespecified intervals with exposure and a declared baseline comparison; do not infer burst dependence from calendar labels alone.,coordinator/root,2026-09-30,p02_e0_detail_review_2026-09-30,16d79a5c0eff9fb60969b9e7829b5c67cdf63e46,model-inputs/ed/schema/parameter-usage-matrix-proposal.json#/entries/2; model-inputs/ed/schema/parameter-ids.json#/entries/2; model-inputs/ed/schema/parameter-ids.json#/entries/2; conductor/tracks/generic_ed_delivery_20260925/spec.md#Model-requirements,Keep demand.surgeprofile as an optional scenario selector/modifier; require an explicit surge profile definition and leave it absent in minimal and nominal profiles unless selected.,codex-subtask:/root/p02_c0_detail_review_a,16d79a5c0eff9fb60969b9e7829b5c67cdf63e46,conductor/tracks/ed_parameter_evidence_20260927/spec.md §Demand and case mix; §Evidence and distribution selection; conductor/tracks/empirical_calibration_20260925/spec.md §3 Dataset manifest and validation; model-inputs/ed/schema/parameter-ids.json ed.demandcasemix.surgeprofile,,"revise: key=demand.surgeprofile; consumer=CareOps ED configuration adapter, with typed case attributes passed to Kairos Track 03 Flow; unit=structured categorical/time-varying profile; every numeric leaf declares units, categories, conditioning and denominator.; stage=MVP_conditional; use=generate a declared surge intensity or occurrence schedule; do not imply a surge distribution or infer dependence from marginal counts.; role=generative; Use only when a profile explicitly selects a surge schedule or intensity; interval counts need exposure and baseline, and marginal data do not establish a surge distribution or burst dependence.",2026-09-30
ed.demandcasemix.arrivalmode,demand_case_mix,demand.arrivalmode,Proposed CareOps ED model/config; Kairos 03 Flow,categorical_or_structured,no single scalar unit; every numeric leaf declares its unit and category coding,MVP_candidate,"candidate input for deterministic/minimal, generic nominal, or surge profiles according to pathway applicability",identity_only_no_value_or_distribution_asserted,/root/p02_e0_detail_review,accept,Arrival mode is a categorical case attribute consumed by Flow. Retain it as a typed case attribute when modeled pathways branch on mode; no universal category set or routing policy follows from this row.,C0 independent reviewer /root/p02_c0_detail_review_a,accept,"Arrival mode is a generated case attribute that selects an arrival pathway (for example, the modeled mode categories); it is not a duration target. Observed mode proportions can calibrate category weights only with the arrival cohort as denominator, explicit unknown/missing categories and compatible site/period strata; mode-specific timing targets require occurrence anchors for each stream.",coordinator/root,2026-09-30,p02_e0_detail_review_2026-09-30,16d79a5c0eff9fb60969b9e7829b5c67cdf63e46,model-inputs/ed/schema/parameter-usage-matrix-proposal.json#/entries/3; model-inputs/ed/schema/parameter-ids.json#/entries/3; model-inputs/ed/schema/parameter-ids.json#/entries/3; conductor/tracks/generic_ed_delivery_20260925/spec.md#Model-requirements,,codex-subtask:/root/p02_c0_detail_review_a,16d79a5c0eff9fb60969b9e7829b5c67cdf63e46,conductor/tracks/ed_parameter_evidence_20260927/spec.md §Demand and case mix; §Catalogue record contract; conductor/tracks/empirical_calibration_20260925/spec.md §3 TraceMapping and quality exclusions; model-inputs/ed/schema/parameter-ids.json ed.demandcasemix.arrivalmode,,"accept: key=demand.arrivalmode; consumer=Proposed CareOps ED model/config; Kairos 03 Flow; unit=no single scalar unit; every numeric leaf declares its unit and category coding; stage=MVP_conditional; use=Generate a typed arrival-mode attribute only when the selected pathway branches on mode; preserve category coding and unknown arrivals.; role=generative; Generate a typed arrival-mode attribute only where a modeled route branches on mode; declare categories and unknowns, and do not imply universal categories or a duration target.",2026-09-30
ed.demandcasemix.agemix,demand_case_mix,demand.agemix,Proposed CareOps ED model/config; Kairos 03 Flow,probability_or_conditional_table,"dimensionless values in [0,1], denominators/conditioning explicit",MVP_candidate,"candidate input for deterministic/minimal, generic nominal, or surge profiles according to pathway applicability",identity_only_no_value_or_distribution_asserted,/root/p02_e0_detail_review,revise,"Age mix can parameterize case composition, but the current table contract does not say whether categories are mutually exclusive, exhaustive, or conditioned on another attribute. A generic denominator warning does not resolve those structural choices.",C0 independent reviewer /root/p02_c0_detail_review_a,accept,"Age mix generates patient attributes; it does not directly target elapsed time. Observed age-band counts can calibrate a conditional table only when bands, arrival-cohort denominator, missing-age handling and applicable population are fixed; marginal age counts cannot establish dependence with acuity or case type.",coordinator/root,2026-09-30,p02_e0_detail_review_2026-09-30,16d79a5c0eff9fb60969b9e7829b5c67cdf63e46,model-inputs/ed/schema/parameter-usage-matrix-proposal.json#/entries/4; model-inputs/ed/schema/parameter-ids.json#/entries/4; model-inputs/ed/schema/parameter-ids.json#/entries/4; conductor/tracks/generic_ed_delivery_20260925/p0.2-e0-c0-owner-review-brief-20260930.md#Cross-cutting-proposals-needing-explicit-disposition,"Keep demand.agemix optional; require explicit age bands, denominator/population, and conditioning, and validate mutually exclusive/exhaustive categories only where the declared representation requires them.",codex-subtask:/root/p02_c0_detail_review_a,16d79a5c0eff9fb60969b9e7829b5c67cdf63e46,conductor/tracks/ed_parameter_evidence_20260927/spec.md §Catalogue record contract; §Reports 26–30 integration; conductor/tracks/empirical_calibration_20260925/spec.md §7 data partition and §6 metric strata; model-inputs/ed/schema/parameter-ids.json ed.demandcasemix.agemix,,"revise: key=demand.agemix; consumer=CareOps ED configuration adapter, with generated age-band case attributes passed to Kairos Track 03 Flow; unit=dimensionless proportions in [0,1] or explicitly declared patient counts; record age-band coding, denominator, conditioning and unknown category. Require mutually exclusive/exhaustive bands only when that representation claims complete coverage.; stage=MVP_conditional; use=generate arrival case composition; observed age proportions are calibration targets only when cohort and denominator match, and marginal data do not define joint mix.; role=generative; Generate age composition with declared bands, denominator and unknown handling; observed proportions target only a matching arrival cohort, and marginals do not establish joint dependence.",2026-09-30
ed.demandcasemix.casetypemix,demand_case_mix,demand.casetypemix,Proposed CareOps ED model/config; Kairos 03 Flow,probability_or_conditional_table,"dimensionless values in [0,1], denominators/conditioning explicit",MVP_candidate,"candidate input for deterministic/minimal, generic nominal, or surge profiles according to pathway applicability",identity_only_no_value_or_distribution_asserted,/root/p02_e0_detail_review,revise,"Case type is a profile classification, but the ID provides no taxonomy or relationship to age/acuity. Treating it as a required generic input could create unsupported clinical groupings.",C0 independent reviewer /root/p02_c0_detail_review_a,accept,Case-type mix generates an arrival attribute/pathway selector. A fitted table needs a named mutually exclusive or explicitly overlapping classification and the eligible-arrival denominator; observed diagnosis or final disposition must not leak into a case type known only later in the simulated episode.,coordinator/root,2026-09-30,p02_e0_detail_review_2026-09-30,16d79a5c0eff9fb60969b9e7829b5c67cdf63e46,model-inputs/ed/schema/parameter-usage-matrix-proposal.json#/entries/5; model-inputs/ed/schema/parameter-ids.json#/entries/5; model-inputs/ed/schema/parameter-ids.json#/entries/5; conductor/tracks/generic_ed_delivery_20260925/spec.md#MVP-first-delivery-clarification,"Keep demand.casetypemix optional and profile-defined; require declared category labels and denominator/conditioning, and do not infer a taxonomy or values.",codex-subtask:/root/p02_c0_detail_review_a,16d79a5c0eff9fb60969b9e7829b5c67cdf63e46,"conductor/tracks/ed_parameter_evidence_20260927/spec.md §Catalogue record contract; §Reports 26–30 integration (cohort, missingness and no future-information leakage); conductor/tracks/empirical_calibration_20260925/spec.md §7 data partition; model-inputs/ed/schema/parameter-ids.json ed.demandcasemix.casetypemix",,"revise: key=demand.casetypemix; consumer=CareOps ED configuration adapter, with generated case-type attributes passed to Kairos Track 03 Flow; unit=dimensionless proportions in [0,1] or explicitly declared patient counts; declare category labels, denominator, conditioning and unknown handling.; stage=MVP_conditional; use=generate a case-type/pathway selector; do not infer its relationship to age or acuity, or a joint distribution, from marginal observations.; role=generative; Generate a profile-defined case-type selector with declared categories and eligible-arrival denominator; no taxonomy or age/acuity relationship is implied, and later outcomes cannot be arrival attributes.",2026-09-30
ed.demandcasemix.acuitymix,demand_case_mix,demand.acuitymix,Proposed CareOps ED model/config; Kairos 03 Flow,probability_or_conditional_table,"dimensionless values in [0,1], denominators/conditioning explicit",MVP_candidate,"candidate input for deterministic/minimal, generic nominal, or surge profiles according to pathway applicability",identity_only_no_value_or_distribution_asserted,/root/p02_e0_detail_review,accept,"Acuity is named in E-R1 and E0's source-assumption work, so it has a clear generic pathway consumer. Keep the conditional-table shape and require category labels plus the population denominator; the acceptance asserts no acuity proportions or triage policy.",C0 independent reviewer /root/p02_c0_detail_review_a,accept,Acuity mix generates the initial acuity attribute under a declared triage coding and cohort denominator. Observed triage acuity can target that distribution only when the recorded scale/version and timing are mapped; reassessment acuity is a separate later observation and must not overwrite the arrival attribute.,coordinator/root,2026-09-30,p02_e0_detail_review_2026-09-30,16d79a5c0eff9fb60969b9e7829b5c67cdf63e46,model-inputs/ed/schema/parameter-usage-matrix-proposal.json#/entries/6; model-inputs/ed/schema/parameter-ids.json#/entries/6; model-inputs/ed/schema/parameter-ids.json#/entries/6; conductor/tracks/generic_ed_delivery_20260925/spec.md#Model-requirements; conductor/tracks/generic_ed_delivery_20260925/plan.md#E0,,codex-subtask:/root/p02_c0_detail_review_a,16d79a5c0eff9fb60969b9e7829b5c67cdf63e46,conductor/tracks/ed_parameter_evidence_20260927/spec.md §Catalogue record contract; §Reports 26–30 integration (realized versus recorded state); conductor/tracks/empirical_calibration_20260925/spec.md §3 TraceMapping; model-inputs/ed/schema/parameter-ids.json ed.demandcasemix.acuitymix,,"accept: key=demand.acuitymix; consumer=Proposed CareOps ED model/config; Kairos 03 Flow; unit=dimensionless values in [0,1], denominators/conditioning explicit; stage=MVP_minimum; use=Generate the initial triage acuity attribute using declared categories and denominator; treat later reassessments as separate events.; role=generative; Generate initial acuity using declared triage coding and arrival cohort; reassessment is a separate later state, and observed targets require matching scale/version and timing.",2026-09-30
ed.demandcasemix.jointcasemix,demand_case_mix,demand.jointcasemix,Proposed CareOps ED model/config; Kairos 03 Flow,probability_or_conditional_table,"dimensionless values in [0,1], denominators/conditioning explicit",MVP_candidate,"candidate input for deterministic/minimal, generic nominal, or surge profiles according to pathway applicability",identity_only_no_value_or_distribution_asserted,/root/p02_e0_detail_review,defer,"The ID expressly leaves dependence unspecified. Marginal age, case type, and acuity tables do not establish whether a joint table is needed; accepting this candidate could invite a fabricated dependence structure.",C0 independent reviewer /root/p02_c0_detail_review_a,accept,"Joint case mix is a generative dependence table, not an observed target in itself. Calibration requires patient-level linked attributes and a declared cohort denominator; multiplying separately observed age, case-type and acuity marginals would invent independence and cannot recover their joint distribution.",coordinator/root,2026-09-30,p02_e0_detail_review_2026-09-30,16d79a5c0eff9fb60969b9e7829b5c67cdf63e46,model-inputs/ed/schema/parameter-usage-matrix-proposal.json#/entries/7; model-inputs/ed/schema/parameter-ids.json#/entries/7; model-inputs/ed/schema/parameter-ids.json#/entries/7; conductor/tracks/generic_ed_delivery_20260925/p0.2-e0-c0-owner-review-brief-20260930.md#Cross-cutting-proposals-needing-explicit-disposition,"Defer jointcasemix from the minimal profile. Include only after a named profile specifies the joint dimensions, conditioning, denominator, and relationship to supplied marginals.",codex-subtask:/root/p02_c0_detail_review_a,16d79a5c0eff9fb60969b9e7829b5c67cdf63e46,conductor/tracks/ed_parameter_evidence_20260927/spec.md §Catalogue record contract; §Reports 26–30 integration (marginals do not establish joint dependence); conductor/tracks/empirical_calibration_20260925/spec.md §7 training-only fitting; model-inputs/ed/schema/parameter-ids.json ed.demandcasemix.jointcasemix,,"defer: key=demand.jointcasemix; consumer=Proposed CareOps ED model/config; Kairos 03 Flow; unit=dimensionless values in [0,1], denominators/conditioning explicit; stage=deferred_or_post_v1; use=Exclude from E2 until a named profile specifies joint dimensions, conditioning, denominator and linkage to supplied marginals for patient-level calibration.; role=deferred; Defer from E2 until a named profile defines joint dimensions, conditioning, denominator and linkage to supplied marginals; patient-level linked attributes are required for calibration.",2026-09-30
ed.demandcasemix.referrals,demand_case_mix,demand.referrals,Proposed CareOps ED model/config; Kairos 03 Flow,categorical_or_probability_table,category labels and conditional proportions with explicit denominator; count-valued input declares patient count,MVP_candidate,"candidate input for deterministic/minimal, generic nominal, or surge profiles according to pathway applicability",identity_only_no_value_or_distribution_asserted,/root/p02_e0_detail_review,revise,"Referral arrivals are a boundary category, not automatically part of every ED scenario. The generic accept rationale calls all arrival/case-mix inputs required without distinguishing this optional source population.",C0 independent reviewer /root/p02_c0_detail_review_a,accept,"Referral categories are generated case inputs or routing conditions, depending on the row's declared semantics; referral proportions are targetable only from the arriving cohort with a source/unknown category and denominator. Referral destination after assessment is an outcome and must not be used as a known-at-arrival covariate.",coordinator/root,2026-09-30,p02_e0_detail_review_2026-09-30,16d79a5c0eff9fb60969b9e7829b5c67cdf63e46,model-inputs/ed/schema/parameter-usage-matrix-proposal.json#/entries/8; model-inputs/ed/schema/parameter-ids.json#/entries/8; model-inputs/ed/schema/parameter-ids.json#/entries/8; conductor/tracks/generic_ed_delivery_20260925/spec.md#Model-requirements,Keep demand.referrals as an optional boundary-arrival input when the scenario includes referral arrivals; define whether counts mean arrivals or patient proportions and use the declared patient denominator.,codex-subtask:/root/p02_c0_detail_review_a,16d79a5c0eff9fb60969b9e7829b5c67cdf63e46,"conductor/tracks/ed_parameter_evidence_20260927/spec.md §Catalogue record contract; §Reports 26–30 integration (latent, known and recorded state); conductor/tracks/empirical_calibration_20260925/spec.md §3 occurrence mapping; model-inputs/ed/schema/parameter-ids.json ed.demandcasemix.referrals",,"revise: key=demand.referrals; consumer=CareOps ED configuration adapter, with incoming case attributes passed to Kairos Track 03 Flow; unit=declared referral category proportions with an arriving-patient denominator, or patient counts with an explicit count unit; include source and unknown category.; stage=MVP_conditional; use=generate referral arrivals or a referral attribute as explicitly selected by the profile; never treat outgoing referral/disposition as this input.; role=generative; Represent incoming referral arrivals or an arrival attribute only when enabled; declare source and arriving-patient denominator, and keep outgoing referral/disposition in pathway outcomes.",2026-09-30
ed.demandcasemix.transfers,demand_case_mix,demand.transfers,Proposed CareOps ED model/config; Kairos 03 Flow,categorical_or_probability_table,category labels and conditional proportions with explicit denominator; count-valued input declares patient count,MVP_candidate,"candidate input for deterministic/minimal, generic nominal, or surge profiles according to pathway applicability",identity_only_no_value_or_distribution_asserted,/root/p02_e0_detail_review,revise,This ID concerns transfer arrivals. E0 also models outgoing transfer disposition and external bed offers; those are different flows and should not share an ambiguous transfer concept.,C0 independent reviewer /root/p02_c0_detail_review_a,accept,"Transfers describe a generated arrival/cohort category only if the parameter is incoming ED transfers; outgoing transfer disposition is a later pathway outcome. The mapping must settle direction and eligible population before fitting, then use occurrence-time arrivals and denominator counts; a transfer label alone is not elapsed transfer time.",coordinator/root,2026-09-30,p02_e0_detail_review_2026-09-30,16d79a5c0eff9fb60969b9e7829b5c67cdf63e46,model-inputs/ed/schema/parameter-usage-matrix-proposal.json#/entries/9; model-inputs/ed/schema/parameter-ids.json#/entries/9; model-inputs/ed/schema/parameter-ids.json#/entries/9; conductor/tracks/generic_ed_delivery_20260925/plan.md#E0; conductor/tracks/generic_ed_delivery_20260925/plan.md#E1,"Keep demand.transfers specifically for incoming transfer arrivals and document the source boundary/count denominator; model outgoing transfer as pathways.transfer, not this key.",codex-subtask:/root/p02_c0_detail_review_a,16d79a5c0eff9fb60969b9e7829b5c67cdf63e46,conductor/tracks/ed_parameter_evidence_20260927/spec.md §Demand and case mix; §Hospital interfaces; conductor/design/p0.2-interface-disposition-draft-20260930.md §5 Probability and observation boundaries; model-inputs/ed/schema/parameter-ids.json ed.demandcasemix.transfers,,"revise: key=demand.transfers; consumer=CareOps ED configuration adapter, with incoming transfer case attributes passed to Kairos Track 03 Flow; unit=declared transfer category proportions with an arriving-patient denominator, or patient counts with explicit count unit; include source boundary and unknown category.; stage=MVP_conditional; use=represent arrivals entering the ED from an external transfer boundary; outgoing transfer disposition belongs to pathways.transfer.; role=generative; Represent incoming transfer arrivals at the external ED boundary with source and denominator; outgoing transfer disposition belongs to pathways.transfer.",2026-09-30
ed.demandcasemix.repeatpresentations,demand_case_mix,demand.repeatpresentations,Proposed CareOps ED model/config; Kairos 03 Flow,categorical_or_probability_table,category labels and conditional proportions with explicit denominator; count-valued input declares patient count,MVP_candidate,"candidate input for deterministic/minimal, generic nominal, or surge profiles according to pathway applicability",identity_only_no_value_or_distribution_asserted,/root/p02_e0_detail_review,defer,"Repeat presentations need patient linkage and an observation-window definition to distinguish a new presentation from a return by the same person. The parameter ID says those semantics are unresolved, so a generic profile claim is premature.",C0 independent reviewer /root/p02_c0_detail_review_a,accept,"Repeat-presentation status is generated from an explicitly defined lookback/linkage rule and is not a within-episode repeat loop. Observed proportions need the eligible arrival cohort, lookback coverage and linkage/missingness denominator; without those, this category is not identifiable from isolated episode rows.",coordinator/root,2026-09-30,p02_e0_detail_review_2026-09-30,16d79a5c0eff9fb60969b9e7829b5c67cdf63e46,model-inputs/ed/schema/parameter-usage-matrix-proposal.json#/entries/10; model-inputs/ed/schema/parameter-ids.json#/entries/10; model-inputs/ed/schema/parameter-ids.json#/entries/10; conductor/tracks/generic_ed_delivery_20260925/spec.md#Model-requirements,"Defer demand.repeatpresentations from MVP profiles until the contract states linkage key, lookback/window, and whether a repeat is generated as a new arrival or represented by an existing patient history.",codex-subtask:/root/p02_c0_detail_review_a,16d79a5c0eff9fb60969b9e7829b5c67cdf63e46,conductor/tracks/ed_parameter_evidence_20260927/spec.md §Catalogue record contract; §Reports 26–30 integration (cohort and missingness denominator); conductor/tracks/empirical_calibration_20260925/spec.md §7 partition by patient/episode; model-inputs/ed/schema/parameter-ids.json ed.demandcasemix.repeatpresentations,,"defer: key=demand.repeatpresentations; consumer=Proposed CareOps ED model/config; Kairos 03 Flow; unit=category labels and conditional proportions with explicit denominator; count-valued input declares patient count; stage=deferred_or_post_v1; use=Exclude from MVP until linkage key, lookback window, eligible denominator and new-arrival versus prior-history semantics are specified.; role=deferred; Defer until linkage key, lookback window, eligible denominator and new-arrival versus prior-history semantics are defined; this is distinct from within-episode repeat loops.",2026-09-30
ed.despathways.registration,des_pathways,pathways.registration,Proposed CareOps ED model/config; Kairos 03 Flow,categorical_or_structured,pathway state/transition data; numeric durations/probabilities appear as typed leaves,MVP_candidate,"candidate input for deterministic/minimal, generic nominal, or surge profiles according to pathway applicability",identity_only_no_value_or_distribution_asserted,/root/p02_e0_detail_review,accept,"Registration is a distinct stage input, but the pathway-stage label alone does not impose clinical content. It can be represented as an optional configured state/transition while retaining patient arrival and registration timestamps separately where the scenario needs them.",C0 independent reviewer /root/p02_c0_detail_review_a,accept,"Registration pathway structure is a generated sequence/policy. Registration occurrence start/end or completion may be observed targets when source timestamps represent event occurrence; chart entry/message times remain separate, and an arrival-to-registration interval must not be attributed wholly to registration work if it includes queueing.",coordinator/root,2026-09-30,p02_e0_detail_review_2026-09-30,16d79a5c0eff9fb60969b9e7829b5c67cdf63e46,model-inputs/ed/schema/parameter-usage-matrix-proposal.json#/entries/11; model-inputs/ed/schema/parameter-ids.json#/entries/11; model-inputs/ed/schema/parameter-ids.json#/entries/11; conductor/tracks/generic_ed_delivery_20260925/spec.md#Model-requirements,,codex-subtask:/root/p02_c0_detail_review_a,16d79a5c0eff9fb60969b9e7829b5c67cdf63e46,conductor/tracks/ed_parameter_evidence_20260927/spec.md §DES pathways; conductor/tracks/empirical_calibration_20260925/spec.md §3 observed_at vs recorded_at; §4 Avoid double counting; model-inputs/ed/schema/parameter-ids.json ed.despathways.registration,,accept: key=pathways.registration; consumer=Proposed CareOps ED model/config; Kairos 03 Flow; unit=pathway state/transition data; numeric durations/probabilities appear as typed leaves; stage=MVP_conditional; use=Configure registration as a distinct pathway state when the scenario models it; keep occurrence timing separate from chart-entry time.; role=generative; Configure registration as a distinct optional pathway state without imposing clinical content; map occurrence timestamps separately from chart-entry time and arrival-to-registration queueing.,2026-09-30
ed.despathways.triage,des_pathways,pathways.triage,Proposed CareOps ED model/config; Kairos 03 Flow,categorical_or_structured,pathway state/transition data; numeric durations/probabilities appear as typed leaves,MVP_candidate,"candidate input for deterministic/minimal, generic nominal, or surge profiles according to pathway applicability",identity_only_no_value_or_distribution_asserted,/root/p02_e0_detail_review,accept,Triage and routing are directly relevant to acuity-based pathways. The structured shape is suitable provided routing behavior is separately explicit and category semantics are not invented by the consumer.,C0 independent reviewer /root/p02_c0_detail_review_a,accept,"Triage path and branching rules are generated inputs; mapped triage start/end and observed branch/outcome can be calibration targets. Require occurrence semantics and triage-scale/version, and separate time waiting for triage from active triage work before fitting a duration leaf.",coordinator/root,2026-09-30,p02_e0_detail_review_2026-09-30,16d79a5c0eff9fb60969b9e7829b5c67cdf63e46,model-inputs/ed/schema/parameter-usage-matrix-proposal.json#/entries/12; model-inputs/ed/schema/parameter-ids.json#/entries/12; model-inputs/ed/schema/parameter-ids.json#/entries/12; conductor/tracks/generic_ed_delivery_20260925/spec.md#Model-requirements,,codex-subtask:/root/p02_c0_detail_review_a,16d79a5c0eff9fb60969b9e7829b5c67cdf63e46,conductor/tracks/ed_parameter_evidence_20260927/spec.md §DES pathways and §Durations; conductor/tracks/empirical_calibration_20260925/spec.md §3 TraceMapping; §4 Avoid double counting; model-inputs/ed/schema/parameter-ids.json ed.despathways.triage,,"accept: key=pathways.triage; consumer=Proposed CareOps ED model/config; Kairos 03 Flow; unit=pathway state/transition data; numeric durations/probabilities appear as typed leaves; stage=MVP_minimum; use=Configure triage and routing transitions with explicit category semantics; keep queue wait separate from active triage work.; role=generative; Configure triage and routing with explicit category semantics; keep waiting time separate from active triage work, and map observed events to the correct occurrence and triage scale.",2026-09-30
ed.despathways.assessment,des_pathways,pathways.assessment,Proposed CareOps ED model/config; Kairos 03 Flow,categorical_or_structured,pathway state/transition data; numeric durations/probabilities appear as typed leaves,MVP_candidate,"candidate input for deterministic/minimal, generic nominal, or surge profiles according to pathway applicability",identity_only_no_value_or_distribution_asserted,/root/p02_e0_detail_review,accept,"Assessment is one of the stages explicitly named in E1's runnable pathway slice. Its structured stage key is suitable, with active work represented through a typed duration input rather than embedded unlabelled elapsed time.",C0 independent reviewer /root/p02_c0_detail_review_a,accept,"Assessment sequence/branching is a generated pathway; assessment occurrence events can target a replay probe when mapped to the correct task occurrence. Arrival-to-assessment elapsed time combines queue and possibly transit, so it does not by itself identify assessment work duration.",coordinator/root,2026-09-30,p02_e0_detail_review_2026-09-30,16d79a5c0eff9fb60969b9e7829b5c67cdf63e46,model-inputs/ed/schema/parameter-usage-matrix-proposal.json#/entries/13; model-inputs/ed/schema/parameter-ids.json#/entries/13; model-inputs/ed/schema/parameter-ids.json#/entries/13; conductor/tracks/generic_ed_delivery_20260925/plan.md#E1,,codex-subtask:/root/p02_c0_detail_review_a,16d79a5c0eff9fb60969b9e7829b5c67cdf63e46,conductor/tracks/ed_parameter_evidence_20260927/spec.md §DES pathways; conductor/tracks/empirical_calibration_20260925/spec.md §4 Avoid double counting; §5 Shadow replay; model-inputs/ed/schema/parameter-ids.json ed.despathways.assessment,,accept: key=pathways.assessment; consumer=Proposed CareOps ED model/config; Kairos 03 Flow; unit=pathway state/transition data; numeric durations/probabilities appear as typed leaves; stage=MVP_minimum; use=Configure the assessment sequence and branches; bind observed targets to the correct assessment occurrence.; role=generative; Configure the assessment sequence and branches; bind observations to the correct task occurrence and do not treat arrival-to-assessment elapsed time as active work.,2026-09-30
ed.despathways.diagnostics,des_pathways,pathways.diagnostics,Proposed CareOps ED model/config; Kairos 03 Flow,categorical_or_structured,pathway state/transition data; numeric durations/probabilities appear as typed leaves,MVP_candidate,"candidate input for deterministic/minimal, generic nominal, or surge profiles according to pathway applicability",identity_only_no_value_or_distribution_asserted,/root/p02_e0_detail_review,accept,"Diagnostics are an explicit E1 stage and can have dependencies. Preserve the structured stage/transition shape, with test ordering and resource waits represented separately from the diagnostic active-work duration.",C0 independent reviewer /root/p02_c0_detail_review_a,accept,"Diagnostic ordering and conditions are generated pathway inputs; order/result timestamps are not automatically test start/completion times. Calibration targets need distinct order, specimen/procedure start, result availability and review events where those stages are modeled, with censoring and missing-result counts.",coordinator/root,2026-09-30,p02_e0_detail_review_2026-09-30,16d79a5c0eff9fb60969b9e7829b5c67cdf63e46,model-inputs/ed/schema/parameter-usage-matrix-proposal.json#/entries/14; model-inputs/ed/schema/parameter-ids.json#/entries/14; model-inputs/ed/schema/parameter-ids.json#/entries/14; conductor/tracks/generic_ed_delivery_20260925/plan.md#E1; conductor/tracks/generic_ed_delivery_20260925/plan.md#E2,,codex-subtask:/root/p02_c0_detail_review_a,16d79a5c0eff9fb60969b9e7829b5c67cdf63e46,conductor/tracks/ed_parameter_evidence_20260927/spec.md §DES pathways; conductor/tracks/empirical_calibration_20260925/spec.md §3 occurrence/recorded timestamp separation; §4 Avoid double counting; model-inputs/ed/schema/parameter-ids.json ed.despathways.diagnostics,,"accept: key=pathways.diagnostics; consumer=Proposed CareOps ED model/config; Kairos 03 Flow; unit=pathway state/transition data; numeric durations/probabilities appear as typed leaves; stage=MVP_minimum; use=Configure diagnostic ordering and dependencies; represent order, procedure, result availability and review as separate modeled events when enabled.; role=generative; Configure diagnostic ordering and dependencies; distinguish order, procedure start, result availability and review events, including censoring and missing results.",2026-09-30
ed.despathways.treatment,des_pathways,pathways.treatment,Proposed CareOps ED model/config; Kairos 03 Flow,categorical_or_structured,pathway state/transition data; numeric durations/probabilities appear as typed leaves,MVP_candidate,"candidate input for deterministic/minimal, generic nominal, or surge profiles according to pathway applicability",identity_only_no_value_or_distribution_asserted,/root/p02_e0_detail_review,accept,"Treatment is explicitly in E1's pathway slice. The row's unit-bearing-leaf approach is appropriate, but treatment stage membership alone must not imply a clinical regimen or duration.",C0 independent reviewer /root/p02_c0_detail_review_a,accept,"Treatment pathway choice is generated from modeled case state; observed treatment-start/end anchors can target replay only when they identify the treatment occurrence. A broad arrival-to-treatment interval is unsuitable as intrinsic treatment work because queue, assessment and transit may be included.",coordinator/root,2026-09-30,p02_e0_detail_review_2026-09-30,16d79a5c0eff9fb60969b9e7829b5c67cdf63e46,model-inputs/ed/schema/parameter-usage-matrix-proposal.json#/entries/15; model-inputs/ed/schema/parameter-ids.json#/entries/15; model-inputs/ed/schema/parameter-ids.json#/entries/15; conductor/tracks/generic_ed_delivery_20260925/plan.md#E1,,codex-subtask:/root/p02_c0_detail_review_a,16d79a5c0eff9fb60969b9e7829b5c67cdf63e46,conductor/tracks/ed_parameter_evidence_20260927/spec.md §DES pathways; conductor/tracks/empirical_calibration_20260925/spec.md §4 Avoid double counting; §5 shadow probes; model-inputs/ed/schema/parameter-ids.json ed.despathways.treatment,,"accept: key=pathways.treatment; consumer=Proposed CareOps ED model/config; Kairos 03 Flow; unit=pathway state/transition data; numeric durations/probabilities appear as typed leaves; stage=MVP_minimum; use=Configure treatment pathway choices from modeled case state; keep treatment occurrence and active work distinct from elapsed time to treatment.; role=generative; Configure treatment choices from modeled case state; use treatment-specific occurrence anchors and keep queue, assessment and transit out of active treatment work.",2026-09-30
ed.despathways.observation,des_pathways,pathways.observation,Proposed CareOps ED model/config; Kairos 03 Flow,categorical_or_structured,pathway state/transition data; numeric durations/probabilities appear as typed leaves,MVP_candidate,"candidate input for deterministic/minimal, generic nominal, or surge profiles according to pathway applicability",identity_only_no_value_or_distribution_asserted,/root/p02_e0_detail_review,revise,"Observation is an optional stage; the current broad profile_use can imply it belongs to minimal, nominal, and surge scenarios. It also risks confusing ED observation with inpatient boarding.",C0 independent reviewer /root/p02_c0_detail_review_a,accept,"Observation admission and reassessment schedule are generated pathway decisions; observed observation entry/exit and reassessment occurrences can be separate targets. Bed assignment is not physical occupancy: map bed-entered/occupied and release events to the modeled state, and account for censoring at the observation window.",coordinator/root,2026-09-30,p02_e0_detail_review_2026-09-30,16d79a5c0eff9fb60969b9e7829b5c67cdf63e46,model-inputs/ed/schema/parameter-usage-matrix-proposal.json#/entries/16; model-inputs/ed/schema/parameter-ids.json#/entries/16; model-inputs/ed/schema/parameter-ids.json#/entries/16; conductor/tracks/generic_ed_delivery_20260925/spec.md#Model-requirements; conductor/tracks/generic_ed_delivery_20260925/plan.md#E1,Keep pathways.observation optional and define its ED exit/return transitions; represent boarding separately from observation and include only when enabled in the profile.,codex-subtask:/root/p02_c0_detail_review_a,16d79a5c0eff9fb60969b9e7829b5c67cdf63e46,conductor/tracks/ed_parameter_evidence_20260927/spec.md §DES pathways and §Resources; conductor/tracks/empirical_calibration_20260925/spec.md §3 observed_at and §5 observed macro ledger; model-inputs/ed/schema/parameter-ids.json ed.despathways.observation,,"revise: key=pathways.observation; consumer=CareOps ED configuration adapter maps this pathway into Kairos Track 03 Flow transitions; unit=typed pathway states/transitions, with any durations in seconds and probabilities dimensionless with explicit conditioning and denominator.; stage=MVP_conditional; use=define observation entry, reassessment if applicable, and ED exit/return transitions; model inpatient boarding separately and keep observed events separate from generated pathway rules.; role=generative; Enable observation only in selected profiles; separate ED observation from inpatient boarding and map physical bed occupancy/release rather than assignment alone.",2026-09-30
ed.despathways.reassessment,des_pathways,pathways.reassessment,Proposed CareOps ED model/config; Kairos 03 Flow,categorical_or_structured,no single scalar unit; every numeric leaf declares its unit and category coding,MVP_candidate,"candidate input for deterministic/minimal, generic nominal, or surge profiles according to pathway applicability",identity_only_no_value_or_distribution_asserted,/root/p02_e0_detail_review,revise,Reassessment is a conditional repeat stage rather than a universal step. The prior generic pathway statement does not identify its trigger or prevent an unbounded loop.,C0 independent reviewer /root/p02_c0_detail_review_a,accept,Reassessment loop rules are generated inputs; the measured reassessment occurrences are target events only when every repeated task has an occurrence index and the due/eligible context is known. Prompt/switch counts do not identify the interval or work duration without at-risk time and staff availability.,coordinator/root,2026-09-30,p02_e0_detail_review_2026-09-30,16d79a5c0eff9fb60969b9e7829b5c67cdf63e46,model-inputs/ed/schema/parameter-usage-matrix-proposal.json#/entries/17; model-inputs/ed/schema/parameter-ids.json#/entries/17; model-inputs/ed/schema/parameter-ids.json#/entries/17; conductor/tracks/generic_ed_delivery_20260925/plan.md#E1,"Keep pathways.reassessment optional; require an explicit trigger/transition and bounded loop behavior in the profile, with any timing value as a typed duration.",codex-subtask:/root/p02_c0_detail_review_a,16d79a5c0eff9fb60969b9e7829b5c67cdf63e46,conductor/tracks/ed_parameter_evidence_20260927/spec.md §DES pathways; §Reports 5–8 integration (observation concurrency and repeated events); conductor/tracks/empirical_calibration_20260925/spec.md §3 occurrence; §4 staff/task semantics; model-inputs/ed/schema/parameter-ids.json ed.despathways.reassessment,,"revise: key=pathways.reassessment; consumer=CareOps ED configuration adapter maps reassessment transitions into Kairos Track 03 Flow; unit=typed trigger/transition data; numeric timing leaves use seconds and probability leaves declare conditioning and denominator.; stage=MVP_conditional; use=specify the trigger, repeated-task occurrence semantics and bounded loop/termination behavior; observed reassessment events are separate targets with occurrence indices and eligible context.; role=generative; Enable reassessment only with a defined trigger and bounded repeat semantics; index repeated occurrences and keep observed events separate from generated rules.",2026-09-30
ed.despathways.consult,des_pathways,pathways.consult,Proposed CareOps ED model/config; Kairos 03 Flow,categorical_or_structured,pathway state/transition data; numeric durations/probabilities appear as typed leaves,MVP_candidate,"candidate input for deterministic/minimal, generic nominal, or surge profiles according to pathway applicability",identity_only_no_value_or_distribution_asserted,/root/p02_e0_detail_review,revise,"Consult is enabled only for some pathways. A candidate label across all profile types risks implying universal consult behavior, and no clinical consult rule is supplied.",C0 independent reviewer /root/p02_c0_detail_review_a,accept,"Consult triggers and destination are generated pathway inputs. Consult request, acceptance, arrival and completion are distinct observable targets; an elapsed request-to-completion target includes waiting/availability and cannot be assigned solely to consult work unless those components are separately represented.",coordinator/root,2026-09-30,p02_e0_detail_review_2026-09-30,16d79a5c0eff9fb60969b9e7829b5c67cdf63e46,model-inputs/ed/schema/parameter-usage-matrix-proposal.json#/entries/18; model-inputs/ed/schema/parameter-ids.json#/entries/18; model-inputs/ed/schema/parameter-ids.json#/entries/18; conductor/tracks/generic_ed_delivery_20260925/spec.md#Model-requirements,"Keep pathways.consult optional; profile declares when it applies, the return/terminal transitions, and any resource claim independently.",codex-subtask:/root/p02_c0_detail_review_a,16d79a5c0eff9fb60969b9e7829b5c67cdf63e46,conductor/tracks/ed_parameter_evidence_20260927/spec.md §DES pathways; conductor/tracks/empirical_calibration_20260925/spec.md §3 TraceMapping; §4 Avoid double counting; model-inputs/ed/schema/parameter-ids.json ed.despathways.consult,,"revise: key=pathways.consult; consumer=CareOps ED configuration adapter maps consult transitions into Kairos Track 03 Flow; unit=typed pathway states/transitions; any durations use seconds and any probabilities declare conditioning and denominator.; stage=MVP_conditional; use=state the trigger, destination, return or terminal transition and resource claim; do not imply a universal consult route or treat observed consult events as generated rules.; role=generative; Enable consult only where applicable; define trigger, destination and return/terminal transition, and distinguish request, acceptance, arrival and completion from active consult work.",2026-09-30
ed.despathways.discharge,des_pathways,pathways.discharge,Proposed CareOps ED model/config; Kairos 03 Flow,categorical_or_structured,pathway state/transition data; numeric durations/probabilities appear as typed leaves,MVP_candidate,"candidate input for deterministic/minimal, generic nominal, or surge profiles according to pathway applicability",identity_only_no_value_or_distribution_asserted,/root/p02_e0_detail_review,accept,Discharge is a core terminal route in the generic patient pathway. The route key is appropriate if terminal reason and endpoint timestamps are retained for conservation and outcome summaries.,C0 independent reviewer /root/p02_c0_detail_review_a,accept,"Discharge branch/decision is generated; observed discharge decision, departure-ready and actual-departure events are distinct targets. Keep boarding or transport after a decision separate from disposition work and retain departures outside the observation window as censored/unfinished, not zero-duration outcomes.",coordinator/root,2026-09-30,p02_e0_detail_review_2026-09-30,16d79a5c0eff9fb60969b9e7829b5c67cdf63e46,model-inputs/ed/schema/parameter-usage-matrix-proposal.json#/entries/19; model-inputs/ed/schema/parameter-ids.json#/entries/19; model-inputs/ed/schema/parameter-ids.json#/entries/19; conductor/tracks/generic_ed_delivery_20260925/plan.md#E1,,codex-subtask:/root/p02_c0_detail_review_a,16d79a5c0eff9fb60969b9e7829b5c67cdf63e46,conductor/tracks/ed_parameter_evidence_20260927/spec.md §DES pathways and §Hospital interfaces; conductor/design/p0.2-interface-disposition-draft-20260930.md §5 Probability and observation boundaries; conductor/tracks/empirical_calibration_20260925/spec.md §3 censoring; model-inputs/ed/schema/parameter-ids.json ed.despathways.discharge,,"accept: key=pathways.discharge; consumer=Proposed CareOps ED model/config; Kairos 03 Flow; unit=pathway state/transition data; numeric durations/probabilities appear as typed leaves; stage=MVP_minimum; use=Configure discharge as a terminal route; distinguish decision, departure-ready and actual departure events.; role=generative; Configure discharge as a terminal route; distinguish decision, departure-ready and actual departure, with boarding/transport and unfinished censored cases kept separate.",2026-09-30
ed.despathways.admission,des_pathways,pathways.admission,Proposed CareOps ED model/config; Kairos 03 Flow,categorical_or_structured,pathway state/transition data; numeric durations/probabilities appear as typed leaves,MVP_candidate,"candidate input for deterministic/minimal, generic nominal, or surge profiles according to pathway applicability",identity_only_no_value_or_distribution_asserted,/root/p02_e0_detail_review,revise,"Admission route is valid, but E0/E1 distinguish provisional disposition from realized outcomes and require boarding behavior. The generic pathway rationale does not preserve that distinction.",C0 independent reviewer /root/p02_c0_detail_review_a,accept,"Admission decision and offer/acceptance/transport/departure sequence are generated boundary behavior. Observed admission decision is a pathway target; boarding is a separate emergent interval ending at actual ED departure while the resource remains occupied, and inpatient availability/withdrawal/competing demand must be observed or explicitly assumed.",coordinator/root,2026-09-30,p02_e0_detail_review_2026-09-30,16d79a5c0eff9fb60969b9e7829b5c67cdf63e46,model-inputs/ed/schema/parameter-usage-matrix-proposal.json#/entries/20; model-inputs/ed/schema/parameter-ids.json#/entries/20; model-inputs/ed/schema/parameter-ids.json#/entries/20; conductor/tracks/generic_ed_delivery_20260925/spec.md#Reports-5–8-integration; conductor/tracks/generic_ed_delivery_20260925/plan.md#E1,"Keep pathways.admission; represent decision/provisional disposition, boarding occupancy, and realized admission as separate states/events, and do not treat an admission decision as ED exit.",codex-subtask:/root/p02_c0_detail_review_a,16d79a5c0eff9fb60969b9e7829b5c67cdf63e46,conductor/design/p0.2-interface-disposition-draft-20260930.md §5 Probability and observation boundaries; conductor/tracks/ed_parameter_evidence_20260927/spec.md §Hospital interfaces; conductor/tracks/empirical_calibration_20260925/spec.md §3 resource/time mapping and §5 anchors; model-inputs/ed/schema/parameter-ids.json ed.despathways.admission,,"revise: key=pathways.admission; consumer=CareOps ED configuration adapter maps admission behavior into Kairos Track 03 Flow and the declared finite bed-offer boundary; unit=typed decision and transition data, with duration leaves in seconds and probabilities carrying explicit conditioning/denominator.; stage=MVP_minimum; use=keep admission decision, offer/acceptance, boarding occupancy, transport and realized admission/physical ED departure as distinct states or events; an admission decision does not release the ED resource.; role=generative; Keep admission decision, offer/acceptance, boarding, transport and physical ED departure distinct; admission decision does not release the occupied ED resource.",2026-09-30
ed.despathways.transfer,des_pathways,pathways.transfer,Proposed CareOps ED model/config; Kairos 03 Flow,categorical_or_structured,pathway state/transition data; numeric durations/probabilities appear as typed leaves,MVP_candidate,"candidate input for deterministic/minimal, generic nominal, or surge profiles according to pathway applicability",identity_only_no_value_or_distribution_asserted,/root/p02_e0_detail_review,revise,"Outgoing transfer is a disposition route; the separate demand.transfers ID is incoming transfer arrivals. The matrix's generic route language should make direction explicit, and E0 freezes bed-offer and ambulance boundary assumptions.",C0 independent reviewer /root/p02_c0_detail_review_a,accept,"Outgoing transfer decision/path is generated; observed transfer request, destination offer, acceptance, transport and ED departure are distinct targets. A transfer label is not evidence for a travel or boarding duration, and unavailable destinations/withdrawn offers require explicit exposure and outcome accounting.",coordinator/root,2026-09-30,p02_e0_detail_review_2026-09-30,16d79a5c0eff9fb60969b9e7829b5c67cdf63e46,model-inputs/ed/schema/parameter-usage-matrix-proposal.json#/entries/21; model-inputs/ed/schema/parameter-ids.json#/entries/21; model-inputs/ed/schema/parameter-ids.json#/entries/21; conductor/tracks/generic_ed_delivery_20260925/plan.md#E0; conductor/tracks/generic_ed_delivery_20260925/plan.md#E1,"Keep pathways.transfer for outgoing transfer disposition only; state destination/eligibility and completion boundary, and do not conflate it with incoming transfer arrivals or imply a full fleet/ward model.",codex-subtask:/root/p02_c0_detail_review_a,16d79a5c0eff9fb60969b9e7829b5c67cdf63e46,conductor/design/p0.2-interface-disposition-draft-20260930.md §5 Probability and observation boundaries; conductor/tracks/ed_parameter_evidence_20260927/spec.md §Hospital interfaces; conductor/tracks/empirical_calibration_20260925/spec.md §3 quality/censoring; model-inputs/ed/schema/parameter-ids.json ed.despathways.transfer,,"revise: key=pathways.transfer; consumer=CareOps ED configuration adapter maps outgoing transfer disposition into Kairos Track 03 Flow; unit=typed destination/eligibility/transition data; numeric durations use seconds and probabilities declare conditioning and denominator.; stage=MVP_conditional; use=define destination eligibility and the modeled completion boundary for an outgoing transfer; keep incoming transfer arrivals under demand.transfers and do not imply a full fleet or receiving-ward model.; role=generative; Model outgoing transfer only when enabled, with destination eligibility and completion boundary; incoming transfers use demand.transfers, and no fleet or receiving-ward model is implied.",2026-09-30
ed.despathways.abandonment,des_pathways,pathways.abandonment,Proposed CareOps ED model/config; Kairos 03 Flow,probability_or_conditional_table,"dimensionless values in [0,1], denominators/conditioning explicit",MVP_candidate,"candidate input for deterministic/minimal, generic nominal, or surge profiles according to pathway applicability",identity_only_no_value_or_distribution_asserted,/root/p02_e0_detail_review,accept,"Abandonment is a profile-specific terminal route, and the ID says so. The earlier rationale adequately preserves optional enablement and terminal accounting; keep it absent unless selected.",C0 independent reviewer /root/p02_c0_detail_review_a,accept,"Abandonment hazard/decision is generated behavior; observed leave-before-assessment or leave-before-treatment is a target only with a defined eligible risk set and time at risk. Distinguish abandonment from administrative discharge and right censoring, and report missing departure reasons so exclusions cannot improve fit invisibly.",coordinator/root,2026-09-30,p02_e0_detail_review_2026-09-30,16d79a5c0eff9fb60969b9e7829b5c67cdf63e46,model-inputs/ed/schema/parameter-usage-matrix-proposal.json#/entries/22; model-inputs/ed/schema/parameter-ids.json#/entries/22; model-inputs/ed/schema/parameter-ids.json#/entries/22; conductor/tracks/generic_ed_delivery_20260925/plan.md#E1,,codex-subtask:/root/p02_c0_detail_review_a,16d79a5c0eff9fb60969b9e7829b5c67cdf63e46,conductor/tracks/ed_parameter_evidence_20260927/spec.md §Patient behavior and §Evidence and distribution selection; conductor/tracks/empirical_calibration_20260925/spec.md §3 censoring and exclusions; §6 missing/outcome rates; model-inputs/ed/schema/parameter-ids.json ed.despathways.abandonment,,"accept: key=pathways.abandonment; consumer=Proposed CareOps ED model/config; Kairos 03 Flow; unit=dimensionless values in [0,1], denominators/conditioning explicit; stage=MVP_conditional; use=Enable abandonment only in selected profiles; distinguish its eligible risk set and departure reason from discharge and censoring.; role=generative; Enable abandonment only in selected profiles; define eligible risk set and time at risk, and distinguish it from discharge and right censoring.",2026-09-30
ed.despathways.routingprobability,des_pathways,pathways.routingprobability,Proposed CareOps ED model/config; Kairos 03 Flow,probability_or_conditional_table,"dimensionless values in [0,1], denominators/conditioning explicit",MVP_candidate,"candidate input for deterministic/minimal, generic nominal, or surge profiles according to pathway applicability",identity_only_no_value_or_distribution_asserted,/root/p02_e0_detail_review,revise,Routing probabilities are not generic policy values. The table must identify the decision point and conditioning population; simply saying conditional pathways are enabled does not define the routing denominator or relationship to deterministic routes.,C0 independent reviewer /root/p02_c0_detail_review_a,accept,"Routing probabilities generate branch choices conditional on state; they are calibratable only against observed choices with the eligible alternative set and state at decision time. Aggregate pathway counts without availability/conditioning cannot identify choice probabilities, and route-choice probability must not be confused with spatial path length or travel time.",coordinator/root,2026-09-30,p02_e0_detail_review_2026-09-30,16d79a5c0eff9fb60969b9e7829b5c67cdf63e46,model-inputs/ed/schema/parameter-usage-matrix-proposal.json#/entries/23; model-inputs/ed/schema/parameter-ids.json#/entries/23; model-inputs/ed/schema/parameter-ids.json#/entries/23; conductor/tracks/generic_ed_delivery_20260925/p0.2-e0-c0-owner-review-brief-20260930.md#Cross-cutting-proposals-needing-explicit-disposition,"Keep pathways.routingprobability as an optional typed conditional table; bind each row to a named decision point, exhaustive/allowed outcomes, denominator, and deterministic-versus-probabilistic mode.",codex-subtask:/root/p02_c0_detail_review_a,16d79a5c0eff9fb60969b9e7829b5c67cdf63e46,conductor/tracks/ed_parameter_evidence_20260927/spec.md §DES pathways and §Reports 5–8 integration (eligible choice sets); conductor/tracks/empirical_calibration_20260925/spec.md §4 Spatial contract; §7 identifiability; model-inputs/ed/schema/parameter-ids.json ed.despathways.routingprobability,,"revise: key=pathways.routingprobability; consumer=CareOps ED configuration adapter supplies conditional routing tables to Kairos Track 03 Flow; unit=dimensionless probabilities in [0,1], with a named decision point, conditioning state, eligible alternatives, denominator, allowed outcomes and normalization rule; identify deterministic versus sampled selection.; stage=MVP_conditional; use=generate a branch choice conditional on state; calibration against observed choices requires the same eligible alternative set and decision-time state.; role=generative; Generate routing choices conditional on named state and eligible alternatives with explicit denominator/normalization; calibrate only against matching decision-time choices.",2026-09-30
ed.despathways.repeatloops,des_pathways,pathways.repeatloops,Proposed CareOps ED model/config; Kairos 03 Flow,categorical_or_structured,no single scalar unit; every numeric leaf declares its unit and category coding,MVP_candidate,"candidate input for deterministic/minimal, generic nominal, or surge profiles according to pathway applicability",identity_only_no_value_or_distribution_asserted,/root/p02_e0_detail_review,revise,The repeat-loop structure has no declared bound or cycle semantics. Generic candidate acceptance could permit infinite pathway execution or duplicate work without a model-level stop rule.,C0 independent reviewer /root/p02_c0_detail_review_a,accept,"Repeat-loop rules generate repeated pathway transitions; observations can target loop counts/transitions only when task occurrences and episode boundaries are retained. A completed-event count alone is biased by window truncation, so include eligible cases, observation window and unfinished/censored loops.",coordinator/root,2026-09-30,p02_e0_detail_review_2026-09-30,16d79a5c0eff9fb60969b9e7829b5c67cdf63e46,model-inputs/ed/schema/parameter-usage-matrix-proposal.json#/entries/24; model-inputs/ed/schema/parameter-ids.json#/entries/24; model-inputs/ed/schema/parameter-ids.json#/entries/24; conductor/tracks/generic_ed_delivery_20260925/plan.md#E1,"Keep pathways.repeatloops only where enabled; require explicit loop edge, trigger, termination/max-iteration rule, and event accounting before a profile can use it.",codex-subtask:/root/p02_c0_detail_review_a,16d79a5c0eff9fb60969b9e7829b5c67cdf63e46,conductor/tracks/ed_parameter_evidence_20260927/spec.md §DES pathways; conductor/tracks/empirical_calibration_20260925/spec.md §3 occurrence/censoring; §7 partition and candidate evaluation; model-inputs/ed/schema/parameter-ids.json ed.despathways.repeatloops,,"revise: key=pathways.repeatloops; consumer=CareOps ED configuration adapter maps enabled repeat edges into Kairos Track 03 Flow; unit=typed loop edge and trigger, with numeric timing in seconds and any probabilities explicitly conditioned.; stage=MVP_conditional; use=declare the loop edge, trigger, termination condition or maximum iterations and event accounting; observed loop counts are separate targets requiring occurrence indices and episode boundaries.; role=generative; Enable repeat edges only with a trigger and termination or iteration bound; retain occurrence indices, episode boundaries and unfinished/censored loops.",2026-09-30
ed.despathways.priorities,des_pathways,pathways.priorities,Proposed CareOps ED model/config; Kairos 03 Flow,categorical_or_structured,no single scalar unit; every numeric leaf declares its unit and category coding,MVP_candidate,"candidate input for deterministic/minimal, generic nominal, or surge profiles according to pathway applicability",identity_only_no_value_or_distribution_asserted,/root/p02_e0_detail_review,accept,"Priority policy is a Flow contract concern, and the prior recommendation correctly avoids choosing clinical priorities. Retain the key only when a profile uses multiple queue classes and bind ordering/tie-breaking to the reviewed queue contract.",C0 independent reviewer /root/p02_c0_detail_review_a,accept,"Priority rules generate a selection policy; observed service order can target it only if the decision-time eligible task/staff set, priority state and stable tie-break inputs are available. Realized order alone is confounded by staff availability and cannot identify a priority score or urgency rule.",coordinator/root,2026-09-30,p02_e0_detail_review_2026-09-30,16d79a5c0eff9fb60969b9e7829b5c67cdf63e46,model-inputs/ed/schema/parameter-usage-matrix-proposal.json#/entries/25; model-inputs/ed/schema/parameter-ids.json#/entries/25; model-inputs/ed/schema/parameter-ids.json#/entries/25; conductor/tracks/generic_ed_delivery_20260925/plan.md#E1,,codex-subtask:/root/p02_c0_detail_review_a,16d79a5c0eff9fb60969b9e7829b5c67cdf63e46,"conductor/tracks/ed_parameter_evidence_20260927/spec.md §ABM staff behavior and §Reports 5–8 integration (eligible choice sets, assignment); conductor/tracks/empirical_calibration_20260925/spec.md §4 Micro staff behavior; §7 identifiability; model-inputs/ed/schema/parameter-ids.json ed.despathways.priorities",,accept: key=pathways.priorities; consumer=Proposed CareOps ED model/config; Kairos 03 Flow; unit=no single scalar unit; every numeric leaf declares its unit and category coding; stage=MVP_conditional; use=Configure queue selection priorities only when the profile uses multiple queue classes; bind ordering and tie breaks to the reviewed queue contract.; role=generative; Use queue priorities only with multiple queue classes and the reviewed ordering/tie-break contract; realized service order alone does not identify a priority rule.,2026-09-30
ed.despathways.deadlines,des_pathways,pathways.deadlines,Proposed CareOps ED model/config; Kairos 03 Flow,time,s canonical input; convert from explicit source/config unit to ED clock ticks,MVP_candidate,"candidate input for deterministic/minimal, generic nominal, or surge profiles according to pathway applicability",identity_only_no_value_or_distribution_asserted,/root/p02_e0_detail_review,accept,Deadlines need explicit origin and absolute/relative form; the prior rationale states both and leaves tick conversion details to C0. Preserve that split and require an explicit missed-deadline behavior in the pathway contract.,C0 independent reviewer /root/p02_c0_detail_review_a,revise,"A deadline is a generated pathway constraint or target threshold, not an observed duration distribution. Deadline-attainment diagnostics require a declared clock origin and the relevant occurrence endpoint; an absolute timestamp also needs source zone/precision, while a relative deadline needs a versioned duration-to-tick scale and checked rounding.",coordinator/root,2026-09-30,p02_e0_detail_review_2026-09-30,16d79a5c0eff9fb60969b9e7829b5c67cdf63e46,model-inputs/ed/schema/parameter-usage-matrix-proposal.json#/entries/26; model-inputs/ed/schema/parameter-ids.json#/entries/26; model-inputs/ed/schema/parameter-ids.json#/entries/26; conductor/tracks/generic_ed_delivery_20260925/p0.2-e0-c0-owner-review-brief-20260930.md#Cross-cutting-proposals-needing-explicit-disposition,,codex-subtask:/root/p02_c0_detail_review_a,16d79a5c0eff9fb60969b9e7829b5c67cdf63e46,conductor/tracks/ed_parameter_evidence_20260927/spec.md §DES pathways; conductor/tracks/empirical_calibration_20260925/spec.md §3 timestamp normalization and §5 paired observed/predicted endpoint; conductor/design/p0.2-interface-disposition-draft-20260930.md §2 Durations and ticks and §3 Absolute schedules; libs/kairos/crates/kairo-ecs-types/src/lib.rs:53-105,"Replacement: keep seconds for relative deadline durations; distinguish relative limits from absolute instants, bind each to the versioned time profile/origin and explicit zone/precision where applicable, and reject overflow or unsupported precision.","revise: key=pathways.deadlines; consumer=CareOps ED configuration adapter supplies deadline constraints to Kairos Track 03 Flow; unit=relative limits in decimal seconds; absolute deadlines are explicit-offset instants tied to the dataset UTC origin and retain source precision. Apply ADR-0004 checked conversion to one-nanosecond u128 ticks; reject unsupported precision, negative/overflow values and naive local instants.; stage=MVP_conditional; use=generated pathway threshold/constraint, distinct from an observed elapsed-time target.; role=generative; Use as a generated threshold, with relative seconds or explicit-offset absolute instant tied to UTC origin; define missed-deadline behavior and do not treat it as an elapsed-time distribution.",2026-09-30
ed.despathways.preemption,des_pathways,pathways.preemption,Proposed CareOps ED model/config; Kairos 03 Flow,categorical_or_structured,no single scalar unit; every numeric leaf declares its unit and category coding,MVP_candidate,"candidate input for deterministic/minimal, generic nominal, or surge profiles according to pathway applicability",identity_only_no_value_or_distribution_asserted,/root/p02_e0_detail_review,accept,A generic preemption flag would conflate staff-task interruption with patient/resource eviction. The prior rationale correctly separates them and limits MVP behavior to the reviewed queue contract.,C0 independent reviewer /root/p02_c0_detail_review_a,accept,"Preemption rule is a generative scheduler/policy input, not a directly fitted elapsed time. Target evidence needs interruption, suspend/resume, completed-work and task ancestry records; counts of interruptions require eligible active tasks and exposure, and preemption semantics remain owned by queue/Flow contracts.",coordinator/root,2026-09-30,p02_e0_detail_review_2026-09-30,16d79a5c0eff9fb60969b9e7829b5c67cdf63e46,model-inputs/ed/schema/parameter-usage-matrix-proposal.json#/entries/27; model-inputs/ed/schema/parameter-ids.json#/entries/27; model-inputs/ed/schema/parameter-ids.json#/entries/27; conductor/tracks/generic_ed_delivery_20260925/plan.md#E2,,codex-subtask:/root/p02_c0_detail_review_a,16d79a5c0eff9fb60969b9e7829b5c67cdf63e46,conductor/tracks/ed_parameter_evidence_20260927/spec.md §DES pathways and §ABM staff behavior; conductor/tracks/empirical_calibration_20260925/spec.md §4 interruptible tasks; §5 replay; conductor/tracks/des_queue_preemption_20260925/plan.md Q0.2–Q0.4 accepted contracts; model-inputs/ed/schema/parameter-ids.json ed.despathways.preemption,,accept: key=pathways.preemption; consumer=Proposed CareOps ED model/config; Kairos 03 Flow; unit=no single scalar unit; every numeric leaf declares its unit and category coding; stage=MVP_minimum; use=Configure only reviewed task-preemption behavior; keep staff-task interruption separate from patient or resource eviction.; role=generative; Represent reviewed task-preemption policy only; keep task interruption/suspend/resume distinct from patient or resource eviction and require queue-contract evidence.,2026-09-30
ed.durations.intrinsicwork,durations,durations.intrinsicwork,Proposed CareOps ED model/config; Kairos 03 Flow,time,s canonical input; convert to integer ED SimTime ticks,MVP_candidate,"candidate input for deterministic/minimal, generic nominal, or surge profiles according to pathway applicability",identity_only_no_value_or_distribution_asserted,/root/p02_e0_detail_review,accept,"Intrinsic work is active task time, not total elapsed patient time. Preserve that definition and do not fold queue wait, transit, or setup into this duration; distribution/value selection is outside this interface review.",C0 independent reviewer /root/p02_c0_detail_review_a,revise,"Intrinsic work is a generative active-work duration and a candidate fit parameter only if mapped observation endpoints isolate active work from setup, queue, transit and interruption/resumption. The seconds input unit is sound, but conversion into integer ticks must bind to the versioned ED tick quantum and a declared exactness/rounding rule; `SimTime` stores integer ticks without a physical scale.",coordinator/root,2026-09-30,p02_e0_detail_review_2026-09-30,16d79a5c0eff9fb60969b9e7829b5c67cdf63e46,model-inputs/ed/schema/parameter-usage-matrix-proposal.json#/entries/28; model-inputs/ed/schema/parameter-ids.json#/entries/28; model-inputs/ed/schema/parameter-ids.json#/entries/28; conductor/tracks/generic_ed_delivery_20260925/plan.md#E1; conductor/tracks/generic_ed_delivery_20260925/plan.md#E2,,codex-subtask:/root/p02_c0_detail_review_a,16d79a5c0eff9fb60969b9e7829b5c67cdf63e46,conductor/tracks/ed_parameter_evidence_20260927/spec.md §Durations and §Evidence and distribution selection; conductor/tracks/empirical_calibration_20260925/spec.md §3 timestamp conversion; §4 Avoid double counting; conductor/design/p0.2-interface-disposition-draft-20260930.md §2 Durations and ticks; libs/kairos/crates/kairo-ecs-types/src/lib.rs:53-105,"Replacement: seconds are canonical input; fit only from occurrence-mapped endpoints that isolate active work, and convert under a versioned tick quantum with checked range and declared exactness/rounding and precision-loss reporting.","revise: key=durations.intrinsicwork; consumer=CareOps ED configuration adapter supplies active-work durations to Kairos Track 03 Flow; unit=decimal seconds converted under ADR-0004 to one-nanosecond u128 ticks with exact fixed-value checks or the declared sampled-duration ceiling rule and precision/rounding metadata.; stage=MVP_minimum; use=generative active task time; fit only from occurrence-mapped endpoints that isolate active work from setup, queue, transit and interruption/resumption, preserving source precision.; role=generative; Generate active task work only; fit from occurrence endpoints isolating setup, queue, transit and interruption/resumption, then apply ADR-0004 checked tick conversion.",2026-09-30
ed.durations.setup,durations,durations.setup,Proposed CareOps ED model/config; Kairos 03 Flow,time,s canonical input; convert to integer ED SimTime ticks,MVP_candidate,"candidate input for deterministic/minimal, generic nominal, or surge profiles according to pathway applicability",identity_only_no_value_or_distribution_asserted,/root/p02_e0_detail_review,revise,"Setup is a distinct duration, but the proposal does not state what is being set up or which resource/task owns it. Accepting a free-floating setup interval risks overlap with intrinsic work.",C0 independent reviewer /root/p02_c0_detail_review_a,revise,"Setup is a separate generated work component; it can be a target only when event mapping distinguishes setup start/end from active service, queue and transit. Seconds remain the input unit, with tick quantum, range checks and rounding counted under the selected profile version.",coordinator/root,2026-09-30,p02_e0_detail_review_2026-09-30,16d79a5c0eff9fb60969b9e7829b5c67cdf63e46,model-inputs/ed/schema/parameter-usage-matrix-proposal.json#/entries/29; model-inputs/ed/schema/parameter-ids.json#/entries/29; model-inputs/ed/schema/parameter-ids.json#/entries/29; conductor/tracks/generic_ed_delivery_20260925/plan.md#E2,Keep durations.setup only with an explicit task/resource owner and start/end event definition; state whether it occupies capacity and whether it precedes active work.,codex-subtask:/root/p02_c0_detail_review_a,16d79a5c0eff9fb60969b9e7829b5c67cdf63e46,conductor/tracks/ed_parameter_evidence_20260927/spec.md §Durations; conductor/tracks/empirical_calibration_20260925/spec.md §3 TraceMapping; §4 Avoid double counting; conductor/design/p0.2-interface-disposition-draft-20260930.md §2; libs/kairos/crates/kairo-ecs-types/src/lib.rs:53-105,"Replacement: retain seconds; require setup-specific occurrence endpoints and declared included process before fitting, then convert using the versioned tick quantum and explicit checked rounding policy.","revise: key=durations.setup; consumer=CareOps ED configuration adapter supplies setup intervals to Kairos Track 03 Flow and the named task/resource occupancy model; unit=decimal seconds converted under ADR-0004 to one-nanosecond u128 ticks with checked exactness or declared sampled rounding.; stage=MVP_conditional; use=identify the owning task/resource, setup start/end and whether capacity is occupied or setup precedes active work; fit only from setup-specific occurrence endpoints distinct from service, queue and transit.; role=generative; Enable setup only for a named task/resource and separate start/end; declare capacity occupancy and ordering relative to active work to prevent overlap or double counting.",2026-09-30
ed.durations.turnaround,durations,durations.turnaround,Proposed CareOps ED model/config; Kairos 03 Flow,time,s canonical input; convert to integer ED SimTime ticks,MVP_candidate,"candidate input for deterministic/minimal, generic nominal, or surge profiles according to pathway applicability",identity_only_no_value_or_distribution_asserted,/root/p02_e0_detail_review,accept,"Turnaround should represent process/device turnaround, with report availability and clinician review separated. The prior recommendation captures that distinction; duration semantics still need event boundaries in the typed consumer contract.",C0 independent reviewer /root/p02_c0_detail_review_a,revise,Turnaround is an elapsed generated delay whose meaning may include external processing but should not silently include ED queue or transit. Calibration requires turnaround-specific occurrence endpoints and a declared inclusion boundary; seconds-to-ticks still depends on a versioned quantum and rounding policy.,coordinator/root,2026-09-30,p02_e0_detail_review_2026-09-30,16d79a5c0eff9fb60969b9e7829b5c67cdf63e46,model-inputs/ed/schema/parameter-usage-matrix-proposal.json#/entries/30; model-inputs/ed/schema/parameter-ids.json#/entries/30; model-inputs/ed/schema/parameter-ids.json#/entries/30; conductor/evidence/p0.2-e0-c0-owner-review-brief-20260930.md#Cross-cutting-proposals-needing-explicit-disposition,,codex-subtask:/root/p02_c0_detail_review_a,16d79a5c0eff9fb60969b9e7829b5c67cdf63e46,conductor/tracks/ed_parameter_evidence_20260927/spec.md §Durations; conductor/tracks/empirical_calibration_20260925/spec.md §3 timestamp lineage; §4 Avoid double counting; conductor/design/p0.2-interface-disposition-draft-20260930.md §2; libs/kairos/crates/kairo-ecs-types/src/lib.rs:53-105,"Replacement: retain seconds; specify the turnaround event pair and external/ED components included, then use a versioned tick quantum with checked conversion and declared rounding.",revise: key=durations.turnaround; consumer=CareOps ED configuration adapter supplies process/device turnaround to Kairos Track 03 Flow; unit=decimal seconds converted under ADR-0004 to one-nanosecond u128 ticks with checked exactness or declared sampled rounding.; stage=MVP_conditional; use=define the event pair and included external/ED components; keep report availability and clinician review separate and do not silently include ED queue or transit. Fit only to matching occurrence endpoints.; role=generative; Enable turnaround only with a defined event pair and included components; separate external/ED delay from queue/transit and keep report availability and clinician review distinct.,2026-09-30
ed.durations.reportreviewdelay,durations,durations.reportreviewdelay,Proposed CareOps ED model/config; Kairos 03 Flow,time,s canonical input; convert from explicit source/config unit to ED clock ticks,MVP_candidate,"candidate input for deterministic/minimal, generic nominal, or surge profiles according to pathway applicability",identity_only_no_value_or_distribution_asserted,/root/p02_e0_detail_review,accept,"Report/review delay is a waiting interval after the relevant diagnostic process, not additional active work. The key is suitable if the model records report availability and review completion separately.",C0 independent reviewer /root/p02_c0_detail_review_a,revise,"Report/review delay is generated elapsed time; observed target endpoints must mean report availability and review occurrence, not order time, message creation or chart entry. Preserve recorded timestamps as separate lineage, and bind second-to-tick conversion to the versioned quantum and rounding contract.",coordinator/root,2026-09-30,p02_e0_detail_review_2026-09-30,16d79a5c0eff9fb60969b9e7829b5c67cdf63e46,model-inputs/ed/schema/parameter-usage-matrix-proposal.json#/entries/31; model-inputs/ed/schema/parameter-ids.json#/entries/31; model-inputs/ed/schema/parameter-ids.json#/entries/31; conductor/tracks/generic_ed_delivery_20260925/plan.md#E1,,codex-subtask:/root/p02_c0_detail_review_a,16d79a5c0eff9fb60969b9e7829b5c67cdf63e46,"conductor/tracks/ed_parameter_evidence_20260927/spec.md §Durations; conductor/tracks/empirical_calibration_20260925/spec.md §3 observed_at, recorded_at and message_created_at; §4 Avoid double counting; conductor/design/p0.2-interface-disposition-draft-20260930.md §2; libs/kairos/crates/kairo-ecs-types/src/lib.rs:53-105","Replacement: retain seconds; require occurrence-time endpoints for report availability/review and separate recorded/message time, then convert through the versioned tick quantum with checked declared rounding.","revise: key=durations.reportreviewdelay; consumer=CareOps ED configuration adapter supplies report/review delay to Kairos Track 03 Flow; unit=decimal seconds converted under ADR-0004 to one-nanosecond u128 ticks with checked exactness or declared sampled rounding; retain source event precision.; stage=MVP_conditional; use=generate elapsed delay after the relevant diagnostic process; map observed targets to report-availability and review-occurrence endpoints, keeping order time and recorded/message time separate.; role=generative; Generate delay after the diagnostic process; map targets to report availability and review occurrence, keeping order, message and recorded timestamps separate.",2026-09-30
ed.durations.cleaning,durations,durations.cleaning,Proposed CareOps ED model/config; Kairos 03 Flow,time,s canonical input; convert to integer ED SimTime ticks,MVP_candidate,"candidate input for deterministic/minimal, generic nominal, or surge profiles according to pathway applicability",identity_only_no_value_or_distribution_asserted,/root/p02_e0_detail_review,revise,Cleaning affects when a location/resource is available again; the row does not say which resource's occupancy it follows. The broad duration wording leaves a capacity-accounting boundary unresolved.,C0 independent reviewer /root/p02_c0_detail_review_a,revise,"Cleaning is generated resource work; its target must use cleaning start/completion events and must not substitute bed assignment, patient departure or bed release for physical occupancy. Conversion requires a versioned tick quantum and declared rounding; timing observations also need to identify whether cleaning is serialized or overlaps other work.",coordinator/root,2026-09-30,p02_e0_detail_review_2026-09-30,16d79a5c0eff9fb60969b9e7829b5c67cdf63e46,model-inputs/ed/schema/parameter-usage-matrix-proposal.json#/entries/32; model-inputs/ed/schema/parameter-ids.json#/entries/32; model-inputs/ed/schema/parameter-ids.json#/entries/32; conductor/tracks/generic_ed_delivery_20260925/plan.md#E2,Keep durations.cleaning tied to an identified reusable resource/location and its release/ready events; avoid counting the same cleaning interval in both task work and resource availability.,codex-subtask:/root/p02_c0_detail_review_a,16d79a5c0eff9fb60969b9e7829b5c67cdf63e46,conductor/tracks/ed_parameter_evidence_20260927/spec.md §Durations and §Resources; conductor/tracks/empirical_calibration_20260925/spec.md §3 event mapping; §4 bed cleaning/resource lifecycle; conductor/design/p0.2-interface-disposition-draft-20260930.md §2; libs/kairos/crates/kairo-ecs-types/src/lib.rs:53-105,"Replacement: retain seconds; map cleaning occurrence start/end separately from bed occupancy/release and declare concurrency, then convert using versioned tick quantum and explicit rounding.","revise: key=durations.cleaning; consumer=CareOps ED configuration adapter supplies cleaning work to the reusable resource/location availability model consumed by Kairos Track 03 Flow; unit=decimal seconds converted under ADR-0004 to one-nanosecond u128 ticks with checked exactness or declared sampled rounding.; stage=MVP_minimum; use=name the resource and map cleaning occurrence start/completion separately from patient departure, bed assignment and resource release; declare concurrency and avoid counting the same interval in task work and availability. Fit only from cleaning-specific endpoints.; role=generative; Tie cleaning to a named reusable resource and cleaning start/completion; separate patient departure, bed assignment and resource release, and declare concurrency to avoid double counting.",2026-09-30
ed.durations.handover,durations,durations.handover,Proposed CareOps ED model/config; Kairos 03 Flow,time,s canonical input; convert to integer ED SimTime ticks,MVP_candidate,"candidate input for deterministic/minimal, generic nominal, or surge profiles according to pathway applicability",identity_only_no_value_or_distribution_asserted,/root/p02_e0_detail_review,revise,"Handover is not a single universal interval: E0 calls out ambulance arrival, triage, handover, offload, and crew release as distinct clocks. The generic seconds-to-ticks rationale misses those separate endpoints.",C0 independent reviewer /root/p02_c0_detail_review_a,revise,"Handover is generated staff work; calibrate only with handover-specific occurrence anchors and an overlap/concurrency rule. Aggregate shift change or patient elapsed time does not isolate it, and second-to-tick conversion needs a versioned quantum and declared rounding.",coordinator/root,2026-09-30,p02_e0_detail_review_2026-09-30,16d79a5c0eff9fb60969b9e7829b5c67cdf63e46,model-inputs/ed/schema/parameter-usage-matrix-proposal.json#/entries/33; model-inputs/ed/schema/parameter-ids.json#/entries/33; model-inputs/ed/schema/parameter-ids.json#/entries/33; conductor/tracks/generic_ed_delivery_20260925/plan.md#E0,Keep durations.handover only for a named handover interval with explicit participants and start/end events; ambulance offload and crew release remain separate measures where modeled.,codex-subtask:/root/p02_c0_detail_review_a,16d79a5c0eff9fb60969b9e7829b5c67cdf63e46,conductor/tracks/ed_parameter_evidence_20260927/spec.md §Durations and §ABM staff behavior; conductor/tracks/empirical_calibration_20260925/spec.md §3 TraceMapping; §4 Avoid double counting; conductor/design/p0.2-interface-disposition-draft-20260930.md §2; libs/kairos/crates/kairo-ecs-types/src/lib.rs:53-105,"Replacement: retain seconds; define handover occurrence endpoints and concurrent-work treatment before fitting, then convert using the versioned tick quantum and explicit rounding.","revise: key=durations.handover; consumer=CareOps ED configuration adapter supplies a named handover task to Kairos Track 03 Flow; unit=decimal seconds converted under ADR-0004 to one-nanosecond u128 ticks with checked exactness or declared sampled rounding.; stage=MVP_conditional; use=specify participants, occurrence start/end and overlap/concurrency treatment; keep ambulance arrival, offload and crew release as separate measures where modeled, and fit only from handover-specific anchors.; role=generative; Enable only as a named handover task with participants, occurrence start/end and overlap rule; keep ambulance arrival, offload and crew release as separate measures.",2026-09-30
ed.durations.disposition,durations,durations.disposition,Proposed CareOps ED model/config; Kairos 03 Flow,time,s canonical input; convert to integer ED SimTime ticks,MVP_candidate,"candidate input for deterministic/minimal, generic nominal, or surge profiles according to pathway applicability",identity_only_no_value_or_distribution_asserted,/root/p02_e0_detail_review,defer,"Disposition duration is too broad to accept as an independent component while discharge, admission, transfer, and boarding routes already own elapsed work. The prior rationale notes overlap but does not resolve what this ID measures.",C0 independent reviewer /root/p02_c0_detail_review_a,revise,"Disposition work is generated after a decision and must exclude boarding, bed search, transport and other departure delay; observed decision-ready, work completion and actual ED departure are separate possible targets. Only the work interval can fit this duration, with explicit censoring; tick conversion remains profile-versioned.",coordinator/root,2026-09-30,p02_e0_detail_review_2026-09-30,16d79a5c0eff9fb60969b9e7829b5c67cdf63e46,model-inputs/ed/schema/parameter-usage-matrix-proposal.json#/entries/34; model-inputs/ed/schema/parameter-ids.json#/entries/34; model-inputs/ed/schema/parameter-ids.json#/entries/34; conductor/tracks/generic_ed_delivery_20260925/plan.md#E1; conductor/evidence/p0.2-e0-c0-owner-review-brief-20260930.md#Cross-cutting-proposals-needing-explicit-disposition,"Defer durations.disposition until E0 names the active interval, owning route, and endpoints; if it duplicates a route's active work or boarding, remove that duplicate representation from the profile contract.",codex-subtask:/root/p02_c0_detail_review_a,16d79a5c0eff9fb60969b9e7829b5c67cdf63e46,conductor/tracks/ed_parameter_evidence_20260927/spec.md §Durations and §Hospital interfaces; conductor/design/p0.2-interface-disposition-draft-20260930.md §5 Probability and observation boundaries; conductor/tracks/empirical_calibration_20260925/spec.md §3 censoring; §4 Avoid double counting; conductor/design/p0.2-interface-disposition-draft-20260930.md §2; libs/kairos/crates/kairo-ecs-types/src/lib.rs:53-105,"Replacement: retain seconds; define disposition-work endpoints and explicitly exclude boarding/transport intervals, then convert with versioned tick quantum, checked range and declared rounding.","revise: key=durations.disposition; consumer=Proposed CareOps ED model/config; Kairos 03 Flow; unit=decimal seconds externally; fixed values parsed exactly into checked integral nanosecond u128 ticks; sampled finite nonnegative values round upward per ADR-0004; stage=MVP_conditional; use=Use only when the selected pathway has an explicit active disposition task; omit the field from profiles without that task.; role=generative; This is optional generated active work after the disposition decision. E0 deferred a generic disposition duration; enable the field only for a route with an identified task owner and decision-ready/work-complete events. Boarding, bed search, transport, and physical departure are separate.",2026-09-30
ed.durations.boarding,durations,durations.boarding,Proposed CareOps ED model/config; Kairos 03 Flow,time,s canonical input; convert to integer ED SimTime ticks,MVP_candidate,"candidate input for deterministic/minimal, generic nominal, or surge profiles according to pathway applicability",identity_only_no_value_or_distribution_asserted,Codex subagent /root/p02_e0_b,revise,"Keep seconds as the canonical duration unit, but define this as elapsed ED occupancy from a provisional admission/boarding state until realized transfer or another explicit terminal event. Do not independently sample a boarding duration or release the ED bed at the bed-offer event; that would double count time or release occupancy too early.",/root/p02_c0_detail_review_b,revise,"Boarding is an elapsed boundary interval, not intrinsic ED service work: observed disposition/physical-departure anchors may include downstream bed or transfer delay. A fitted boarding target and a generated residual boundary delay must not represent the same interval; episode end and physical departure also remain distinct.",coordinator/root,2026-09-30,/root/p02_e0_b (task identity; host session ID unavailable),16d79a5c0eff9fb60969b9e7829b5c67cdf63e46,conductor/tracks/generic_ed_delivery_20260925/plan.md:62-65; conductor/tracks/generic_ed_delivery_20260925/spec.md:30-33,"Unit contract: seconds for observed/derived elapsed boarding intervals; runtime end is realized transfer/discharge, with offer availability, boarding wait and recurrent boarder-care tasks represented separately. Candidate profile use only when admission/boarding is enabled.",/root/p02_c0_detail_review_b-20260930,16d79a5c0eff9fb60969b9e7829b5c67cdf63e46,conductor/tracks/empirical_calibration_20260925/spec.md#3-4; conductor/tracks/empirical_calibration_20260925/spec.md#Normalized-trace-event-and-validation; conductor/tracks/empirical_calibration_20260925/plan.md#C0,Define boarding start/end anchors and whether the model owns a residual boundary delay. Treat observed elapsed boarding as a target only when its event mapping and censoring are explicit; retain seconds/source precision and use the C0-declared checked tick conversion.,"revise: key=durations.boarding; consumer=C0 trace/metric mapping, and the CareOps ED adapter only if a separately identified residual boundary delay is modeled; unit=elapsed decimal seconds with source precision; fixed values parse exactly to integral nanosecond u128 ticks; sampled finite nonnegative values round upward per ADR-0004; stage=MVP_conditional; use=For admission-enabled profiles, map the observed provisional-boarding-to-terminal-departure outcome. Configure a residual only after its components are separated.; role=observed_target; Boarding is an observed elapsed boundary from provisional admission/boarding to actual departure or another declared terminal event. Do not model the full observed interval as service or release an ED resource at bed offer; generate only a separately decomposed residual.",2026-09-30
ed.durations.transit,durations,durations.transit,Proposed CareOps ED model/config; Kairos 03 Flow,time,s canonical input; convert to integer ED SimTime ticks,MVP_candidate,"candidate input for deterministic/minimal, generic nominal, or surge profiles according to pathway applicability",identity_only_no_value_or_distribution_asserted,Codex subagent /root/p02_e0_b,revise,"Seconds are suitable for a genuine configured external transport interval, but local Micro travel should be derived from route distance and movement speed, while Macro mode should not silently add transit. The present key conflates local travel with external transfer transport and can double count movement.",/root/p02_c0_detail_review_b,revise,"A scalar transit duration is usable for Macro aggregate timing, while Micro transit is generated from route distance and walking speed. Fitting and replaying the same observed travel interval as both a duration and movement cost would double count it.",coordinator/root,2026-09-30,/root/p02_e0_b (task identity; host session ID unavailable),16d79a5c0eff9fb60969b9e7829b5c67cdf63e46,"conductor/tracks/generic_ed_delivery_20260925/spec.md:28-29,95-100; conductor/tracks/generic_ed_delivery_20260925/plan.md:45",Unit contract: seconds only for explicitly defined external transport intervals; local staff/patient route travel is derived from graph distance and applicable speed. Split the config key/semantic when both are needed. Mark external transport pathway/profile applicability explicitly.,/root/p02_c0_detail_review_b-20260930,16d79a5c0eff9fb60969b9e7829b5c67cdf63e46,conductor/tracks/empirical_calibration_20260925/spec.md#3-4; conductor/tracks/empirical_calibration_20260925/spec.md#Spatial-contract; conductor/tracks/empirical_calibration_20260925/plan.md#C0,"Restrict this key to an explicitly declared Macro travel interval or residual; in Micro derive travel ticks from graph distance and speed. Map observed start/end occurrence separately from recorded/message time and declare source precision, origin, and tick rounding.",revise: key=durations.transit; consumer=CareOps ED adapter to Kairos Track 03 Flow; unit=nonnegative decimal seconds; fixed values parse exactly to integral nanosecond u128 ticks and sampled durations round upward per ADR-0004; stage=MVP_conditional; use=Macro may configure aggregate local movement time. Micro derives local time from graph distance and speed and omits this field; external transport is separate.; role=generative; Macro may represent aggregate local transit when it is not already part of service work. Micro derives movement from graph distance and speed and excludes this scalar; external transfer/transport has its own boundary input and event anchors.,2026-09-30
ed.resources.staffroles,resources,resources.staffroles,Proposed CareOps ED model/config; Kairos 03 Flow,categorical_or_structured,no single scalar unit; every numeric leaf declares its unit and category coding,MVP_candidate,"candidate input for deterministic/minimal, generic nominal, or surge profiles according to pathway applicability",identity_only_no_value_or_distribution_asserted,Codex subagent /root/p02_e0_b,accept,Structured role/skill categories are ordinary ED domain inputs; every numeric leaf can declare its own unit. Keep role/skill eligibility in the ED adapter and avoid encoding staffing policy as an engine default.,/root/p02_c0_detail_review_b,accept,"Staff role labels and skill categories are categorical generative configuration. They have no scalar physical unit; any numeric leaf such as an explicitly defined grade or count needs its own coding and unit. Observed role records can describe staffing context, but aggregate throughput does not identify role composition.",coordinator/root,2026-09-30,/root/p02_e0_b (task identity; host session ID unavailable),16d79a5c0eff9fb60969b9e7829b5c67cdf63e46,conductor/tracks/generic_ed_delivery_20260925/spec.md:25-27; conductor/tracks/generic_ed_delivery_20260925/plan.md:73-78,,/root/p02_c0_detail_review_b-20260930,16d79a5c0eff9fb60969b9e7829b5c67cdf63e46,conductor/tracks/ed_parameter_evidence_20260927/spec.md#Catalogue-record-contract; conductor/tracks/empirical_calibration_20260925/spec.md#4-Dual-fidelity-execution; conductor/tracks/empirical_calibration_20260925/spec.md#Research-integration-requirements,,"accept: key=resources.staffroles; consumer=Proposed CareOps ED model/config; Kairos 03 Flow; unit=no single scalar unit; every numeric leaf declares its unit and category coding; stage=MVP_minimum; use=Declare the staff role and skill categories used by the E2 task and eligibility rules. Numeric leaves carry their own units; no role counts or identities are inferred.; role=generative; Role and skill categories are configuration for E2 task and eligibility rules. Numeric leaves declare units. Observed staff categories remain evidence, not generated configuration or asserted defaults.",2026-09-30
ed.resources.staffcounts,resources,resources.staffcounts,Proposed CareOps ED model/config; Kairos 03 Flow,count_or_capacity,non-negative integer count; resource identity and availability are separate,MVP_candidate,"candidate input for deterministic/minimal, generic nominal, or surge profiles according to pathway applicability",identity_only_no_value_or_distribution_asserted,Codex subagent /root/p02_e0_b,accept,"Non-negative counts are appropriate scenario-level staffing capacity inputs. Where ABM identity or assignment is required, expand counts to stable synthetic agent identities; a count alone does not define assignment or availability.",/root/p02_c0_detail_review_b,revise,"A single staff count can mean employed headcount, rostered, present, or eligible capacity; these are different snapshots and have different calibration roles. Only declared as-operated counts can be observed covariates/targets; service or queue outcomes cannot recover them uniquely.",coordinator/root,2026-09-30,/root/p02_e0_b (task identity; host session ID unavailable),16d79a5c0eff9fb60969b9e7829b5c67cdf63e46,"conductor/tracks/generic_ed_delivery_20260925/spec.md:25-27,95-100; conductor/tracks/generic_ed_delivery_20260925/plan.md:83",,/root/p02_c0_detail_review_b-20260930,16d79a5c0eff9fb60969b9e7829b5c67cdf63e46,conductor/tracks/ed_parameter_evidence_20260927/spec.md#Parameter-coverage-inventory; conductor/tracks/empirical_calibration_20260925/spec.md#4-Dual-fidelity-execution; conductor/tracks/empirical_calibration_20260925/spec.md#Validation-and-normalization,"Name the count basis and reference time/window (for example, rostered versus present/eligible); keep staff identity and interval availability separate. Map observed counts with provenance and denominator, and do not infer staff counts from throughput or wait metrics.","revise: key=resources.staffcounts; consumer=CareOps ED configuration validator and ED adapter, which maps role capacity to Kairos Track 03 Flow; synthetic role/zone/location bindings follow the minimum-bindings proposal; unit=nonnegative integer staff persons per declared `staff_role_id` and time basis; stage=MVP_minimum; use=Supply role-specific counts on an explicitly named employed, rostered, present, or task-eligible basis. Bind roles and eligibility; unknown capacity is not zero.; role=generative; Staff counts are generated capacity inputs by role and explicitly named time basis. Employed, rostered, present, and task-eligible counts are distinct; availability schedules modify effective capacity and observed assignments do not imply counts.",2026-09-30
ed.resources.rosters,resources,resources.rosters,Proposed CareOps ED model/config; Kairos 03 Flow,schedule_or_interval,absolute instants carry explicit timezone; intervals use declared ED clock unit,MVP_candidate,"candidate input for deterministic/minimal, generic nominal, or surge profiles according to pathway applicability",identity_only_no_value_or_distribution_asserted,Codex subagent /root/p02_e0_b,accept,Roster schedules are in-scope capacity inputs. Keep explicit timezone on absolute instants and distinguish them from run-relative intervals; recurring local-calendar/DST resolution remains a C0 time-boundary decision.,/root/p02_c0_detail_review_b,revise,"Roster instants and effective intervals are configuration inputs with local recurrence semantics; observed clock-in/out or roster records are evidence with occurrence time distinct from entry/update time. A timezone label alone does not resolve DST folds, gaps, source precision, or the trace origin.",coordinator/root,2026-09-30,/root/p02_e0_b (task identity; host session ID unavailable),16d79a5c0eff9fb60969b9e7829b5c67cdf63e46,conductor/tracks/generic_ed_delivery_20260925/spec.md:25-27; conductor/evidence/p0.2-e0-c0-owner-review-brief-20260930.md:32-33,,/root/p02_c0_detail_review_b-20260930,16d79a5c0eff9fb60969b9e7829b5c67cdf63e46,conductor/tracks/empirical_calibration_20260925/spec.md#Normalized-trace-event.v1; conductor/tracks/empirical_calibration_20260925/spec.md#Validation-and-normalization; conductor/tracks/empirical_calibration_20260925/plan.md#C0,"For absolute timestamps require offset/timezone and original precision; normalize instants to UTC. For recurring rosters preserve the IANA zone, recurrence, and fold/gap policy. State observation origin and checked interval-to-tick rounding separately.",revise: key=resources.rosters; consumer=CareOps ED configuration validator and ED adapter to Kairos Track 03 Flow availability; unit=half-open ED-clock intervals in decimal seconds/ticks; generic schedules are relative to origin zero; timestamped instants require declared UTC origin and explicit offset/zone per ADR-0004; stage=MVP_minimum; use=Supply relative-to-zero availability schedules for declared roles/resources. Absolute instants need an origin and explicit offset/zone; local recurrence is disabled.; role=generative; Roster availability is configured for declared roles/resources using half-open intervals on the ED clock. Observed rosters and clock events are separate evidence; relative schedules start at zero and local recurrence awaits a tested IANA adapter.,2026-09-30
ed.resources.breaks,resources,resources.breaks,Proposed CareOps ED model/config; Kairos 03 Flow,schedule_or_interval,absolute instants carry explicit timezone; intervals use declared ED clock unit,MVP_candidate,"candidate input for deterministic/minimal, generic nominal, or surge profiles according to pathway applicability",identity_only_no_value_or_distribution_asserted,Codex subagent /root/p02_e0_b,accept,Break schedules are in-scope; model their effective capacity intervals and explicit in-flight-work behavior rather than treating breaks as duration samples or silently dropping active work. C0 still owns timestamp precision and conversion details.,/root/p02_c0_detail_review_b,revise,"A break rule changes a staff member’s availability interval, while observed break start/end times are trace events; subtracting it again from an observed busy interval would double count unavailable time. Local recurring break schedules also encounter DST ambiguity.",coordinator/root,2026-09-30,/root/p02_e0_b (task identity; host session ID unavailable),16d79a5c0eff9fb60969b9e7829b5c67cdf63e46,conductor/tracks/generic_ed_delivery_20260925/spec.md:25-27; conductor/tracks/generic_ed_delivery_20260925/plan.md:73-78; conductor/evidence/p0.2-e0-c0-owner-review-brief-20260930.md:32-33,,/root/p02_c0_detail_review_b-20260930,16d79a5c0eff9fb60969b9e7829b5c67cdf63e46,conductor/tracks/empirical_calibration_20260925/spec.md#Normalized-trace-event.v1; conductor/tracks/empirical_calibration_20260925/spec.md#4-Dual-fidelity-execution; conductor/tracks/empirical_calibration_20260925/plan.md#C0,Represent planned break recurrence and effective availability as inputs; map actual break occurrence as a separate observation with event provenance and censoring. Require zone/precision and the C0-declared UTC-origin/tick conversion for instants and intervals.,revise: key=resources.breaks; consumer=CareOps ED adapter to Kairos Track 03 Flow staff availability; unit=half-open ED-clock availability intervals in decimal seconds/ticks; relative schedules use origin zero and checked ADR-0004 conversion; stage=MVP_conditional; use=Configure breaks only for pathways using break-driven capacity changes; state how in-flight work behaves at each boundary. Keep observed break events separate.; role=generative; Breaks change configured staff availability over half-open ED-clock intervals. Define in-flight-work behavior; observed break events are separate and must not be subtracted again from observed busy intervals.,2026-09-30
ed.resources.absenceovertime,resources,resources.absenceovertime,Proposed CareOps ED model/config; Kairos 03 Flow,schedule_or_capacity_delta,"staff count and effective time intervals, with explicit local timezone",MVP_candidate,"candidate input for deterministic/minimal, generic nominal, or surge profiles according to pathway applicability",identity_only_no_value_or_distribution_asserted,Codex subagent /root/p02_e0_b,revise,"The scheduled capacity delta is a valid domain input, but “explicit local timezone” is ambiguous and the proposed schedule type should distinguish absolute instants from run-relative intervals. Preserve non-negative resulting capacity and in-flight-work rules.",/root/p02_c0_detail_review_b,revise,"Absence/overtime is a time-varying capacity delta, not just a net headcount. Planned adjustments are generative schedule inputs; recorded staffing presence is evidence, and downstream capacity/queue outcomes do not identify the staffing cause.",coordinator/root,2026-09-30,/root/p02_e0_b (task identity; host session ID unavailable),16d79a5c0eff9fb60969b9e7829b5c67cdf63e46,conductor/tracks/generic_ed_delivery_20260925/spec.md:25-27; conductor/evidence/p0.2-e0-c0-owner-review-brief-20260930.md:32-33,"Unit contract: integer staff-capacity delta plus half-open effective intervals; absolute instants include an explicit IANA timezone identifier, while run-relative intervals use the declared ED clock unit. Validate resulting capacity and shift-end/in-flight-work behavior.",/root/p02_c0_detail_review_b-20260930,16d79a5c0eff9fb60969b9e7829b5c67cdf63e46,conductor/tracks/empirical_calibration_20260925/spec.md#4-Dual-fidelity-execution; conductor/tracks/empirical_calibration_20260925/spec.md#Normalized-trace-event.v1; conductor/tracks/empirical_calibration_20260925/plan.md#C0,"Retain signed staff-count delta, affected roles/resources, effective interval, and source time lineage as distinct fields. Specify timezone/DST, precision, and tick conversion for interval boundaries; map as-operated presence independently if used for calibration.",revise: key=resources.absenceovertime; consumer=CareOps ED configuration validator and ED adapter to Kairos Track 03 Flow capacity availability; unit=signed integer staff-person capacity delta over half-open ED-clock intervals in decimal seconds/ticks; relative schedules use origin zero; timestamped instants follow ADR-0004; stage=MVP_conditional; use=Configure planned role capacity deltas only for profiles that model absence or overtime. State shift-end and in-flight-work behavior; resulting capacity must stay nonnegative.; role=generative; Absence/overtime is a planned signed capacity delta by role over half-open ED-clock intervals. Validate nonnegative resulting capacity and specify shift-end/in-flight-work behavior; observed presence is separate evidence.,2026-09-30
ed.resources.supervision,resources,resources.supervision,Proposed CareOps ED model/config; Kairos 03 Flow,count_or_capacity,non-negative integer count; resource identity and availability are separate,MVP_candidate,"candidate input for deterministic/minimal, generic nominal, or surge profiles according to pathway applicability",identity_only_no_value_or_distribution_asserted,Codex subagent /root/p02_e0_b,accept,A supervision role/capacity input is consistent with staff resources if it is a separately available resource and the profile states its eligibility relationship. It must not imply atomic supervisor-plus-worker acquisition or validate unsupported multi-person work.,/root/p02_c0_detail_review_b,revise,"Supervision count is only meaningful with a declared scope and time: supervisors present, supervisory capacity, and a supervision ratio are not interchangeable. Numeric ratio leaves require a denominator and cannot be identified from aggregate service outcomes.",coordinator/root,2026-09-30,/root/p02_e0_b (task identity; host session ID unavailable),16d79a5c0eff9fb60969b9e7829b5c67cdf63e46,"conductor/tracks/generic_ed_delivery_20260925/spec.md:25-27,70; conductor/tracks/generic_ed_delivery_20260925/plan.md:78",,/root/p02_c0_detail_review_b-20260930,16d79a5c0eff9fb60969b9e7829b5c67cdf63e46,conductor/tracks/ed_parameter_evidence_20260927/spec.md#Catalogue-record-contract; conductor/tracks/empirical_calibration_20260925/spec.md#4-Dual-fidelity-execution; conductor/tracks/empirical_calibration_20260925/spec.md#Research-integration-requirements,Define whether this is a capacity count or an explicit supervisor-to-eligible-staff rule; state the role/population and effective interval. Keep observed staffing snapshots and calibration targets separately mapped with denominator/provenance.,"revise: key=resources.supervision; consumer=CareOps ED validator and adapter to Kairos Track 03 Flow as a separately available synthetic staff role/resource; unit=nonnegative integer supervisor persons or explicitly named supervisor-capacity slots per declared zone/location and interval; a supervisor-to-eligible-staff ratio, if proposed later, is a different typed rule with an explicit denominator; stage=MVP_conditional; use=Supply supervisor capacity only where a pathway declares supervisory eligibility and demand. Bind its role, location/zone, and effective interval.; role=generative; Supervision is separately available staff/resource capacity scoped by role, zone/location, and interval. It applies only when a pathway declares eligibility and demand; it does not imply atomic supervisor-plus-worker acquisition.",2026-09-30
ed.resources.taskconcurrency,resources,resources.taskconcurrency,Proposed CareOps ED model/config; Kairos 03 Flow,count_or_capacity,non-negative integer count; resource identity and availability are separate,MVP_candidate,"candidate input for deterministic/minimal, generic nominal, or surge profiles according to pathway applicability",identity_only_no_value_or_distribution_asserted,Codex subagent /root/p02_e0_b,revise,A scalar concurrency count is ambiguous between resource capacity and simultaneous attention by one staff agent. The latter is not an MVP assumption; the contract explicitly excludes claiming that multitasking is represented as simultaneous attention.,/root/p02_c0_detail_review_b,revise,"Task concurrency is a limit on simultaneous work for a named resource or actor, not a count of tasks observed over a shift. Calibration needs the eligible workload and exposure interval; observed simultaneous tasks are telemetry, not a substitute for configured capacity.",coordinator/root,2026-09-30,/root/p02_e0_b (task identity; host session ID unavailable),16d79a5c0eff9fb60969b9e7829b5c67cdf63e46,"conductor/tracks/generic_ed_delivery_20260925/spec.md:70; conductor/tracks/generic_ed_delivery_20260925/plan.md:75-78; conductor/tracks/des_queue_preemption_20260925/spec.md:14-18,316","Unit contract: define only named-resource capacity as non-negative integer units; if agent task concurrency is retained as a distinct behavior, defer it or explicitly document a reviewed approximation and its limits. Do not use this field to authorize concurrent work by one agent.",/root/p02_c0_detail_review_b-20260930,16d79a5c0eff9fb60969b9e7829b5c67cdf63e46,conductor/tracks/empirical_calibration_20260925/spec.md#Normalized-trace-event-and-validation; conductor/tracks/empirical_calibration_20260925/spec.md#4-Dual-fidelity-execution; conductor/tracks/empirical_calibration_20260925/plan.md#C0,"Declare owner (staff/resource/pathway), concurrency scope, and whether the integer is a simultaneous-slot limit. Keep observed task intervals and concurrency measurements separate; do not infer the limit from aggregate counts without identified eligible work.",revise: key=resources.taskconcurrency; consumer=CareOps ED adapter to Kairos Track 03 Flow only as a named resource's simultaneous-slot capacity; unit=nonnegative integer concurrent slots per `resource_id`; stage=MVP_conditional; use=Use only for simultaneous slots of a named resource pool. This does not configure one staff agent to perform concurrent tasks.; role=generative; This field limits simultaneous slots for a named resource only. Per-agent task concurrency remains outside the contract unless a separate reviewed behavior defines it; observed overlaps are telemetry.,2026-09-30
ed.resources.beds,resources,resources.beds,Proposed CareOps ED model/config; Kairos 03 Flow,count_or_capacity,non-negative integer count; resource identity and availability are separate,MVP_candidate,"candidate input for deterministic/minimal, generic nominal, or surge profiles according to pathway applicability",identity_only_no_value_or_distribution_asserted,Codex subagent /root/p02_e0_b,accept,"Bed count/capacity is a core configurable MVP input independent of visual geometry. Keep identity, occupancy and availability distinct; a finite inpatient bed offer is a boundary event, not a new ED bed or an automatic ED release.",/root/p02_c0_detail_review_b,revise,"Bed inventory is physical capacity, while open, staffed, usable, monitored, or occupied beds vary by time and capability. Observed occupancy can be a trace state/target, but it must not be substituted for the physical inventory or silently used to raise replay capacity.",coordinator/root,2026-09-30,/root/p02_e0_b (task identity; host session ID unavailable),16d79a5c0eff9fb60969b9e7829b5c67cdf63e46,"conductor/tracks/generic_ed_delivery_20260925/spec.md:95-100; conductor/tracks/generic_ed_delivery_20260925/plan.md:62-65,83",,/root/p02_c0_detail_review_b-20260930,16d79a5c0eff9fb60969b9e7829b5c67cdf63e46,conductor/tracks/ed_parameter_evidence_20260927/spec.md#Parameter-coverage-inventory; conductor/tracks/empirical_calibration_20260925/spec.md#Validation-and-normalization; conductor/tracks/empirical_calibration_20260925/spec.md#4-Dual-fidelity-execution,Keep physical bed IDs/count distinct from effective open/staffed/usable capacity and occupancy intervals; give time-varying availability explicit intervals and provenance. Validate observed occupancy against the declared capacity and preserve any mismatch as a blocker/diagnostic.,"revise: key=resources.beds; consumer=CareOps ED validator and adapter to Kairos Track 03 Flow resource capacity, bound by stable `resource_id`, `zone_id`, and `location_id` as specified by the minimum-bindings proposal; unit=integer physical bed count per explicitly identified pool; open, staffed, usable, capability-compatible capacity and occupancy are separate typed states/intervals; stage=MVP_minimum; use=Declare physical bed inventory by identified pool and bind each pool to stable resource, zone, and location IDs. State effective availability separately from inventory.; role=generative; Beds are physical inventory by identified pool; staffed, usable, compatible, open capacity and occupancy are separate states. An inpatient offer is a boundary event, not an ED bed or automatic ED release.",2026-09-30
ed.resources.rooms,resources,resources.rooms,Proposed CareOps ED model/config; Kairos 03 Flow,count_or_capacity,non-negative integer count; resource identity and availability are separate,MVP_candidate,"candidate input for deterministic/minimal, generic nominal, or surge profiles according to pathway applicability",identity_only_no_value_or_distribution_asserted,Codex subagent /root/p02_e0_b,accept,Room/treatment-space capacity is an MVP input and may have a lifecycle separate from bed capacity. Do not assume a one-to-one room/bed mapping; bind occupancy/reservation explicitly.,/root/p02_c0_detail_review_b,revise,"A room count is physical inventory, not necessarily treatment capacity: room function, concurrent use, closure, and assigned resource are separate. Occupancy events are observations and cannot establish the count of rooms available to the modeled pathway.",coordinator/root,2026-09-30,/root/p02_e0_b (task identity; host session ID unavailable),16d79a5c0eff9fb60969b9e7829b5c67cdf63e46,"conductor/tracks/generic_ed_delivery_20260925/spec.md:95-100; conductor/tracks/generic_ed_delivery_20260925/plan.md:78,83",,/root/p02_c0_detail_review_b-20260930,16d79a5c0eff9fb60969b9e7829b5c67cdf63e46,conductor/tracks/ed_parameter_evidence_20260927/spec.md#Parameter-coverage-inventory; conductor/tracks/empirical_calibration_20260925/spec.md#Normalized-trace-event-and-validation; conductor/tracks/empirical_calibration_20260925/spec.md#4-Dual-fidelity-execution,Declare stable room/location identity and distinguish physical rooms from pathway-eligible and time-effective capacity. Map observed room entry/exit separately from room inventory; validate overlapping use against the declared effective capacity.,"revise: key=resources.rooms; consumer=CareOps ED validator and adapter to Kairos Track 03 Flow resource capacity, using distinct stable pool/location/zone IDs and explicit room function/pathway eligibility; unit=integer physical rooms per identified pool; treatment-space capacity and time-effective availability are separately declared; stage=MVP_minimum; use=Declare physical room pools with function and pathway eligibility. Model room availability separately; do not infer rooms from beds or beds from rooms.; role=generative; Rooms are physical pools with explicit function/pathway eligibility. Treatment capacity and time-varying availability are separate from inventory; room and bed lifecycles are independent.",2026-09-30
ed.resources.equipment,resources,resources.equipment,Proposed CareOps ED model/config; Kairos 03 Flow,count_or_capacity,non-negative integer count; resource identity and availability are separate,MVP_candidate,"candidate input for deterministic/minimal, generic nominal, or surge profiles according to pathway applicability",identity_only_no_value_or_distribution_asserted,Codex subagent /root/p02_e0_b,accept,"Equipment identities and availability are ordinary model resources. This count contract is suitable for equipment capacity, provided contested/multi-equipment tasks do not imply atomic bundles beyond the Q contract.",/root/p02_c0_detail_review_b,revise,"Equipment inventory count does not represent working, available, or pathway-compatible capacity, and equipment allocation can vary over time. Observed equipment use is a possible trace covariate/target only with a resource identity and exposure; it does not identify inventory by itself.",coordinator/root,2026-09-30,/root/p02_e0_b (task identity; host session ID unavailable),16d79a5c0eff9fb60969b9e7829b5c67cdf63e46,"conductor/tracks/generic_ed_delivery_20260925/spec.md:25-27,70; conductor/tracks/des_queue_preemption_20260925/spec.md:14-18",,/root/p02_c0_detail_review_b-20260930,16d79a5c0eff9fb60969b9e7829b5c67cdf63e46,conductor/tracks/ed_parameter_evidence_20260927/spec.md#Parameter-coverage-inventory; conductor/tracks/empirical_calibration_20260925/spec.md#Validation-and-normalization; conductor/tracks/empirical_calibration_20260925/spec.md#4-Dual-fidelity-execution,"Keep physical item identity/count separate from capability, status, availability intervals, and allocation events. Declare the count basis; map use/occupancy observations and their windows separately and check concurrent claims against capacity.","revise: key=resources.equipment; consumer=CareOps ED validator and adapter to Kairos Track 03 Flow resource pools, each with stable resource/item identity and zone/location binding; unit=integer physical item count by declared equipment class/capability; working, available, pathway-compatible capacity and allocation intervals are distinct fields; stage=MVP_conditional; use=Declare equipment inventory by class/capability and stable identity/location. Allocate only known, available compatible capacity; trips remain separate.; role=generative; Equipment inventory is by declared class/capability and stable item/pool binding. Working, available, compatible capacity and allocation are distinct; do not imply atomic bundles.",2026-09-30
ed.resources.opencalendars,resources,resources.opencalendars,Proposed CareOps ED model/config; Kairos 03 Flow,schedule_or_interval,absolute instants carry explicit timezone; intervals use declared ED clock unit,MVP_candidate,"candidate input for deterministic/minimal, generic nominal, or surge profiles according to pathway applicability",identity_only_no_value_or_distribution_asserted,Codex subagent /root/p02_e0_b,accept,"Opening calendars are ordinary capacity schedules. Their intervals should identify the affected resource/location and whether changes affect active work; absolute-time timezone, precision and DST resolution require C0 alignment.",/root/p02_c0_detail_review_b,revise,"Opening calendars define when a resource/pathway can be used; they are exogenous configuration, not observed utilization. Recurring local opening times need DST rules, while observation timestamps retain actual occurrence, precision, and recording lineage.",coordinator/root,2026-09-30,/root/p02_e0_b (task identity; host session ID unavailable),16d79a5c0eff9fb60969b9e7829b5c67cdf63e46,conductor/tracks/generic_ed_delivery_20260925/spec.md:25-27; conductor/tracks/generic_ed_delivery_20260925/plan.md:73-78; conductor/evidence/p0.2-e0-c0-owner-review-brief-20260930.md:32-33,,/root/p02_c0_detail_review_b-20260930,16d79a5c0eff9fb60969b9e7829b5c67cdf63e46,conductor/tracks/empirical_calibration_20260925/spec.md#Validation-and-normalization; conductor/tracks/empirical_calibration_20260925/spec.md#4-Dual-fidelity-execution; conductor/tracks/empirical_calibration_20260925/plan.md#C0,Preserve calendar recurrence in an explicit zone with fold/gap policy and effective dates. Treat observed openings/closures as separate events; normalize absolute instants to UTC and convert intervals using the declared C0 origin/resolution/rounding.,"revise: key=resources.opencalendars; consumer=CareOps ED validator and adapter to Kairos Track 03 Flow availability for an explicitly named resource, location, or pathway; unit=half-open ED-clock intervals in decimal seconds/ticks for effective capacity state; relative schedules use origin zero and checked ADR-0004 conversion; stage=MVP_conditional; use=Configure open intervals and capacity state for a named resource, location, or pathway. Keep observed openings/closures separate; local recurrence is disabled.; role=generative; Opening calendars configure effective intervals and capacity for named targets, not observed utilization. Observed changes remain events; relative schedules start at zero and local recurrence is disabled pending tested zone behavior.",2026-09-30
ed.resources.outages,resources,resources.outages,Proposed CareOps ED model/config; Kairos 03 Flow,schedule_or_interval,absolute instants carry explicit timezone; intervals use declared ED clock unit,MVP_candidate,"candidate input for deterministic/minimal, generic nominal, or surge profiles according to pathway applicability",identity_only_no_value_or_distribution_asserted,Codex subagent /root/p02_e0_b,accept,Outages are schedule-driven capacity reductions and fit the MVP resource model when target identity and active-use/shrink behavior are explicit. Do not allow negative capacity or silently evict active allocations.,/root/p02_c0_detail_review_b,revise,An outage schedule is an input that changes effective capacity; an observed equipment/bed failure event has an occurrence time and possibly a later record time. Treating outage duration as both a capacity clamp and a fitted service delay would conflate mechanisms.,coordinator/root,2026-09-30,/root/p02_e0_b (task identity; host session ID unavailable),16d79a5c0eff9fb60969b9e7829b5c67cdf63e46,conductor/tracks/generic_ed_delivery_20260925/spec.md:25-27; conductor/tracks/generic_ed_delivery_20260925/plan.md:73-78; conductor/evidence/q0.2-parent-join-acceptance-20260930.md:30,,/root/p02_c0_detail_review_b-20260930,16d79a5c0eff9fb60969b9e7829b5c67cdf63e46,conductor/tracks/empirical_calibration_20260925/spec.md#Normalized-trace-event.v1; conductor/tracks/empirical_calibration_20260925/spec.md#Validation-and-normalization; conductor/tracks/empirical_calibration_20260925/plan.md#C0,Represent outage cause/state and effective start/end separately from downstream delay targets. Preserve source zone/precision and occurrence versus recorded time; declare DST policy for recurring schedules and checked tick conversion.,"revise: key=resources.outages; consumer=CareOps ED validator and adapter to Kairos Track 03 Flow as a capacity/status change on a declared `resource_id` or pool; unit=outage state/capacity delta over half-open ED-clock intervals in decimal seconds/ticks; relative schedules use origin zero and checked ADR-0004 conversion; stage=MVP_conditional; use=Configure outages as capacity/status changes for named resources or pools. Define in-flight allocation behavior and keep observed failure times separate.; role=generative; Outages change configured capacity/status for a named resource or pool. Define active-allocation behavior, reject negative capacity, and do not encode the same outage again as sampled service delay.",2026-09-30
ed.resources.reservations,resources,resources.reservations,Proposed CareOps ED model/config; Kairos 03 Flow,schedule_or_interval,absolute instants carry explicit timezone; intervals use declared ED clock unit,MVP_candidate,"candidate input for deterministic/minimal, generic nominal, or surge profiles according to pathway applicability",identity_only_no_value_or_distribution_asserted,Codex subagent /root/p02_e0_b,accept,"Reservations fit the MVP if target, lifecycle, expiry/release and occupancy are explicit and separate from atomic multi-resource acquisition. A reservation is not an implicit resource bundle.",/root/p02_c0_detail_review_b,revise,"A reservation is a claim/state with an owner and effective interval, not observed physical occupancy; queue and cleaning lifecycle may delay actual release. Reservation events are observations only under a separately defined mapping and cannot be equated with bed entry/exit.",coordinator/root,2026-09-30,/root/p02_e0_b (task identity; host session ID unavailable),16d79a5c0eff9fb60969b9e7829b5c67cdf63e46,conductor/tracks/generic_ed_delivery_20260925/plan.md:73-78; conductor/tracks/des_queue_preemption_20260925/spec.md:14-18,,/root/p02_c0_detail_review_b-20260930,16d79a5c0eff9fb60969b9e7829b5c67cdf63e46,conductor/tracks/empirical_calibration_20260925/spec.md#4-Dual-fidelity-execution; conductor/tracks/empirical_calibration_20260925/spec.md#Normalized-trace-event.v1; conductor/tracks/empirical_calibration_20260925/plan.md#C0,"Require reservation owner/resource and state transitions plus effective interval semantics. Map observed reservation, assignment, and physical entry/exit as distinct events; declare timezone/precision/origin/tick conversion for timed boundaries.","revise: key=resources.reservations; consumer=CareOps ED adapter to Kairos Track 03 Flow resource lifecycle for a named owner/task and `resource_id`; unit=reservation effective interval in decimal seconds/ticks; relative schedules use origin zero and checked ADR-0004 conversion; expiry/release rule is explicit; stage=MVP_conditional; use=Use explicit owner/task and resource IDs with reservation, expiry, and release semantics. Keep reservation distinct from assignment and physical occupancy.; role=generative; A reservation is a claim by a named owner/task on a resource for an effective interval, with explicit expiry/release. It is distinct from assignment, occupancy, and cleaning/ready lifecycle.",2026-09-30
ed.resources.cleaningcapacity,resources,resources.cleaningcapacity,Proposed CareOps ED model/config; Kairos 03 Flow,count_or_capacity,non-negative integer count; resource identity and availability are separate,MVP_candidate,"candidate input for deterministic/minimal, generic nominal, or surge profiles according to pathway applicability",identity_only_no_value_or_distribution_asserted,Codex subagent /root/p02_e0_b,accept,Cleaning capacity is an ordinary non-negative resource count for the E2 cleaning lifecycle. Keep cleaner-resource capacity separate from the cleaning duration and from the bed/room becoming available.,/root/p02_c0_detail_review_b,revise,"Cleaning capacity may mean cleaning staff/equipment slots or completed cleaning throughput, while bed cleaning is also a timed task that gates bed release. A count alone cannot express cleaning work duration or the observation window for completed cleans.",coordinator/root,2026-09-30,/root/p02_e0_b (task identity; host session ID unavailable),16d79a5c0eff9fb60969b9e7829b5c67cdf63e46,conductor/tracks/generic_ed_delivery_20260925/plan.md:73-78 (cleaning lifecycle acceptance),,/root/p02_c0_detail_review_b-20260930,16d79a5c0eff9fb60969b9e7829b5c67cdf63e46,conductor/tracks/empirical_calibration_20260925/spec.md#4-Dual-fidelity-execution; conductor/tracks/empirical_calibration_20260925/spec.md#Normalized-trace-event.v1; conductor/tracks/empirical_calibration_20260925/plan.md#C0,"Define capacity as named cleaning resources or concurrent cleaning slots; model clean-task duration separately in seconds/ticks. Map clean start/end and bed-ready events separately, retaining observed versus generated timing and capacity provenance.",revise: key=resources.cleaningcapacity; consumer=CareOps ED validator and adapter to Kairos Track 03 Flow as named cleaner staff/equipment resources or simultaneous cleaning slots; unit=nonnegative integer cleaning capacity per resource/binding; any separate cleaning duration is decimal seconds converted under ADR-0004; stage=MVP_conditional; use=Declare cleaning staff/equipment or cleaning slots as capacity. Model clean duration separately and keep the bed/room unavailable until ready completion.; role=generative; Cleaning capacity is named cleaner staff/equipment or simultaneous slots. Cleaning duration is a separate seconds input; hold the resource unavailable until the declared ready event.,2026-09-30
ed.abmstaffbehavior.agentattributes,abm_staff_behavior,staff_behavior.agentattributes,Proposed CareOps ED model/config; Kairos 03 Flow,categorical_or_structured,no single scalar unit; every numeric leaf declares its unit and category coding,MVP_candidate,"candidate input for deterministic/minimal, generic nominal, or surge profiles according to pathway applicability",identity_only_no_value_or_distribution_asserted,Codex subagent /root/p02_e0_b,accept,Typed agent attributes are compatible with the ABM boundary; structured numeric leaves need explicit units/coding. Limit attributes to declared model behavior and avoid unsupported demographic or clinical detail.,/root/p02_c0_detail_review_b,revise,"Agent attributes are generative staff-level inputs; observed staff/shift traits or sampled task outcomes are not interchangeable. Staff and shift clustering and the eligible-choice set limit identifiability, so aggregate service metrics cannot justify assigning latent attributes.",coordinator/root,2026-09-30,/root/p02_e0_b (task identity; host session ID unavailable),16d79a5c0eff9fb60969b9e7829b5c67cdf63e46,"conductor/tracks/generic_ed_delivery_20260925/spec.md:25-27,70; conductor/tracks/ed_parameter_evidence_20260927/spec.md:14-23",,/root/p02_c0_detail_review_b-20260930,16d79a5c0eff9fb60969b9e7829b5c67cdf63e46,conductor/tracks/ed_parameter_evidence_20260927/spec.md#Catalogue-record-contract; conductor/tracks/empirical_calibration_20260925/spec.md#4-Dual-fidelity-execution; conductor/tracks/empirical_calibration_20260925/spec.md#Research-integration-requirements,"Specify entity scope, category coding, numeric-leaf units, and whether attributes are fixed or vary by shift/time. Mark observed, derived, elicited, or assumed lineage; fit only against separately mapped staff-level evidence with cluster structure and identifiability limits.","revise: key=staff_behavior.agentattributes; consumer=CareOps ED schema and ED adapter to Kairos Track 03 Flow agent/task context; unit=versioned categorical coding; every numeric leaf declares its own unit and entity scope; stage=MVP_conditional; use=Include only staff attributes used by declared eligibility or task behavior. Mark scope and provenance; numeric attributes require entity scope and units.; role=generative; Staff attributes are generated only when required by declared eligibility or task behavior, with fixed/time-varying scope and provenance. Calibration requires staff-level evidence and identifiability; no unsupported demographic or clinical detail is implied.",2026-09-30
ed.abmstaffbehavior.assignment,abm_staff_behavior,staff_behavior.assignment,Proposed CareOps ED model/config; Kairos 03 Flow,categorical_or_structured,no single scalar unit; every numeric leaf declares its unit and category coding,MVP_candidate,"candidate input for deterministic/minimal, generic nominal, or surge profiles according to pathway applicability",identity_only_no_value_or_distribution_asserted,Codex subagent /root/p02_e0_b,accept,Assignment is a valid ED-side policy/config input. Separate initial/eligible assignment from the assignment and interruption history that the runtime must preserve; no engine-specific queue behavior belongs in this key.,/root/p02_c0_detail_review_b,revise,"Assignment is a generative dispatch/assignment rule or state, while observed staff-to-task assignments are trace events. Actual assignments depend on eligible staff and task availability; outcomes alone cannot reveal the rule that selected one staff member.",coordinator/root,2026-09-30,/root/p02_e0_b (task identity; host session ID unavailable),16d79a5c0eff9fb60969b9e7829b5c67cdf63e46,conductor/tracks/generic_ed_delivery_20260925/spec.md:70; conductor/tracks/generic_ed_delivery_20260925/plan.md:73-78,,/root/p02_c0_detail_review_b-20260930,16d79a5c0eff9fb60969b9e7829b5c67cdf63e46,conductor/tracks/empirical_calibration_20260925/spec.md#4-Dual-fidelity-execution; conductor/tracks/empirical_calibration_20260925/spec.md#Normalized-trace-event.v1; conductor/tracks/empirical_calibration_20260925/spec.md#Research-integration-requirements,"Distinguish configured assignment policy/state from observed assignment events. For calibration of choices preserve the eligible set, event occurrence, actor/task identities and time lineage; do not infer policy from aggregate duration or throughput.","revise: key=staff_behavior.assignment; consumer=CareOps ED adapter to Kairos Track 03 Flow dispatch inputs, constrained by declared role, task, zone, location, availability, and skill eligibility; unit=typed categorical assignment policy/state; numeric leaves declare units; stage=MVP_minimum; use=Use an explicit supported dispatch rule over declared role, task, location, availability, and skill eligibility. Record observed assignments as separate events.; role=generative; Assignment policy generates staff-to-task choices subject to declared role, task, zone/location, availability, and skill eligibility. Observed assignments are separate events; aggregate duration/throughput cannot identify the policy.",2026-09-30
ed.abmstaffbehavior.zoneskilleligibility,abm_staff_behavior,staff_behavior.zoneskilleligibility,Proposed CareOps ED model/config; Kairos 03 Flow,categorical_or_structured,no single scalar unit; every numeric leaf declares its unit and category coding,MVP_candidate,"candidate input for deterministic/minimal, generic nominal, or surge profiles according to pathway applicability",identity_only_no_value_or_distribution_asserted,Codex subagent /root/p02_e0_b,accept,Zone and skill eligibility are explicit MVP staff inputs and should constrain dispatch against named zones/resources. Keep location IDs distinct from visual geometry and require no CAD import.,/root/p02_c0_detail_review_b,revise,"Zone/skill eligibility defines which staff were allowed to act at a decision point, an essential denominator for assessing assignment choices. A skill label is not evidence of current availability, and observed assignments do not show the unchosen eligible alternatives.",coordinator/root,2026-09-30,/root/p02_e0_b (task identity; host session ID unavailable),16d79a5c0eff9fb60969b9e7829b5c67cdf63e46,"conductor/tracks/generic_ed_delivery_20260925/spec.md:25-27,95-100; conductor/tracks/generic_ed_delivery_20260925/plan.md:40,73-78",,/root/p02_c0_detail_review_b-20260930,16d79a5c0eff9fb60969b9e7829b5c67cdf63e46,conductor/tracks/empirical_calibration_20260925/spec.md#4-Dual-fidelity-execution; conductor/tracks/empirical_calibration_20260925/spec.md#Research-integration-requirements; conductor/tracks/empirical_calibration_20260925/plan.md#C0,"Version eligibility categories and effective intervals; record the choice-set snapshot, availability, role/skill and relevant task state when comparing observed assignment choices. Treat the rule as generated configuration and empirical choices as distinct observations.","revise: key=staff_behavior.zoneskilleligibility; consumer=CareOps ED validator and adapter to Kairos Track 03 Flow dispatch eligibility; unit=versioned relation among stable `staff_role_id`, `task_class_id`, `zone_id`, and optional `location_id` (no physical unit); all references must resolve exactly, and a location must belong to its declared zone; stage=MVP_minimum; use=Provide exact role/task/zone and optional location eligibility bindings wherever work is spatially assigned, including Macro placement. Every reference must resolve.; role=generative; Eligibility is a configured relation among declared role, task class, zone, and optional location. Validate exact references and zone membership; observed-choice evidence needs a time-specific full choice set.",2026-09-30
ed.abmstaffbehavior.taskchoice,abm_staff_behavior,staff_behavior.taskchoice,Proposed CareOps ED model/config; Kairos 03 Flow,categorical_or_structured,no single scalar unit; every numeric leaf declares its unit and category coding,MVP_candidate,"candidate input for deterministic/minimal, generic nominal, or surge profiles according to pathway applicability",identity_only_no_value_or_distribution_asserted,Codex subagent /root/p02_e0_b,accept,The ED adapter owns task choice. For MVP this should be a small explicit deterministic or otherwise reviewed policy tied to eligible tasks; do not infer clinical decisions or task probabilities from this identity row.,/root/p02_c0_detail_review_b,revise,"Task-choice rules generate which eligible work a staff agent selects. Observed task starts alone omit tasks that were available but not selected, so an unconditional choice probability would have an unknown denominator and confounded urgency/eligibility.",coordinator/root,2026-09-30,/root/p02_e0_b (task identity; host session ID unavailable),16d79a5c0eff9fb60969b9e7829b5c67cdf63e46,conductor/tracks/generic_ed_delivery_20260925/spec.md:70; conductor/tracks/des_queue_preemption_20260925/spec.md:316,,/root/p02_c0_detail_review_b-20260930,16d79a5c0eff9fb60969b9e7829b5c67cdf63e46,conductor/tracks/empirical_calibration_20260925/spec.md#4-Dual-fidelity-execution; conductor/tracks/empirical_calibration_20260925/spec.md#Research-integration-requirements; conductor/tracks/empirical_calibration_20260925/plan.md#C0,"Keep policy/rule inputs distinct from observed task-choice events. Any fitted choice model must preserve eligible actions, decision time, task/actor state and conditioning variables; otherwise label the rule as an explicit assumption and do not claim empirical calibration.","revise: key=staff_behavior.taskchoice; consumer=CareOps ED adapter to Kairos Track 03 Flow for selecting among supported eligible task actions; unit=versioned deterministic/structured policy with category coding; any numeric leaf declares its unit; stage=MVP_minimum; use=Select a supported task-choice policy for declared task classes and eligibility/priority inputs. Treat it as an assumption without full decision-set evidence.; role=generative; Task choice selects among supported eligible actions. Observed task starts alone omit the available alternatives; empirical fitting requires decision times, actor/task states, and the complete eligible-action set.",2026-09-30
ed.abmstaffbehavior.reassessment,abm_staff_behavior,staff_behavior.reassessment,Proposed CareOps ED model/config; Kairos 03 Flow,categorical_or_structured,no single scalar unit; every numeric leaf declares its unit and category coding,MVP_candidate,"candidate input for deterministic/minimal, generic nominal, or surge profiles according to pathway applicability",identity_only_no_value_or_distribution_asserted,Codex subagent /root/p02_e0_b,accept,"Reassessment behavior may be configured when the pathway/profile enables it, but its triggering rule and time semantics must be explicit. Do not invent unobserved frequencies or require it in every generic fixture.",/root/p02_c0_detail_review_b,revise,"Reassessment is a policy/event process, not a single scalar. Configured trigger/interval rules generate reassessment; observed reassessment timestamps are targets only when event occurrence and recording delay are separated and the patient remains under observation.",coordinator/root,2026-09-30,/root/p02_e0_b (task identity; host session ID unavailable),16d79a5c0eff9fb60969b9e7829b5c67cdf63e46,"conductor/tracks/ed_parameter_evidence_20260927/spec.md:14-23,45-50; conductor/tracks/generic_ed_delivery_20260925/plan.md:56-65",,/root/p02_c0_detail_review_b-20260930,16d79a5c0eff9fb60969b9e7829b5c67cdf63e46,conductor/tracks/ed_parameter_evidence_20260927/spec.md#Parameter-coverage-inventory; conductor/tracks/empirical_calibration_20260925/spec.md#Normalized-trace-event.v1; conductor/tracks/empirical_calibration_20260925/spec.md#Validation-and-normalization,"Represent trigger, cadence/threshold and applicable cohort as separate rule fields with declared time units. Map observed reassessment occurrences and observation-window censoring independently; retain event versus recorded/message timestamps and tick conversion.","revise: key=staff_behavior.reassessment; consumer=CareOps ED adapter to Kairos Track 03 Flow as a pathway-enabled reassessment trigger/cadence rule; unit=typed trigger/threshold; any interval is decimal seconds converted to checked nanosecond ticks under ADR-0004; stage=MVP_conditional; use=Configure a reassessment trigger/cadence only for pathways that enable it. Map observed occurrence, observation window, recording time, and censoring separately.; role=generative; Reassessment is a pathway-enabled trigger or cadence rule, not a scalar observed target. Preserve occurrence, recording time, at-risk window, and censoring in observations.",2026-09-30
ed.abmstaffbehavior.urgencyfifo,abm_staff_behavior,staff_behavior.urgencyfifo,Proposed CareOps ED model/config; Kairos 03 Flow,ordinal_policy,stable priority ordering and FIFO tie-break; no physical unit,MVP_candidate,"candidate input for deterministic/minimal, generic nominal, or surge profiles according to pathway applicability",identity_only_no_value_or_distribution_asserted,Codex subagent /root/p02_e0_b,accept,A stable ordinal priority policy with FIFO tie-break aligns with the reviewed queue contract. ED-side priority assignment remains explicit; this key must not invent acuity thresholds or override Q ordering.,/root/p02_c0_detail_review_b,revise,"Urgency/FIFO is a deterministic ordering rule without a physical unit; observed queue order or wait outcomes do not directly measure its parameters, especially when priority eligibility and simultaneous arrivals are incompletely observed. It can remain a declared policy input for the candidate profile.",coordinator/root,2026-09-30,/root/p02_e0_b (task identity; host session ID unavailable),16d79a5c0eff9fb60969b9e7829b5c67cdf63e46,"conductor/tracks/generic_ed_delivery_20260925/spec.md:25-27; conductor/tracks/des_queue_preemption_20260925/spec.md:10-18,57",,/root/p02_c0_detail_review_b-20260930,16d79a5c0eff9fb60969b9e7829b5c67cdf63e46,conductor/tracks/empirical_calibration_20260925/spec.md#4-Dual-fidelity-execution; conductor/tracks/empirical_calibration_20260925/spec.md#Normalized-trace-event.v1; conductor/tracks/empirical_calibration_20260925/plan.md#C0,"Freeze the priority ordering and stable tie-break as a policy version; keep priority/arrival occurrence and resource eligibility mappings explicit. Treat observed wait/sequence as validation outcomes, not a numeric calibration target unless the decision inputs are fully mapped.","revise: key=staff_behavior.urgencyfifo; consumer=CareOps ED adapter supplies priority attributes and stable tie-break inputs to Kairos Track 03 Flow's reviewed queue ordering; unit=versioned ordinal policy with no physical unit; stage=MVP_minimum; use=Use the declared ordinal urgency order and stable FIFO tie-break. Keep priority assignment explicit and do not add unsupported thresholds.; role=control; Urgency/FIFO is a deterministic ordinal ordering policy with a stable tie-break. ED-side priority assignment is explicit; queue order and waits are outcomes, not standalone calibration targets.",2026-09-30
ed.abmstaffbehavior.communicationhandover,abm_staff_behavior,staff_behavior.communicationhandover,Proposed CareOps ED model/config; Kairos 03 Flow,categorical_or_structured,no single scalar unit; every numeric leaf declares its unit and category coding,MVP_candidate,"candidate input for deterministic/minimal, generic nominal, or surge profiles according to pathway applicability",identity_only_no_value_or_distribution_asserted,Codex subagent /root/p02_e0_b,accept,Handover can be a structured ED behavior input if task timing and ownership are explicit and it does not simulate simultaneous attention by assumption. It may be omitted from profiles where the pathway does not use it.,/root/p02_c0_detail_review_b,revise,"Communication/handover includes discrete interactions and may include duration, but the matrix’s structured class gives no timing or event definition for numeric leaves. Incoming prompts, actual handover work and subsequent task switches are distinct, and message timestamps are not event occurrence.",coordinator/root,2026-09-30,/root/p02_e0_b (task identity; host session ID unavailable),16d79a5c0eff9fb60969b9e7829b5c67cdf63e46,conductor/tracks/generic_ed_delivery_20260925/plan.md:73-78; conductor/tracks/generic_ed_delivery_20260925/spec.md:70,,/root/p02_c0_detail_review_b-20260930,16d79a5c0eff9fb60969b9e7829b5c67cdf63e46,conductor/tracks/empirical_calibration_20260925/spec.md#Normalized-trace-event.v1; conductor/tracks/empirical_calibration_20260925/spec.md#4-Dual-fidelity-execution; conductor/tracks/empirical_calibration_20260925/plan.md#C0,"Keep handover policy/interaction kind categorical; give any active-work duration seconds/source precision and explicit anchors. Map incoming prompt, handover start/end and task switch/resumption as distinct events with occurrence/recorded/message lineage.","revise: key=staff_behavior.communicationhandover; consumer=CareOps ED adapter to Kairos Track 03 Flow for explicitly modeled handover interaction/task events; unit=categorical interaction/policy; any active-work duration is decimal seconds with source precision and explicit anchors, converted under ADR-0004; stage=MVP_conditional; use=Enable only for pathways with explicit handover interactions. Define ownership and any active-work anchors; do not assume simultaneous attention or infer work from gaps.; role=generative; Handover is an explicit interaction/task event with declared ownership and any active-work anchors. Preserve occurrence versus recording/message time; an elapsed gap is not handover work.",2026-09-30
ed.abmstaffbehavior.interruptionresumption,abm_staff_behavior,staff_behavior.interruptionresumption,Proposed CareOps ED model/config; Kairos 03 Flow,categorical_or_structured,agent rule/attribute record; numeric leaves declare their unit,MVP_candidate,"candidate input for deterministic/minimal, generic nominal, or surge profiles according to pathway applicability",identity_only_no_value_or_distribution_asserted,Codex subagent /root/p02_e0_b,accept,The ED adapter must choose an explicit supported Suspend/Abort/Restart policy and retain interruption ancestry/resumption state. This is a valid MVP candidate only for work whose behavior is covered by the Q API.,/root/p02_c0_detail_review_b,revise,"Interruption and resumption rules need task identity and ancestry: an incoming prompt is not necessarily a switch, and a gap between task events is not necessarily active switching work. Observed interruption/resumption times can be censored or recorded late.",coordinator/root,2026-09-30,/root/p02_e0_b (task identity; host session ID unavailable),16d79a5c0eff9fb60969b9e7829b5c67cdf63e46,"conductor/tracks/des_queue_preemption_20260925/spec.md:10-18,64,316; conductor/tracks/generic_ed_delivery_20260925/spec.md:70",,/root/p02_c0_detail_review_b-20260930,16d79a5c0eff9fb60969b9e7829b5c67cdf63e46,conductor/tracks/empirical_calibration_20260925/plan.md#C0; conductor/tracks/empirical_calibration_20260925/spec.md#Normalized-trace-event.v1; conductor/tracks/empirical_calibration_20260925/spec.md#Research-integration-requirements,"Preserve interrupted task, cause/prompt, first subsequent task, eventual resumption and occurrence/recorded timestamps. Keep policy inputs separate from those observations; declare seconds and checked ticks for any explicit timed component.","revise: key=staff_behavior.interruptionresumption; consumer=CareOps ED adapter selects a supported Suspend/Abort/Restart policy for Kairos Track 03 Flow task lifecycle; unit=versioned categorical lifecycle policy; any timed leaf is decimal seconds with source precision and ADR-0004 conversion; stage=MVP_conditional; use=Select only a task lifecycle policy supported by the reviewed Q contract. Preserve interrupted task identity, ancestry, cause, and occurrence/recorded timestamps.; role=control; Interruption/resumption selects a lifecycle policy supported by the Q contract. Retain task identity/ancestry, cause, prompt, next task, resumption, and timestamp lineage; an incoming prompt or elapsed gap alone is not a switch/work interval.",2026-09-30
ed.abmstaffbehavior.switchingoverhead,abm_staff_behavior,staff_behavior.switchingoverhead,Proposed CareOps ED model/config; Kairos 03 Flow,time,s canonical input; convert from explicit source/config unit to ED clock ticks,MVP_candidate,"candidate input for deterministic/minimal, generic nominal, or surge profiles according to pathway applicability",identity_only_no_value_or_distribution_asserted,Codex subagent /root/p02_e0_b,accept,Seconds are an acceptable domain normalization unit at the E0 boundary. Define whether overhead is active work or elapsed delay and ensure it is not also included in service duration; C0 must still accept tick precision and rounding.,/root/p02_c0_detail_review_b,revise,"Switching overhead is active work attributable to changing context, not the whole elapsed gap between interrupted and next task; that gap may contain queueing, suspension, handover or unobserved work. EHR elapsed intervals alone do not identify switching cost.",coordinator/root,2026-09-30,/root/p02_e0_b (task identity; host session ID unavailable),16d79a5c0eff9fb60969b9e7829b5c67cdf63e46,conductor/evidence/p0.2-e0-c0-owner-review-brief-20260930.md:31-33; conductor/tracks/ed_parameter_evidence_20260927/spec.md:14-23,,/root/p02_c0_detail_review_b-20260930,16d79a5c0eff9fb60969b9e7829b5c67cdf63e46,conductor/tracks/empirical_calibration_20260925/spec.md#4-Dual-fidelity-execution; conductor/tracks/empirical_calibration_20260925/spec.md#Research-integration-requirements; conductor/tracks/empirical_calibration_20260925/plan.md#C0,"Define active switching work and start/end events in seconds with source precision; keep queue, suspension and resumption elapsed times separate as observations/targets. Convert with the C0-declared checked tick rule and preserve uncertainty/identifiability limits.","revise: key=staff_behavior.switchingoverhead; consumer=CareOps ED adapter to Kairos Track 03 Flow as explicit active context-switch work, if enabled by the pathway; unit=nonnegative decimal seconds with source precision; fixed input parses exactly and sampled duration rounds upward to checked nanosecond ticks under ADR-0004; stage=MVP_conditional; use=Configure context-switch active work only where enabled, with explicit start/end semantics. Keep queueing, suspension, handover, and resumption separate.; role=generative; Switching overhead is optional active context-switch work with generated start/end semantics. Exclude queueing, suspension, handover, and resumption unless separately modeled; no value or distribution is asserted.",2026-09-30
ed.spatialabm.graphtopology,spatial_abm,spatial.graphtopology,Proposed CareOps ED model/config; Kairos 03 Flow,categorical_or_structured,no single scalar unit; every numeric leaf declares its unit and category coding,MVP_optional_spatial,synthetic named locations/routes may be used; geometry import and visualization excluded,identity_only_no_value_or_distribution_asserted,Codex subagent /root/p02_e0_b,accept,"A small synthetic named-location graph is allowed when Micro transit is needed; geometry import, floor-plan capture and visualization are outside this MVP input. Keep graph direction/access semantics explicit.",/root/p02_c0_detail_review_b,accept,Graph topology is a versioned generative representation of candidate walkable connections. It is not an observed staff trajectory or proof that an edge is legally accessible; optional MVP scope supports synthetic named locations/routes while geometry import remains outside scope.,coordinator/root,2026-09-30,/root/p02_e0_b (task identity; host session ID unavailable),16d79a5c0eff9fb60969b9e7829b5c67cdf63e46,conductor/tracks/generic_ed_delivery_20260925/spec.md:95-100; conductor/tracks/generic_ed_delivery_20260925/plan.md:40,,/root/p02_c0_detail_review_b-20260930,16d79a5c0eff9fb60969b9e7829b5c67cdf63e46,conductor/tracks/empirical_calibration_20260925/spec.md#Spatial-contract; conductor/tracks/empirical_calibration_20260925/spec.md#Research-integration-requirements; conductor/tracks/ed_parameter_evidence_20260927/plan.md#P0.2-review-artifact,,"accept: key=spatial.graphtopology; consumer=Proposed CareOps ED model/config; Kairos 03 Flow; unit=no single scalar unit; every numeric leaf declares its unit and category coding; stage=MVP_conditional; use=Use a versioned synthetic graph only when a profile enables Micro movement. Macro uses named categorical locations without route geometry.; role=generative; Graph topology is a generated, versioned set of candidate walkable connections used only by Micro movement. Keep named identities separate from observed paths; geometry import and visualization are outside this input.",2026-09-30
ed.spatialabm.scaledistance,spatial_abm,spatial.scaledistance,Proposed CareOps ED model/config; Kairos 03 Flow,distance,m,MVP_optional_spatial,synthetic named locations/routes may be used; geometry import and visualization excluded,identity_only_no_value_or_distribution_asserted,Codex subagent /root/p02_e0_b,accept,Metres are a suitable canonical distance unit for an optional synthetic route graph. Do not represent drawing scale or imported coordinates as evidence of actual travel distance.,/root/p02_c0_detail_review_b,accept,Metres are a coherent distance unit for the optional synthetic graph. Distance is a generative edge/input measure; observed travel duration is a separate target and cannot be derived from distance without route and speed assumptions.,coordinator/root,2026-09-30,/root/p02_e0_b (task identity; host session ID unavailable),16d79a5c0eff9fb60969b9e7829b5c67cdf63e46,conductor/evidence/p0.2-e0-c0-owner-review-brief-20260930.md:34; conductor/tracks/generic_ed_delivery_20260925/spec.md:95-100,,/root/p02_c0_detail_review_b-20260930,16d79a5c0eff9fb60969b9e7829b5c67cdf63e46,conductor/tracks/empirical_calibration_20260925/spec.md#Spatial-contract; conductor/tracks/empirical_calibration_20260925/spec.md#4-Dual-fidelity-execution; conductor/tracks/ed_parameter_evidence_20260927/plan.md#P0.2-review-artifact,,"revise: key=spatial.graph_edge_length_m; consumer=Proposed CareOps ED model/config; Kairos 03 Flow; unit=metres per versioned graph edge; never drawing scale or coordinate transform; stage=MVP_conditional; use=Use as metres for each versioned graph edge only in Micro movement profiles. Keep drawing scale, coordinate transforms, and imported geometry outside this field.; role=generative; The stable inventory ID now denotes versioned graph-edge length in metres under spatial.graph_edge_length_m. Drawing scale, coordinate transforms and imported geometry require separate contracts; no distance is inferred from a CAD drawing.",2026-09-30
ed.spatialabm.locations,spatial_abm,spatial.locations,Proposed CareOps ED model/config; Kairos 03 Flow,categorical_or_structured,no single scalar unit; every numeric leaf declares its unit and category coding,MVP_optional_spatial,synthetic named locations/routes may be used; geometry import and visualization excluded,identity_only_no_value_or_distribution_asserted,Codex subagent /root/p02_e0_b,accept,Named locations are within the MVP and need stable IDs plus any declared numeric coordinates/units; do not require map geometry or visualization.,/root/p02_c0_detail_review_b,revise,"A location catalogue is structured identity, while any coordinates/scale are numeric leaves requiring a declared coordinate frame and units. In the optional MVP, named synthetic locations are sufficient; imported geometry or observed location fixes require separate lineage and must not be treated as ground-truth routes.",coordinator/root,2026-09-30,/root/p02_e0_b (task identity; host session ID unavailable),16d79a5c0eff9fb60969b9e7829b5c67cdf63e46,conductor/tracks/generic_ed_delivery_20260925/plan.md:40; conductor/tracks/generic_ed_delivery_20260925/spec.md:95-100,,/root/p02_c0_detail_review_b-20260930,16d79a5c0eff9fb60969b9e7829b5c67cdf63e46,conductor/tracks/empirical_calibration_20260925/spec.md#Spatial-contract; conductor/tracks/empirical_calibration_20260925/spec.md#Research-integration-requirements; conductor/tracks/ed_parameter_evidence_20260927/plan.md#P0.2-review-artifact,"Keep stable location IDs and type/zone categories distinct from coordinates. If coordinates are present, declare frame, scale/unit and provenance; limit candidate MVP to named synthetic locations unless an explicit reviewed geometry source is in scope.","revise: key=spatial.locations; consumer=CareOps ED validator and adapter to Kairos Track 03 Flow for stable named location/zone references and resource/staff bindings; unit=stable IDs and coded location type/zone have no physical unit; optional coordinates declare frame, scale, metres, and provenance; stage=MVP_minimum; use=Require stable nonempty zone/location IDs and consistent resource/staff bindings in every E2 profile, including Macro. Coordinates and geometry are optional Micro inputs.; role=generative; Named locations/zones and resource/staff bindings are required categorical configuration even in Macro. Micro may add coordinates/geometry with declared frame, scale, units, and provenance; display names are not identifiers.",2026-09-30
ed.spatialabm.routesconnectivity,spatial_abm,spatial.routesconnectivity,Proposed CareOps ED model/config; Kairos 03 Flow,categorical_or_structured,no single scalar unit; every numeric leaf declares its unit and category coding,MVP_optional_spatial,synthetic named locations/routes may be used; geometry import and visualization excluded,identity_only_no_value_or_distribution_asserted,Codex subagent /root/p02_e0_b,accept,"Connectivity is a suitable structured optional Micro input, provided route adjacency/access and distance fields are explicit and Macro mode does not acquire fabricated transit time.",/root/p02_c0_detail_review_b,revise,"Route connectivity is a generated graph edge/access rule, whereas recorded paths may be sensor-smoothed observations and do not prove a legal or walkable path. Edge distance, movement speed and elapsed travel time are separate quantities; initial contract excludes congestion-dependent edge costs.",coordinator/root,2026-09-30,/root/p02_e0_b (task identity; host session ID unavailable),16d79a5c0eff9fb60969b9e7829b5c67cdf63e46,"conductor/tracks/generic_ed_delivery_20260925/spec.md:28-29,95-100; conductor/tracks/generic_ed_delivery_20260925/plan.md:40,75-78",,/root/p02_c0_detail_review_b-20260930,16d79a5c0eff9fb60969b9e7829b5c67cdf63e46,conductor/tracks/empirical_calibration_20260925/spec.md#Spatial-contract; conductor/tracks/empirical_calibration_20260925/spec.md#Research-integration-requirements; conductor/tracks/ed_parameter_evidence_20260927/plan.md#P0.2-review-artifact,"Version the graph and edge IDs; represent access/connectivity separately from distance and travel time. Treat observed tracks as evidence with sensor/transform provenance, not direct graph truth; keep congestion disabled absent an extension and observations.","revise: key=spatial.routesconnectivity; consumer=CareOps ED validator and ED adapter to Kairos Track 03 Flow only when a profile explicitly enables Micro movement; unit=versioned graph/edge IDs and access categories; edge distance in metres, speed in metres/second, and travel duration in decimal seconds/ticks under ADR-0004; stage=MVP_conditional; use=Provide graph edges and access rules only when Micro movement is enabled. Macro uses named location bindings and adds no local travel cost.; role=generative; Connectivity is generated graph/access configuration for Micro only. Keep observed or sensor-smoothed paths separate, and do not add fabricated Macro transit cost or unreviewed congestion.",2026-09-30
ed.spatialabm.walkingspeedvariation,spatial_abm,spatial.walkingspeedvariation,Proposed CareOps ED model/config; Kairos 03 Flow,speed,m/s,MVP_optional_spatial,synthetic named locations/routes may be used; geometry import and visualization excluded,identity_only_no_value_or_distribution_asserted,Codex subagent /root/p02_e0_b,accept,Metres/second is appropriate for optional speed inputs. Keep walking speed distinct from route distance and use the movement mode/agent context to derive travel time; no numeric distribution or default is endorsed.,/root/p02_c0_detail_review_b,accept,Metres per second is the appropriate speed unit for the optional movement model. Speed variation is a generative input; observed origin/destination travel intervals are separate timestamped targets and do not isolate speed unless route distance and movement mode are also known.,coordinator/root,2026-09-30,/root/p02_e0_b (task identity; host session ID unavailable),16d79a5c0eff9fb60969b9e7829b5c67cdf63e46,"conductor/evidence/p0.2-e0-c0-owner-review-brief-20260930.md:34; conductor/tracks/generic_ed_delivery_20260925/spec.md:28-29,95-100",,/root/p02_c0_detail_review_b-20260930,16d79a5c0eff9fb60969b9e7829b5c67cdf63e46,conductor/tracks/empirical_calibration_20260925/spec.md#Spatial-contract; conductor/tracks/empirical_calibration_20260925/spec.md#Validation-and-normalization; conductor/tracks/empirical_calibration_20260925/spec.md#Research-integration-requirements,,"accept: key=spatial.walkingspeedvariation; consumer=Proposed CareOps ED model/config; Kairos 03 Flow; unit=m/s; stage=MVP_conditional; use=Configure metres-per-second movement speed only for Micro movement. Macro does not consume walking speed.; role=generative; Walking speed is a generated Micro movement input in metres/second, separate from edge distance. Observed movement speeds remain evidence and require suitable provenance before calibration.",2026-09-30
ed.spatialabm.equipmentsupplytrips,spatial_abm,spatial.equipmentsupplytrips,Proposed CareOps ED model/config; Kairos 03 Flow,count_or_capacity,non-negative integer count; resource identity and availability are separate,MVP_optional_spatial,synthetic named locations/routes may be used; geometry import and visualization excluded,identity_only_no_value_or_distribution_asserted,Codex subagent /root/p02_e0_b,revise,"A trip is an event or demand pattern, not an equipment count/capacity. Equipment inventory/availability already belongs in resources.equipment; this field should describe optional retrieval-trip events without duplicating stock.",/root/p02_c0_detail_review_b,revise,"The registry’s count class risks conflating trip events/exposure with equipment inventory or capacity. A trip count also has no meaning without purpose, observation window and opportunity denominator; trips may be generated events or observed movement targets.",coordinator/root,2026-09-30,/root/p02_e0_b (task identity; host session ID unavailable),16d79a5c0eff9fb60969b9e7829b5c67cdf63e46,conductor/tracks/generic_ed_delivery_20260925/spec.md:95-100; conductor/tracks/generic_ed_delivery_20260925/plan.md:75-78,"Unit class: categorical_or_structured. Unit contract: trip/event schedule or rule, with explicit count, time, route and purpose fields where applicable; inventory and resource availability remain in resources.equipment. Keep optional-spatial stage only when Micro movement/retrieval is enabled.",/root/p02_c0_detail_review_b-20260930,16d79a5c0eff9fb60969b9e7829b5c67cdf63e46,conductor/tracks/ed_parameter_evidence_20260927/spec.md#Parameter-coverage-inventory; conductor/tracks/empirical_calibration_20260925/spec.md#Normalized-trace-event.v1; conductor/tracks/empirical_calibration_20260925/plan.md#C0,Separate equipment/supply trip event type and count window/exposure from equipment capacity. Define trip purpose and origin/destination; map observed trip timestamps with source precision and do not infer a capacity count from trip frequency.,"revise: key=spatial.equipmentsupplytrips; consumer=CareOps ED adapter to Kairos Track 03 Flow as optional Micro movement/retrieval events or a generating rule, not as resource capacity. Unit class: structured event/rule; declare trip purpose, equipment/supply class, origin and destination IDs, movement mode, event count over a defined exposure window, and any time fields in seconds/ticks under ADR-0004. Stage/use: enable only in an explicit Micro profile; equipment inventory and availability remain in `resources.equipment`, and Macro must not add local travel. Observed trip events retain occurrence/recorded precision and are separate from generated trips; do not infer inventory from frequency.; unit=structured event/rule; timing fields use decimal seconds and checked ADR-0004 tick conversion; event counts declare an exposure window; stage=MVP_conditional; use=Enable trip events or a trip-generating rule only in Micro. Define purpose, class, endpoints, mode, and exposure; keep inventory in resources.equipment.; role=generative; Trips are optional Micro movement/retrieval events or a generating rule, not resource capacity. Declare purpose, class, endpoints, mode, exposure, and timing; observed trips are separate from generated trips and do not identify inventory.",2026-09-30
ed.spatialabm.routechoice,spatial_abm,spatial.routechoice,Proposed CareOps ED model/config; Kairos 03 Flow,categorical_or_structured,no single scalar unit; every numeric leaf declares its unit and category coding,MVP_optional_spatial,synthetic named locations/routes may be used; geometry import and visualization excluded,identity_only_no_value_or_distribution_asserted,Codex subagent /root/p02_e0_b,accept,Route-choice rules are optional spatial behavior. A deterministic shortest/declared path is sufficient where choice behavior is not enabled; no empirical route-choice probabilities or extra congestion mechanism are implied.,/root/p02_c0_detail_review_b,revise,Route-choice behavior is conditional on the available reachable alternatives and the staff/task context at decision time. Observed chosen paths or aggregate travel times omit the unchosen set and cannot identify route preference; a policy distribution needs an explicit denominator.,coordinator/root,2026-09-30,/root/p02_e0_b (task identity; host session ID unavailable),16d79a5c0eff9fb60969b9e7829b5c67cdf63e46,conductor/tracks/generic_ed_delivery_20260925/spec.md:95-100; conductor/tracks/generic_ed_delivery_20260925/plan.md:75-78,,/root/p02_c0_detail_review_b-20260930,16d79a5c0eff9fb60969b9e7829b5c67cdf63e46,conductor/tracks/empirical_calibration_20260925/spec.md#Spatial-contract; conductor/tracks/empirical_calibration_20260925/spec.md#Research-integration-requirements; conductor/tracks/ed_parameter_evidence_20260927/spec.md#Evidence-and-distribution-selection,"Version route-choice policy and record the reachable eligible alternatives, graph version, origin/destination, movement mode, decision occurrence and conditioning state for fitted choices. Keep observed path data separate and provenance-qualified; do not infer probabilities from aggregate transit time.","revise: key=spatial.routechoice; consumer=CareOps ED adapter to Kairos Track 03 Flow for optional Micro path selection over a versioned graph; unit=categorical/deterministic policy unless a reviewed probability model is supplied with declared normalization and conditioning; stage=MVP_conditional; use=Apply route choice only in Micro over a versioned graph and the reachable eligible alternatives at decision time. A declared deterministic route suffices when choice is disabled.; role=generative; Route choice is conditional on a versioned graph, movement mode, origin/destination, and reachable eligible alternatives. Keep observed paths separate; aggregate travel time does not identify route preference.",2026-09-30
ed.spatialabm.travelinterruptions,spatial_abm,spatial.travelinterruptions,Proposed CareOps ED model/config; Kairos 03 Flow,categorical_or_structured,"route/movement rule; distance uses m, speed m/s, time s in explicit fields",MVP_optional_spatial,synthetic named locations/routes may be used; geometry import and visualization excluded,identity_only_no_value_or_distribution_asserted,Codex subagent /root/p02_e0_b,accept,"This is only an optional Micro movement rule. If enabled, define interruption eligibility, route progress and resumption explicitly under the supported ED/Q lifecycle; do not treat movement as animation time or infer a delay distribution.",/root/p02_c0_detail_review_b,revise,"Travel interruption occurrence/cause is a behavior rule, while duration and movement progress are separate timed/mechanical quantities. If interruption delay is included in the transit target and separately generated as delay, travel can be counted twice; a missed endpoint is censored rather than zero.",coordinator/root,2026-09-30,/root/p02_e0_b (task identity; host session ID unavailable),16d79a5c0eff9fb60969b9e7829b5c67cdf63e46,"conductor/tracks/generic_ed_delivery_20260925/plan.md:75-81; conductor/tracks/generic_ed_delivery_20260925/spec.md:70; conductor/tracks/des_queue_preemption_20260925/spec.md:64,316",,/root/p02_c0_detail_review_b-20260930,16d79a5c0eff9fb60969b9e7829b5c67cdf63e46,conductor/tracks/empirical_calibration_20260925/spec.md#Spatial-contract; conductor/tracks/empirical_calibration_20260925/spec.md#Trace-driven-shadow-replay; conductor/tracks/empirical_calibration_20260925/plan.md#C0,"Separate interruption trigger/cause, elapsed pause and movement progress; numeric time leaves use seconds/source precision and declared tick rounding. Preserve observed interruption event lineage and censoring independently from generated travel behavior.","revise: key=spatial.travelinterruptions; consumer=CareOps ED adapter to Kairos Track 03 Flow only for Micro movement lifecycle; unit=typed trigger/cause and progress rule; distance in metres, speed in metres/second, and pause/work durations in decimal seconds converted under ADR-0004; stage=MVP_conditional; use=Enable only as an optional Micro movement rule with typed cause, progress, pause, and resumption. Macro adds no movement time.; role=generative; Travel interruptions are optional Micro lifecycle rules with typed cause, route progress, pause, and resumption. Route-derived time excludes separately generated pause time; observed interruption records retain event lineage and censoring.",2026-09-30
ed.spatialabm.congestion,spatial_abm,spatial.congestion,Future spatial fidelity owner; consumer not applicable until that scope is approved,categorical_or_structured,no single scalar unit; every numeric leaf declares its unit and category coding,deferred_or_post_v1,excluded unless a separately reviewed extension enables it,identity_only_no_value_or_distribution_asserted,Codex subagent /root/p02_e0_b,defer,Keep congestion outside the generic MVP and current E0 consumer contract. It is already classified as deferred and needs a separately scoped spatial-fidelity decision before any consumer or profile is enabled.,/root/p02_c0_detail_review_b,defer,Congestion is expressly post-MVP: the current spatial contract uses fixed graph costs and does not model occupancy-dependent edge costs. There is no accepted congestion exposure/event mapping or target in this C0 scope.,coordinator/root,2026-09-30,/root/p02_e0_b (task identity; host session ID unavailable),16d79a5c0eff9fb60969b9e7829b5c67cdf63e46,conductor/evidence/p0.2-e0-c0-owner-review-brief-20260930.md:36; conductor/tracks/generic_ed_delivery_20260925/spec.md:88-100,Retain deferred_or_post_v1 stage; no E0 consumer or MVP profile use until a separately reviewed extension is approved.,/root/p02_c0_detail_review_b-20260930,16d79a5c0eff9fb60969b9e7829b5c67cdf63e46,conductor/tracks/empirical_calibration_20260925/spec.md#Spatial-contract; conductor/tracks/ed_parameter_evidence_20260927/spec.md#Parameter-coverage-inventory; conductor/tracks/empirical_calibration_20260925/plan.md#C0,"Keep deferred until a separately reviewed extension defines congestion mechanism, exposure, event/time mapping, units, identifiability and fixtures; do not enable calibration or infer local congestion values under this row.","defer: key=spatial.congestion; consumer=Future spatial fidelity owner; consumer not applicable until that scope is approved; unit=no single scalar unit; every numeric leaf declares its unit and category coding; stage=deferred_or_post_v1; use=Excluded from all current profiles; re-enter only after the separately reviewed spatial-fidelity extension trigger.; role=deferred; Keep congestion outside current profiles; re-enter only when a reviewed post-v1 extension defines its mechanism, exposure, event/time mapping, units, identifiability and fixtures.",2026-09-30
ed.patientbehavior.patience,patient_behavior,patient_behavior.patience,Proposed CareOps ED model/config; Kairos 03 Flow,time,s canonical input; convert from explicit source/config unit to ED clock ticks,MVP_candidate,"candidate input for deterministic/minimal, generic nominal, or surge profiles according to pathway applicability",identity_only_no_value_or_distribution_asserted,Codex subagent /root/p02_e0_b,accept,Patience is a valid optional input only for a profile that enables abandonment; it is not required in every generic scenario. Use seconds at the domain boundary and do not treat a threshold as an empirically supported distribution or as the abandonment policy itself.,/root/p02_c0_detail_review_b,revise,Patience is a latent generative abandonment threshold/rule; observed queue time before abandonment is a right-censored outcome for patients who remain. Treating completed waits as patience values loses censoring and confounds queue conditions with behavior.,coordinator/root,2026-09-30,/root/p02_e0_b (task identity; host session ID unavailable),16d79a5c0eff9fb60969b9e7829b5c67cdf63e46,conductor/tracks/generic_ed_delivery_20260925/plan.md:62-65; conductor/tracks/generic_ed_delivery_20260925/spec.md:30-33; conductor/tracks/ed_parameter_evidence_20260927/spec.md:14-23,,/root/p02_c0_detail_review_b-20260930,16d79a5c0eff9fb60969b9e7829b5c67cdf63e46,conductor/tracks/ed_parameter_evidence_20260927/spec.md#Validation-and-normalization; conductor/tracks/ed_parameter_evidence_20260927/spec.md#Trace-driven-shadow-replay; conductor/tracks/ed_parameter_evidence_20260927/spec.md#Evidence-and-distribution-selection,"Define threshold or hazard form and conditioning separately from observed abandonment event, last-known-at-risk time and censor reason. Map occurrence/recording time distinctly; preserve seconds/source precision and declared tick conversion.",revise: key=patient_behavior.patience; consumer=Proposed CareOps ED model/config; Kairos 03 Flow; unit=s canonical input; convert from explicit source/config unit to ED clock ticks; stage=MVP_conditional; use=Optional only when the selected E2 profile enables queue abandonment.; role=generative; Use an optional abandonment threshold in seconds or typed hazard only when abandonment is enabled; observed abandonment events and right-censored at-risk times remain separate targets.,2026-09-30
ed.patientbehavior.abandonment,patient_behavior,patient_behavior.abandonment,Proposed CareOps ED model/config; Kairos 03 Flow,probability_or_conditional_table,"dimensionless values in [0,1], denominators/conditioning explicit",MVP_candidate,"candidate input for deterministic/minimal, generic nominal, or surge profiles according to pathway applicability",identity_only_no_value_or_distribution_asserted,independent agent-panel reviewer,accept,Keep abandonment as a configurable pathway policy only when enabled by the selected profile; the E1 plan explicitly makes it optional and requires a terminal reason and censoring fields. The conditional probability shape is suitable if denominators and conditioning are explicit.,agent:/root/p02_c0_c,accept,"Generative abandonment behavior is a model input, not an observed target. A probability is meaningful only for the explicitly declared leaving-without-being-seen pathway and an eligible-patient denominator; no value or fitted distribution is accepted here.",coordinator/root,2026-09-30,/root/p02_e0_c_resume,16d79a5c0eff9fb60969b9e7829b5c67cdf63e46,model-inputs/ed/schema/p0.2-owner-review-response-template.csv#data-row=71; model-inputs/ed/schema/parameter-usage-matrix-proposal.json#/entries/70; conductor/tracks/ed_parameter_evidence_20260927/spec.md §Parameter coverage inventory (Patient behavior); conductor/tracks/generic_ed_delivery_20260925/plan.md §E1.3,,/root/p02_c0_c,16d79a5c0eff9fb60969b9e7829b5c67cdf63e46,"model-inputs/ed/schema/p0.2-owner-review-response-template.csv:data row 71 (CSV line 72); model-inputs/ed/schema/parameter-ids.json#/entries/70; conductor/tracks/ed_parameter_evidence_20260927/spec.md#L28-L38; conductor/tracks/empirical_calibration_20260925/spec.md#L127-L133,#L203-L243,#L256-L273,#L370-L388; conductor/evidence/p0.2-e0-c0-owner-review-brief-20260930.md#L14-L17,#L31-L36",No replacement; accept the proposed C0 unit/role subject to the cross-cutting tick-conversion deferral in row 90.,"accept: key=patient_behavior.abandonment; consumer=Proposed CareOps ED model/config; Kairos 03 Flow; unit=dimensionless values in [0,1], denominators/conditioning explicit; stage=MVP_conditional; use=Conditional generative abandonment policy only when the selected profile enables that pathway.; role=generative; Use generative abandonment only for the enabled leaving-without-being-seen pathway, with declared category coding, conditioning and eligible-patient denominator.",2026-09-30
ed.patientbehavior.mobilityassistance,patient_behavior,patient_behavior.mobilityassistance,Proposed CareOps ED model/config; Kairos 03 Flow,categorical_or_structured,"patient attribute/rule; age, count, probability or time leaves carry explicit units",MVP_candidate,"candidate input for deterministic/minimal, generic nominal, or surge profiles according to pathway applicability",identity_only_no_value_or_distribution_asserted,independent agent-panel reviewer,defer,"The catalogue may retain this input, but the generic MVP contract does not require an assisted-mobility behavior model. Keep it out of MVP profile fixtures until an in-scope pathway requires it and its effect on resources or routes is specified.",agent:/root/p02_c0_c,accept,"Mobility/assistance is an input attribute or rule where relevant. It is not a direct target by itself; calibrate only from observed attributes/assistance records with population and time provenance, and do not infer walking cost from elapsed EHR intervals.",coordinator/root,2026-09-30,/root/p02_e0_c_resume,16d79a5c0eff9fb60969b9e7829b5c67cdf63e46,model-inputs/ed/schema/p0.2-owner-review-response-template.csv#data-row=72; model-inputs/ed/schema/parameter-usage-matrix-proposal.json#/entries/71; conductor/tracks/ed_parameter_evidence_20260927/spec.md §Parameter coverage inventory (Patient behavior); conductor/delivery-contract.md §Functional MVP,,/root/p02_c0_c,16d79a5c0eff9fb60969b9e7829b5c67cdf63e46,"model-inputs/ed/schema/p0.2-owner-review-response-template.csv:data row 72 (CSV line 73); model-inputs/ed/schema/parameter-ids.json#/entries/71; conductor/tracks/ed_parameter_evidence_20260927/spec.md#L28-L38; conductor/tracks/empirical_calibration_20260925/spec.md#L127-L133,#L203-L243,#L256-L273,#L370-L388; conductor/evidence/p0.2-e0-c0-owner-review-brief-20260930.md#L14-L17,#L31-L36",No replacement; accept the proposed C0 unit/role subject to the cross-cutting tick-conversion deferral in row 90.,"defer: key=patient_behavior.mobilityassistance; consumer=Proposed CareOps ED model/config; Kairos 03 Flow; unit=patient attribute/rule; age, count, probability or time leaves carry explicit units; stage=deferred_or_post_v1; use=Excluded from MVP unless a named profile enables movement constraints and defines categories and affected rules.; role=deferred; Defer assistance attributes until a named profile defines movement constraints, categories, affected rules and route/location applicability.",2026-09-30
ed.patientbehavior.routingcompliance,patient_behavior,patient_behavior.routingcompliance,Proposed CareOps ED model/config; Kairos 03 Flow,probability_or_conditional_table,"dimensionless values in [0,1], denominators/conditioning explicit",MVP_candidate,"candidate input for deterministic/minimal, generic nominal, or surge profiles according to pathway applicability",identity_only_no_value_or_distribution_asserted,independent agent-panel reviewer,defer,A generic routing-compliance probability would add a patient decision rule without a defined route-choice or compliance mechanism in the MVP contract. Preserve the ID as deferred; enable only with a scoped route policy and explicit conditioned denominators.,agent:/root/p02_c0_c,accept,Routing compliance is generative behavior. Keep any observed compliance outcome separate and condition the input on a defined routing opportunity and eligibility denominator; no rate is asserted.,coordinator/root,2026-09-30,/root/p02_e0_c_resume,16d79a5c0eff9fb60969b9e7829b5c67cdf63e46,model-inputs/ed/schema/p0.2-owner-review-response-template.csv#data-row=73; model-inputs/ed/schema/parameter-usage-matrix-proposal.json#/entries/72; conductor/tracks/ed_parameter_evidence_20260927/spec.md §Parameter coverage inventory (Patient behavior); conductor/delivery-contract.md §Functional MVP,,/root/p02_c0_c,16d79a5c0eff9fb60969b9e7829b5c67cdf63e46,"model-inputs/ed/schema/p0.2-owner-review-response-template.csv:data row 73 (CSV line 74); model-inputs/ed/schema/parameter-ids.json#/entries/72; conductor/tracks/ed_parameter_evidence_20260927/spec.md#L28-L38; conductor/tracks/empirical_calibration_20260925/spec.md#L127-L133,#L203-L243,#L256-L273,#L370-L388; conductor/evidence/p0.2-e0-c0-owner-review-brief-20260930.md#L14-L17,#L31-L36",No replacement; accept the proposed C0 unit/role subject to the cross-cutting tick-conversion deferral in row 90.,"defer: key=patient_behavior.routingcompliance; consumer=Proposed CareOps ED model/config; Kairos 03 Flow; unit=dimensionless values in [0,1], denominators/conditioning explicit; stage=deferred_or_post_v1; use=Excluded from MVP unless a named profile enables route choice and defines alternatives and outcomes.; role=deferred; Defer route compliance until a named profile defines eligible alternatives, intended route, compliance state and observable outcome.",2026-09-30
ed.patientbehavior.companions,patient_behavior,patient_behavior.companions,Future patient-behavior owner; consumer not applicable until relevance is established,categorical_or_structured,"patient attribute/rule; age, count, probability or time leaves carry explicit units",deferred_or_post_v1,excluded unless a separately reviewed extension enables it,identity_only_no_value_or_distribution_asserted,independent agent-panel reviewer,defer,No generic MVP behavior or resource effect for companions is specified. The proposed future consumer and deferred profile stage are appropriate; revisit only if relevance is established.,agent:/root/p02_c0_c,not_applicable,"Deferred identity has no current generic ED or C0 consumer. If activated later, review the mechanism, applicability, time semantics, and measurement mapping before calibration.",coordinator/root,2026-09-30,/root/p02_e0_c_resume,16d79a5c0eff9fb60969b9e7829b5c67cdf63e46,model-inputs/ed/schema/p0.2-owner-review-response-template.csv#data-row=74; model-inputs/ed/schema/parameter-usage-matrix-proposal.json#/entries/73; conductor/tracks/ed_parameter_evidence_20260927/spec.md §Parameter coverage inventory (Patient behavior),,/root/p02_c0_c,16d79a5c0eff9fb60969b9e7829b5c67cdf63e46,"model-inputs/ed/schema/p0.2-owner-review-response-template.csv:data row 74 (CSV line 75); model-inputs/ed/schema/parameter-ids.json#/entries/73; conductor/tracks/ed_parameter_evidence_20260927/spec.md#L28-L38; conductor/tracks/empirical_calibration_20260925/spec.md#L127-L133,#L203-L243,#L256-L273,#L370-L388; conductor/evidence/p0.2-e0-c0-owner-review-brief-20260930.md#L14-L17,#L31-L36",,"defer: key=patient_behavior.companions; consumer=Future patient-behavior owner; consumer not applicable until relevance is established; unit=patient attribute/rule; age, count, probability or time leaves carry explicit units; stage=deferred_or_post_v1; use=Excluded from current MVP profiles; requires a separately scoped companion entity extension.; role=deferred; Defer companion entities until a scoped profile defines interactions, resource effects and supporting evidence or explicit assumptions.",2026-09-30
ed.hospitalinterfaces.admissiondemand,hospital_interfaces,hospital_boundary.admissiondemand,Proposed CareOps ED model/config; Kairos 03 Flow boundary,count_schedule_or_policy,finite capacity/offer/transport/diagnostic boundary record; numeric leaves carry explicit units,MVP_boundary_minimum,finite ED-eligible bed offers only where required by admission/boarding fixture; broader hospital mechanisms excluded,identity_only_no_value_or_distribution_asserted,independent agent-panel reviewer,revise,"The name and proposed use risk injecting external admission arrivals in addition to patients whose admission disposition is generated by the ED pathway. Define this as pathway-generated admission requests or an explicitly external fixture input, never both; distinguish that demand from receiving-bed offers.",agent:/root/p02_c0_c,revise,"This row is external admission demand, but its proposed profile-use text describes inpatient bed offers. Keep admission requests/demand distinct from bed availability and patient disposition; model it as an exogenous boundary input. Any observed boundary schedule is an input with source time provenance, not an ED outcome target.",coordinator/root,2026-09-30,/root/p02_e0_c_resume,16d79a5c0eff9fb60969b9e7829b5c67cdf63e46,model-inputs/ed/schema/p0.2-owner-review-response-template.csv#data-row=75; model-inputs/ed/schema/parameter-usage-matrix-proposal.json#/entries/74; conductor/tracks/generic_ed_delivery_20260925/plan.md §E0.3 (finite bed offers); §E1.3 (admission/boarding); conductor/delivery-contract.md §Functional MVP,Use `hospital_boundary.admission_requests` for ED-generated requests and document external fixture demand as mutually exclusive input mode; do not treat general hospital admission counts as ED arrivals.,/root/p02_c0_c,16d79a5c0eff9fb60969b9e7829b5c67cdf63e46,"model-inputs/ed/schema/p0.2-owner-review-response-template.csv:data row 75 (CSV line 76); model-inputs/ed/schema/parameter-ids.json#/entries/74; conductor/tracks/ed_parameter_evidence_20260927/spec.md#L28-L38; conductor/tracks/empirical_calibration_20260925/spec.md#L127-L133,#L203-L243,#L256-L273,#L370-L388; conductor/evidence/p0.2-e0-c0-owner-review-brief-20260930.md#L14-L17,#L31-L36; conductor/tracks/ed_parameter_evidence_20260927/spec.md#L34-L38","Replace profile use with: “Exogenous, time-stamped external admission-demand input where needed by the declared admission/boarding fixture; keep separate from inpatient bed-offer/availability and ED disposition targets. Use only a source-backed or explicitly synthetic schedule; do not fit from aggregate ED boarding alone.”","revise: key=hospital_boundary.admissiondemand; consumer=CareOps ED adapter at the admission boundary; unit=Finite timestamped external competing-demand schedule with declared count, time unit and provenance; distinct from ED generated admission requests, ED arrivals, bed offers and observed boarding targets.; stage=MVP_conditional; use=Optional external competing admission demand in an MVP admission/boarding fixture; separate from ED generated admission requests, ED arrivals, bed offers and boarding targets.; role=generative; Model finite external competing admission demand at the admission boundary, separate from ED-generated requests, ED arrivals, bed offers and observed boarding targets.",2026-09-30
ed.hospitalinterfaces.inpatientbedavailability,hospital_interfaces,hospital_boundary.inpatientbedavailability,Proposed CareOps ED model/config; Kairos 03 Flow boundary,categorical_or_structured,no single scalar unit; every numeric leaf declares its unit and category coding,MVP_boundary_minimum,finite ED-eligible bed offers only where required by admission/boarding fixture; broader hospital mechanisms excluded,identity_only_no_value_or_distribution_asserted,independent agent-panel reviewer,revise,"The generic structured unit contract is too vague for the minimum admission boundary. The E0 plan requires finite, destination-compatible ED-eligible offers with lifetime/withdrawal and competing-demand assumptions. Model offer records explicitly; do not infer available ED beds from raw inpatient counts.",agent:/root/p02_c0_c,accept,"Inpatient bed availability/release is exogenous boundary state, distinct from ED boarding/length-of-stay outcomes. Preserve source observation times and availability intervals; do not infer bed availability from patient wait or discharge timestamps.",coordinator/root,2026-09-30,/root/p02_e0_c_resume,16d79a5c0eff9fb60969b9e7829b5c67cdf63e46,model-inputs/ed/schema/p0.2-owner-review-response-template.csv#data-row=76; model-inputs/ed/schema/parameter-usage-matrix-proposal.json#/entries/75; conductor/tracks/generic_ed_delivery_20260925/plan.md §E0.3; conductor/delivery-contract.md §Functional MVP,"Retain the stable ID/key but define a finite ED-eligible bed-offer schedule with destination compatibility, availability interval/expiry, withdrawal, and explicit competing-demand assumptions; numeric leaves carry units.",/root/p02_c0_c,16d79a5c0eff9fb60969b9e7829b5c67cdf63e46,"model-inputs/ed/schema/p0.2-owner-review-response-template.csv:data row 76 (CSV line 77); model-inputs/ed/schema/parameter-ids.json#/entries/75; conductor/tracks/ed_parameter_evidence_20260927/spec.md#L28-L38; conductor/tracks/empirical_calibration_20260925/spec.md#L127-L133,#L203-L243,#L256-L273,#L370-L388; conductor/evidence/p0.2-e0-c0-owner-review-brief-20260930.md#L14-L17,#L31-L36; conductor/tracks/ed_parameter_evidence_20260927/spec.md#L34-L38",No replacement; accept the proposed C0 unit/role subject to the cross-cutting tick-conversion deferral in row 90.,"revise: key=hospital_boundary.inpatientbedavailability; consumer=CareOps ED adapter at the admission/boarding boundary; unit=Finite ED eligible offer records with destination compatibility, availability start/expiry, withdrawal state/time and explicit competing-demand assumptions; every numeric leaf declares units.; stage=MVP_conditional; use=Finite exogenous ED eligible inpatient offers only in an MVP admission/boarding fixture; does not itself end ED occupancy.; role=control; Consume finite exogenous ED-eligible bed offers with destination, availability/expiry, withdrawal and competing-demand fields; an accepted offer does not end ED occupancy.",2026-09-30
ed.hospitalinterfaces.transfertransport,hospital_interfaces,hospital_boundary.transfertransport,Proposed CareOps ED model/config; Kairos 03 Flow boundary,categorical_or_structured,no single scalar unit; every numeric leaf declares its unit and category coding,MVP_boundary_minimum,finite ED-eligible bed offers only where required by admission/boarding fixture; broader hospital mechanisms excluded,identity_only_no_value_or_distribution_asserted,independent agent-panel reviewer,accept,"Keep transfer/transport as a boundary record for enabled transfer pathways. The E0 plan distinguishes ambulance arrival, triage, handover, offload, and crew-release clocks; those events must not be collapsed into one elapsed duration.",agent:/root/p02_c0_c,accept,Transfer/transport availability is an exogenous boundary input when enabled. A separately observed transport delay may be a target only when its start/end events are defined; do not fit it from an undifferentiated patient elapsed interval.,coordinator/root,2026-09-30,/root/p02_e0_c_resume,16d79a5c0eff9fb60969b9e7829b5c67cdf63e46,model-inputs/ed/schema/p0.2-owner-review-response-template.csv#data-row=77; model-inputs/ed/schema/parameter-usage-matrix-proposal.json#/entries/76; conductor/tracks/generic_ed_delivery_20260925/plan.md §E0.3; §E1.3,,/root/p02_c0_c,16d79a5c0eff9fb60969b9e7829b5c67cdf63e46,"model-inputs/ed/schema/p0.2-owner-review-response-template.csv:data row 77 (CSV line 78); model-inputs/ed/schema/parameter-ids.json#/entries/76; conductor/tracks/ed_parameter_evidence_20260927/spec.md#L28-L38; conductor/tracks/empirical_calibration_20260925/spec.md#L127-L133,#L203-L243,#L256-L273,#L370-L388; conductor/evidence/p0.2-e0-c0-owner-review-brief-20260930.md#L14-L17,#L31-L36; conductor/tracks/ed_parameter_evidence_20260927/spec.md#L34-L38",No replacement; accept the proposed C0 unit/role subject to the cross-cutting tick-conversion deferral in row 90.,accept: key=hospital_boundary.transfertransport; consumer=Proposed CareOps ED model/config; Kairos 03 Flow boundary; unit=no single scalar unit; every numeric leaf declares its unit and category coding; stage=MVP_conditional; use=Boundary input only for an enabled transfer pathway.; role=control; Treat transfer transport as an exogenous boundary record only for enabled transfer pathways; keep numeric leaves unit-bearing.,2026-09-30
ed.hospitalinterfaces.diagnosticdependencies,hospital_interfaces,hospital_boundary.diagnosticdependencies,Proposed CareOps ED model/config; Kairos 03 Flow boundary,categorical_or_structured,no single scalar unit; every numeric leaf declares its unit and category coding,MVP_boundary_minimum,finite ED-eligible bed offers only where required by admission/boarding fixture; broader hospital mechanisms excluded,identity_only_no_value_or_distribution_asserted,independent agent-panel reviewer,accept,A structured boundary input is appropriate for explicitly modeled diagnostic dependencies. Require named dependency/resource and explicit timing/capacity units at numeric leaves; do not imply a whole-hospital diagnostic model.,agent:/root/p02_c0_c,accept,External diagnostic dependency is a boundary input. Keep availability/turnaround inputs distinct from observed ED process outcomes and define event endpoints before any delay is fitted.,coordinator/root,2026-09-30,/root/p02_e0_c_resume,16d79a5c0eff9fb60969b9e7829b5c67cdf63e46,model-inputs/ed/schema/p0.2-owner-review-response-template.csv#data-row=78; model-inputs/ed/schema/parameter-usage-matrix-proposal.json#/entries/77; conductor/tracks/ed_parameter_evidence_20260927/spec.md §Parameter coverage inventory (Hospital interfaces); conductor/tracks/generic_ed_delivery_20260925/plan.md §E1.2,,/root/p02_c0_c,16d79a5c0eff9fb60969b9e7829b5c67cdf63e46,"model-inputs/ed/schema/p0.2-owner-review-response-template.csv:data row 78 (CSV line 79); model-inputs/ed/schema/parameter-ids.json#/entries/77; conductor/tracks/ed_parameter_evidence_20260927/spec.md#L28-L38; conductor/tracks/empirical_calibration_20260925/spec.md#L127-L133,#L203-L243,#L256-L273,#L370-L388; conductor/evidence/p0.2-e0-c0-owner-review-brief-20260930.md#L14-L17,#L31-L36; conductor/tracks/ed_parameter_evidence_20260927/spec.md#L34-L38",No replacement; accept the proposed C0 unit/role subject to the cross-cutting tick-conversion deferral in row 90.,accept: key=hospital_boundary.diagnosticdependencies; consumer=Proposed CareOps ED model/config; Kairos 03 Flow boundary; unit=no single scalar unit; every numeric leaf declares its unit and category coding; stage=MVP_conditional; use=Boundary input only for explicitly modeled diagnostic dependencies.; role=control; Treat diagnostic dependencies as exogenous boundary inputs only when that dependency is explicitly modeled; keep numeric leaves unit-bearing.,2026-09-30
ed.hospitalinterfaces.wholehospitalmechanisms,hospital_interfaces,hospital_boundary.wholehospitalmechanisms,Future hospital-domain owner; consumer not applicable to generic ED MVP,categorical_or_structured,no single scalar unit; every numeric leaf declares its unit and category coding,deferred_or_post_v1,excluded unless a separately reviewed extension enables it,identity_only_no_value_or_distribution_asserted,independent agent-panel reviewer,defer,Whole-hospital mechanisms are outside the generic ED MVP and the parameter spec explicitly excludes a detailed whole-hospital model. Keep the ID deferred with no current E0 consumer.,agent:/root/p02_c0_c,not_applicable,Whole-hospital mechanisms are explicitly deferred and outside the generic ED C0 interface. No current target or generation contract should be assigned.,coordinator/root,2026-09-30,/root/p02_e0_c_resume,16d79a5c0eff9fb60969b9e7829b5c67cdf63e46,model-inputs/ed/schema/p0.2-owner-review-response-template.csv#data-row=79; model-inputs/ed/schema/parameter-usage-matrix-proposal.json#/entries/78; conductor/tracks/ed_parameter_evidence_20260927/spec.md §Parameter coverage inventory (Hospital interfaces),,/root/p02_c0_c,16d79a5c0eff9fb60969b9e7829b5c67cdf63e46,"model-inputs/ed/schema/p0.2-owner-review-response-template.csv:data row 79 (CSV line 80); model-inputs/ed/schema/parameter-ids.json#/entries/78; conductor/tracks/ed_parameter_evidence_20260927/spec.md#L28-L38; conductor/tracks/empirical_calibration_20260925/spec.md#L127-L133,#L203-L243,#L256-L273,#L370-L388; conductor/evidence/p0.2-e0-c0-owner-review-brief-20260930.md#L14-L17,#L31-L36",,"defer: key=hospital_boundary.wholehospitalmechanisms; consumer=Future hospital-domain owner; consumer not applicable to generic ED MVP; unit=no single scalar unit; every numeric leaf declares its unit and category coding; stage=deferred_or_post_v1; use=Excluded from MVP; requires a separately reviewed whole hospital mechanism extension.; role=deferred; Defer whole-hospital mechanisms until a reviewed extension defines additional state, scope, evidence and interface.",2026-09-30
ed.optionalcomplexity.fatigue,optional_complexity,extensions.fatigue,Future CareOps ED ABM profile; no current Kairos consumer,categorical_or_structured,no single scalar unit; every numeric leaf declares its unit and category coding,deferred_or_post_v1,excluded unless a separately reviewed extension enables it,identity_only_no_value_or_distribution_asserted,independent agent-panel reviewer,defer,Fatigue has no MVP consumer or defined state/update mechanism. The spec directs optional complexity to remain deferred until evidence and decision relevance justify activation.,agent:/root/p02_c0_c,not_applicable,Fatigue has no current mechanism or consumer and is deferred. Do not infer fatigue from shift-level outcome differences absent a defined observation and identification design.,coordinator/root,2026-09-30,/root/p02_e0_c_resume,16d79a5c0eff9fb60969b9e7829b5c67cdf63e46,model-inputs/ed/schema/p0.2-owner-review-response-template.csv#data-row=80; model-inputs/ed/schema/parameter-usage-matrix-proposal.json#/entries/79; conductor/tracks/ed_parameter_evidence_20260927/spec.md §Parameter coverage inventory (Optional complexity),,/root/p02_c0_c,16d79a5c0eff9fb60969b9e7829b5c67cdf63e46,"model-inputs/ed/schema/p0.2-owner-review-response-template.csv:data row 80 (CSV line 81); model-inputs/ed/schema/parameter-ids.json#/entries/79; conductor/tracks/ed_parameter_evidence_20260927/spec.md#L28-L38; conductor/tracks/empirical_calibration_20260925/spec.md#L127-L133,#L203-L243,#L256-L273,#L370-L388; conductor/evidence/p0.2-e0-c0-owner-review-brief-20260930.md#L14-L17,#L31-L36",,"defer: key=extensions.fatigue; consumer=Future CareOps ED ABM profile; no current Kairos consumer; unit=no single scalar unit; every numeric leaf declares its unit and category coding; stage=deferred_or_post_v1; use=Excluded from current profiles pending a scoped fatigue mechanism and evidence.; role=deferred; Defer fatigue until a scoped extension defines its staff-capacity mechanism, evidence window and validation fixture.",2026-09-30
ed.optionalcomplexity.learning,optional_complexity,extensions.learning,Future CareOps ED ABM profile; no current Kairos consumer,categorical_or_structured,no single scalar unit; every numeric leaf declares its unit and category coding,deferred_or_post_v1,excluded unless a separately reviewed extension enables it,identity_only_no_value_or_distribution_asserted,independent agent-panel reviewer,defer,Learning has no MVP consumer or defined state/update mechanism. Keep it deferred until evidence and a decision-relevant behavior contract exist.,agent:/root/p02_c0_c,not_applicable,Learning has no current mechanism or consumer and is deferred. A future effect needs explicit temporal state and a separately reviewed observation design.,coordinator/root,2026-09-30,/root/p02_e0_c_resume,16d79a5c0eff9fb60969b9e7829b5c67cdf63e46,model-inputs/ed/schema/p0.2-owner-review-response-template.csv#data-row=81; model-inputs/ed/schema/parameter-usage-matrix-proposal.json#/entries/80; conductor/tracks/ed_parameter_evidence_20260927/spec.md §Parameter coverage inventory (Optional complexity),,/root/p02_c0_c,16d79a5c0eff9fb60969b9e7829b5c67cdf63e46,"model-inputs/ed/schema/p0.2-owner-review-response-template.csv:data row 81 (CSV line 82); model-inputs/ed/schema/parameter-ids.json#/entries/80; conductor/tracks/ed_parameter_evidence_20260927/spec.md#L28-L38; conductor/tracks/empirical_calibration_20260925/spec.md#L127-L133,#L203-L243,#L256-L273,#L370-L388; conductor/evidence/p0.2-e0-c0-owner-review-brief-20260930.md#L14-L17,#L31-L36",,"defer: key=extensions.learning; consumer=Future CareOps ED ABM profile; no current Kairos consumer; unit=no single scalar unit; every numeric leaf declares its unit and category coding; stage=deferred_or_post_v1; use=Excluded from current profiles pending a scoped learning mechanism and evidence.; role=deferred; Defer learning until a scoped extension defines skill/behavior state, exposure history, timescale, evidence and validation.",2026-09-30
ed.optionalcomplexity.crowdingfeedback,optional_complexity,extensions.crowdingfeedback,Future CareOps ED model profile; Kairos 03 Flow only after scoped acceptance,structured_extension,deferred extension schema; numeric leaves carry explicit units if enabled,deferred_or_post_v1,excluded unless a separately reviewed extension enables it,identity_only_no_value_or_distribution_asserted,independent agent-panel reviewer,defer,Crowding feedback is an extension requiring scoped acceptance and an explicit mechanism; the generic MVP requires occupancy reporting but does not require crowding to alter behavior.,agent:/root/p02_c0_c,not_applicable,Crowding feedback is deferred pending a scoped mechanism. Aggregate crowding/outcome association alone does not identify a generative feedback function.,coordinator/root,2026-09-30,/root/p02_e0_c_resume,16d79a5c0eff9fb60969b9e7829b5c67cdf63e46,model-inputs/ed/schema/p0.2-owner-review-response-template.csv#data-row=82; model-inputs/ed/schema/parameter-usage-matrix-proposal.json#/entries/81; conductor/tracks/ed_parameter_evidence_20260927/spec.md §Parameter coverage inventory (Optional complexity); conductor/delivery-contract.md §Functional MVP,,/root/p02_c0_c,16d79a5c0eff9fb60969b9e7829b5c67cdf63e46,"model-inputs/ed/schema/p0.2-owner-review-response-template.csv:data row 82 (CSV line 83); model-inputs/ed/schema/parameter-ids.json#/entries/81; conductor/tracks/ed_parameter_evidence_20260927/spec.md#L28-L38; conductor/tracks/empirical_calibration_20260925/spec.md#L127-L133,#L203-L243,#L256-L273,#L370-L388; conductor/evidence/p0.2-e0-c0-owner-review-brief-20260930.md#L14-L17,#L31-L36",,"defer: key=extensions.crowdingfeedback; consumer=Future CareOps ED model profile; Kairos 03 Flow only after scoped acceptance; unit=deferred extension schema; numeric leaves carry explicit units if enabled; stage=deferred_or_post_v1; use=Excluded from current profiles; occupancy metrics alone do not enable feedback.; role=deferred; Defer crowding feedback until a reviewed extension defines causal exposure/outcome mapping, units, identifiability and fixtures; occupancy alone is insufficient.",2026-09-30
ed.optionalcomplexity.detailedphysiology,optional_complexity,extensions.detailedphysiology,Future CareOps ED model profile; no current Kairos consumer,categorical_or_structured,no single scalar unit; every numeric leaf declares its unit and category coding,deferred_or_post_v1,excluded unless a separately reviewed extension enables it,identity_only_no_value_or_distribution_asserted,independent agent-panel reviewer,defer,Detailed physiology is explicitly optional and has no generic MVP consumer. Preserve as deferred; do not turn it into an implicit deterioration or clinical policy.,agent:/root/p02_c0_c,not_applicable,Detailed physiology is explicitly deferred from the declared minimal fidelity; no current calibration interface applies.,coordinator/root,2026-09-30,/root/p02_e0_c_resume,16d79a5c0eff9fb60969b9e7829b5c67cdf63e46,model-inputs/ed/schema/p0.2-owner-review-response-template.csv#data-row=83; model-inputs/ed/schema/parameter-usage-matrix-proposal.json#/entries/82; conductor/tracks/ed_parameter_evidence_20260927/spec.md §Parameter coverage inventory (Optional complexity); conductor/tracks/generic_ed_delivery_20260925/plan.md §E2.3,,/root/p02_c0_c,16d79a5c0eff9fb60969b9e7829b5c67cdf63e46,"model-inputs/ed/schema/p0.2-owner-review-response-template.csv:data row 83 (CSV line 84); model-inputs/ed/schema/parameter-ids.json#/entries/82; conductor/tracks/ed_parameter_evidence_20260927/spec.md#L28-L38; conductor/tracks/empirical_calibration_20260925/spec.md#L127-L133,#L203-L243,#L256-L273,#L370-L388; conductor/evidence/p0.2-e0-c0-owner-review-brief-20260930.md#L14-L17,#L31-L36",,"defer: key=extensions.detailedphysiology; consumer=Future CareOps ED model profile; no current Kairos consumer; unit=no single scalar unit; every numeric leaf declares its unit and category coding; stage=deferred_or_post_v1; use=Excluded from the generic MVP pending reviewed clinical scope and validation.; role=deferred; Defer detailed physiology until reviewed clinical scope defines state transitions, units, evidence and validation.",2026-09-30
ed.experimentcontrols.initialization,experiment_controls,experiment.initialization,Proposed CareOps ED model/config; Kairos 22 CLI,categorical_or_structured,initial occupancy/state record; each numeric leaf declares its own unit and coding,MVP_candidate,"candidate input for deterministic/minimal, generic nominal, or surge profiles according to pathway applicability",identity_only_no_value_or_distribution_asserted,independent agent-panel reviewer,accept,"An explicit initial-state input is needed to describe occupancy and ongoing work without hidden defaults. Require internally consistent entity, resource, and event state; an empty deterministic initialization remains a valid MVP fixture.",agent:/root/p02_c0_c,accept,"Initialization is a generative initial-state input. Anchor simulation time at run start; encode ongoing-task ages as elapsed durations at that origin. If source records use absolute timestamps, retain their source timezone/precision before deriving ages; do not treat initial-state observations as post-start outcomes.",coordinator/root,2026-09-30,/root/p02_e0_c_resume,16d79a5c0eff9fb60969b9e7829b5c67cdf63e46,model-inputs/ed/schema/p0.2-owner-review-response-template.csv#data-row=84; model-inputs/ed/schema/parameter-usage-matrix-proposal.json#/entries/83; conductor/tracks/ed_parameter_evidence_20260927/spec.md §Parameter coverage inventory (Experiment controls); §Example input pack; conductor/tracks/generic_ed_delivery_20260925/plan.md §E0.2,,/root/p02_c0_c,16d79a5c0eff9fb60969b9e7829b5c67cdf63e46,"model-inputs/ed/schema/p0.2-owner-review-response-template.csv:data row 84 (CSV line 85); model-inputs/ed/schema/parameter-ids.json#/entries/83; conductor/tracks/ed_parameter_evidence_20260927/spec.md#L28-L38; conductor/tracks/empirical_calibration_20260925/spec.md#L127-L133,#L203-L243,#L256-L273,#L370-L388; conductor/evidence/p0.2-e0-c0-owner-review-brief-20260930.md#L14-L17,#L31-L36",No replacement; accept the proposed C0 unit/role subject to the cross-cutting tick-conversion deferral in row 90.,accept: key=experiment.initialization; consumer=Proposed CareOps ED model/config; Kairos 22 CLI; unit=initial occupancy/state record; each numeric leaf declares its own unit and coding; stage=MVP_minimum; use=Initial state supplied explicitly for the selected MVP scenario; no hidden default.; role=generative; Require explicit initial occupancy and ongoing state records so MVP runs have no hidden initialization defaults; declare units and coding on numeric leaves.,2026-09-30
ed.experimentcontrols.ongoingworkages,experiment_controls,experiment.ongoingworkages,Proposed CareOps ED model/config; Kairos 22 CLI,time,s canonical input; convert from explicit source/config unit to ED clock ticks,MVP_candidate,"candidate input for deterministic/minimal, generic nominal, or surge profiles according to pathway applicability",identity_only_no_value_or_distribution_asserted,independent agent-panel reviewer,accept,Retain as optional initialization detail for in-progress work. Values must be non-negative durations interpreted from the run clock origin and must not be counted again as service already completed; not required in the one-patient fresh-start fixture.,agent:/root/p02_c0_c,accept,"Ongoing-work age is elapsed time at initialization, not an absolute civil timestamp. Preserve source event/time provenance when derived from records; normalize to seconds, then convert only under the still-unresolved declared tick quantum and conversion rule.",coordinator/root,2026-09-30,/root/p02_e0_c_resume,16d79a5c0eff9fb60969b9e7829b5c67cdf63e46,model-inputs/ed/schema/p0.2-owner-review-response-template.csv#data-row=85; model-inputs/ed/schema/parameter-usage-matrix-proposal.json#/entries/84; conductor/tracks/ed_parameter_evidence_20260927/spec.md §Parameter coverage inventory (Experiment controls); §Catalogue record contract,,/root/p02_c0_c,16d79a5c0eff9fb60969b9e7829b5c67cdf63e46,"model-inputs/ed/schema/p0.2-owner-review-response-template.csv:data row 85 (CSV line 86); model-inputs/ed/schema/parameter-ids.json#/entries/84; conductor/tracks/ed_parameter_evidence_20260927/spec.md#L28-L38; conductor/tracks/empirical_calibration_20260925/spec.md#L127-L133,#L203-L243,#L256-L273,#L370-L388; conductor/evidence/p0.2-e0-c0-owner-review-brief-20260930.md#L14-L17,#L31-L36",No replacement; accept the proposed C0 unit/role subject to the cross-cutting tick-conversion deferral in row 90.,"accept: key=experiment.ongoingworkages; consumer=Proposed CareOps ED model/config; Kairos 22 CLI; unit=s canonical input; convert from explicit source/config unit to ED clock ticks; stage=MVP_conditional; use=Optional elapsed ages for explicitly initialized ongoing work.; role=generative; Represent ongoing-work age as elapsed time at initialization, in seconds with checked ADR-0004 conversion; it is not a civil timestamp.",2026-09-30
ed.experimentcontrols.warmup,experiment_controls,experiment.warmup,Proposed Kairos 22 CLI; Kairos 21 calibration,time,s canonical input; convert from explicit source/config unit to ED clock ticks,hardened_v1,calibration/validation/experiment profiles; not required for functional MVP,identity_only_no_value_or_distribution_asserted,independent agent-panel reviewer,accept,"Warm-up is appropriately staged for hardened experiments rather than the functional MVP. Keep it an explicit experiment setting when introduced, with reported metric windows excluding warm-up as declared.",agent:/root/p02_c0_c,accept,"Warm-up is an experiment duration relative to run origin, with no timezone. Express in canonical seconds; metric exclusion is a study window and must be reported separately from generated patient/process data. Tick conversion remains subject to C0 resolution.",coordinator/root,2026-09-30,/root/p02_e0_c_resume,16d79a5c0eff9fb60969b9e7829b5c67cdf63e46,model-inputs/ed/schema/p0.2-owner-review-response-template.csv#data-row=86; model-inputs/ed/schema/parameter-usage-matrix-proposal.json#/entries/85; conductor/tracks/ed_parameter_evidence_20260927/spec.md §Parameter coverage inventory (Experiment controls); conductor/delivery-contract.md §Hardened native v1,,/root/p02_c0_c,16d79a5c0eff9fb60969b9e7829b5c67cdf63e46,"model-inputs/ed/schema/p0.2-owner-review-response-template.csv:data row 86 (CSV line 87); model-inputs/ed/schema/parameter-ids.json#/entries/85; conductor/tracks/ed_parameter_evidence_20260927/spec.md#L28-L38; conductor/tracks/empirical_calibration_20260925/spec.md#L127-L133,#L203-L243,#L256-L273,#L370-L388; conductor/evidence/p0.2-e0-c0-owner-review-brief-20260930.md#L14-L17,#L31-L36",No replacement; accept the proposed C0 unit/role subject to the cross-cutting tick-conversion deferral in row 90.,accept: key=experiment.warmup; consumer=Proposed Kairos 22 CLI; Kairos 21 calibration; unit=s canonical input; convert from explicit source/config unit to ED clock ticks; stage=hardened_v1; use=Hardened v1 experiment control; omitted from E2.; role=control; Reserve warm-up as a hardened-v1 duration relative to run origin; it is outside the functional MVP.,2026-09-30
ed.experimentcontrols.horizon,experiment_controls,experiment.horizon,Proposed Kairos 22 CLI,time,s canonical input; convert from explicit source/config unit to ED clock ticks,MVP_candidate,"candidate input for deterministic/minimal, generic nominal, or surge profiles according to pathway applicability",identity_only_no_value_or_distribution_asserted,independent agent-panel reviewer,accept,A run horizon is required to bound the MVP scenario. Reject invalid or unrepresentable values clearly after conversion to the engine clock; exact tick resolution and rounding remain a C0/Kairos contract decision.,agent:/root/p02_c0_c,accept,"Horizon is elapsed simulation duration from run origin, not a civil timestamp. Seconds are a suitable canonical input unit; tick conversion requires the declared resolution and checked conversion contract.",coordinator/root,2026-09-30,/root/p02_e0_c_resume,16d79a5c0eff9fb60969b9e7829b5c67cdf63e46,model-inputs/ed/schema/p0.2-owner-review-response-template.csv#data-row=87; model-inputs/ed/schema/parameter-usage-matrix-proposal.json#/entries/86; conductor/delivery-contract.md §Functional MVP (choose seed/horizon); conductor/evidence/p0.2-e0-c0-owner-review-brief-20260930.md §Canonical duration unit,,/root/p02_c0_c,16d79a5c0eff9fb60969b9e7829b5c67cdf63e46,"model-inputs/ed/schema/p0.2-owner-review-response-template.csv:data row 87 (CSV line 88); model-inputs/ed/schema/parameter-ids.json#/entries/86; conductor/tracks/ed_parameter_evidence_20260927/spec.md#L28-L38; conductor/tracks/empirical_calibration_20260925/spec.md#L127-L133,#L203-L243,#L256-L273,#L370-L388; conductor/evidence/p0.2-e0-c0-owner-review-brief-20260930.md#L14-L17,#L31-L36",No replacement; accept the proposed C0 unit/role subject to the cross-cutting tick-conversion deferral in row 90.,"accept: key=experiment.horizon; consumer=Proposed Kairos 22 CLI; unit=s canonical input; convert from explicit source/config unit to ED clock ticks; stage=MVP_minimum; use=Required bounded elapsed run horizon for E2.; role=control; Require a bounded elapsed run horizon from run origin, in seconds with checked ADR-0004 conversion; it is not a civil timestamp.",2026-09-30
ed.experimentcontrols.replications,experiment_controls,experiment.replications,Proposed Kairos 22 CLI; Kairos 21 calibration,count_or_capacity,non-negative integer count; resource identity and availability are separate,hardened_v1,calibration/validation/experiment profiles; not required for functional MVP,identity_only_no_value_or_distribution_asserted,independent agent-panel reviewer,accept,"Repeated experiments are a hardened-v1 feature, not needed for the functional MVP. A non-negative integer count is structurally appropriate, but the runner must define whether zero is invalid rather than silently treating it as one.",agent:/root/p02_c0_c,accept,"Replication count is an experiment-design control, not an empirical target or ED-generative parameter. Keep the sampling/cluster unit and candidate/replication identities explicit; no count is asserted.",coordinator/root,2026-09-30,/root/p02_e0_c_resume,16d79a5c0eff9fb60969b9e7829b5c67cdf63e46,model-inputs/ed/schema/p0.2-owner-review-response-template.csv#data-row=88; model-inputs/ed/schema/parameter-usage-matrix-proposal.json#/entries/87; conductor/delivery-contract.md §Hardened native v1 (Repeated experiments and uncertainty summaries),,/root/p02_c0_c,16d79a5c0eff9fb60969b9e7829b5c67cdf63e46,"model-inputs/ed/schema/p0.2-owner-review-response-template.csv:data row 88 (CSV line 89); model-inputs/ed/schema/parameter-ids.json#/entries/87; conductor/tracks/ed_parameter_evidence_20260927/spec.md#L28-L38; conductor/tracks/empirical_calibration_20260925/spec.md#L127-L133,#L203-L243,#L256-L273,#L370-L388; conductor/evidence/p0.2-e0-c0-owner-review-brief-20260930.md#L14-L17,#L31-L36",,"accept: key=experiment.replications; consumer=Proposed Kairos 22 CLI; Kairos 21 calibration; unit=non-negative integer count; resource identity and availability are separate; stage=hardened_v1; use=Hardened v1 replication control; omitted from E2.; role=control; Reserve replication count for hardened-v1 experiments; it is an experiment control, separate from resource identity and availability.",2026-09-30
ed.experimentcontrols.seedstreams,experiment_controls,experiment.seedstreams,Proposed Kairos 01 seed/order contract; Kairos 22 CLI experiment orchestration,seed_identity,unsigned integer seed plus named purpose; exact width owned by Kairos 01,hardened_v1,calibration/validation/experiment profiles; not required for functional MVP,identity_only_no_value_or_distribution_asserted,independent agent-panel reviewer,revise,The proposed hardened-v1 stage conflicts with the MVP requirement to choose a seed and reproduce canonical outputs on repeat runs. E0 needs a single run seed now; named multi-stream allocation and exact seed width remain owned by Kairos 01.,agent:/root/p02_c0_c,accept,Seed purpose/stream identity supports reproducibility of generated inputs and calibration candidates; it is not a fitted parameter or target. Leave width and exact derivation to Kairos 01 and preserve named purpose/sampling level.,coordinator/root,2026-09-30,/root/p02_e0_c_resume,16d79a5c0eff9fb60969b9e7829b5c67cdf63e46,model-inputs/ed/schema/p0.2-owner-review-response-template.csv#data-row=89; model-inputs/ed/schema/parameter-usage-matrix-proposal.json#/entries/88; conductor/delivery-contract.md §Functional MVP; §Hardened native v1; conductor/tracks/ed_parameter_evidence_20260927/spec.md §Example input pack,Stage as `MVP_candidate` for a single run seed and repeatability; reserve named multi-stream allocation/width for the Kairos 01 contract.,/root/p02_c0_c,16d79a5c0eff9fb60969b9e7829b5c67cdf63e46,"model-inputs/ed/schema/p0.2-owner-review-response-template.csv:data row 89 (CSV line 90); model-inputs/ed/schema/parameter-ids.json#/entries/88; conductor/tracks/ed_parameter_evidence_20260927/spec.md#L28-L38; conductor/tracks/empirical_calibration_20260925/spec.md#L127-L133,#L203-L243,#L256-L273,#L370-L388; conductor/evidence/p0.2-e0-c0-owner-review-brief-20260930.md#L14-L17,#L31-L36",,"revise: key=experiment.run_seed; consumer=CareOps ED configuration validator and Kairos 22 run orchestrator; unit=One unsigned 64-bit run seed (u64, 0..2^64-1) matching pinned Kairos CLI ScenarioManifest.base_seed; no physical unit. Named purpose streams are a separate Kairos Track 01 contract.; stage=MVP_minimum; use=One explicit run seed is required for an MVP run; named stream allocation is deferred to Kairos Track 01.; role=control; Require one explicit u64 run seed for E2 and pass it to the pinned Kairos scenario/seed manifest contract; identical input plus seed must replay. Named stream derivation remains Kairos Track 01 work and is not an E2 config requirement.",2026-09-30
ed.experimentcontrols.timeunits,experiment_controls,experiment.timeunits,Proposed CareOps ED model/config; Kairos 22 CLI,time,s canonical input; convert from explicit source/config unit to ED clock ticks,MVP_candidate,"candidate input for deterministic/minimal, generic nominal, or surge profiles according to pathway applicability",identity_only_no_value_or_distribution_asserted,independent agent-panel reviewer,revise,A free-standing runtime time-unit switch conflicts with the proposed canonical seconds boundary and can make the same numeric value ambiguous. Units should travel with each time-bearing field; schema/manifest metadata may identify the source unit before normalization.,agent:/root/p02_c0_c,defer,"Seconds are a reasonable canonical ED configuration unit, but this row explicitly leaves time resolution/runtime type undefined. Kairos SimTime stores integer ticks and the engine has no civil-time or timezone conversion; C0 has not fixed tick quantum, run origin convention, or rounding/rejection rule. Do not claim seconds-to-ticks conversion is settled.",coordinator/root,2026-09-30,/root/p02_e0_c_resume,16d79a5c0eff9fb60969b9e7829b5c67cdf63e46,model-inputs/ed/schema/p0.2-owner-review-response-template.csv#data-row=90; model-inputs/ed/schema/parameter-usage-matrix-proposal.json#/entries/89; conductor/evidence/p0.2-e0-c0-owner-review-brief-20260930.md §Canonical duration unit; §Timestamped schedules,"Replace the runtime key with per-field unit metadata; normalize durations to seconds at the input boundary, then convert once to Kairos ticks under the accepted C0 conversion contract.",/root/p02_c0_c,16d79a5c0eff9fb60969b9e7829b5c67cdf63e46,"model-inputs/ed/schema/p0.2-owner-review-response-template.csv:data row 90 (CSV line 91); model-inputs/ed/schema/parameter-ids.json#/entries/89; conductor/tracks/ed_parameter_evidence_20260927/spec.md#L28-L38; conductor/tracks/empirical_calibration_20260925/spec.md#L127-L133,#L203-L243,#L256-L273,#L370-L388; conductor/evidence/p0.2-e0-c0-owner-review-brief-20260930.md#L14-L17,#L31-L36; libs/kairos/crates/kairo-ecs-types/src/lib.rs#L51-L65; libs/kairos/conductor/quality-frontier-20260928.md#L17","Retain seconds as the normalized external duration unit. Defer acceptance of tick conversion until C0 freezes a per-run or contract-level tick quantum (exact seconds-per-tick), simulation origin, checked seconds-to-ticks conversion, and behavior for nonrepresentable values; preserve absolute source timestamps and timezone handling in the ED/IO adapter, outside SimTime.","revise: key=time_fields.source_unit; consumer=CareOps ED adapter; unit=Each time-valued field declares its source unit; normalize fixed durations exactly to decimal seconds, then convert once with checked ADR-0004 one-nanosecond-per-u128-tick profile. Sampled finite nonnegative durations round upward.; stage=MVP_minimum; use=No global experiment.timeunits key; every time-valued field declares its source unit and uses the reviewed seconds-to-ticks adapter contract.; role=control; Remove the global experiment.timeunits switch; declare units per time field, normalize fixed durations to decimal seconds and use checked ADR-0004 tick conversion, rounding sampled finite nonnegative durations upward.",2026-09-30
ed.experimentcontrols.modeoverrides,experiment_controls,experiment.modeoverrides,Proposed CareOps ED model/config; Kairos 22 CLI,categorical_or_structured,no single scalar unit; every numeric leaf declares its unit and category coding,MVP_candidate,"candidate input for deterministic/minimal, generic nominal, or surge profiles according to pathway applicability",identity_only_no_value_or_distribution_asserted,independent agent-panel reviewer,accept,"Allow only documented, schema-enumerated mode/feature choices for supported profiles. Do not permit arbitrary configuration-key overrides that bypass validation or change frozen model semantics.",agent:/root/p02_c0_c,revise,"Mode/fidelity overrides affect generated trajectories and metric comparability; they are controls, not calibration parameters. Candidate comparisons must hold the resolved mode constant or report mode as a prespecified stratum, and record it in run/metric provenance.",coordinator/root,2026-09-30,/root/p02_e0_c_resume,16d79a5c0eff9fb60969b9e7829b5c67cdf63e46,model-inputs/ed/schema/p0.2-owner-review-response-template.csv#data-row=91; model-inputs/ed/schema/parameter-usage-matrix-proposal.json#/entries/90; conductor/tracks/ed_parameter_evidence_20260927/spec.md §Catalogue record contract (applicability/mode); conductor/delivery-contract.md §Functional MVP,,/root/p02_c0_c,16d79a5c0eff9fb60969b9e7829b5c67cdf63e46,"model-inputs/ed/schema/p0.2-owner-review-response-template.csv:data row 91 (CSV line 92); model-inputs/ed/schema/parameter-ids.json#/entries/90; conductor/tracks/ed_parameter_evidence_20260927/spec.md#L28-L38; conductor/tracks/empirical_calibration_20260925/spec.md#L127-L133,#L203-L243,#L256-L273,#L370-L388; conductor/evidence/p0.2-e0-c0-owner-review-brief-20260930.md#L14-L17,#L31-L36",Replace C0 profile-use semantics with: “Scenario control fixed within each calibration comparison or declared as a prespecified comparison stratum; record resolved mode in run/metric provenance. Do not optimize mode jointly as a fitted parameter.”,"revise: key=experiment.modeoverrides; consumer=CareOps ED schema and selected profile; unit=Documented enumerated modes supported by the selected profile; structured numeric leaves declare units.; stage=MVP_conditional; use=Only documented profile-supported scenario modes; fixed within calibration comparisons or declared as strata, never fitted.; role=control; Allow only documented modes supported by the selected profile; record resolved modes and keep them fixed or stratified during calibration comparisons.",2026-09-30
ed.experimentcontrols.observationcensoringwindows,experiment_controls,experiment.observationcensoringwindows,Proposed Kairos 22 CLI; Kairos 21 calibration,schedule_or_interval,observation and censoring windows use declared time units; preserve event and censoring semantics,hardened_v1,calibration/validation/experiment profiles; not required for functional MVP,identity_only_no_value_or_distribution_asserted,independent agent-panel reviewer,accept,Keep for hardened calibration/validation runs. Window and censoring declarations must preserve event-time and incomplete-run meaning; this is not a generative patient input.,agent:/root/p02_c0_c,revise,"The unit proposal does not distinguish relative intervals from absolute civil-time windows. Observation windows need an explicit anchor; absolute source instants retain original offset/timezone and source precision, while durations/windows are relative to a declared run, episode, or study origin. DST resolution belongs to the adapter; integer ticks cannot retain civil-time semantics.",coordinator/root,2026-09-30,/root/p02_e0_c_resume,16d79a5c0eff9fb60969b9e7829b5c67cdf63e46,model-inputs/ed/schema/p0.2-owner-review-response-template.csv#data-row=92; model-inputs/ed/schema/parameter-usage-matrix-proposal.json#/entries/91; conductor/tracks/ed_parameter_evidence_20260927/spec.md §Parameter coverage inventory (Experiment controls and Measurement mapping); §Hardened native v1,,/root/p02_c0_c,16d79a5c0eff9fb60969b9e7829b5c67cdf63e46,"model-inputs/ed/schema/p0.2-owner-review-response-template.csv:data row 92 (CSV line 93); model-inputs/ed/schema/parameter-ids.json#/entries/91; conductor/tracks/ed_parameter_evidence_20260927/spec.md#L28-L38; conductor/tracks/empirical_calibration_20260925/spec.md#L127-L133,#L203-L243,#L256-L273,#L370-L388; conductor/evidence/p0.2-e0-c0-owner-review-brief-20260930.md#L14-L17,#L31-L36","Replace unit contract with: “Declare each window as elapsed duration or absolute source-time interval. Durations use canonical seconds and a named run/episode/study origin; absolute timestamps retain source offset/timezone, DST resolution, and original precision. Convert to ticks only under the frozen C0 tick quantum/rule; never invent finer precision.”","revise: key=experiment.observationcensoringwindows; consumer=Kairos 21 calibration/validation and Kairos 22 experiment orchestration; unit=Explicit elapsed duration with named run/episode/study origin, or absolute source-time interval retaining original timestamps, offset/timezone, DST resolution and source precision; checked ADR-0004 conversion.; stage=hardened_v1; use=Hardened v1 observation/calibration metadata; never a generated patient duration.; role=source_metadata; Reserve observation windows for hardened-v1; distinguish elapsed durations with named origins from absolute source intervals with timestamp, timezone/DST and precision metadata.",2026-09-30
ed.experimentcontrols.calibrationbounds,experiment_controls,experiment.calibrationbounds,Proposed Kairos 21 calibration,categorical_or_structured,no single scalar unit; every numeric leaf declares its unit and category coding,hardened_v1,calibration/validation/experiment profiles; not required for functional MVP,identity_only_no_value_or_distribution_asserted,independent agent-panel reviewer,accept,Calibration bounds belong to the later calibration interface and are correctly staged outside the functional MVP. Bounds need parameter-specific units and provenance when populated; no values are proposed here.,agent:/root/p02_c0_c,accept,"Calibration bounds constrain candidate generation and must be separate from physical limits, observed sample ranges, scenario ranges, and uncertainty. Numeric leaves need units and source/rationale; bounds do not turn observed targets into generative inputs.",coordinator/root,2026-09-30,/root/p02_e0_c_resume,16d79a5c0eff9fb60969b9e7829b5c67cdf63e46,model-inputs/ed/schema/p0.2-owner-review-response-template.csv#data-row=93; model-inputs/ed/schema/parameter-usage-matrix-proposal.json#/entries/92; conductor/tracks/ed_parameter_evidence_20260927/spec.md §Catalogue record contract (range classes and calibration status); conductor/delivery-contract.md §Hardened native v1,,/root/p02_c0_c,16d79a5c0eff9fb60969b9e7829b5c67cdf63e46,"model-inputs/ed/schema/p0.2-owner-review-response-template.csv:data row 93 (CSV line 94); model-inputs/ed/schema/parameter-ids.json#/entries/92; conductor/tracks/ed_parameter_evidence_20260927/spec.md#L28-L38; conductor/tracks/empirical_calibration_20260925/spec.md#L127-L133,#L203-L243,#L256-L273,#L370-L388; conductor/evidence/p0.2-e0-c0-owner-review-brief-20260930.md#L14-L17,#L31-L36",,"accept: key=experiment.calibrationbounds; consumer=Proposed Kairos 21 calibration; unit=no single scalar unit; every numeric leaf declares its unit and category coding; stage=hardened_v1; use=Hardened v1 calibration candidate bounds; distinct from physical limits, observations, scenario ranges and uncertainty.; role=control; Reserve calibration bounds for hardened-v1 and keep candidate bounds separate from physical limits, observed ranges, scenario ranges and uncertainty.",2026-09-30
ed.measurementmapping.observedelapsedinterval,measurement_mapping,observations.observedelapsedinterval,Proposed Kairos 04 Arrow trace mapping; Kairos 21 calibration,time,s canonical input; preserve original precision and source-unit provenance,hardened_v1,calibration/validation/experiment profiles; not required for functional MVP,identity_only_no_value_or_distribution_asserted,independent agent-panel reviewer,accept,"Keep as an observation mapping for hardened calibration, with original source unit/precision retained and explicit mapping to elapsed endpoints. Do not consume observed elapsed time as intrinsic service work by default.",agent:/root/p02_c0_c,revise,"This is an observed measurement, not a primitive generative work duration. Preserve the source event pair and raw timestamp values, source timezone/offset, precision and recording-time lineage; derive elapsed seconds only after event mapping. Do not equate elapsed interval with intrinsic service, queue, or transit without endpoint evidence.",coordinator/root,2026-09-30,/root/p02_e0_c_resume,16d79a5c0eff9fb60969b9e7829b5c67cdf63e46,model-inputs/ed/schema/p0.2-owner-review-response-template.csv#data-row=94; model-inputs/ed/schema/parameter-usage-matrix-proposal.json#/entries/93; conductor/tracks/ed_parameter_evidence_20260927/spec.md §Durations; §Evidence and distribution selection; §Measurement mapping,,/root/p02_c0_c,16d79a5c0eff9fb60969b9e7829b5c67cdf63e46,"model-inputs/ed/schema/p0.2-owner-review-response-template.csv:data row 94 (CSV line 95); model-inputs/ed/schema/parameter-ids.json#/entries/93; conductor/tracks/ed_parameter_evidence_20260927/spec.md#L28-L38; conductor/tracks/empirical_calibration_20260925/spec.md#L127-L133,#L203-L243,#L256-L273,#L370-L388; conductor/evidence/p0.2-e0-c0-owner-review-brief-20260930.md#L14-L17,#L31-L36; model-inputs/ed/schema/parameter-ids.json#/entries/93","Replace unit contract with: “Observed target/measurement only; retain raw source timestamps, event endpoints, source units, timezone/offset, precision and occurrence-versus-recording times. Derive canonical elapsed seconds with a versioned mapping; map to ticks only under frozen C0 conversion without fabricating precision. The interval is not a primitive service-time input.”","revise: key=observations.observedelapsedinterval; consumer=Hardened v1 Kairos 04 trace mapping and Kairos 21 calibration; unit=Observed target in source units; retain raw timestamps, endpoints, timezone/offset, precision, provenance and occurrence/recording lineage; derive seconds only through versioned mapping with explicit cohort/denominator.; stage=hardened_v1; use=Hardened v1 observed target only; separate from generated/simulated durations.; role=observed_target; Treat elapsed intervals as hardened-v1 observed targets; preserve source timestamps and derive elapsed seconds only through a versioned endpoint/cohort/denominator mapping.",2026-09-30
ed.measurementmapping.queuedelay,measurement_mapping,observations.queuedelay,Proposed Kairos 04 Arrow trace mapping; Kairos 21 calibration,time,s canonical input; convert from explicit source/config unit to ED clock ticks,hardened_v1,calibration/validation/experiment profiles; not required for functional MVP,identity_only_no_value_or_distribution_asserted,independent agent-panel reviewer,accept,"Queue delay is an observed target/mapping, not a generative service duration. Preserve queue-entry/exit event semantics and units so queue time is not double-counted in service work.",agent:/root/p02_c0_c,revise,"Registry semantics identify queue delay as an observed validation target; simulated queue delay is endogenous. The matrix time-unit wording alone does not prevent reusing the measured target as a generative input. Define queue entry and service-grant endpoints, eligible cohort/denominator, exclusions and censoring; retain the observed target separately from simulated outcome.",coordinator/root,2026-09-30,/root/p02_e0_c_resume,16d79a5c0eff9fb60969b9e7829b5c67cdf63e46,model-inputs/ed/schema/p0.2-owner-review-response-template.csv#data-row=95; model-inputs/ed/schema/parameter-usage-matrix-proposal.json#/entries/94; conductor/tracks/ed_parameter_evidence_20260927/spec.md §Durations; §Measurement mapping; conductor/delivery-contract.md §Functional MVP (reported waiting time),,/root/p02_c0_c,16d79a5c0eff9fb60969b9e7829b5c67cdf63e46,"model-inputs/ed/schema/p0.2-owner-review-response-template.csv:data row 95 (CSV line 96); model-inputs/ed/schema/parameter-ids.json#/entries/94; conductor/tracks/ed_parameter_evidence_20260927/spec.md#L28-L38; conductor/tracks/empirical_calibration_20260925/spec.md#L127-L133,#L203-L243,#L256-L273,#L370-L388; conductor/evidence/p0.2-e0-c0-owner-review-brief-20260930.md#L14-L17,#L31-L36; model-inputs/ed/schema/parameter-ids.json#/entries/94","Replace unit contract with: “Observed target only: specify queue-entry and grant/start events, clock/source provenance, cohort and denominator, missingness/censoring, and canonical duration unit. Keep observed and simulated queue-delay fields separate; never use this target as an input parameter. Tick normalization is conditional on frozen C0 conversion.”","revise: key=observations.queuedelay; consumer=Hardened v1 Kairos 04 trace mapping and Kairos 21 calibration; unit=Observed validation target in canonical seconds with explicit queue-entry and grant/start endpoints, clock, cohort, denominator, missingness and censoring.; stage=hardened_v1; use=Hardened v1 observed queue-delay target only; separate from generated/simulated work.; role=observed_target; Treat queue delay as a hardened-v1 observed target; define queue-entry and grant/start endpoints and keep observed and simulated delays separate.",2026-09-30
ed.measurementmapping.eventdefinitions,measurement_mapping,observations.eventdefinitions,Proposed Kairos 04 Arrow trace mapping; Kairos 21 calibration,categorical_or_structured,no single scalar unit; every numeric leaf declares its unit and category coding,hardened_v1,calibration/validation/experiment profiles; not required for functional MVP,identity_only_no_value_or_distribution_asserted,independent agent-panel reviewer,accept,A structured event dictionary is necessary to map traces to model observations. Version event names and endpoint semantics with the trace schema; no event definition should be inferred from a label alone.,agent:/root/p02_c0_c,accept,"Event definitions are measurement mappings, separate from pathway-generation rules. Version the source-to-canonical mapping; preserve event occurrence time separately from nullable source-recorded/message-created times, and retain distinct episode_end and physical_departure semantics.",coordinator/root,2026-09-30,/root/p02_e0_c_resume,16d79a5c0eff9fb60969b9e7829b5c67cdf63e46,model-inputs/ed/schema/p0.2-owner-review-response-template.csv#data-row=96; model-inputs/ed/schema/parameter-usage-matrix-proposal.json#/entries/95; conductor/tracks/ed_parameter_evidence_20260927/spec.md §Measurement mapping; §Acceptance P-R1,,/root/p02_c0_c,16d79a5c0eff9fb60969b9e7829b5c67cdf63e46,"model-inputs/ed/schema/p0.2-owner-review-response-template.csv:data row 96 (CSV line 97); model-inputs/ed/schema/parameter-ids.json#/entries/95; conductor/tracks/ed_parameter_evidence_20260927/spec.md#L28-L38; conductor/tracks/empirical_calibration_20260925/spec.md#L127-L133,#L203-L243,#L256-L273,#L370-L388; conductor/evidence/p0.2-e0-c0-owner-review-brief-20260930.md#L14-L17,#L31-L36; model-inputs/ed/schema/parameter-ids.json#/entries/95",,"accept: key=observations.eventdefinitions; consumer=Proposed Kairos 04 Arrow trace mapping; Kairos 21 calibration; unit=no single scalar unit; every numeric leaf declares its unit and category coding; stage=hardened_v1; use=Hardened v1 event mapping metadata, separate from pathway generation.; role=source_metadata; Reserve event definitions for hardened-v1 trace mapping; keep observation semantics separate from pathway-generation rules.",2026-09-30
ed.measurementmapping.inclusioncriteria,measurement_mapping,observations.inclusioncriteria,Proposed Kairos 04 Arrow trace mapping; Kairos 21 calibration,categorical_or_structured,no single scalar unit; every numeric leaf declares its unit and category coding,hardened_v1,calibration/validation/experiment profiles; not required for functional MVP,identity_only_no_value_or_distribution_asserted,independent agent-panel reviewer,accept,Keep explicit cohort/visit and exclusion rules at the observation boundary. Criteria must preserve denominator and missingness provenance and must not silently alter generative arrivals or pathways.,agent:/root/p02_c0_c,accept,"Inclusion criteria define the observed-data cohort, not a generative rule. Prespecify and version them before fitting/evaluation; retain exclusions and prevent future outcome or post-hoc selection from leaking into predictors or calibration targets.",coordinator/root,2026-09-30,/root/p02_e0_c_resume,16d79a5c0eff9fb60969b9e7829b5c67cdf63e46,model-inputs/ed/schema/p0.2-owner-review-response-template.csv#data-row=97; model-inputs/ed/schema/parameter-usage-matrix-proposal.json#/entries/96; conductor/tracks/ed_parameter_evidence_20260927/spec.md §Reports 9–12 integration; §Reports 26–30 integration; §Measurement mapping,,/root/p02_c0_c,16d79a5c0eff9fb60969b9e7829b5c67cdf63e46,"model-inputs/ed/schema/p0.2-owner-review-response-template.csv:data row 97 (CSV line 98); model-inputs/ed/schema/parameter-ids.json#/entries/96; conductor/tracks/ed_parameter_evidence_20260927/spec.md#L28-L38; conductor/tracks/empirical_calibration_20260925/spec.md#L127-L133,#L203-L243,#L256-L273,#L370-L388; conductor/evidence/p0.2-e0-c0-owner-review-brief-20260930.md#L14-L17,#L31-L36; model-inputs/ed/schema/parameter-ids.json#/entries/96",,accept: key=observations.inclusioncriteria; consumer=Proposed Kairos 04 Arrow trace mapping; Kairos 21 calibration; unit=no single scalar unit; every numeric leaf declares its unit and category coding; stage=hardened_v1; use=Hardened v1 observed cohort inclusion/exclusion metadata.; role=source_metadata; Reserve inclusion criteria for hardened-v1 observed cohort definition; they do not define generative rules.,2026-09-30
ed.measurementmapping.metricdenominators,measurement_mapping,observations.metricdenominators,Proposed Kairos 21 calibration; Kairos 22 CLI reporting,categorical_or_structured,no single scalar unit; every numeric leaf declares its unit and category coding,hardened_v1,calibration/validation/experiment profiles; not required for functional MVP,identity_only_no_value_or_distribution_asserted,independent agent-panel reviewer,accept,Explicit denominators are required for interpretable reported metrics and calibration targets. Store them with metric definitions and cohort rules; do not infer them from aggregate totals.,agent:/root/p02_c0_c,accept,"Metric denominators are measurement semantics. Define eligible cases/events and conditioning variables explicitly, report reference/simulation counts plus excluded, unmatched and censored counts, and keep denominators distinct from generated demand or pathway probabilities.",coordinator/root,2026-09-30,/root/p02_e0_c_resume,16d79a5c0eff9fb60969b9e7829b5c67cdf63e46,model-inputs/ed/schema/p0.2-owner-review-response-template.csv#data-row=98; model-inputs/ed/schema/parameter-usage-matrix-proposal.json#/entries/97; conductor/delivery-contract.md §Functional MVP (metrics with units and denominators); conductor/tracks/ed_parameter_evidence_20260927/spec.md §Measurement mapping,,/root/p02_c0_c,16d79a5c0eff9fb60969b9e7829b5c67cdf63e46,"model-inputs/ed/schema/p0.2-owner-review-response-template.csv:data row 98 (CSV line 99); model-inputs/ed/schema/parameter-ids.json#/entries/97; conductor/tracks/ed_parameter_evidence_20260927/spec.md#L28-L38; conductor/tracks/empirical_calibration_20260925/spec.md#L127-L133,#L203-L243,#L256-L273,#L370-L388; conductor/evidence/p0.2-e0-c0-owner-review-brief-20260930.md#L14-L17,#L31-L36; model-inputs/ed/schema/parameter-ids.json#/entries/97",,accept: key=observations.metricdenominators; consumer=Proposed Kairos 21 calibration; Kairos 22 CLI reporting; unit=no single scalar unit; every numeric leaf declares its unit and category coding; stage=hardened_v1; use=Hardened v1 metric denominator semantics.; role=source_metadata; Reserve metric denominator semantics for hardened-v1 measurement mapping.,2026-09-30
ed.measurementmapping.timestampprecisiondelay,measurement_mapping,observations.timestampprecisiondelay,Proposed Kairos 04 Arrow trace mapping; Kairos 21 calibration,time,s canonical input; convert from explicit source/config unit to ED clock ticks,hardened_v1,calibration/validation/experiment profiles; not required for functional MVP,identity_only_no_value_or_distribution_asserted,independent agent-panel reviewer,accept,"Retain this as observation metadata for timestamp resolution/recording delay, not as a process duration to add to simulated work. Unit conversion alone does not settle source timezone, origin, DST, precision, or rounding; C0 must close those semantics.",agent:/root/p02_c0_c,revise,"Timestamp precision and recording delay are different concepts. Source precision cannot be upgraded by normalization, and a recording delay cannot be inferred from timestamp granularity alone. Preserve absolute-time timezone/offset and occurrence versus recording times independently.",coordinator/root,2026-09-30,/root/p02_e0_c_resume,16d79a5c0eff9fb60969b9e7829b5c67cdf63e46,model-inputs/ed/schema/p0.2-owner-review-response-template.csv#data-row=99; model-inputs/ed/schema/parameter-usage-matrix-proposal.json#/entries/98; conductor/evidence/p0.2-e0-c0-owner-review-brief-20260930.md §Timestamped schedules; conductor/tracks/ed_parameter_evidence_20260927/spec.md §Measurement mapping,,/root/p02_c0_c,16d79a5c0eff9fb60969b9e7829b5c67cdf63e46,"model-inputs/ed/schema/p0.2-owner-review-response-template.csv:data row 99 (CSV line 100); model-inputs/ed/schema/parameter-ids.json#/entries/98; conductor/tracks/ed_parameter_evidence_20260927/spec.md#L28-L38; conductor/tracks/empirical_calibration_20260925/spec.md#L127-L133,#L203-L243,#L256-L273,#L370-L388; conductor/evidence/p0.2-e0-c0-owner-review-brief-20260930.md#L14-L17,#L31-L36; model-inputs/ed/schema/parameter-ids.json#/entries/98","Replace unit contract with: “Measurement metadata: preserve raw occurrence and source-recorded/message-created timestamps separately, each with source precision, timezone/offset where absolute, and provenance. Represent recording delay separately with an evidence-backed or unknown status; never infer it from timestamp resolution. Normalize without fabricating precision and convert only under frozen C0 rules.”","revise: key=observations.timestampprecisiondelay; consumer=Hardened v1 Kairos 04 trace mapping and Kairos 21 calibration; unit=Observation metadata: preserve occurrence and source-recorded/message-created timestamps separately with source precision, offset/timezone where absolute, provenance, and recording delay in declared source units as evidence-backed or unknown.; stage=hardened_v1; use=Hardened v1 timestamp and recording metadata; never process duration.; role=source_metadata; Reserve timestamp precision and recording delay as hardened-v1 metadata; keep occurrence and recorded timestamps distinct and never infer delay from resolution.",2026-09-30
ed.measurementmapping.missingness,measurement_mapping,observations.missingness,Proposed Kairos 04 Arrow trace mapping; Kairos 21 calibration,categorical_or_structured,explicit observed-data missingness metadata and mapping policy; numeric leaves declare units if present,hardened_v1,calibration/validation/experiment profiles; not required for functional MVP,identity_only_no_value_or_distribution_asserted,independent agent-panel reviewer,accept,An explicit missingness mapping is appropriate for empirical inputs and targets. Preserve observed-data missingness and handling policy; never coerce missing values to zero or fabricate a generative value.,agent:/root/p02_c0_c,accept,"Missingness belongs to observed-data metadata and cohort/metric accounting, not an implicit generated default. Preserve field-level missingness reason where available; report missing/outcome rates and exclusions separately, and do not claim first-release survival or missing-data correction.",coordinator/root,2026-09-30,/root/p02_e0_c_resume,16d79a5c0eff9fb60969b9e7829b5c67cdf63e46,model-inputs/ed/schema/p0.2-owner-review-response-template.csv#data-row=100; model-inputs/ed/schema/parameter-usage-matrix-proposal.json#/entries/99; conductor/tracks/ed_parameter_evidence_20260927/spec.md §Catalogue record contract (unknown is never zero); §Measurement mapping; §Acceptance P-R2,,/root/p02_c0_c,16d79a5c0eff9fb60969b9e7829b5c67cdf63e46,"model-inputs/ed/schema/p0.2-owner-review-response-template.csv:data row 100 (CSV line 101); model-inputs/ed/schema/parameter-ids.json#/entries/99; conductor/tracks/ed_parameter_evidence_20260927/spec.md#L28-L38; conductor/tracks/empirical_calibration_20260925/spec.md#L127-L133,#L203-L243,#L256-L273,#L370-L388; conductor/evidence/p0.2-e0-c0-owner-review-brief-20260930.md#L14-L17,#L31-L36; model-inputs/ed/schema/parameter-ids.json#/entries/99",,"accept: key=observations.missingness; consumer=Proposed Kairos 04 Arrow trace mapping; Kairos 21 calibration; unit=explicit observed-data missingness metadata and mapping policy; numeric leaves declare units if present; stage=hardened_v1; use=Hardened v1 observed-data missingness metadata.; role=source_metadata; Reserve missingness policy as hardened-v1 observed-data metadata, explicit in cohort and metric accounting.",2026-09-30
ed.measurementmapping.censoring,measurement_mapping,observations.censoring,Proposed Kairos 04 Arrow trace mapping; Kairos 21 calibration,categorical_or_structured,explicit observed-trace censoring semantics and mapping; numeric leaves declare units if present,hardened_v1,calibration/validation/experiment profiles; not required for functional MVP,identity_only_no_value_or_distribution_asserted,independent agent-panel reviewer,accept,Keep censoring metadata distinct from terminal simulated outcomes and from ordinary missingness. It is needed for observation/calibration interpretation but is not an MVP generative input.,agent:/root/p02_c0_c,accept,"Censoring belongs to observed traces/targets. Preserve risk start, last observed time, event/cause, censor reason and observation window; do not encode censor time as an exact completion or silently drop censored cases. Report censoring separately; no survival correction is implied.",coordinator/root,2026-09-30,/root/p02_e0_c_resume,16d79a5c0eff9fb60969b9e7829b5c67cdf63e46,model-inputs/ed/schema/p0.2-owner-review-response-template.csv#data-row=101; model-inputs/ed/schema/parameter-usage-matrix-proposal.json#/entries/100; conductor/tracks/ed_parameter_evidence_20260927/spec.md §Measurement mapping; §Acceptance P-R4; conductor/tracks/generic_ed_delivery_20260925/plan.md §E1.3,,/root/p02_c0_c,16d79a5c0eff9fb60969b9e7829b5c67cdf63e46,"model-inputs/ed/schema/p0.2-owner-review-response-template.csv:data row 101 (CSV line 102); model-inputs/ed/schema/parameter-ids.json#/entries/100; conductor/tracks/ed_parameter_evidence_20260927/spec.md#L28-L38; conductor/tracks/empirical_calibration_20260925/spec.md#L127-L133,#L203-L243,#L256-L273,#L370-L388; conductor/evidence/p0.2-e0-c0-owner-review-brief-20260930.md#L14-L17,#L31-L36; model-inputs/ed/schema/parameter-ids.json#/entries/100",,"accept: key=observations.censoring; consumer=Proposed Kairos 04 Arrow trace mapping; Kairos 21 calibration; unit=explicit observed-trace censoring semantics and mapping; numeric leaves declare units if present; stage=hardened_v1; use=Hardened v1 observed-trace censoring semantics, distinct from terminal simulated outcomes.; role=source_metadata; Reserve censoring semantics for hardened-v1 observed traces; keep them distinct from missingness and terminal simulated outcomes.",2026-09-30
