Arrow IO Rust 1.88 (ubuntu-24.04, both)	Set up job	﻿2026-10-05T02:03:06.5033474Z Current runner version: '2.337.0'
Arrow IO Rust 1.88 (ubuntu-24.04, both)	Set up job	2026-10-05T02:03:06.5066719Z ##[group]Runner Image Provisioner
Arrow IO Rust 1.88 (ubuntu-24.04, both)	Set up job	2026-10-05T02:03:06.5067696Z Hosted Compute Agent
Arrow IO Rust 1.88 (ubuntu-24.04, both)	Set up job	2026-10-05T02:03:06.5068454Z Version: 20260901.588
Arrow IO Rust 1.88 (ubuntu-24.04, both)	Set up job	2026-10-05T02:03:06.5069177Z Commit: f88ec8081b781fac6c440065ac7ff9e710ce3d0b
Arrow IO Rust 1.88 (ubuntu-24.04, both)	Set up job	2026-10-05T02:03:06.5070314Z Build Date: 2026-09-01T19:56:44Z
Arrow IO Rust 1.88 (ubuntu-24.04, both)	Set up job	2026-10-05T02:03:06.5071251Z Worker ID: {b5cc16a7-0646-48ea-8aa1-4f1107c003ea}
Arrow IO Rust 1.88 (ubuntu-24.04, both)	Set up job	2026-10-05T02:03:06.5072125Z Azure Region: eastus
Arrow IO Rust 1.88 (ubuntu-24.04, both)	Set up job	2026-10-05T02:03:06.5072872Z ##[endgroup]
Arrow IO Rust 1.88 (ubuntu-24.04, both)	Set up job	2026-10-05T02:03:06.5074883Z ##[group]Operating System
Arrow IO Rust 1.88 (ubuntu-24.04, both)	Set up job	2026-10-05T02:03:06.5075704Z Ubuntu
Arrow IO Rust 1.88 (ubuntu-24.04, both)	Set up job	2026-10-05T02:03:06.5076339Z 24.04.5
Arrow IO Rust 1.88 (ubuntu-24.04, both)	Set up job	2026-10-05T02:03:06.5076975Z LTS
Arrow IO Rust 1.88 (ubuntu-24.04, both)	Set up job	2026-10-05T02:03:06.5077672Z ##[endgroup]
Arrow IO Rust 1.88 (ubuntu-24.04, both)	Set up job	2026-10-05T02:03:06.5078334Z ##[group]Runner Image
Arrow IO Rust 1.88 (ubuntu-24.04, both)	Set up job	2026-10-05T02:03:06.5079178Z Image: ubuntu-24.04
Arrow IO Rust 1.88 (ubuntu-24.04, both)	Set up job	2026-10-05T02:03:06.5080038Z Version: 20260927.320.1
Arrow IO Rust 1.88 (ubuntu-24.04, both)	Set up job	2026-10-05T02:03:06.5081378Z Included Software: https://github.com/actions/runner-images/blob/ubuntu24/20260927.320/images/ubuntu/Ubuntu2404-Readme.md
Arrow IO Rust 1.88 (ubuntu-24.04, both)	Set up job	2026-10-05T02:03:06.5083680Z Image Release: https://github.com/actions/runner-images/releases/tag/ubuntu24%2F20260927.320
Arrow IO Rust 1.88 (ubuntu-24.04, both)	Set up job	2026-10-05T02:03:06.5084973Z ##[endgroup]
Arrow IO Rust 1.88 (ubuntu-24.04, both)	Set up job	2026-10-05T02:03:06.5086391Z ##[group]GITHUB_TOKEN Permissions
Arrow IO Rust 1.88 (ubuntu-24.04, both)	Set up job	2026-10-05T02:03:06.5089011Z Contents: read
Arrow IO Rust 1.88 (ubuntu-24.04, both)	Set up job	2026-10-05T02:03:06.5089929Z Metadata: read
Arrow IO Rust 1.88 (ubuntu-24.04, both)	Set up job	2026-10-05T02:03:06.5090689Z ##[endgroup]
Arrow IO Rust 1.88 (ubuntu-24.04, both)	Set up job	2026-10-05T02:03:06.5093296Z Secret source: Actions
Arrow IO Rust 1.88 (ubuntu-24.04, both)	Set up job	2026-10-05T02:03:06.5094577Z Cache mode: write
Arrow IO Rust 1.88 (ubuntu-24.04, both)	Set up job	2026-10-05T02:03:06.5095834Z Prepare workflow directory
Arrow IO Rust 1.88 (ubuntu-24.04, both)	Set up job	2026-10-05T02:03:06.5562830Z Prepare all required actions
Arrow IO Rust 1.88 (ubuntu-24.04, both)	Set up job	2026-10-05T02:03:06.5617568Z Getting action download info
Arrow IO Rust 1.88 (ubuntu-24.04, both)	Set up job	2026-10-05T02:03:06.7655278Z Download action repository 'actions/checkout@de0fac2e4500dabe0009e67214ff5f5447ce83dd' (SHA:de0fac2e4500dabe0009e67214ff5f5447ce83dd)
Arrow IO Rust 1.88 (ubuntu-24.04, both)	Set up job	2026-10-05T02:03:07.1419975Z Download action repository 'actions/setup-python@a309ff8b426b58ec0e2a45f0f869d46889d02405' (SHA:a309ff8b426b58ec0e2a45f0f869d46889d02405)
Arrow IO Rust 1.88 (ubuntu-24.04, both)	Set up job	2026-10-05T02:03:07.7243852Z Download action repository 'actions/upload-artifact@ea165f8d65b6e75b540449e92b4886f43607fa02' (SHA:ea165f8d65b6e75b540449e92b4886f43607fa02)
Arrow IO Rust 1.88 (ubuntu-24.04, both)	Set up job	2026-10-05T02:03:08.6991335Z Complete job name: Arrow IO Rust 1.88 (ubuntu-24.04, both)
Arrow IO Rust 1.88 (ubuntu-24.04, both)	Run actions/checkout@de0fac2e4500dabe0009e67214ff5f5447ce83dd	﻿2026-10-05T02:03:08.7655557Z ##[group]Run actions/checkout@de0fac2e4500dabe0009e67214ff5f5447ce83dd
Arrow IO Rust 1.88 (ubuntu-24.04, both)	Run actions/checkout@de0fac2e4500dabe0009e67214ff5f5447ce83dd	2026-10-05T02:03:08.7656302Z with:
Arrow IO Rust 1.88 (ubuntu-24.04, both)	Run actions/checkout@de0fac2e4500dabe0009e67214ff5f5447ce83dd	2026-10-05T02:03:08.7656598Z   persist-credentials: false
Arrow IO Rust 1.88 (ubuntu-24.04, both)	Run actions/checkout@de0fac2e4500dabe0009e67214ff5f5447ce83dd	2026-10-05T02:03:08.7656933Z   repository: edithatogo/kairos
Arrow IO Rust 1.88 (ubuntu-24.04, both)	Run actions/checkout@de0fac2e4500dabe0009e67214ff5f5447ce83dd	2026-10-05T02:03:08.7659826Z   token: ***
Arrow IO Rust 1.88 (ubuntu-24.04, both)	Run actions/checkout@de0fac2e4500dabe0009e67214ff5f5447ce83dd	2026-10-05T02:03:08.7660118Z   ssh-strict: true
Arrow IO Rust 1.88 (ubuntu-24.04, both)	Run actions/checkout@de0fac2e4500dabe0009e67214ff5f5447ce83dd	2026-10-05T02:03:08.7660396Z   ssh-user: git
Arrow IO Rust 1.88 (ubuntu-24.04, both)	Run actions/checkout@de0fac2e4500dabe0009e67214ff5f5447ce83dd	2026-10-05T02:03:08.7660668Z   clean: true
Arrow IO Rust 1.88 (ubuntu-24.04, both)	Run actions/checkout@de0fac2e4500dabe0009e67214ff5f5447ce83dd	2026-10-05T02:03:08.7660959Z   sparse-checkout-cone-mode: true
Arrow IO Rust 1.88 (ubuntu-24.04, both)	Run actions/checkout@de0fac2e4500dabe0009e67214ff5f5447ce83dd	2026-10-05T02:03:08.7661286Z   fetch-depth: 1
Arrow IO Rust 1.88 (ubuntu-24.04, both)	Run actions/checkout@de0fac2e4500dabe0009e67214ff5f5447ce83dd	2026-10-05T02:03:08.7661559Z   fetch-tags: false
Arrow IO Rust 1.88 (ubuntu-24.04, both)	Run actions/checkout@de0fac2e4500dabe0009e67214ff5f5447ce83dd	2026-10-05T02:03:08.7661854Z   show-progress: true
Arrow IO Rust 1.88 (ubuntu-24.04, both)	Run actions/checkout@de0fac2e4500dabe0009e67214ff5f5447ce83dd	2026-10-05T02:03:08.7662140Z   lfs: false
Arrow IO Rust 1.88 (ubuntu-24.04, both)	Run actions/checkout@de0fac2e4500dabe0009e67214ff5f5447ce83dd	2026-10-05T02:03:08.7662433Z   submodules: false
Arrow IO Rust 1.88 (ubuntu-24.04, both)	Run actions/checkout@de0fac2e4500dabe0009e67214ff5f5447ce83dd	2026-10-05T02:03:08.7662718Z   set-safe-directory: true
Arrow IO Rust 1.88 (ubuntu-24.04, both)	Run actions/checkout@de0fac2e4500dabe0009e67214ff5f5447ce83dd	2026-10-05T02:03:08.7663204Z ##[endgroup]
Arrow IO Rust 1.88 (ubuntu-24.04, both)	Run actions/checkout@de0fac2e4500dabe0009e67214ff5f5447ce83dd	2026-10-05T02:03:08.8592581Z Syncing repository: edithatogo/kairos
Arrow IO Rust 1.88 (ubuntu-24.04, both)	Run actions/checkout@de0fac2e4500dabe0009e67214ff5f5447ce83dd	2026-10-05T02:03:08.8594610Z ##[group]Getting Git version info
Arrow IO Rust 1.88 (ubuntu-24.04, both)	Run actions/checkout@de0fac2e4500dabe0009e67214ff5f5447ce83dd	2026-10-05T02:03:08.8595242Z Working directory is '/home/runner/work/kairos/kairos'
Arrow IO Rust 1.88 (ubuntu-24.04, both)	Run actions/checkout@de0fac2e4500dabe0009e67214ff5f5447ce83dd	2026-10-05T02:03:08.8596426Z [command]/usr/bin/git version
Arrow IO Rust 1.88 (ubuntu-24.04, both)	Run actions/checkout@de0fac2e4500dabe0009e67214ff5f5447ce83dd	2026-10-05T02:03:09.3924725Z git version 2.55.0
Arrow IO Rust 1.88 (ubuntu-24.04, both)	Run actions/checkout@de0fac2e4500dabe0009e67214ff5f5447ce83dd	2026-10-05T02:03:09.3943409Z ##[endgroup]
Arrow IO Rust 1.88 (ubuntu-24.04, both)	Run actions/checkout@de0fac2e4500dabe0009e67214ff5f5447ce83dd	2026-10-05T02:03:09.3957589Z Temporarily overriding HOME='/home/runner/work/_temp/546a52f5-c08c-4f35-91e5-745527ffab9c' before making global git config changes
Arrow IO Rust 1.88 (ubuntu-24.04, both)	Run actions/checkout@de0fac2e4500dabe0009e67214ff5f5447ce83dd	2026-10-05T02:03:09.3958852Z Adding repository directory to the temporary git global config as a safe directory
Arrow IO Rust 1.88 (ubuntu-24.04, both)	Run actions/checkout@de0fac2e4500dabe0009e67214ff5f5447ce83dd	2026-10-05T02:03:09.3963438Z [command]/usr/bin/git config --global --add safe.directory /home/runner/work/kairos/kairos
Arrow IO Rust 1.88 (ubuntu-24.04, both)	Run actions/checkout@de0fac2e4500dabe0009e67214ff5f5447ce83dd	2026-10-05T02:03:09.4068635Z Deleting the contents of '/home/runner/work/kairos/kairos'
Arrow IO Rust 1.88 (ubuntu-24.04, both)	Run actions/checkout@de0fac2e4500dabe0009e67214ff5f5447ce83dd	2026-10-05T02:03:09.4073856Z ##[group]Initializing the repository
Arrow IO Rust 1.88 (ubuntu-24.04, both)	Run actions/checkout@de0fac2e4500dabe0009e67214ff5f5447ce83dd	2026-10-05T02:03:09.4078926Z [command]/usr/bin/git init /home/runner/work/kairos/kairos
Arrow IO Rust 1.88 (ubuntu-24.04, both)	Run actions/checkout@de0fac2e4500dabe0009e67214ff5f5447ce83dd	2026-10-05T02:03:09.4282750Z hint: Using 'master' as the name for the initial branch. This default branch name
Arrow IO Rust 1.88 (ubuntu-24.04, both)	Run actions/checkout@de0fac2e4500dabe0009e67214ff5f5447ce83dd	2026-10-05T02:03:09.4285314Z hint: will change to "main" in Git 3.0. To configure the initial branch name
Arrow IO Rust 1.88 (ubuntu-24.04, both)	Run actions/checkout@de0fac2e4500dabe0009e67214ff5f5447ce83dd	2026-10-05T02:03:09.4286005Z hint: to use in all of your new repositories, which will suppress this warning,
Arrow IO Rust 1.88 (ubuntu-24.04, both)	Run actions/checkout@de0fac2e4500dabe0009e67214ff5f5447ce83dd	2026-10-05T02:03:09.4286560Z hint: call:
Arrow IO Rust 1.88 (ubuntu-24.04, both)	Run actions/checkout@de0fac2e4500dabe0009e67214ff5f5447ce83dd	2026-10-05T02:03:09.4286837Z hint:
Arrow IO Rust 1.88 (ubuntu-24.04, both)	Run actions/checkout@de0fac2e4500dabe0009e67214ff5f5447ce83dd	2026-10-05T02:03:09.4287196Z hint: 	git config --global init.defaultBranch <name>
Arrow IO Rust 1.88 (ubuntu-24.04, both)	Run actions/checkout@de0fac2e4500dabe0009e67214ff5f5447ce83dd	2026-10-05T02:03:09.4287598Z hint:
Arrow IO Rust 1.88 (ubuntu-24.04, both)	Run actions/checkout@de0fac2e4500dabe0009e67214ff5f5447ce83dd	2026-10-05T02:03:09.4287933Z hint: Names commonly chosen instead of 'master' are 'main', 'trunk' and
Arrow IO Rust 1.88 (ubuntu-24.04, both)	Run actions/checkout@de0fac2e4500dabe0009e67214ff5f5447ce83dd	2026-10-05T02:03:09.4288531Z hint: 'development'. The just-created branch can be renamed via this command:
Arrow IO Rust 1.88 (ubuntu-24.04, both)	Run actions/checkout@de0fac2e4500dabe0009e67214ff5f5447ce83dd	2026-10-05T02:03:09.4288987Z hint:
Arrow IO Rust 1.88 (ubuntu-24.04, both)	Run actions/checkout@de0fac2e4500dabe0009e67214ff5f5447ce83dd	2026-10-05T02:03:09.4289218Z hint: 	git branch -m <name>
Arrow IO Rust 1.88 (ubuntu-24.04, both)	Run actions/checkout@de0fac2e4500dabe0009e67214ff5f5447ce83dd	2026-10-05T02:03:09.4289667Z hint:
Arrow IO Rust 1.88 (ubuntu-24.04, both)	Run actions/checkout@de0fac2e4500dabe0009e67214ff5f5447ce83dd	2026-10-05T02:03:09.4290077Z hint: Disable this message with "git config set advice.defaultBranchName false"
Arrow IO Rust 1.88 (ubuntu-24.04, both)	Run actions/checkout@de0fac2e4500dabe0009e67214ff5f5447ce83dd	2026-10-05T02:03:09.4290741Z Initialized empty Git repository in /home/runner/work/kairos/kairos/.git/
Arrow IO Rust 1.88 (ubuntu-24.04, both)	Run actions/checkout@de0fac2e4500dabe0009e67214ff5f5447ce83dd	2026-10-05T02:03:09.4295807Z [command]/usr/bin/git remote add origin https://github.com/edithatogo/kairos
Arrow IO Rust 1.88 (ubuntu-24.04, both)	Run actions/checkout@de0fac2e4500dabe0009e67214ff5f5447ce83dd	2026-10-05T02:03:09.4369641Z ##[endgroup]
Arrow IO Rust 1.88 (ubuntu-24.04, both)	Run actions/checkout@de0fac2e4500dabe0009e67214ff5f5447ce83dd	2026-10-05T02:03:09.4370278Z ##[group]Disabling automatic garbage collection
Arrow IO Rust 1.88 (ubuntu-24.04, both)	Run actions/checkout@de0fac2e4500dabe0009e67214ff5f5447ce83dd	2026-10-05T02:03:09.4374282Z [command]/usr/bin/git config --local gc.auto 0
Arrow IO Rust 1.88 (ubuntu-24.04, both)	Run actions/checkout@de0fac2e4500dabe0009e67214ff5f5447ce83dd	2026-10-05T02:03:09.4465590Z ##[endgroup]
Arrow IO Rust 1.88 (ubuntu-24.04, both)	Run actions/checkout@de0fac2e4500dabe0009e67214ff5f5447ce83dd	2026-10-05T02:03:09.4466336Z ##[group]Setting up auth
Arrow IO Rust 1.88 (ubuntu-24.04, both)	Run actions/checkout@de0fac2e4500dabe0009e67214ff5f5447ce83dd	2026-10-05T02:03:09.4466830Z Removing SSH command configuration
Arrow IO Rust 1.88 (ubuntu-24.04, both)	Run actions/checkout@de0fac2e4500dabe0009e67214ff5f5447ce83dd	2026-10-05T02:03:09.4475707Z [command]/usr/bin/git config --local --name-only --get-regexp core\.sshCommand
Arrow IO Rust 1.88 (ubuntu-24.04, both)	Run actions/checkout@de0fac2e4500dabe0009e67214ff5f5447ce83dd	2026-10-05T02:03:09.4525025Z [command]/usr/bin/git submodule foreach --recursive sh -c "git config --local --name-only --get-regexp 'core\.sshCommand' && git config --local --unset-all 'core.sshCommand' || :"
Arrow IO Rust 1.88 (ubuntu-24.04, both)	Run actions/checkout@de0fac2e4500dabe0009e67214ff5f5447ce83dd	2026-10-05T02:03:09.4895411Z Removing HTTP extra header
Arrow IO Rust 1.88 (ubuntu-24.04, both)	Run actions/checkout@de0fac2e4500dabe0009e67214ff5f5447ce83dd	2026-10-05T02:03:09.4901070Z [command]/usr/bin/git config --local --name-only --get-regexp http\.https\:\/\/github\.com\/\.extraheader
Arrow IO Rust 1.88 (ubuntu-24.04, both)	Run actions/checkout@de0fac2e4500dabe0009e67214ff5f5447ce83dd	2026-10-05T02:03:09.4936752Z [command]/usr/bin/git submodule foreach --recursive sh -c "git config --local --name-only --get-regexp 'http\.https\:\/\/github\.com\/\.extraheader' && git config --local --unset-all 'http.https://github.com/.extraheader' || :"
Arrow IO Rust 1.88 (ubuntu-24.04, both)	Run actions/checkout@de0fac2e4500dabe0009e67214ff5f5447ce83dd	2026-10-05T02:03:09.5155727Z Removing includeIf entries pointing to credentials config files
Arrow IO Rust 1.88 (ubuntu-24.04, both)	Run actions/checkout@de0fac2e4500dabe0009e67214ff5f5447ce83dd	2026-10-05T02:03:09.5164532Z [command]/usr/bin/git config --local --name-only --get-regexp ^includeIf\.gitdir:
Arrow IO Rust 1.88 (ubuntu-24.04, both)	Run actions/checkout@de0fac2e4500dabe0009e67214ff5f5447ce83dd	2026-10-05T02:03:09.5205039Z [command]/usr/bin/git submodule foreach --recursive git config --local --show-origin --name-only --get-regexp remote.origin.url
Arrow IO Rust 1.88 (ubuntu-24.04, both)	Run actions/checkout@de0fac2e4500dabe0009e67214ff5f5447ce83dd	2026-10-05T02:03:09.5441294Z [command]/usr/bin/git config --file /home/runner/work/_temp/git-credentials-49a259eb-7ae0-463d-bf8c-b0cbd00d44a1.config http.https://github.com/.extraheader AUTHORIZATION: basic ***
Arrow IO Rust 1.88 (ubuntu-24.04, both)	Run actions/checkout@de0fac2e4500dabe0009e67214ff5f5447ce83dd	2026-10-05T02:03:09.5536952Z [command]/usr/bin/git config --local includeIf.gitdir:/home/runner/work/kairos/kairos/.git.path /home/runner/work/_temp/git-credentials-49a259eb-7ae0-463d-bf8c-b0cbd00d44a1.config
Arrow IO Rust 1.88 (ubuntu-24.04, both)	Run actions/checkout@de0fac2e4500dabe0009e67214ff5f5447ce83dd	2026-10-05T02:03:09.5644231Z [command]/usr/bin/git config --local includeIf.gitdir:/home/runner/work/kairos/kairos/.git/worktrees/*.path /home/runner/work/_temp/git-credentials-49a259eb-7ae0-463d-bf8c-b0cbd00d44a1.config
Arrow IO Rust 1.88 (ubuntu-24.04, both)	Run actions/checkout@de0fac2e4500dabe0009e67214ff5f5447ce83dd	2026-10-05T02:03:09.5756543Z [command]/usr/bin/git config --local includeIf.gitdir:/github/workspace/.git.path /github/runner_temp/git-credentials-49a259eb-7ae0-463d-bf8c-b0cbd00d44a1.config
Arrow IO Rust 1.88 (ubuntu-24.04, both)	Run actions/checkout@de0fac2e4500dabe0009e67214ff5f5447ce83dd	2026-10-05T02:03:09.5843836Z [command]/usr/bin/git config --local includeIf.gitdir:/github/workspace/.git/worktrees/*.path /github/runner_temp/git-credentials-49a259eb-7ae0-463d-bf8c-b0cbd00d44a1.config
Arrow IO Rust 1.88 (ubuntu-24.04, both)	Run actions/checkout@de0fac2e4500dabe0009e67214ff5f5447ce83dd	2026-10-05T02:03:09.5950956Z ##[endgroup]
Arrow IO Rust 1.88 (ubuntu-24.04, both)	Run actions/checkout@de0fac2e4500dabe0009e67214ff5f5447ce83dd	2026-10-05T02:03:09.5951392Z ##[group]Fetching the repository
Arrow IO Rust 1.88 (ubuntu-24.04, both)	Run actions/checkout@de0fac2e4500dabe0009e67214ff5f5447ce83dd	2026-10-05T02:03:09.5958806Z [command]/usr/bin/git -c protocol.version=2 fetch --no-tags --prune --no-recurse-submodules --depth=1 origin +6f9560c3092325e26d6bb8c156c842577caabd9c:refs/remotes/pull/223/merge
Arrow IO Rust 1.88 (ubuntu-24.04, both)	Run actions/checkout@de0fac2e4500dabe0009e67214ff5f5447ce83dd	2026-10-05T02:03:11.0979625Z From https://github.com/edithatogo/kairos
Arrow IO Rust 1.88 (ubuntu-24.04, both)	Run actions/checkout@de0fac2e4500dabe0009e67214ff5f5447ce83dd	2026-10-05T02:03:11.0980338Z  * [new ref]         6f9560c3092325e26d6bb8c156c842577caabd9c -> pull/223/merge
Arrow IO Rust 1.88 (ubuntu-24.04, both)	Run actions/checkout@de0fac2e4500dabe0009e67214ff5f5447ce83dd	2026-10-05T02:03:11.0984640Z ##[endgroup]
Arrow IO Rust 1.88 (ubuntu-24.04, both)	Run actions/checkout@de0fac2e4500dabe0009e67214ff5f5447ce83dd	2026-10-05T02:03:11.0985015Z ##[group]Determining the checkout info
Arrow IO Rust 1.88 (ubuntu-24.04, both)	Run actions/checkout@de0fac2e4500dabe0009e67214ff5f5447ce83dd	2026-10-05T02:03:11.0985660Z ##[endgroup]
Arrow IO Rust 1.88 (ubuntu-24.04, both)	Run actions/checkout@de0fac2e4500dabe0009e67214ff5f5447ce83dd	2026-10-05T02:03:11.0990609Z [command]/usr/bin/git sparse-checkout disable
Arrow IO Rust 1.88 (ubuntu-24.04, both)	Run actions/checkout@de0fac2e4500dabe0009e67214ff5f5447ce83dd	2026-10-05T02:03:11.1227451Z [command]/usr/bin/git config --local --unset-all extensions.worktreeConfig
Arrow IO Rust 1.88 (ubuntu-24.04, both)	Run actions/checkout@de0fac2e4500dabe0009e67214ff5f5447ce83dd	2026-10-05T02:03:11.1398172Z ##[group]Checking out the ref
Arrow IO Rust 1.88 (ubuntu-24.04, both)	Run actions/checkout@de0fac2e4500dabe0009e67214ff5f5447ce83dd	2026-10-05T02:03:11.1402137Z [command]/usr/bin/git checkout --progress --force refs/remotes/pull/223/merge
Arrow IO Rust 1.88 (ubuntu-24.04, both)	Run actions/checkout@de0fac2e4500dabe0009e67214ff5f5447ce83dd	2026-10-05T02:03:11.2890833Z Note: switching to 'refs/remotes/pull/223/merge'.
Arrow IO Rust 1.88 (ubuntu-24.04, both)	Run actions/checkout@de0fac2e4500dabe0009e67214ff5f5447ce83dd	2026-10-05T02:03:11.2897456Z 
Arrow IO Rust 1.88 (ubuntu-24.04, both)	Run actions/checkout@de0fac2e4500dabe0009e67214ff5f5447ce83dd	2026-10-05T02:03:11.2897862Z You are in 'detached HEAD' state. You can look around, make experimental
Arrow IO Rust 1.88 (ubuntu-24.04, both)	Run actions/checkout@de0fac2e4500dabe0009e67214ff5f5447ce83dd	2026-10-05T02:03:11.2898353Z changes and commit them, and you can discard any commits you make in this
Arrow IO Rust 1.88 (ubuntu-24.04, both)	Run actions/checkout@de0fac2e4500dabe0009e67214ff5f5447ce83dd	2026-10-05T02:03:11.2966640Z state without impacting any branches by switching back to a branch.
Arrow IO Rust 1.88 (ubuntu-24.04, both)	Run actions/checkout@de0fac2e4500dabe0009e67214ff5f5447ce83dd	2026-10-05T02:03:11.2967090Z 
Arrow IO Rust 1.88 (ubuntu-24.04, both)	Run actions/checkout@de0fac2e4500dabe0009e67214ff5f5447ce83dd	2026-10-05T02:03:11.2967399Z If you want to create a new branch to retain commits you create, you may
Arrow IO Rust 1.88 (ubuntu-24.04, both)	Run actions/checkout@de0fac2e4500dabe0009e67214ff5f5447ce83dd	2026-10-05T02:03:11.2967972Z do so (now or later) by using -c with the switch command. Example:
Arrow IO Rust 1.88 (ubuntu-24.04, both)	Run actions/checkout@de0fac2e4500dabe0009e67214ff5f5447ce83dd	2026-10-05T02:03:11.2968189Z 
Arrow IO Rust 1.88 (ubuntu-24.04, both)	Run actions/checkout@de0fac2e4500dabe0009e67214ff5f5447ce83dd	2026-10-05T02:03:11.2968287Z   git switch -c <new-branch-name>
Arrow IO Rust 1.88 (ubuntu-24.04, both)	Run actions/checkout@de0fac2e4500dabe0009e67214ff5f5447ce83dd	2026-10-05T02:03:11.2968438Z 
Arrow IO Rust 1.88 (ubuntu-24.04, both)	Run actions/checkout@de0fac2e4500dabe0009e67214ff5f5447ce83dd	2026-10-05T02:03:11.2968523Z Or undo this operation with:
Arrow IO Rust 1.88 (ubuntu-24.04, both)	Run actions/checkout@de0fac2e4500dabe0009e67214ff5f5447ce83dd	2026-10-05T02:03:11.2968690Z 
Arrow IO Rust 1.88 (ubuntu-24.04, both)	Run actions/checkout@de0fac2e4500dabe0009e67214ff5f5447ce83dd	2026-10-05T02:03:11.2968762Z   git switch -
Arrow IO Rust 1.88 (ubuntu-24.04, both)	Run actions/checkout@de0fac2e4500dabe0009e67214ff5f5447ce83dd	2026-10-05T02:03:11.2969072Z 
Arrow IO Rust 1.88 (ubuntu-24.04, both)	Run actions/checkout@de0fac2e4500dabe0009e67214ff5f5447ce83dd	2026-10-05T02:03:11.2969266Z Turn off this advice by setting config variable advice.detachedHead to false
Arrow IO Rust 1.88 (ubuntu-24.04, both)	Run actions/checkout@de0fac2e4500dabe0009e67214ff5f5447ce83dd	2026-10-05T02:03:11.2969621Z 
Arrow IO Rust 1.88 (ubuntu-24.04, both)	Run actions/checkout@de0fac2e4500dabe0009e67214ff5f5447ce83dd	2026-10-05T02:03:11.2969903Z HEAD is now at 6f9560c Merge 4e0cce458ff708a0ff724a8d4f8f14db04ee68a2 into 21e48b257b5c89dd9756b647d9ee17f698f9496b
Arrow IO Rust 1.88 (ubuntu-24.04, both)	Run actions/checkout@de0fac2e4500dabe0009e67214ff5f5447ce83dd	2026-10-05T02:03:11.2970893Z ##[endgroup]
Arrow IO Rust 1.88 (ubuntu-24.04, both)	Run actions/checkout@de0fac2e4500dabe0009e67214ff5f5447ce83dd	2026-10-05T02:03:11.3001933Z [command]/usr/bin/git log -1 --format=%H
Arrow IO Rust 1.88 (ubuntu-24.04, both)	Run actions/checkout@de0fac2e4500dabe0009e67214ff5f5447ce83dd	2026-10-05T02:03:11.3030426Z 6f9560c3092325e26d6bb8c156c842577caabd9c
Arrow IO Rust 1.88 (ubuntu-24.04, both)	Run actions/checkout@de0fac2e4500dabe0009e67214ff5f5447ce83dd	2026-10-05T02:03:11.3040325Z ##[group]Removing auth
Arrow IO Rust 1.88 (ubuntu-24.04, both)	Run actions/checkout@de0fac2e4500dabe0009e67214ff5f5447ce83dd	2026-10-05T02:03:11.3040697Z Removing SSH command configuration
Arrow IO Rust 1.88 (ubuntu-24.04, both)	Run actions/checkout@de0fac2e4500dabe0009e67214ff5f5447ce83dd	2026-10-05T02:03:11.3043802Z [command]/usr/bin/git config --local --name-only --get-regexp core\.sshCommand
Arrow IO Rust 1.88 (ubuntu-24.04, both)	Run actions/checkout@de0fac2e4500dabe0009e67214ff5f5447ce83dd	2026-10-05T02:03:11.3077358Z [command]/usr/bin/git submodule foreach --recursive sh -c "git config --local --name-only --get-regexp 'core\.sshCommand' && git config --local --unset-all 'core.sshCommand' || :"
Arrow IO Rust 1.88 (ubuntu-24.04, both)	Run actions/checkout@de0fac2e4500dabe0009e67214ff5f5447ce83dd	2026-10-05T02:03:11.3287463Z Removing HTTP extra header
Arrow IO Rust 1.88 (ubuntu-24.04, both)	Run actions/checkout@de0fac2e4500dabe0009e67214ff5f5447ce83dd	2026-10-05T02:03:11.3291777Z [command]/usr/bin/git config --local --name-only --get-regexp http\.https\:\/\/github\.com\/\.extraheader
Arrow IO Rust 1.88 (ubuntu-24.04, both)	Run actions/checkout@de0fac2e4500dabe0009e67214ff5f5447ce83dd	2026-10-05T02:03:11.3334957Z [command]/usr/bin/git submodule foreach --recursive sh -c "git config --local --name-only --get-regexp 'http\.https\:\/\/github\.com\/\.extraheader' && git config --local --unset-all 'http.https://github.com/.extraheader' || :"
Arrow IO Rust 1.88 (ubuntu-24.04, both)	Run actions/checkout@de0fac2e4500dabe0009e67214ff5f5447ce83dd	2026-10-05T02:03:11.3541187Z Removing includeIf entries pointing to credentials config files
Arrow IO Rust 1.88 (ubuntu-24.04, both)	Run actions/checkout@de0fac2e4500dabe0009e67214ff5f5447ce83dd	2026-10-05T02:03:11.3545223Z [command]/usr/bin/git config --local --name-only --get-regexp ^includeIf\.gitdir:
Arrow IO Rust 1.88 (ubuntu-24.04, both)	Run actions/checkout@de0fac2e4500dabe0009e67214ff5f5447ce83dd	2026-10-05T02:03:11.3590999Z includeif.gitdir:/home/runner/work/kairos/kairos/.git.path
Arrow IO Rust 1.88 (ubuntu-24.04, both)	Run actions/checkout@de0fac2e4500dabe0009e67214ff5f5447ce83dd	2026-10-05T02:03:11.3591760Z includeif.gitdir:/home/runner/work/kairos/kairos/.git/worktrees/*.path
Arrow IO Rust 1.88 (ubuntu-24.04, both)	Run actions/checkout@de0fac2e4500dabe0009e67214ff5f5447ce83dd	2026-10-05T02:03:11.3592332Z includeif.gitdir:/github/workspace/.git.path
Arrow IO Rust 1.88 (ubuntu-24.04, both)	Run actions/checkout@de0fac2e4500dabe0009e67214ff5f5447ce83dd	2026-10-05T02:03:11.3592788Z includeif.gitdir:/github/workspace/.git/worktrees/*.path
Arrow IO Rust 1.88 (ubuntu-24.04, both)	Run actions/checkout@de0fac2e4500dabe0009e67214ff5f5447ce83dd	2026-10-05T02:03:11.3600573Z [command]/usr/bin/git config --local --get-all includeif.gitdir:/home/runner/work/kairos/kairos/.git.path
Arrow IO Rust 1.88 (ubuntu-24.04, both)	Run actions/checkout@de0fac2e4500dabe0009e67214ff5f5447ce83dd	2026-10-05T02:03:11.3625449Z /home/runner/work/_temp/git-credentials-49a259eb-7ae0-463d-bf8c-b0cbd00d44a1.config
Arrow IO Rust 1.88 (ubuntu-24.04, both)	Run actions/checkout@de0fac2e4500dabe0009e67214ff5f5447ce83dd	2026-10-05T02:03:11.3636120Z [command]/usr/bin/git config --local --unset includeif.gitdir:/home/runner/work/kairos/kairos/.git.path /home/runner/work/_temp/git-credentials-49a259eb-7ae0-463d-bf8c-b0cbd00d44a1.config
Arrow IO Rust 1.88 (ubuntu-24.04, both)	Run actions/checkout@de0fac2e4500dabe0009e67214ff5f5447ce83dd	2026-10-05T02:03:11.3996762Z [command]/usr/bin/git config --local --get-all includeif.gitdir:/home/runner/work/kairos/kairos/.git/worktrees/*.path
Arrow IO Rust 1.88 (ubuntu-24.04, both)	Run actions/checkout@de0fac2e4500dabe0009e67214ff5f5447ce83dd	2026-10-05T02:03:11.4025356Z /home/runner/work/_temp/git-credentials-49a259eb-7ae0-463d-bf8c-b0cbd00d44a1.config
Arrow IO Rust 1.88 (ubuntu-24.04, both)	Run actions/checkout@de0fac2e4500dabe0009e67214ff5f5447ce83dd	2026-10-05T02:03:11.4034058Z [command]/usr/bin/git config --local --unset includeif.gitdir:/home/runner/work/kairos/kairos/.git/worktrees/*.path /home/runner/work/_temp/git-credentials-49a259eb-7ae0-463d-bf8c-b0cbd00d44a1.config
Arrow IO Rust 1.88 (ubuntu-24.04, both)	Run actions/checkout@de0fac2e4500dabe0009e67214ff5f5447ce83dd	2026-10-05T02:03:11.4096458Z [command]/usr/bin/git config --local --get-all includeif.gitdir:/github/workspace/.git.path
Arrow IO Rust 1.88 (ubuntu-24.04, both)	Run actions/checkout@de0fac2e4500dabe0009e67214ff5f5447ce83dd	2026-10-05T02:03:11.4121916Z /github/runner_temp/git-credentials-49a259eb-7ae0-463d-bf8c-b0cbd00d44a1.config
Arrow IO Rust 1.88 (ubuntu-24.04, both)	Run actions/checkout@de0fac2e4500dabe0009e67214ff5f5447ce83dd	2026-10-05T02:03:11.4130161Z [command]/usr/bin/git config --local --unset includeif.gitdir:/github/workspace/.git.path /github/runner_temp/git-credentials-49a259eb-7ae0-463d-bf8c-b0cbd00d44a1.config
Arrow IO Rust 1.88 (ubuntu-24.04, both)	Run actions/checkout@de0fac2e4500dabe0009e67214ff5f5447ce83dd	2026-10-05T02:03:11.4396517Z [command]/usr/bin/git config --local --get-all includeif.gitdir:/github/workspace/.git/worktrees/*.path
Arrow IO Rust 1.88 (ubuntu-24.04, both)	Run actions/checkout@de0fac2e4500dabe0009e67214ff5f5447ce83dd	2026-10-05T02:03:11.4424674Z /github/runner_temp/git-credentials-49a259eb-7ae0-463d-bf8c-b0cbd00d44a1.config
Arrow IO Rust 1.88 (ubuntu-24.04, both)	Run actions/checkout@de0fac2e4500dabe0009e67214ff5f5447ce83dd	2026-10-05T02:03:11.4435360Z [command]/usr/bin/git config --local --unset includeif.gitdir:/github/workspace/.git/worktrees/*.path /github/runner_temp/git-credentials-49a259eb-7ae0-463d-bf8c-b0cbd00d44a1.config
Arrow IO Rust 1.88 (ubuntu-24.04, both)	Run actions/checkout@de0fac2e4500dabe0009e67214ff5f5447ce83dd	2026-10-05T02:03:11.4721054Z [command]/usr/bin/git submodule foreach --recursive git config --local --show-origin --name-only --get-regexp remote.origin.url
Arrow IO Rust 1.88 (ubuntu-24.04, both)	Run actions/checkout@de0fac2e4500dabe0009e67214ff5f5447ce83dd	2026-10-05T02:03:11.4944189Z Removing credentials config '/home/runner/work/_temp/git-credentials-49a259eb-7ae0-463d-bf8c-b0cbd00d44a1.config'
Arrow IO Rust 1.88 (ubuntu-24.04, both)	Run actions/checkout@de0fac2e4500dabe0009e67214ff5f5447ce83dd	2026-10-05T02:03:11.4988498Z ##[endgroup]
Arrow IO Rust 1.88 (ubuntu-24.04, both)	Initialize Arrow IO evidence directory	﻿2026-10-05T02:03:11.5193330Z ##[group]Run mkdir -p ".artifacts/ci/arrow-io/1.88.0/ubuntu-24.04/both"
Arrow IO Rust 1.88 (ubuntu-24.04, both)	Initialize Arrow IO evidence directory	2026-10-05T02:03:11.5193881Z ^[[36;1mmkdir -p ".artifacts/ci/arrow-io/1.88.0/ubuntu-24.04/both"^[[0m
Arrow IO Rust 1.88 (ubuntu-24.04, both)	Initialize Arrow IO evidence directory	2026-10-05T02:03:11.6600966Z shell: /usr/bin/bash -e {0}
Arrow IO Rust 1.88 (ubuntu-24.04, both)	Initialize Arrow IO evidence directory	2026-10-05T02:03:11.6601336Z ##[endgroup]
Arrow IO Rust 1.88 (ubuntu-24.04, both)	Install reviewed Rust 1.88.0	﻿2026-10-05T02:03:11.6853914Z ##[group]Run rustup toolchain install 1.88.0 --profile minimal
Arrow IO Rust 1.88 (ubuntu-24.04, both)	Install reviewed Rust 1.88.0	2026-10-05T02:03:11.6854358Z ^[[36;1mrustup toolchain install 1.88.0 --profile minimal^[[0m
Arrow IO Rust 1.88 (ubuntu-24.04, both)	Install reviewed Rust 1.88.0	2026-10-05T02:03:11.6911568Z shell: /usr/bin/bash -e {0}
Arrow IO Rust 1.88 (ubuntu-24.04, both)	Install reviewed Rust 1.88.0	2026-10-05T02:03:11.6911854Z ##[endgroup]
Arrow IO Rust 1.88 (ubuntu-24.04, both)	Install reviewed Rust 1.88.0	2026-10-05T02:03:11.7983277Z info: syncing channel updates for 1.88.0-x86_64-unknown-linux-gnu
Arrow IO Rust 1.88 (ubuntu-24.04, both)	Install reviewed Rust 1.88.0	2026-10-05T02:03:12.0165959Z info: latest update on 2025-06-26 for version 1.88.0 (6b00bc388 2025-06-23)
Arrow IO Rust 1.88 (ubuntu-24.04, both)	Install reviewed Rust 1.88.0	2026-10-05T02:03:12.0166616Z info: downloading 3 components
Arrow IO Rust 1.88 (ubuntu-24.04, both)	Install reviewed Rust 1.88.0	2026-10-05T02:03:19.2059875Z 
Arrow IO Rust 1.88 (ubuntu-24.04, both)	Install reviewed Rust 1.88.0	2026-10-05T02:03:19.2129883Z   1.88.0-x86_64-unknown-linux-gnu installed - rustc 1.88.0 (6b00bc388 2025-06-23)
Arrow IO Rust 1.88 (ubuntu-24.04, both)	Install reviewed Rust 1.88.0	2026-10-05T02:03:19.2130353Z 
Arrow IO Rust 1.88 (ubuntu-24.04, both)	Verify Rust 1.88 host	﻿2026-10-05T02:03:19.2213675Z ##[group]Run task_rustc="$(rustup which --toolchain 1.88.0 rustc)"
Arrow IO Rust 1.88 (ubuntu-24.04, both)	Verify Rust 1.88 host	2026-10-05T02:03:19.2214082Z ^[[36;1mtask_rustc="$(rustup which --toolchain 1.88.0 rustc)"^[[0m
Arrow IO Rust 1.88 (ubuntu-24.04, both)	Verify Rust 1.88 host	2026-10-05T02:03:19.2214408Z ^[[36;1mtask_cargo="$(rustup which --toolchain 1.88.0 cargo)"^[[0m
Arrow IO Rust 1.88 (ubuntu-24.04, both)	Verify Rust 1.88 host	2026-10-05T02:03:19.2214803Z ^[[36;1m"$task_cargo" -V | tee ".artifacts/ci/arrow-io/1.88.0/ubuntu-24.04/both/toolchain.log"^[[0m
Arrow IO Rust 1.88 (ubuntu-24.04, both)	Verify Rust 1.88 host	2026-10-05T02:03:19.2215292Z ^[[36;1m"$task_rustc" -vV | tee -a ".artifacts/ci/arrow-io/1.88.0/ubuntu-24.04/both/toolchain.log"^[[0m
Arrow IO Rust 1.88 (ubuntu-24.04, both)	Verify Rust 1.88 host	2026-10-05T02:03:19.2215790Z ^[[36;1mgrep -Fx 'release: 1.88.0' ".artifacts/ci/arrow-io/1.88.0/ubuntu-24.04/both/toolchain.log"^[[0m
Arrow IO Rust 1.88 (ubuntu-24.04, both)	Verify Rust 1.88 host	2026-10-05T02:03:19.2216170Z ^[[36;1mif [ "$EXPECTED_OS" = macos-15 ]; then^[[0m
Arrow IO Rust 1.88 (ubuntu-24.04, both)	Verify Rust 1.88 host	2026-10-05T02:03:19.2216566Z ^[[36;1m  grep -Fx 'host: aarch64-apple-darwin' ".artifacts/ci/arrow-io/1.88.0/ubuntu-24.04/both/toolchain.log"^[[0m
Arrow IO Rust 1.88 (ubuntu-24.04, both)	Verify Rust 1.88 host	2026-10-05T02:03:19.2216947Z ^[[36;1melse^[[0m
Arrow IO Rust 1.88 (ubuntu-24.04, both)	Verify Rust 1.88 host	2026-10-05T02:03:19.2217295Z ^[[36;1m  grep -Fx 'host: x86_64-unknown-linux-gnu' ".artifacts/ci/arrow-io/1.88.0/ubuntu-24.04/both/toolchain.log"^[[0m
Arrow IO Rust 1.88 (ubuntu-24.04, both)	Verify Rust 1.88 host	2026-10-05T02:03:19.2217710Z ^[[36;1mfi^[[0m
Arrow IO Rust 1.88 (ubuntu-24.04, both)	Verify Rust 1.88 host	2026-10-05T02:03:19.2273848Z shell: /usr/bin/bash -e {0}
Arrow IO Rust 1.88 (ubuntu-24.04, both)	Verify Rust 1.88 host	2026-10-05T02:03:19.2274076Z env:
Arrow IO Rust 1.88 (ubuntu-24.04, both)	Verify Rust 1.88 host	2026-10-05T02:03:19.2274259Z   EXPECTED_OS: ubuntu-24.04
Arrow IO Rust 1.88 (ubuntu-24.04, both)	Verify Rust 1.88 host	2026-10-05T02:03:19.2274454Z ##[endgroup]
Arrow IO Rust 1.88 (ubuntu-24.04, both)	Verify Rust 1.88 host	2026-10-05T02:03:19.2479210Z cargo 1.88.0 (873a06493 2025-05-10)
Arrow IO Rust 1.88 (ubuntu-24.04, both)	Verify Rust 1.88 host	2026-10-05T02:03:19.2543358Z rustc 1.88.0 (6b00bc388 2025-06-23)
Arrow IO Rust 1.88 (ubuntu-24.04, both)	Verify Rust 1.88 host	2026-10-05T02:03:19.2543763Z binary: rustc
Arrow IO Rust 1.88 (ubuntu-24.04, both)	Verify Rust 1.88 host	2026-10-05T02:03:19.2544014Z commit-hash: 6b00bc3880198600130e1cf62b8f8a93494488cc
Arrow IO Rust 1.88 (ubuntu-24.04, both)	Verify Rust 1.88 host	2026-10-05T02:03:19.2544363Z commit-date: 2025-06-23
Arrow IO Rust 1.88 (ubuntu-24.04, both)	Verify Rust 1.88 host	2026-10-05T02:03:19.2544945Z host: x86_64-unknown-linux-gnu
Arrow IO Rust 1.88 (ubuntu-24.04, both)	Verify Rust 1.88 host	2026-10-05T02:03:19.2545148Z release: 1.88.0
Arrow IO Rust 1.88 (ubuntu-24.04, both)	Verify Rust 1.88 host	2026-10-05T02:03:19.2545309Z LLVM version: 20.1.5
Arrow IO Rust 1.88 (ubuntu-24.04, both)	Verify Rust 1.88 host	2026-10-05T02:03:19.2564298Z release: 1.88.0
Arrow IO Rust 1.88 (ubuntu-24.04, both)	Verify Rust 1.88 host	2026-10-05T02:03:19.2575706Z host: x86_64-unknown-linux-gnu
Arrow IO Rust 1.88 (ubuntu-24.04, both)	Install pinned PyArrow for bidirectional interop	﻿2026-10-05T02:03:19.2663771Z ##[group]Run actions/setup-python@a309ff8b426b58ec0e2a45f0f869d46889d02405
Arrow IO Rust 1.88 (ubuntu-24.04, both)	Install pinned PyArrow for bidirectional interop	2026-10-05T02:03:19.2664118Z with:
Arrow IO Rust 1.88 (ubuntu-24.04, both)	Install pinned PyArrow for bidirectional interop	2026-10-05T02:03:19.2664294Z   python-version: 3.14.8
Arrow IO Rust 1.88 (ubuntu-24.04, both)	Install pinned PyArrow for bidirectional interop	2026-10-05T02:03:19.2664487Z   check-latest: false
Arrow IO Rust 1.88 (ubuntu-24.04, both)	Install pinned PyArrow for bidirectional interop	2026-10-05T02:03:19.2666755Z   token: ***
Arrow IO Rust 1.88 (ubuntu-24.04, both)	Install pinned PyArrow for bidirectional interop	2026-10-05T02:03:19.2666929Z   update-environment: true
Arrow IO Rust 1.88 (ubuntu-24.04, both)	Install pinned PyArrow for bidirectional interop	2026-10-05T02:03:19.2667128Z   allow-prereleases: false
Arrow IO Rust 1.88 (ubuntu-24.04, both)	Install pinned PyArrow for bidirectional interop	2026-10-05T02:03:19.2667310Z   freethreaded: false
Arrow IO Rust 1.88 (ubuntu-24.04, both)	Install pinned PyArrow for bidirectional interop	2026-10-05T02:03:19.2667493Z ##[endgroup]
Arrow IO Rust 1.88 (ubuntu-24.04, both)	Install pinned PyArrow for bidirectional interop	2026-10-05T02:03:19.3764226Z ##[group]Installed versions
Arrow IO Rust 1.88 (ubuntu-24.04, both)	Install pinned PyArrow for bidirectional interop	2026-10-05T02:03:19.3844563Z Version 3.14.8 was not found in the local cache
Arrow IO Rust 1.88 (ubuntu-24.04, both)	Install pinned PyArrow for bidirectional interop	2026-10-05T02:03:19.8584123Z Version 3.14.8 is available for downloading
Arrow IO Rust 1.88 (ubuntu-24.04, both)	Install pinned PyArrow for bidirectional interop	2026-10-05T02:03:19.8585299Z Download from "https://github.com/actions/python-versions/releases/download/3.14.8-36806082737/python-3.14.8-linux-24.04-x64.tar.gz"
Arrow IO Rust 1.88 (ubuntu-24.04, both)	Install pinned PyArrow for bidirectional interop	2026-10-05T02:03:20.6728096Z Extract downloaded archive
Arrow IO Rust 1.88 (ubuntu-24.04, both)	Install pinned PyArrow for bidirectional interop	2026-10-05T02:03:20.6832042Z [command]/usr/bin/tar xz --warning=no-unknown-keyword --overwrite -C /home/runner/work/_temp/3d078007-d7ed-4b4b-ba71-64354a5dab2a -f /home/runner/work/_temp/7db4644a-2869-4952-93c7-76b2d1b8b108
Arrow IO Rust 1.88 (ubuntu-24.04, both)	Install pinned PyArrow for bidirectional interop	2026-10-05T02:03:22.5877914Z Execute installation script
Arrow IO Rust 1.88 (ubuntu-24.04, both)	Install pinned PyArrow for bidirectional interop	2026-10-05T02:03:22.5966838Z Check if Python hostedtoolcache folder exist...
Arrow IO Rust 1.88 (ubuntu-24.04, both)	Install pinned PyArrow for bidirectional interop	2026-10-05T02:03:22.5971763Z Create Python 3.14.8 folder
Arrow IO Rust 1.88 (ubuntu-24.04, both)	Install pinned PyArrow for bidirectional interop	2026-10-05T02:03:22.5978291Z Copy Python binaries to hostedtoolcache folder
Arrow IO Rust 1.88 (ubuntu-24.04, both)	Install pinned PyArrow for bidirectional interop	2026-10-05T02:03:23.0083515Z Create additional symlinks (Required for the UsePythonVersion Azure Pipelines task and the setup-python GitHub Action)
Arrow IO Rust 1.88 (ubuntu-24.04, both)	Install pinned PyArrow for bidirectional interop	2026-10-05T02:03:23.0119204Z Upgrading pip...
Arrow IO Rust 1.88 (ubuntu-24.04, both)	Install pinned PyArrow for bidirectional interop	2026-10-05T02:03:27.4312485Z Collecting pip
Arrow IO Rust 1.88 (ubuntu-24.04, both)	Install pinned PyArrow for bidirectional interop	2026-10-05T02:03:27.4722881Z Downloading pip-26.2.1-py3-none-any.whl.metadata (4.6 kB)
Arrow IO Rust 1.88 (ubuntu-24.04, both)	Install pinned PyArrow for bidirectional interop	2026-10-05T02:03:27.4805925Z Downloading pip-26.2.1-py3-none-any.whl (1.8 MB)
Arrow IO Rust 1.88 (ubuntu-24.04, both)	Install pinned PyArrow for bidirectional interop	2026-10-05T02:03:27.5258567Z ━━━━━━━━━━━━━━━━━━━━━━━━━━━━━━━━━━━━━━━━ 1.8/1.8 MB 59.2 MB/s  0:00:00
Arrow IO Rust 1.88 (ubuntu-24.04, both)	Install pinned PyArrow for bidirectional interop	2026-10-05T02:03:27.5259033Z 
Arrow IO Rust 1.88 (ubuntu-24.04, both)	Install pinned PyArrow for bidirectional interop	2026-10-05T02:03:27.6280369Z Installing collected packages: pip
Arrow IO Rust 1.88 (ubuntu-24.04, both)	Install pinned PyArrow for bidirectional interop	2026-10-05T02:03:27.6280863Z Attempting uninstall: pip
Arrow IO Rust 1.88 (ubuntu-24.04, both)	Install pinned PyArrow for bidirectional interop	2026-10-05T02:03:27.6301316Z Found existing installation: pip 26.2.1
Arrow IO Rust 1.88 (ubuntu-24.04, both)	Install pinned PyArrow for bidirectional interop	2026-10-05T02:03:27.6548041Z Uninstalling pip-26.2.1:
Arrow IO Rust 1.88 (ubuntu-24.04, both)	Install pinned PyArrow for bidirectional interop	2026-10-05T02:03:27.6599895Z Successfully uninstalled pip-26.2.1
Arrow IO Rust 1.88 (ubuntu-24.04, both)	Install pinned PyArrow for bidirectional interop	2026-10-05T02:03:28.7314457Z Successfully installed pip-26.2.1
Arrow IO Rust 1.88 (ubuntu-24.04, both)	Install pinned PyArrow for bidirectional interop	2026-10-05T02:03:28.8943732Z Create complete file
Arrow IO Rust 1.88 (ubuntu-24.04, both)	Install pinned PyArrow for bidirectional interop	2026-10-05T02:03:28.8977019Z Successfully set up CPython (3.14.8)
Arrow IO Rust 1.88 (ubuntu-24.04, both)	Install pinned PyArrow for bidirectional interop	2026-10-05T02:03:28.8978584Z ##[endgroup]
Arrow IO Rust 1.88 (ubuntu-24.04, both)	Install hash-locked PyArrow requirements	﻿2026-10-05T02:03:28.9125600Z ##[group]Run set -o pipefail
Arrow IO Rust 1.88 (ubuntu-24.04, both)	Install hash-locked PyArrow requirements	2026-10-05T02:03:28.9125903Z ^[[36;1mset -o pipefail^[[0m
Arrow IO Rust 1.88 (ubuntu-24.04, both)	Install hash-locked PyArrow requirements	2026-10-05T02:03:28.9126158Z ^[[36;1mlog_dir=".artifacts/ci/arrow-io/1.88.0/ubuntu-24.04/both"^[[0m
Arrow IO Rust 1.88 (ubuntu-24.04, both)	Install hash-locked PyArrow requirements	2026-10-05T02:03:28.9126487Z ^[[36;1mpython_dir="$RUNNER_TEMP/c1-arrow-io-python"^[[0m
Arrow IO Rust 1.88 (ubuntu-24.04, both)	Install hash-locked PyArrow requirements	2026-10-05T02:03:28.9126741Z ^[[36;1mtest ! -e "$python_dir"^[[0m
Arrow IO Rust 1.88 (ubuntu-24.04, both)	Install hash-locked PyArrow requirements	2026-10-05T02:03:28.9126987Z ^[[36;1mpython -m venv "$python_dir"^[[0m
Arrow IO Rust 1.88 (ubuntu-24.04, both)	Install hash-locked PyArrow requirements	2026-10-05T02:03:28.9127225Z ^[[36;1mpython_exe="$python_dir/bin/python"^[[0m
Arrow IO Rust 1.88 (ubuntu-24.04, both)	Install hash-locked PyArrow requirements	2026-10-05T02:03:28.9127503Z ^[[36;1m"$python_exe" --version | tee "$log_dir/python.log"^[[0m
Arrow IO Rust 1.88 (ubuntu-24.04, both)	Install hash-locked PyArrow requirements	2026-10-05T02:03:28.9128142Z ^[[36;1m"$python_exe" -m pip install --disable-pip-version-check --no-input --only-binary=:all: --require-hashes -r scripts/c1-arrow-io-python-tools.lock 2>&1 | tee -a "$log_dir/python.log"^[[0m
Arrow IO Rust 1.88 (ubuntu-24.04, both)	Install hash-locked PyArrow requirements	2026-10-05T02:03:28.9129101Z ^[[36;1m"$python_exe" -c 'import platform, pyarrow; assert platform.python_version() == "3.14.8", platform.python_version(); assert pyarrow.__version__ == "25.0.1", pyarrow.__version__' 2>&1 | tee -a "$log_dir/python.log"^[[0m
Arrow IO Rust 1.88 (ubuntu-24.04, both)	Install hash-locked PyArrow requirements	2026-10-05T02:03:28.9130234Z ^[[36;1m"$python_exe" crates/kairo-ecs-arrow-io/tests/fixtures/interop_v1/generate.py --check 2>&1 | tee "$log_dir/fixtures.log"^[[0m
Arrow IO Rust 1.88 (ubuntu-24.04, both)	Install hash-locked PyArrow requirements	2026-10-05T02:03:28.9192641Z shell: /usr/bin/bash -e {0}
Arrow IO Rust 1.88 (ubuntu-24.04, both)	Install hash-locked PyArrow requirements	2026-10-05T02:03:28.9192916Z env:
Arrow IO Rust 1.88 (ubuntu-24.04, both)	Install hash-locked PyArrow requirements	2026-10-05T02:03:28.9193181Z   pythonLocation: /opt/hostedtoolcache/Python/3.14.8/x64
Arrow IO Rust 1.88 (ubuntu-24.04, both)	Install hash-locked PyArrow requirements	2026-10-05T02:03:28.9193851Z   PKG_CONFIG_PATH: /opt/hostedtoolcache/Python/3.14.8/x64/lib/pkgconfig
Arrow IO Rust 1.88 (ubuntu-24.04, both)	Install hash-locked PyArrow requirements	2026-10-05T02:03:28.9194197Z   Python_ROOT_DIR: /opt/hostedtoolcache/Python/3.14.8/x64
Arrow IO Rust 1.88 (ubuntu-24.04, both)	Install hash-locked PyArrow requirements	2026-10-05T02:03:28.9194495Z   Python2_ROOT_DIR: /opt/hostedtoolcache/Python/3.14.8/x64
Arrow IO Rust 1.88 (ubuntu-24.04, both)	Install hash-locked PyArrow requirements	2026-10-05T02:03:28.9194798Z   Python3_ROOT_DIR: /opt/hostedtoolcache/Python/3.14.8/x64
Arrow IO Rust 1.88 (ubuntu-24.04, both)	Install hash-locked PyArrow requirements	2026-10-05T02:03:28.9195085Z   LD_LIBRARY_PATH: /opt/hostedtoolcache/Python/3.14.8/x64/lib
Arrow IO Rust 1.88 (ubuntu-24.04, both)	Install hash-locked PyArrow requirements	2026-10-05T02:03:28.9195363Z ##[endgroup]
Arrow IO Rust 1.88 (ubuntu-24.04, both)	Install hash-locked PyArrow requirements	2026-10-05T02:03:32.2658905Z Python 3.14.8
Arrow IO Rust 1.88 (ubuntu-24.04, both)	Install hash-locked PyArrow requirements	2026-10-05T02:03:33.3245012Z Collecting numpy==2.5.3 (from -r scripts/c1-arrow-io-python-tools.lock (line 4))
Arrow IO Rust 1.88 (ubuntu-24.04, both)	Install hash-locked PyArrow requirements	2026-10-05T02:03:33.3714517Z   Downloading numpy-2.5.3-cp314-cp314-manylinux_2_27_x86_64.manylinux_2_28_x86_64.whl (16.7 MB)
Arrow IO Rust 1.88 (ubuntu-24.04, both)	Install hash-locked PyArrow requirements	2026-10-05T02:03:33.8264139Z      ━━━━━━━━━━━━━━━━━━━━━━━━━━━━━━━━━━━━━━━━ 16.7/16.7 MB 38.2 MB/s  0:00:00
Arrow IO Rust 1.88 (ubuntu-24.04, both)	Install hash-locked PyArrow requirements	2026-10-05T02:03:33.9134510Z Collecting pyarrow==25.0.1 (from -r scripts/c1-arrow-io-python-tools.lock (line 7))
Arrow IO Rust 1.88 (ubuntu-24.04, both)	Install hash-locked PyArrow requirements	2026-10-05T02:03:33.9206581Z   Downloading pyarrow-25.0.1-cp314-cp314-manylinux_2_28_x86_64.whl (50.1 MB)
Arrow IO Rust 1.88 (ubuntu-24.04, both)	Install hash-locked PyArrow requirements	2026-10-05T02:03:35.0439723Z      ━━━━━━━━━━━━━━━━━━━━━━━━━━━━━━━━━━━━━━━━ 50.1/50.1 MB 44.5 MB/s  0:00:01
Arrow IO Rust 1.88 (ubuntu-24.04, both)	Install hash-locked PyArrow requirements	2026-10-05T02:03:35.0989209Z Installing collected packages: pyarrow, numpy
Arrow IO Rust 1.88 (ubuntu-24.04, both)	Install hash-locked PyArrow requirements	2026-10-05T02:03:38.6481728Z 
Arrow IO Rust 1.88 (ubuntu-24.04, both)	Install hash-locked PyArrow requirements	2026-10-05T02:03:38.6490529Z Successfully installed numpy-2.5.3 pyarrow-25.0.1
Arrow IO Rust 1.88 (ubuntu-24.04, both)	Install hash-locked PyArrow requirements	2026-10-05T02:03:39.0040506Z PASS: deterministic PyArrow 25.0.1 fixture schema, values, metadata and hashes
Arrow IO Rust 1.88 (ubuntu-24.04, both)	Run Arrow IO feature selection	﻿2026-10-05T02:03:39.0375504Z ##[group]Run set -o pipefail
Arrow IO Rust 1.88 (ubuntu-24.04, both)	Run Arrow IO feature selection	2026-10-05T02:03:39.0376001Z ^[[36;1mset -o pipefail^[[0m
Arrow IO Rust 1.88 (ubuntu-24.04, both)	Run Arrow IO feature selection	2026-10-05T02:03:39.0376516Z ^[[36;1mlog_dir=".artifacts/ci/arrow-io/1.88.0/${EXPECTED_OS}/${FEATURE_SET}"^[[0m
Arrow IO Rust 1.88 (ubuntu-24.04, both)	Run Arrow IO feature selection	2026-10-05T02:03:39.0377273Z ^[[36;1mtask_rustc="$(rustup which --toolchain 1.88.0 rustc)"^[[0m
Arrow IO Rust 1.88 (ubuntu-24.04, both)	Run Arrow IO feature selection	2026-10-05T02:03:39.0377877Z ^[[36;1mtask_bin="$(dirname "$task_rustc")"^[[0m
Arrow IO Rust 1.88 (ubuntu-24.04, both)	Run Arrow IO feature selection	2026-10-05T02:03:39.0378479Z ^[[36;1mtask_cargo="$(rustup which --toolchain 1.88.0 cargo)"^[[0m
Arrow IO Rust 1.88 (ubuntu-24.04, both)	Run Arrow IO feature selection	2026-10-05T02:03:39.0380464Z ^[[36;1mexport RUSTC="$task_rustc" RUSTDOC="$task_bin/rustdoc" PATH="$task_bin:$PATH"^[[0m
Arrow IO Rust 1.88 (ubuntu-24.04, both)	Run Arrow IO feature selection	2026-10-05T02:03:39.0381490Z ^[[36;1mcargo_args=(test --locked -p kairo-ecs-arrow-io --no-default-features)^[[0m
Arrow IO Rust 1.88 (ubuntu-24.04, both)	Run Arrow IO feature selection	2026-10-05T02:03:39.0382026Z ^[[36;1mcase "$FEATURE_SET" in^[[0m
Arrow IO Rust 1.88 (ubuntu-24.04, both)	Run Arrow IO feature selection	2026-10-05T02:03:39.0382340Z ^[[36;1m  none) ;;^[[0m
Arrow IO Rust 1.88 (ubuntu-24.04, both)	Run Arrow IO feature selection	2026-10-05T02:03:39.0382652Z ^[[36;1m  ipc) cargo_args+=(--features ipc) ;;^[[0m
Arrow IO Rust 1.88 (ubuntu-24.04, both)	Run Arrow IO feature selection	2026-10-05T02:03:39.0383091Z ^[[36;1m  parquet) cargo_args+=(--features parquet) ;;^[[0m
Arrow IO Rust 1.88 (ubuntu-24.04, both)	Run Arrow IO feature selection	2026-10-05T02:03:39.0383557Z ^[[36;1m  both) cargo_args+=(--features 'ipc,parquet') ;;^[[0m
Arrow IO Rust 1.88 (ubuntu-24.04, both)	Run Arrow IO feature selection	2026-10-05T02:03:39.0384137Z ^[[36;1m  *) echo "unsupported feature set: $FEATURE_SET" >&2; exit 2 ;;^[[0m
Arrow IO Rust 1.88 (ubuntu-24.04, both)	Run Arrow IO feature selection	2026-10-05T02:03:39.0384588Z ^[[36;1mesac^[[0m
Arrow IO Rust 1.88 (ubuntu-24.04, both)	Run Arrow IO feature selection	2026-10-05T02:03:39.0384860Z ^[[36;1mif [ "$FEATURE_SET" = both ]; then^[[0m
Arrow IO Rust 1.88 (ubuntu-24.04, both)	Run Arrow IO feature selection	2026-10-05T02:03:39.0385247Z ^[[36;1m  test ! -e "$KAIROS_INTEROP_OUTDIR"^[[0m
Arrow IO Rust 1.88 (ubuntu-24.04, both)	Run Arrow IO feature selection	2026-10-05T02:03:39.0385630Z ^[[36;1m  mkdir -p "$KAIROS_INTEROP_OUTDIR"^[[0m
Arrow IO Rust 1.88 (ubuntu-24.04, both)	Run Arrow IO feature selection	2026-10-05T02:03:39.0385966Z ^[[36;1mfi^[[0m
Arrow IO Rust 1.88 (ubuntu-24.04, both)	Run Arrow IO feature selection	2026-10-05T02:03:39.0386309Z ^[[36;1m"$task_cargo" "${cargo_args[@]}" 2>&1 | tee "$log_dir/test.log"^[[0m
Arrow IO Rust 1.88 (ubuntu-24.04, both)	Run Arrow IO feature selection	2026-10-05T02:03:39.0387720Z ^[[36;1mcalibration_args=(test --locked -p kairo-ecs-calibration --no-default-features --test arrow_output_c43 --test sidecar_adapter_c43 --test sidecar_pipeline_c43)^[[0m
Arrow IO Rust 1.88 (ubuntu-24.04, both)	Run Arrow IO feature selection	2026-10-05T02:03:39.0389039Z ^[[36;1mcase "$FEATURE_SET" in^[[0m
Arrow IO Rust 1.88 (ubuntu-24.04, both)	Run Arrow IO feature selection	2026-10-05T02:03:39.0389657Z ^[[36;1m  none) ;;^[[0m
Arrow IO Rust 1.88 (ubuntu-24.04, both)	Run Arrow IO feature selection	2026-10-05T02:03:39.0390125Z ^[[36;1m  ipc) calibration_args+=(--features ipc) ;;^[[0m
Arrow IO Rust 1.88 (ubuntu-24.04, both)	Run Arrow IO feature selection	2026-10-05T02:03:39.0390761Z ^[[36;1m  parquet) calibration_args+=(--features parquet) ;;^[[0m
Arrow IO Rust 1.88 (ubuntu-24.04, both)	Run Arrow IO feature selection	2026-10-05T02:03:39.0391530Z ^[[36;1m  both) calibration_args+=(--features 'ipc,parquet') ;;^[[0m
Arrow IO Rust 1.88 (ubuntu-24.04, both)	Run Arrow IO feature selection	2026-10-05T02:03:39.0392132Z ^[[36;1mesac^[[0m
Arrow IO Rust 1.88 (ubuntu-24.04, both)	Run Arrow IO feature selection	2026-10-05T02:03:39.0392712Z ^[[36;1mexport C43_OUTPUT_DIR="$GITHUB_WORKSPACE/$log_dir/c43-rust-output"^[[0m
Arrow IO Rust 1.88 (ubuntu-24.04, both)	Run Arrow IO feature selection	2026-10-05T02:03:39.0393416Z ^[[36;1m"$task_cargo" "${calibration_args[@]}" c43_ 2>&1 | tee "$log_dir/c43-native.log"^[[0m
Arrow IO Rust 1.88 (ubuntu-24.04, both)	Run Arrow IO feature selection	2026-10-05T02:03:39.0393964Z ^[[36;1mif [ "$FEATURE_SET" = both ]; then^[[0m
Arrow IO Rust 1.88 (ubuntu-24.04, both)	Run Arrow IO feature selection	2026-10-05T02:03:39.0395043Z ^[[36;1m  "$RUNNER_TEMP/c1-arrow-io-python/bin/python" conformance/c43/readback.py --self-test 2>&1 | tee "$log_dir/c43-reader-controls.log"^[[0m
Arrow IO Rust 1.88 (ubuntu-24.04, both)	Run Arrow IO feature selection	2026-10-05T02:03:39.0396427Z ^[[36;1m  "$RUNNER_TEMP/c1-arrow-io-python/bin/python" conformance/c43/readback.py --require-manifests --mutation-controls "$C43_OUTPUT_DIR" 2>&1 | tee "$log_dir/c43-readback.log"^[[0m
Arrow IO Rust 1.88 (ubuntu-24.04, both)	Run Arrow IO feature selection	2026-10-05T02:03:39.0397353Z ^[[36;1mfi^[[0m
Arrow IO Rust 1.88 (ubuntu-24.04, both)	Run Arrow IO feature selection	2026-10-05T02:03:39.0397620Z ^[[36;1mif [ "$FEATURE_SET" = both ]; then^[[0m
Arrow IO Rust 1.88 (ubuntu-24.04, both)	Run Arrow IO feature selection	2026-10-05T02:03:39.0398042Z ^[[36;1m  test -s "$KAIROS_INTEROP_OUTDIR/rust.ipc_file"^[[0m
Arrow IO Rust 1.88 (ubuntu-24.04, both)	Run Arrow IO feature selection	2026-10-05T02:03:39.0398532Z ^[[36;1m  test -s "$KAIROS_INTEROP_OUTDIR/rust.ipc_stream"^[[0m
Arrow IO Rust 1.88 (ubuntu-24.04, both)	Run Arrow IO feature selection	2026-10-05T02:03:39.0399021Z ^[[36;1m  test -s "$KAIROS_INTEROP_OUTDIR/rust.parquet"^[[0m
Arrow IO Rust 1.88 (ubuntu-24.04, both)	Run Arrow IO feature selection	2026-10-05T02:03:39.0400311Z ^[[36;1m  "$RUNNER_TEMP/c1-arrow-io-python/bin/python" crates/kairo-ecs-arrow-io/tests/fixtures/interop_v1/generate.py --check-rust "$KAIROS_INTEROP_OUTDIR" 2>&1 | tee "$log_dir/pyarrow-readback.log"^[[0m
Arrow IO Rust 1.88 (ubuntu-24.04, both)	Run Arrow IO feature selection	2026-10-05T02:03:39.0401325Z ^[[36;1mfi^[[0m
Arrow IO Rust 1.88 (ubuntu-24.04, both)	Run Arrow IO feature selection	2026-10-05T02:03:39.0486017Z shell: /usr/bin/bash -e {0}
Arrow IO Rust 1.88 (ubuntu-24.04, both)	Run Arrow IO feature selection	2026-10-05T02:03:39.0486399Z env:
Arrow IO Rust 1.88 (ubuntu-24.04, both)	Run Arrow IO feature selection	2026-10-05T02:03:39.0486778Z   pythonLocation: /opt/hostedtoolcache/Python/3.14.8/x64
Arrow IO Rust 1.88 (ubuntu-24.04, both)	Run Arrow IO feature selection	2026-10-05T02:03:39.0487357Z   PKG_CONFIG_PATH: /opt/hostedtoolcache/Python/3.14.8/x64/lib/pkgconfig
Arrow IO Rust 1.88 (ubuntu-24.04, both)	Run Arrow IO feature selection	2026-10-05T02:03:39.0487931Z   Python_ROOT_DIR: /opt/hostedtoolcache/Python/3.14.8/x64
Arrow IO Rust 1.88 (ubuntu-24.04, both)	Run Arrow IO feature selection	2026-10-05T02:03:39.0488434Z   Python2_ROOT_DIR: /opt/hostedtoolcache/Python/3.14.8/x64
Arrow IO Rust 1.88 (ubuntu-24.04, both)	Run Arrow IO feature selection	2026-10-05T02:03:39.0488925Z   Python3_ROOT_DIR: /opt/hostedtoolcache/Python/3.14.8/x64
Arrow IO Rust 1.88 (ubuntu-24.04, both)	Run Arrow IO feature selection	2026-10-05T02:03:39.0490051Z   LD_LIBRARY_PATH: /opt/hostedtoolcache/Python/3.14.8/x64/lib
Arrow IO Rust 1.88 (ubuntu-24.04, both)	Run Arrow IO feature selection	2026-10-05T02:03:39.0490490Z   EXPECTED_OS: ubuntu-24.04
Arrow IO Rust 1.88 (ubuntu-24.04, both)	Run Arrow IO feature selection	2026-10-05T02:03:39.0490768Z   FEATURE_SET: both
Arrow IO Rust 1.88 (ubuntu-24.04, both)	Run Arrow IO feature selection	2026-10-05T02:03:39.0491367Z   KAIROS_INTEROP_OUTDIR: /home/runner/work/kairos/kairos/.artifacts/ci/arrow-io/1.88.0/ubuntu-24.04/both/rust-output
Arrow IO Rust 1.88 (ubuntu-24.04, both)	Run Arrow IO feature selection	2026-10-05T02:03:39.0492013Z ##[endgroup]
Arrow IO Rust 1.88 (ubuntu-24.04, both)	Run Arrow IO feature selection	2026-10-05T02:03:39.1046099Z     Updating crates.io index
Arrow IO Rust 1.88 (ubuntu-24.04, both)	Run Arrow IO feature selection	2026-10-05T02:03:39.5486313Z  Downloading crates ...
Arrow IO Rust 1.88 (ubuntu-24.04, both)	Run Arrow IO feature selection	2026-10-05T02:03:39.6694482Z   Downloaded arrow-cmp v60.0.0
Arrow IO Rust 1.88 (ubuntu-24.04, both)	Run Arrow IO feature selection	2026-10-05T02:03:39.6707933Z   Downloaded flatbuffers v25.12.19
Arrow IO Rust 1.88 (ubuntu-24.04, both)	Run Arrow IO feature selection	2026-10-05T02:03:39.6723932Z   Downloaded const-random-macro v0.1.16
Arrow IO Rust 1.88 (ubuntu-24.04, both)	Run Arrow IO feature selection	2026-10-05T02:03:39.6736898Z   Downloaded num-integer v0.1.47
Arrow IO Rust 1.88 (ubuntu-24.04, both)	Run Arrow IO feature selection	2026-10-05T02:03:39.6752204Z   Downloaded rustc_version v0.4.1
Arrow IO Rust 1.88 (ubuntu-24.04, both)	Run Arrow IO feature selection	2026-10-05T02:03:39.6763370Z   Downloaded bitflags v2.13.2
Arrow IO Rust 1.88 (ubuntu-24.04, both)	Run Arrow IO feature selection	2026-10-05T02:03:39.6803754Z   Downloaded tiny-keccak v2.0.2
Arrow IO Rust 1.88 (ubuntu-24.04, both)	Run Arrow IO feature selection	2026-10-05T02:03:39.6826515Z   Downloaded thiserror v2.0.20
Arrow IO Rust 1.88 (ubuntu-24.04, both)	Run Arrow IO feature selection	2026-10-05T02:03:39.6884935Z   Downloaded getrandom v0.2.17
Arrow IO Rust 1.88 (ubuntu-24.04, both)	Run Arrow IO feature selection	2026-10-05T02:03:39.6912584Z   Downloaded iana-time-zone v0.1.65
Arrow IO Rust 1.88 (ubuntu-24.04, both)	Run Arrow IO feature selection	2026-10-05T02:03:39.6938943Z   Downloaded version_check v0.9.5
Arrow IO Rust 1.88 (ubuntu-24.04, both)	Run Arrow IO feature selection	2026-10-05T02:03:39.6951475Z   Downloaded thiserror-impl v2.0.20
Arrow IO Rust 1.88 (ubuntu-24.04, both)	Run Arrow IO feature selection	2026-10-05T02:03:39.6965662Z   Downloaded num-complex v0.4.6
Arrow IO Rust 1.88 (ubuntu-24.04, both)	Run Arrow IO feature selection	2026-10-05T02:03:39.6978555Z   Downloaded const-random v0.1.18
Arrow IO Rust 1.88 (ubuntu-24.04, both)	Run Arrow IO feature selection	2026-10-05T02:03:39.6989820Z   Downloaded semver v1.0.28
Arrow IO Rust 1.88 (ubuntu-24.04, both)	Run Arrow IO feature selection	2026-10-05T02:03:39.7012497Z   Downloaded seq-macro v0.3.6
Arrow IO Rust 1.88 (ubuntu-24.04, both)	Run Arrow IO feature selection	2026-10-05T02:03:39.7029262Z   Downloaded ahash v0.8.12
Arrow IO Rust 1.88 (ubuntu-24.04, both)	Run Arrow IO feature selection	2026-10-05T02:03:39.7053052Z   Downloaded num-traits v0.2.19
Arrow IO Rust 1.88 (ubuntu-24.04, both)	Run Arrow IO feature selection	2026-10-05T02:03:39.7079027Z   Downloaded quote v1.0.45
Arrow IO Rust 1.88 (ubuntu-24.04, both)	Run Arrow IO feature selection	2026-10-05T02:03:39.7104822Z   Downloaded twox-hash v2.1.4
Arrow IO Rust 1.88 (ubuntu-24.04, both)	Run Arrow IO feature selection	2026-10-05T02:03:39.7126989Z   Downloaded base64 v0.23.1
Arrow IO Rust 1.88 (ubuntu-24.04, both)	Run Arrow IO feature selection	2026-10-05T02:03:39.7162339Z   Downloaded unicode-ident v1.0.24
Arrow IO Rust 1.88 (ubuntu-24.04, both)	Run Arrow IO feature selection	2026-10-05T02:03:39.7187731Z   Downloaded getrandom v0.3.4
Arrow IO Rust 1.88 (ubuntu-24.04, both)	Run Arrow IO feature selection	2026-10-05T02:03:39.7218016Z   Downloaded autocfg v1.5.0
Arrow IO Rust 1.88 (ubuntu-24.04, both)	Run Arrow IO feature selection	2026-10-05T02:03:39.7238391Z   Downloaded once_cell v1.21.4
Arrow IO Rust 1.88 (ubuntu-24.04, both)	Run Arrow IO feature selection	2026-10-05T02:03:39.7262417Z   Downloaded proc-macro2 v1.0.106
Arrow IO Rust 1.88 (ubuntu-24.04, both)	Run Arrow IO feature selection	2026-10-05T02:03:39.7289084Z   Downloaded bytes v1.12.1
Arrow IO Rust 1.88 (ubuntu-24.04, both)	Run Arrow IO feature selection	2026-10-05T02:03:39.7320900Z   Downloaded zerocopy-derive v0.8.48
Arrow IO Rust 1.88 (ubuntu-24.04, both)	Run Arrow IO feature selection	2026-10-05T02:03:39.7399790Z   Downloaded num-bigint v0.5.1
Arrow IO Rust 1.88 (ubuntu-24.04, both)	Run Arrow IO feature selection	2026-10-05T02:03:39.7443563Z   Downloaded hashbrown v0.17.1
Arrow IO Rust 1.88 (ubuntu-24.04, both)	Run Arrow IO feature selection	2026-10-05T02:03:39.7490477Z   Downloaded arrow-ipc v60.0.0
Arrow IO Rust 1.88 (ubuntu-24.04, both)	Run Arrow IO feature selection	2026-10-05T02:03:39.7536480Z   Downloaded arrow-select v60.0.0
Arrow IO Rust 1.88 (ubuntu-24.04, both)	Run Arrow IO feature selection	2026-10-05T02:03:39.7566312Z   Downloaded libm v0.2.16
Arrow IO Rust 1.88 (ubuntu-24.04, both)	Run Arrow IO feature selection	2026-10-05T02:03:39.7658120Z   Downloaded zerocopy v0.8.48
Arrow IO Rust 1.88 (ubuntu-24.04, both)	Run Arrow IO feature selection	2026-10-05T02:03:39.7842293Z   Downloaded syn v2.0.117
Arrow IO Rust 1.88 (ubuntu-24.04, both)	Run Arrow IO feature selection	2026-10-05T02:03:39.7930879Z   Downloaded chrono v0.4.45
Arrow IO Rust 1.88 (ubuntu-24.04, both)	Run Arrow IO feature selection	2026-10-05T02:03:39.7986560Z   Downloaded syn v3.0.6
Arrow IO Rust 1.88 (ubuntu-24.04, both)	Run Arrow IO feature selection	2026-10-05T02:03:39.8074947Z   Downloaded half v2.7.1
Arrow IO Rust 1.88 (ubuntu-24.04, both)	Run Arrow IO feature selection	2026-10-05T02:03:39.8097587Z   Downloaded arrow-array v60.0.0
Arrow IO Rust 1.88 (ubuntu-24.04, both)	Run Arrow IO feature selection	2026-10-05T02:03:39.8165086Z   Downloaded arrow-schema v60.0.0
Arrow IO Rust 1.88 (ubuntu-24.04, both)	Run Arrow IO feature selection	2026-10-05T02:03:39.8191555Z   Downloaded arrow-buffer v60.0.0
Arrow IO Rust 1.88 (ubuntu-24.04, both)	Run Arrow IO feature selection	2026-10-05T02:03:39.8227870Z   Downloaded crunchy v0.2.4
Arrow IO Rust 1.88 (ubuntu-24.04, both)	Run Arrow IO feature selection	2026-10-05T02:03:39.8235529Z   Downloaded cfg-if v1.0.4
Arrow IO Rust 1.88 (ubuntu-24.04, both)	Run Arrow IO feature selection	2026-10-05T02:03:39.8247432Z   Downloaded arrow-data v60.0.0
Arrow IO Rust 1.88 (ubuntu-24.04, both)	Run Arrow IO feature selection	2026-10-05T02:03:39.8327544Z   Downloaded libc v0.2.186
Arrow IO Rust 1.88 (ubuntu-24.04, both)	Run Arrow IO feature selection	2026-10-05T02:03:39.8656386Z   Downloaded parquet v60.0.0
Arrow IO Rust 1.88 (ubuntu-24.04, both)	Run Arrow IO feature selection	2026-10-05T02:03:39.9068317Z    Compiling proc-macro2 v1.0.106
Arrow IO Rust 1.88 (ubuntu-24.04, both)	Run Arrow IO feature selection	2026-10-05T02:03:39.9069050Z    Compiling unicode-ident v1.0.24
Arrow IO Rust 1.88 (ubuntu-24.04, both)	Run Arrow IO feature selection	2026-10-05T02:03:39.9069761Z    Compiling quote v1.0.45
Arrow IO Rust 1.88 (ubuntu-24.04, both)	Run Arrow IO feature selection	2026-10-05T02:03:39.9070055Z    Compiling libm v0.2.16
Arrow IO Rust 1.88 (ubuntu-24.04, both)	Run Arrow IO feature selection	2026-10-05T02:03:39.9591199Z    Compiling autocfg v1.5.0
Arrow IO Rust 1.88 (ubuntu-24.04, both)	Run Arrow IO feature selection	2026-10-05T02:03:40.1445094Z    Compiling num-traits v0.2.19
Arrow IO Rust 1.88 (ubuntu-24.04, both)	Run Arrow IO feature selection	2026-10-05T02:03:40.3406760Z    Compiling zerocopy v0.8.48
Arrow IO Rust 1.88 (ubuntu-24.04, both)	Run Arrow IO feature selection	2026-10-05T02:03:40.3907025Z    Compiling cfg-if v1.0.4
Arrow IO Rust 1.88 (ubuntu-24.04, both)	Run Arrow IO feature selection	2026-10-05T02:03:40.4125465Z    Compiling libc v0.2.186
Arrow IO Rust 1.88 (ubuntu-24.04, both)	Run Arrow IO feature selection	2026-10-05T02:03:40.6370566Z    Compiling version_check v0.9.5
Arrow IO Rust 1.88 (ubuntu-24.04, both)	Run Arrow IO feature selection	2026-10-05T02:03:40.8198696Z    Compiling syn v2.0.117
Arrow IO Rust 1.88 (ubuntu-24.04, both)	Run Arrow IO feature selection	2026-10-05T02:03:40.8471478Z    Compiling getrandom v0.3.4
Arrow IO Rust 1.88 (ubuntu-24.04, both)	Run Arrow IO feature selection	2026-10-05T02:03:40.8607466Z    Compiling ahash v0.8.12
Arrow IO Rust 1.88 (ubuntu-24.04, both)	Run Arrow IO feature selection	2026-10-05T02:03:41.3850485Z    Compiling bytes v1.12.1
Arrow IO Rust 1.88 (ubuntu-24.04, both)	Run Arrow IO feature selection	2026-10-05T02:03:41.6099014Z    Compiling num-integer v0.1.47
Arrow IO Rust 1.88 (ubuntu-24.04, both)	Run Arrow IO feature selection	2026-10-05T02:03:41.8465739Z    Compiling num-bigint v0.5.1
Arrow IO Rust 1.88 (ubuntu-24.04, both)	Run Arrow IO feature selection	2026-10-05T02:03:41.9220907Z    Compiling once_cell v1.21.4
Arrow IO Rust 1.88 (ubuntu-24.04, both)	Run Arrow IO feature selection	2026-10-05T02:03:41.9470405Z    Compiling iana-time-zone v0.1.65
Arrow IO Rust 1.88 (ubuntu-24.04, both)	Run Arrow IO feature selection	2026-10-05T02:03:41.9950443Z    Compiling arrow-schema v60.0.0
Arrow IO Rust 1.88 (ubuntu-24.04, both)	Run Arrow IO feature selection	2026-10-05T02:03:42.1110436Z    Compiling semver v1.0.28
Arrow IO Rust 1.88 (ubuntu-24.04, both)	Run Arrow IO feature selection	2026-10-05T02:03:42.3141048Z    Compiling rustc_version v0.4.1
Arrow IO Rust 1.88 (ubuntu-24.04, both)	Run Arrow IO feature selection	2026-10-05T02:03:42.5170915Z    Compiling chrono v0.4.45
Arrow IO Rust 1.88 (ubuntu-24.04, both)	Run Arrow IO feature selection	2026-10-05T02:03:43.3020758Z    Compiling num-complex v0.4.6
Arrow IO Rust 1.88 (ubuntu-24.04, both)	Run Arrow IO feature selection	2026-10-05T02:03:43.4070733Z    Compiling hashbrown v0.17.1
Arrow IO Rust 1.88 (ubuntu-24.04, both)	Run Arrow IO feature selection	2026-10-05T02:03:43.6601144Z    Compiling flatbuffers v25.12.19
Arrow IO Rust 1.88 (ubuntu-24.04, both)	Run Arrow IO feature selection	2026-10-05T02:03:43.8563309Z    Compiling bitflags v2.13.2
Arrow IO Rust 1.88 (ubuntu-24.04, both)	Run Arrow IO feature selection	2026-10-05T02:03:43.8905337Z    Compiling syn v3.0.6
Arrow IO Rust 1.88 (ubuntu-24.04, both)	Run Arrow IO feature selection	2026-10-05T02:03:44.0791456Z    Compiling thiserror v2.0.20
Arrow IO Rust 1.88 (ubuntu-24.04, both)	Run Arrow IO feature selection	2026-10-05T02:03:44.1811589Z    Compiling zerocopy-derive v0.8.48
Arrow IO Rust 1.88 (ubuntu-24.04, both)	Run Arrow IO feature selection	2026-10-05T02:03:44.3048887Z    Compiling base64 v0.23.1
Arrow IO Rust 1.88 (ubuntu-24.04, both)	Run Arrow IO feature selection	2026-10-05T02:03:44.3810659Z    Compiling seq-macro v0.3.6
Arrow IO Rust 1.88 (ubuntu-24.04, both)	Run Arrow IO feature selection	2026-10-05T02:03:44.5890680Z    Compiling twox-hash v2.1.4
Arrow IO Rust 1.88 (ubuntu-24.04, both)	Run Arrow IO feature selection	2026-10-05T02:03:45.4983787Z    Compiling thiserror-impl v2.0.20
Arrow IO Rust 1.88 (ubuntu-24.04, both)	Run Arrow IO feature selection	2026-10-05T02:03:47.6385902Z    Compiling half v2.7.1
Arrow IO Rust 1.88 (ubuntu-24.04, both)	Run Arrow IO feature selection	2026-10-05T02:03:47.8173560Z    Compiling arrow-buffer v60.0.0
Arrow IO Rust 1.88 (ubuntu-24.04, both)	Run Arrow IO feature selection	2026-10-05T02:03:48.2927464Z    Compiling arrow-data v60.0.0
Arrow IO Rust 1.88 (ubuntu-24.04, both)	Run Arrow IO feature selection	2026-10-05T02:03:48.7982974Z    Compiling arrow-array v60.0.0
Arrow IO Rust 1.88 (ubuntu-24.04, both)	Run Arrow IO feature selection	2026-10-05T02:03:50.2930700Z    Compiling arrow-cmp v60.0.0
Arrow IO Rust 1.88 (ubuntu-24.04, both)	Run Arrow IO feature selection	2026-10-05T02:03:50.5570479Z    Compiling arrow-select v60.0.0
Arrow IO Rust 1.88 (ubuntu-24.04, both)	Run Arrow IO feature selection	2026-10-05T02:03:52.2831605Z    Compiling arrow-ipc v60.0.0
Arrow IO Rust 1.88 (ubuntu-24.04, both)	Run Arrow IO feature selection	2026-10-05T02:03:53.3310584Z    Compiling parquet v60.0.0
Arrow IO Rust 1.88 (ubuntu-24.04, both)	Run Arrow IO feature selection	2026-10-05T02:03:57.8061345Z    Compiling kairo-ecs-arrow-io v0.1.0 (/home/runner/work/kairos/kairos/crates/kairo-ecs-arrow-io)
Arrow IO Rust 1.88 (ubuntu-24.04, both)	Run Arrow IO feature selection	2026-10-05T02:04:05.3537805Z     Finished `test` profile [unoptimized + debuginfo] target(s) in 26.27s
Arrow IO Rust 1.88 (ubuntu-24.04, both)	Run Arrow IO feature selection	2026-10-05T02:04:05.3819703Z      Running unittests src/lib.rs (target/debug/deps/kairo_ecs_arrow_io-2e967515ef40311a)
Arrow IO Rust 1.88 (ubuntu-24.04, both)	Run Arrow IO feature selection	2026-10-05T02:04:05.3841631Z 
Arrow IO Rust 1.88 (ubuntu-24.04, both)	Run Arrow IO feature selection	2026-10-05T02:04:05.3841815Z running 27 tests
Arrow IO Rust 1.88 (ubuntu-24.04, both)	Run Arrow IO feature selection	2026-10-05T02:04:05.3848339Z test error::tests::limit_error_keeps_the_named_limit ... ok
Arrow IO Rust 1.88 (ubuntu-24.04, both)	Run Arrow IO feature selection	2026-10-05T02:04:05.3849714Z test ipc::tests::field_metadata_mismatch_is_rejected ... ok
Arrow IO Rust 1.88 (ubuntu-24.04, both)	Run Arrow IO feature selection	2026-10-05T02:04:05.3851936Z test ipc::tests::column_cap_is_checked_for_file_stream_and_writer_paths ... ok
Arrow IO Rust 1.88 (ubuntu-24.04, both)	Run Arrow IO feature selection	2026-10-05T02:04:05.3852582Z test ipc::tests::file_and_stream_keep_typed_empty_schema ... ok
Arrow IO Rust 1.88 (ubuntu-24.04, both)	Run Arrow IO feature selection	2026-10-05T02:04:05.3853144Z test ipc::tests::file_and_stream_round_trip_multiple_batches ... ok
Arrow IO Rust 1.88 (ubuntu-24.04, both)	Run Arrow IO feature selection	2026-10-05T02:04:05.3854173Z test ipc::tests::malformed_and_truncated_inputs_are_errors_not_panics ... ok
Arrow IO Rust 1.88 (ubuntu-24.04, both)	Run Arrow IO feature selection	2026-10-05T02:04:05.3860639Z test ipc::tests::file_batch_cap_is_checked_before_reading_batches ... ok
Arrow IO Rust 1.88 (ubuntu-24.04, both)	Run Arrow IO feature selection	2026-10-05T02:04:05.3861445Z test ipc::tests::writer_counts_zero_row_batches_too ... ok
Arrow IO Rust 1.88 (ubuntu-24.04, both)	Run Arrow IO feature selection	2026-10-05T02:04:05.3862382Z test limits::tests::bounded_buffer_accepts_exact_limit_and_rejects_before_appending_past_it ... ok
Arrow IO Rust 1.88 (ubuntu-24.04, both)	Run Arrow IO feature selection	2026-10-05T02:04:05.3862999Z test ipc::tests::zero_row_batch_counts_toward_batch_limit ... ok
Arrow IO Rust 1.88 (ubuntu-24.04, both)	Run Arrow IO feature selection	2026-10-05T02:04:05.3863601Z test limits::tests::checked_count_overflow_fails_closed ... ok
Arrow IO Rust 1.88 (ubuntu-24.04, both)	Run Arrow IO feature selection	2026-10-05T02:04:05.3864256Z test limits::tests::every_zero_cap_is_invalid ... ok
Arrow IO Rust 1.88 (ubuntu-24.04, both)	Run Arrow IO feature selection	2026-10-05T02:04:05.3865029Z test limits::tests::independent_input_column_batch_and_total_row_caps_are_enforced ... ok
Arrow IO Rust 1.88 (ubuntu-24.04, both)	Run Arrow IO feature selection	2026-10-05T02:04:05.3865970Z test ipc::tests::readers_reject_schema_mismatch_and_each_resource_limit ... ok
Arrow IO Rust 1.88 (ubuntu-24.04, both)	Run Arrow IO feature selection	2026-10-05T02:04:05.3866587Z test ipc::tests::writers_reject_output_cap_before_returning_partial_bytes ... ok
Arrow IO Rust 1.88 (ubuntu-24.04, both)	Run Arrow IO feature selection	2026-10-05T02:04:05.3867147Z test parquet::tests::malformed_and_truncated_files_are_errors_not_panics ... ok
Arrow IO Rust 1.88 (ubuntu-24.04, both)	Run Arrow IO feature selection	2026-10-05T02:04:05.3867690Z test parquet::tests::column_cap_is_checked_before_parquet_reader_or_writer_work ... ok
Arrow IO Rust 1.88 (ubuntu-24.04, both)	Run Arrow IO feature selection	2026-10-05T02:04:05.3868211Z test parquet::tests::field_metadata_mismatch_is_not_ignored ... ok
Arrow IO Rust 1.88 (ubuntu-24.04, both)	Run Arrow IO feature selection	2026-10-05T02:04:05.3870595Z test parquet::tests::caller_arrow_schema_metadata_round_trips_without_replacing_reserved_footer_value ... ok
Arrow IO Rust 1.88 (ubuntu-24.04, both)	Run Arrow IO feature selection	2026-10-05T02:04:05.3871439Z test parquet::tests::parquet_empty_batch_list_preserves_schema ... ok
Arrow IO Rust 1.88 (ubuntu-24.04, both)	Run Arrow IO feature selection	2026-10-05T02:04:05.3872222Z test parquet::tests::parquet_footer_copies_sorted_global_schema_metadata ... ok
Arrow IO Rust 1.88 (ubuntu-24.04, both)	Run Arrow IO feature selection	2026-10-05T02:04:05.3878563Z test parquet::tests::max_batches_counts_returned_batches_across_row_groups ... ok
Arrow IO Rust 1.88 (ubuntu-24.04, both)	Run Arrow IO feature selection	2026-10-05T02:04:05.3879648Z test parquet::tests::reader_enforces_encoded_bytes_rows_columns_and_schema ... ok
Arrow IO Rust 1.88 (ubuntu-24.04, both)	Run Arrow IO feature selection	2026-10-05T02:04:05.3884416Z test parquet::tests::schema_metadata_mismatch_is_not_ignored ... ok
Arrow IO Rust 1.88 (ubuntu-24.04, both)	Run Arrow IO feature selection	2026-10-05T02:04:05.3885411Z test parquet::tests::writer_prevalidates_batches_and_caps_output ... ok
Arrow IO Rust 1.88 (ubuntu-24.04, both)	Run Arrow IO feature selection	2026-10-05T02:04:05.3886195Z test parquet::tests::parquet_reader_restores_validated_schema_metadata_on_batches ... ok
Arrow IO Rust 1.88 (ubuntu-24.04, both)	Run Arrow IO feature selection	2026-10-05T02:04:05.3886830Z test parquet::tests::parquet_round_trip_bounds_row_groups_and_rows ... ok
Arrow IO Rust 1.88 (ubuntu-24.04, both)	Run Arrow IO feature selection	2026-10-05T02:04:05.3887067Z 
Arrow IO Rust 1.88 (ubuntu-24.04, both)	Run Arrow IO feature selection	2026-10-05T02:04:05.3887395Z test result: ok. 27 passed; 0 failed; 0 ignored; 0 measured; 0 filtered out; finished in 0.00s
Arrow IO Rust 1.88 (ubuntu-24.04, both)	Run Arrow IO feature selection	2026-10-05T02:04:05.3887791Z 
Arrow IO Rust 1.88 (ubuntu-24.04, both)	Run Arrow IO feature selection	2026-10-05T02:04:05.3893391Z      Running tests/calibration_physical_v2.rs (target/debug/deps/calibration_physical_v2-c6e1a82897a277be)
Arrow IO Rust 1.88 (ubuntu-24.04, both)	Run Arrow IO feature selection	2026-10-05T02:04:05.3907186Z 
Arrow IO Rust 1.88 (ubuntu-24.04, both)	Run Arrow IO feature selection	2026-10-05T02:04:05.3907325Z running 2 tests
Arrow IO Rust 1.88 (ubuntu-24.04, both)	Run Arrow IO feature selection	2026-10-05T02:04:05.4968067Z test actual_ipc_tables_use_full_frozen_schema_and_roundtrip ... ok
Arrow IO Rust 1.88 (ubuntu-24.04, both)	Run Arrow IO feature selection	2026-10-05T02:04:05.6451170Z test actual_parquet_tables_use_full_frozen_schema_and_roundtrip ... ok
Arrow IO Rust 1.88 (ubuntu-24.04, both)	Run Arrow IO feature selection	2026-10-05T02:04:05.6451586Z 
Arrow IO Rust 1.88 (ubuntu-24.04, both)	Run Arrow IO feature selection	2026-10-05T02:04:05.6451793Z test result: ok. 2 passed; 0 failed; 0 ignored; 0 measured; 0 filtered out; finished in 0.25s
Arrow IO Rust 1.88 (ubuntu-24.04, both)	Run Arrow IO feature selection	2026-10-05T02:04:05.6452095Z 
Arrow IO Rust 1.88 (ubuntu-24.04, both)	Run Arrow IO feature selection	2026-10-05T02:04:05.6458305Z      Running tests/ingestion_physical_v1.rs (target/debug/deps/ingestion_physical_v1-a12fcd040c4d9370)
Arrow IO Rust 1.88 (ubuntu-24.04, both)	Run Arrow IO feature selection	2026-10-05T02:04:05.6474366Z 
Arrow IO Rust 1.88 (ubuntu-24.04, both)	Run Arrow IO feature selection	2026-10-05T02:04:05.6474547Z running 1 test
Arrow IO Rust 1.88 (ubuntu-24.04, both)	Run Arrow IO feature selection	2026-10-05T02:04:06.3935614Z test actual_physical_tables_roundtrip_across_formats_orders_and_layouts ... ok
Arrow IO Rust 1.88 (ubuntu-24.04, both)	Run Arrow IO feature selection	2026-10-05T02:04:06.3936121Z 
Arrow IO Rust 1.88 (ubuntu-24.04, both)	Run Arrow IO feature selection	2026-10-05T02:04:06.3936336Z test result: ok. 1 passed; 0 failed; 0 ignored; 0 measured; 0 filtered out; finished in 0.75s
Arrow IO Rust 1.88 (ubuntu-24.04, both)	Run Arrow IO feature selection	2026-10-05T02:04:06.3936612Z 
Arrow IO Rust 1.88 (ubuntu-24.04, both)	Run Arrow IO feature selection	2026-10-05T02:04:06.3942458Z      Running tests/interop_v1.rs (target/debug/deps/interop_v1-d2ee857e1d78ab96)
Arrow IO Rust 1.88 (ubuntu-24.04, both)	Run Arrow IO feature selection	2026-10-05T02:04:06.3959123Z 
Arrow IO Rust 1.88 (ubuntu-24.04, both)	Run Arrow IO feature selection	2026-10-05T02:04:06.3959413Z running 1 test
Arrow IO Rust 1.88 (ubuntu-24.04, both)	Run Arrow IO feature selection	2026-10-05T02:04:06.3999239Z test pyarrow_fixtures_are_read_and_rust_transports_are_written ... ok
Arrow IO Rust 1.88 (ubuntu-24.04, both)	Run Arrow IO feature selection	2026-10-05T02:04:06.3999832Z 
Arrow IO Rust 1.88 (ubuntu-24.04, both)	Run Arrow IO feature selection	2026-10-05T02:04:06.4000143Z test result: ok. 1 passed; 0 failed; 0 ignored; 0 measured; 0 filtered out; finished in 0.00s
Arrow IO Rust 1.88 (ubuntu-24.04, both)	Run Arrow IO feature selection	2026-10-05T02:04:06.4000562Z 
Arrow IO Rust 1.88 (ubuntu-24.04, both)	Run Arrow IO feature selection	2026-10-05T02:04:06.4004274Z    Doc-tests kairo_ecs_arrow_io
Arrow IO Rust 1.88 (ubuntu-24.04, both)	Run Arrow IO feature selection	2026-10-05T02:04:06.4224155Z 
Arrow IO Rust 1.88 (ubuntu-24.04, both)	Run Arrow IO feature selection	2026-10-05T02:04:06.4224750Z running 0 tests
Arrow IO Rust 1.88 (ubuntu-24.04, both)	Run Arrow IO feature selection	2026-10-05T02:04:06.4224981Z 
Arrow IO Rust 1.88 (ubuntu-24.04, both)	Run Arrow IO feature selection	2026-10-05T02:04:06.4225328Z test result: ok. 0 passed; 0 failed; 0 ignored; 0 measured; 0 filtered out; finished in 0.00s
Arrow IO Rust 1.88 (ubuntu-24.04, both)	Run Arrow IO feature selection	2026-10-05T02:04:06.4225773Z 
Arrow IO Rust 1.88 (ubuntu-24.04, both)	Run Arrow IO feature selection	2026-10-05T02:04:06.4675573Z  Downloading crates ...
Arrow IO Rust 1.88 (ubuntu-24.04, both)	Run Arrow IO feature selection	2026-10-05T02:04:06.5064717Z   Downloaded block-buffer v0.12.1
Arrow IO Rust 1.88 (ubuntu-24.04, both)	Run Arrow IO feature selection	2026-10-05T02:04:06.5078148Z   Downloaded crypto-common v0.2.2
Arrow IO Rust 1.88 (ubuntu-24.04, both)	Run Arrow IO feature selection	2026-10-05T02:04:06.5388430Z   Downloaded cpufeatures v0.3.1
Arrow IO Rust 1.88 (ubuntu-24.04, both)	Run Arrow IO feature selection	2026-10-05T02:04:06.5405639Z   Downloaded sha2 v0.11.0
Arrow IO Rust 1.88 (ubuntu-24.04, both)	Run Arrow IO feature selection	2026-10-05T02:04:06.5440162Z   Downloaded zmij v1.0.21
Arrow IO Rust 1.88 (ubuntu-24.04, both)	Run Arrow IO feature selection	2026-10-05T02:04:06.5456992Z   Downloaded typenum v1.20.1
Arrow IO Rust 1.88 (ubuntu-24.04, both)	Run Arrow IO feature selection	2026-10-05T02:04:06.5487035Z   Downloaded serde_core v1.0.228
Arrow IO Rust 1.88 (ubuntu-24.04, both)	Run Arrow IO feature selection	2026-10-05T02:04:06.5509662Z   Downloaded memchr v2.8.0
Arrow IO Rust 1.88 (ubuntu-24.04, both)	Run Arrow IO feature selection	2026-10-05T02:04:06.5555236Z   Downloaded serde_json v1.0.149
Arrow IO Rust 1.88 (ubuntu-24.04, both)	Run Arrow IO feature selection	2026-10-05T02:04:06.5615211Z   Downloaded const-oid v0.10.2
Arrow IO Rust 1.88 (ubuntu-24.04, both)	Run Arrow IO feature selection	2026-10-05T02:04:06.5634677Z   Downloaded hybrid-array v0.4.15
Arrow IO Rust 1.88 (ubuntu-24.04, both)	Run Arrow IO feature selection	2026-10-05T02:04:06.5654280Z   Downloaded itoa v1.0.18
Arrow IO Rust 1.88 (ubuntu-24.04, both)	Run Arrow IO feature selection	2026-10-05T02:04:06.5666073Z   Downloaded digest v0.11.3
Arrow IO Rust 1.88 (ubuntu-24.04, both)	Run Arrow IO feature selection	2026-10-05T02:04:06.6075258Z    Compiling typenum v1.20.1
Arrow IO Rust 1.88 (ubuntu-24.04, both)	Run Arrow IO feature selection	2026-10-05T02:04:06.6076191Z    Compiling zmij v1.0.21
Arrow IO Rust 1.88 (ubuntu-24.04, both)	Run Arrow IO feature selection	2026-10-05T02:04:06.6077329Z    Compiling serde_core v1.0.228
Arrow IO Rust 1.88 (ubuntu-24.04, both)	Run Arrow IO feature selection	2026-10-05T02:04:06.6085635Z    Compiling kairo-ecs-types v0.0.0 (/home/runner/work/kairos/kairos/crates/kairo-ecs-types)
Arrow IO Rust 1.88 (ubuntu-24.04, both)	Run Arrow IO feature selection	2026-10-05T02:04:06.7496351Z    Compiling const-oid v0.10.2
Arrow IO Rust 1.88 (ubuntu-24.04, both)	Run Arrow IO feature selection	2026-10-05T02:04:06.8060379Z    Compiling serde_json v1.0.149
Arrow IO Rust 1.88 (ubuntu-24.04, both)	Run Arrow IO feature selection	2026-10-05T02:04:06.9453190Z    Compiling cpufeatures v0.3.1
Arrow IO Rust 1.88 (ubuntu-24.04, both)	Run Arrow IO feature selection	2026-10-05T02:04:06.9740673Z    Compiling itoa v1.0.18
Arrow IO Rust 1.88 (ubuntu-24.04, both)	Run Arrow IO feature selection	2026-10-05T02:04:07.0640556Z    Compiling memchr v2.8.0
Arrow IO Rust 1.88 (ubuntu-24.04, both)	Run Arrow IO feature selection	2026-10-05T02:04:07.0747573Z    Compiling kairo-ecs-arrow v0.1.0 (/home/runner/work/kairos/kairos/crates/kairo-ecs-arrow)
Arrow IO Rust 1.88 (ubuntu-24.04, both)	Run Arrow IO feature selection	2026-10-05T02:04:07.3770588Z    Compiling hybrid-array v0.4.15
Arrow IO Rust 1.88 (ubuntu-24.04, both)	Run Arrow IO feature selection	2026-10-05T02:04:07.5747463Z    Compiling kairo-ecs-rng v0.0.0 (/home/runner/work/kairos/kairos/crates/kairo-ecs-rng)
Arrow IO Rust 1.88 (ubuntu-24.04, both)	Run Arrow IO feature selection	2026-10-05T02:04:07.7500296Z    Compiling crypto-common v0.2.2
Arrow IO Rust 1.88 (ubuntu-24.04, both)	Run Arrow IO feature selection	2026-10-05T02:04:07.7501729Z    Compiling block-buffer v0.12.1
Arrow IO Rust 1.88 (ubuntu-24.04, both)	Run Arrow IO feature selection	2026-10-05T02:04:08.2090658Z    Compiling digest v0.11.3
Arrow IO Rust 1.88 (ubuntu-24.04, both)	Run Arrow IO feature selection	2026-10-05T02:04:08.3566395Z    Compiling sha2 v0.11.0
Arrow IO Rust 1.88 (ubuntu-24.04, both)	Run Arrow IO feature selection	2026-10-05T02:04:08.8104578Z    Compiling kairo-ecs-calibration v0.1.0 (/home/runner/work/kairos/kairos/crates/kairo-ecs-calibration)
Arrow IO Rust 1.88 (ubuntu-24.04, both)	Run Arrow IO feature selection	2026-10-05T02:04:09.6115538Z warning: this lint expectation is unfulfilled
Arrow IO Rust 1.88 (ubuntu-24.04, both)	Run Arrow IO feature selection	2026-10-05T02:04:09.6116120Z  --> crates/kairo-ecs-calibration/src/lib.rs:8:5
Arrow IO Rust 1.88 (ubuntu-24.04, both)	Run Arrow IO feature selection	2026-10-05T02:04:09.6116474Z   |
Arrow IO Rust 1.88 (ubuntu-24.04, both)	Run Arrow IO feature selection	2026-10-05T02:04:09.6116676Z 8 |     dead_code,
Arrow IO Rust 1.88 (ubuntu-24.04, both)	Run Arrow IO feature selection	2026-10-05T02:04:09.6116943Z   |     ^^^^^^^^^
Arrow IO Rust 1.88 (ubuntu-24.04, both)	Run Arrow IO feature selection	2026-10-05T02:04:09.6117175Z   |
Arrow IO Rust 1.88 (ubuntu-24.04, both)	Run Arrow IO feature selection	2026-10-05T02:04:09.6117649Z   = note: Private cohort adapter is qualified by C4.2 integration tests; public API review remains open
Arrow IO Rust 1.88 (ubuntu-24.04, both)	Run Arrow IO feature selection	2026-10-05T02:04:09.6118352Z   = note: `#[warn(unfulfilled_lint_expectations)]` on by default
Arrow IO Rust 1.88 (ubuntu-24.04, both)	Run Arrow IO feature selection	2026-10-05T02:04:09.6118652Z 
Arrow IO Rust 1.88 (ubuntu-24.04, both)	Run Arrow IO feature selection	2026-10-05T02:04:09.6118787Z warning: this lint expectation is unfulfilled
Arrow IO Rust 1.88 (ubuntu-24.04, both)	Run Arrow IO feature selection	2026-10-05T02:04:09.6119170Z   --> crates/kairo-ecs-calibration/src/lib.rs:33:9
Arrow IO Rust 1.88 (ubuntu-24.04, both)	Run Arrow IO feature selection	2026-10-05T02:04:09.6119736Z    |
Arrow IO Rust 1.88 (ubuntu-24.04, both)	Run Arrow IO feature selection	2026-10-05T02:04:09.6119955Z 33 |         dead_code,
Arrow IO Rust 1.88 (ubuntu-24.04, both)	Run Arrow IO feature selection	2026-10-05T02:04:09.6120206Z    |         ^^^^^^^^^
Arrow IO Rust 1.88 (ubuntu-24.04, both)	Run Arrow IO feature selection	2026-10-05T02:04:09.6120440Z    |
Arrow IO Rust 1.88 (ubuntu-24.04, both)	Run Arrow IO feature selection	2026-10-05T02:04:09.6120869Z    = note: Private C1 adapters are exercised by conformance tests; public API review is pending
Arrow IO Rust 1.88 (ubuntu-24.04, both)	Run Arrow IO feature selection	2026-10-05T02:04:09.6121309Z 
Arrow IO Rust 1.88 (ubuntu-24.04, both)	Run Arrow IO feature selection	2026-10-05T02:04:09.6121446Z warning: this lint expectation is unfulfilled
Arrow IO Rust 1.88 (ubuntu-24.04, both)	Run Arrow IO feature selection	2026-10-05T02:04:09.6121841Z   --> crates/kairo-ecs-calibration/src/lib.rs:43:9
Arrow IO Rust 1.88 (ubuntu-24.04, both)	Run Arrow IO feature selection	2026-10-05T02:04:09.6122182Z    |
Arrow IO Rust 1.88 (ubuntu-24.04, both)	Run Arrow IO feature selection	2026-10-05T02:04:09.6122392Z 43 |         dead_code,
Arrow IO Rust 1.88 (ubuntu-24.04, both)	Run Arrow IO feature selection	2026-10-05T02:04:09.6122640Z    |         ^^^^^^^^^
Arrow IO Rust 1.88 (ubuntu-24.04, both)	Run Arrow IO feature selection	2026-10-05T02:04:09.6122864Z    |
Arrow IO Rust 1.88 (ubuntu-24.04, both)	Run Arrow IO feature selection	2026-10-05T02:04:09.6123272Z    = note: Private C1 adapters are exercised by conformance tests; public API review is pending
Arrow IO Rust 1.88 (ubuntu-24.04, both)	Run Arrow IO feature selection	2026-10-05T02:04:09.6123673Z 
Arrow IO Rust 1.88 (ubuntu-24.04, both)	Run Arrow IO feature selection	2026-10-05T02:04:09.6123807Z warning: this lint expectation is unfulfilled
Arrow IO Rust 1.88 (ubuntu-24.04, both)	Run Arrow IO feature selection	2026-10-05T02:04:09.6124165Z   --> crates/kairo-ecs-calibration/src/lib.rs:71:9
Arrow IO Rust 1.88 (ubuntu-24.04, both)	Run Arrow IO feature selection	2026-10-05T02:04:09.6124504Z    |
Arrow IO Rust 1.88 (ubuntu-24.04, both)	Run Arrow IO feature selection	2026-10-05T02:04:09.6125266Z 71 |         dead_code,
Arrow IO Rust 1.88 (ubuntu-24.04, both)	Run Arrow IO feature selection	2026-10-05T02:04:09.6125509Z    |         ^^^^^^^^^
Arrow IO Rust 1.88 (ubuntu-24.04, both)	Run Arrow IO feature selection	2026-10-05T02:04:09.6125731Z    |
Arrow IO Rust 1.88 (ubuntu-24.04, both)	Run Arrow IO feature selection	2026-10-05T02:04:09.6126121Z    = note: Private C1 adapters are exercised by conformance tests; public API review is pending
Arrow IO Rust 1.88 (ubuntu-24.04, both)	Run Arrow IO feature selection	2026-10-05T02:04:09.6126518Z 
Arrow IO Rust 1.88 (ubuntu-24.04, both)	Run Arrow IO feature selection	2026-10-05T02:04:09.8146155Z warning: `kairo-ecs-calibration` (lib) generated 4 warnings
Arrow IO Rust 1.88 (ubuntu-24.04, both)	Run Arrow IO feature selection	2026-10-05T02:04:10.0322085Z warning: this lint expectation is unfulfilled
Arrow IO Rust 1.88 (ubuntu-24.04, both)	Run Arrow IO feature selection	2026-10-05T02:04:10.0322949Z  --> crates/kairo-ecs-calibration/tests/../src/arrow_output.rs:3:5
Arrow IO Rust 1.88 (ubuntu-24.04, both)	Run Arrow IO feature selection	2026-10-05T02:04:10.0323627Z   |
Arrow IO Rust 1.88 (ubuntu-24.04, both)	Run Arrow IO feature selection	2026-10-05T02:04:10.0323993Z 3 |     dead_code,
Arrow IO Rust 1.88 (ubuntu-24.04, both)	Run Arrow IO feature selection	2026-10-05T02:04:10.0324383Z   |     ^^^^^^^^^
Arrow IO Rust 1.88 (ubuntu-24.04, both)	Run Arrow IO feature selection	2026-10-05T02:04:10.0324756Z   |
Arrow IO Rust 1.88 (ubuntu-24.04, both)	Run Arrow IO feature selection	2026-10-05T02:04:10.0325307Z   = note: private C4.3 codec is path-imported by its focused integration qualification
Arrow IO Rust 1.88 (ubuntu-24.04, both)	Run Arrow IO feature selection	2026-10-05T02:04:10.0326073Z   = note: `#[warn(unfulfilled_lint_expectations)]` on by default
Arrow IO Rust 1.88 (ubuntu-24.04, both)	Run Arrow IO feature selection	2026-10-05T02:04:10.0326524Z 
Arrow IO Rust 1.88 (ubuntu-24.04, both)	Run Arrow IO feature selection	2026-10-05T02:04:12.9875202Z warning: `kairo-ecs-calibration` (test "arrow_output_c43") generated 1 warning
Arrow IO Rust 1.88 (ubuntu-24.04, both)	Run Arrow IO feature selection	2026-10-05T02:04:14.1817108Z warning: `kairo-ecs-calibration` (test "sidecar_pipeline_c43") generated 1 warning (1 duplicate)
Arrow IO Rust 1.88 (ubuntu-24.04, both)	Run Arrow IO feature selection	2026-10-05T02:04:14.1817665Z     Finished `test` profile [unoptimized + debuginfo] target(s) in 7.74s
Arrow IO Rust 1.88 (ubuntu-24.04, both)	Run Arrow IO feature selection	2026-10-05T02:04:14.1887192Z      Running tests/arrow_output_c43.rs (target/debug/deps/arrow_output_c43-68359f20973a210b)
Arrow IO Rust 1.88 (ubuntu-24.04, both)	Run Arrow IO feature selection	2026-10-05T02:04:14.1903483Z 
Arrow IO Rust 1.88 (ubuntu-24.04, both)	Run Arrow IO feature selection	2026-10-05T02:04:14.1903611Z running 7 tests
Arrow IO Rust 1.88 (ubuntu-24.04, both)	Run Arrow IO feature selection	2026-10-05T02:04:14.1920812Z test c43_residual_sort_uses_raw_string_order_for_escaped_ids ... ok
Arrow IO Rust 1.88 (ubuntu-24.04, both)	Run Arrow IO feature selection	2026-10-05T02:04:14.1930438Z test c43_rejects_inconsistent_residual_unknown_fields_and_duplicate_records ... ok
Arrow IO Rust 1.88 (ubuntu-24.04, both)	Run Arrow IO feature selection	2026-10-05T02:04:14.1931118Z test c43_roundtrips_full_width_ticks_nulls_and_canonical_strata ... ok
Arrow IO Rust 1.88 (ubuntu-24.04, both)	Run Arrow IO feature selection	2026-10-05T02:04:14.1931714Z test c43_schemas_preserve_empty_shapes_and_output_types ... ok
Arrow IO Rust 1.88 (ubuntu-24.04, both)	Run Arrow IO feature selection	2026-10-05T02:04:14.1932228Z test c43_sort_uses_full_residual_identity_and_numeric_occurrence ... ok
Arrow IO Rust 1.88 (ubuntu-24.04, both)	Run Arrow IO feature selection	2026-10-05T02:04:14.1932740Z test c43_validates_frozen_keys_metric_semantics_and_decode_rows ... ok
Arrow IO Rust 1.88 (ubuntu-24.04, both)	Run Arrow IO feature selection	2026-10-05T02:04:14.2002381Z test c43_actual_ipc_file_stream_and_parquet_roundtrip ... ok
Arrow IO Rust 1.88 (ubuntu-24.04, both)	Run Arrow IO feature selection	2026-10-05T02:04:14.2002745Z 
Arrow IO Rust 1.88 (ubuntu-24.04, both)	Run Arrow IO feature selection	2026-10-05T02:04:14.2003065Z test result: ok. 7 passed; 0 failed; 0 ignored; 0 measured; 0 filtered out; finished in 0.01s
Arrow IO Rust 1.88 (ubuntu-24.04, both)	Run Arrow IO feature selection	2026-10-05T02:04:14.2003515Z 
Arrow IO Rust 1.88 (ubuntu-24.04, both)	Run Arrow IO feature selection	2026-10-05T02:04:14.2008860Z      Running tests/sidecar_adapter_c43.rs (target/debug/deps/sidecar_adapter_c43-75e49564903b5f30)
Arrow IO Rust 1.88 (ubuntu-24.04, both)	Run Arrow IO feature selection	2026-10-05T02:04:14.2018301Z 
Arrow IO Rust 1.88 (ubuntu-24.04, both)	Run Arrow IO feature selection	2026-10-05T02:04:14.2018456Z running 12 tests
Arrow IO Rust 1.88 (ubuntu-24.04, both)	Run Arrow IO feature selection	2026-10-05T02:04:14.2042430Z test c43_contradictory_source_clocks_fail_and_retain_both_raw_sides ... ok
Arrow IO Rust 1.88 (ubuntu-24.04, both)	Run Arrow IO feature selection	2026-10-05T02:04:14.2043766Z test c43_empty_residual_population_still_emits_declared_empty_metric_summaries ... ok
Arrow IO Rust 1.88 (ubuntu-24.04, both)	Run Arrow IO feature selection	2026-10-05T02:04:14.2044729Z test c43_emits_c0_sidecars_from_kernels_and_joins_explicit_event ... ok
Arrow IO Rust 1.88 (ubuntu-24.04, both)	Run Arrow IO feature selection	2026-10-05T02:04:14.2045525Z test c43_in_window_nonpoint_is_ineligible_but_not_window_excluded ... ok
Arrow IO Rust 1.88 (ubuntu-24.04, both)	Run Arrow IO feature selection	2026-10-05T02:04:14.2061279Z test c43_max_u128_is_exact_and_window_exclusion_does_not_rewrite_point_residual ... ok
Arrow IO Rust 1.88 (ubuntu-24.04, both)	Run Arrow IO feature selection	2026-10-05T02:04:14.2070511Z test c43_failed_prediction_preserves_reference_censor_and_missing_lineage ... ok
Arrow IO Rust 1.88 (ubuntu-24.04, both)	Run Arrow IO feature selection	2026-10-05T02:04:14.2071329Z test c43_input_permutation_preserves_logical_records_and_metric_bits ... ok
Arrow IO Rust 1.88 (ubuntu-24.04, both)	Run Arrow IO feature selection	2026-10-05T02:04:14.2071998Z test c43_noncomputed_statuses_keep_null_contract_and_overlapping_counts ... ok
Arrow IO Rust 1.88 (ubuntu-24.04, both)	Run Arrow IO feature selection	2026-10-05T02:04:14.2082434Z test c43_invalid_run_event_hash_and_duplicate_key_fail_with_raw_diagnostics ... ok
Arrow IO Rust 1.88 (ubuntu-24.04, both)	Run Arrow IO feature selection	2026-10-05T02:04:14.2088209Z test c43_structurally_invalid_metric_rows_fail_with_both_raw_cohorts ... ok
Arrow IO Rust 1.88 (ubuntu-24.04, both)	Run Arrow IO feature selection	2026-10-05T02:04:14.2091942Z test c43_paired_metric_denominator_is_matched_pairs_and_manifest_keeps_cohort_counts ... ok
Arrow IO Rust 1.88 (ubuntu-24.04, both)	Run Arrow IO feature selection	2026-10-05T02:04:14.2116125Z test c43_unmatched_missing_failed_and_infeasible_pairs_keep_schema_statuses ... ok
Arrow IO Rust 1.88 (ubuntu-24.04, both)	Run Arrow IO feature selection	2026-10-05T02:04:14.2116558Z 
Arrow IO Rust 1.88 (ubuntu-24.04, both)	Run Arrow IO feature selection	2026-10-05T02:04:14.2116848Z test result: ok. 12 passed; 0 failed; 0 ignored; 0 measured; 0 filtered out; finished in 0.01s
Arrow IO Rust 1.88 (ubuntu-24.04, both)	Run Arrow IO feature selection	2026-10-05T02:04:14.2117138Z 
Arrow IO Rust 1.88 (ubuntu-24.04, both)	Run Arrow IO feature selection	2026-10-05T02:04:14.2119070Z      Running tests/sidecar_pipeline_c43.rs (target/debug/deps/sidecar_pipeline_c43-2fc79318dcf68bba)
Arrow IO Rust 1.88 (ubuntu-24.04, both)	Run Arrow IO feature selection	2026-10-05T02:04:14.2132789Z 
Arrow IO Rust 1.88 (ubuntu-24.04, both)	Run Arrow IO feature selection	2026-10-05T02:04:14.2132957Z running 2 tests
Arrow IO Rust 1.88 (ubuntu-24.04, both)	Run Arrow IO feature selection	2026-10-05T02:04:14.2167757Z test c43_empty_runtime_preserves_typed_residual_schema_and_null_metrics ... ok
Arrow IO Rust 1.88 (ubuntu-24.04, both)	Run Arrow IO feature selection	2026-10-05T02:04:14.3062483Z test c43_runtime_records_and_hashes_survive_permutation_and_physical_framing ... ok
Arrow IO Rust 1.88 (ubuntu-24.04, both)	Run Arrow IO feature selection	2026-10-05T02:04:14.3062986Z 
Arrow IO Rust 1.88 (ubuntu-24.04, both)	Run Arrow IO feature selection	2026-10-05T02:04:14.3063315Z test result: ok. 2 passed; 0 failed; 0 ignored; 0 measured; 0 filtered out; finished in 0.09s
Arrow IO Rust 1.88 (ubuntu-24.04, both)	Run Arrow IO feature selection	2026-10-05T02:04:14.3063787Z 
Arrow IO Rust 1.88 (ubuntu-24.04, both)	Run Arrow IO feature selection	2026-10-05T02:04:14.5435809Z {
Arrow IO Rust 1.88 (ubuntu-24.04, both)	Run Arrow IO feature selection	2026-10-05T02:04:14.5436148Z   "controls": [
Arrow IO Rust 1.88 (ubuntu-24.04, both)	Run Arrow IO feature selection	2026-10-05T02:04:14.5436385Z     {
Arrow IO Rust 1.88 (ubuntu-24.04, both)	Run Arrow IO feature selection	2026-10-05T02:04:14.5436639Z       "file": "residual.ipc_file",
Arrow IO Rust 1.88 (ubuntu-24.04, both)	Run Arrow IO feature selection	2026-10-05T02:04:14.5436973Z       "id": "wrong_type",
Arrow IO Rust 1.88 (ubuntu-24.04, both)	Run Arrow IO feature selection	2026-10-05T02:04:14.5437465Z       "rejection": "ValueError: residual physical schema/type/order/nullability/metadata mismatch"
Arrow IO Rust 1.88 (ubuntu-24.04, both)	Run Arrow IO feature selection	2026-10-05T02:04:14.5437968Z     },
Arrow IO Rust 1.88 (ubuntu-24.04, both)	Run Arrow IO feature selection	2026-10-05T02:04:14.5438157Z     {
Arrow IO Rust 1.88 (ubuntu-24.04, both)	Run Arrow IO feature selection	2026-10-05T02:04:14.5438412Z       "file": "residual.ipc_stream",
Arrow IO Rust 1.88 (ubuntu-24.04, both)	Run Arrow IO feature selection	2026-10-05T02:04:14.5438697Z       "id": "mutated_u128",
Arrow IO Rust 1.88 (ubuntu-24.04, both)	Run Arrow IO feature selection	2026-10-05T02:04:14.5439157Z       "rejection": "ValueError: residual physical values/nulls differ from actual logical JSON"
Arrow IO Rust 1.88 (ubuntu-24.04, both)	Run Arrow IO feature selection	2026-10-05T02:04:14.5439990Z     },
Arrow IO Rust 1.88 (ubuntu-24.04, both)	Run Arrow IO feature selection	2026-10-05T02:04:14.5440226Z     {
Arrow IO Rust 1.88 (ubuntu-24.04, both)	Run Arrow IO feature selection	2026-10-05T02:04:14.5440460Z       "file": "residual.parquet",
Arrow IO Rust 1.88 (ubuntu-24.04, both)	Run Arrow IO feature selection	2026-10-05T02:04:14.5440763Z       "id": "required_null",
Arrow IO Rust 1.88 (ubuntu-24.04, both)	Run Arrow IO feature selection	2026-10-05T02:04:14.5441263Z       "rejection": "ValueError: residual physical schema/type/order/nullability/metadata mismatch"
Arrow IO Rust 1.88 (ubuntu-24.04, both)	Run Arrow IO feature selection	2026-10-05T02:04:14.5442045Z     },
Arrow IO Rust 1.88 (ubuntu-24.04, both)	Run Arrow IO feature selection	2026-10-05T02:04:14.5442232Z     {
Arrow IO Rust 1.88 (ubuntu-24.04, both)	Run Arrow IO feature selection	2026-10-05T02:04:14.5442462Z       "file": "residual.parquet",
Arrow IO Rust 1.88 (ubuntu-24.04, both)	Run Arrow IO feature selection	2026-10-05T02:04:14.5442861Z       "id": "wrong_metadata",
Arrow IO Rust 1.88 (ubuntu-24.04, both)	Run Arrow IO feature selection	2026-10-05T02:04:14.5443424Z       "rejection": "ValueError: residual physical schema/type/order/nullability/metadata mismatch"
Arrow IO Rust 1.88 (ubuntu-24.04, both)	Run Arrow IO feature selection	2026-10-05T02:04:14.5443930Z     }
Arrow IO Rust 1.88 (ubuntu-24.04, both)	Run Arrow IO feature selection	2026-10-05T02:04:14.5444113Z   ],
Arrow IO Rust 1.88 (ubuntu-24.04, both)	Run Arrow IO feature selection	2026-10-05T02:04:14.5444698Z   "logical_schema_validation": "bounded evaluator for unchanged C0 residual/metric definitions; fails closed on unsupported keywords",
Arrow IO Rust 1.88 (ubuntu-24.04, both)	Run Arrow IO feature selection	2026-10-05T02:04:14.5445978Z   "positive_oracle": "typed Arrow IPC file/stream and Parquet tables match independently frozen schemas and canonical logical records; residual 0-to-u128-max exact difference retained",
Arrow IO Rust 1.88 (ubuntu-24.04, both)	Run Arrow IO feature selection	2026-10-05T02:04:14.5446878Z   "pyarrow": "25.0.1",
Arrow IO Rust 1.88 (ubuntu-24.04, both)	Run Arrow IO feature selection	2026-10-05T02:04:14.5447147Z   "status": "pass"
Arrow IO Rust 1.88 (ubuntu-24.04, both)	Run Arrow IO feature selection	2026-10-05T02:04:14.5447364Z }
Arrow IO Rust 1.88 (ubuntu-24.04, both)	Run Arrow IO feature selection	2026-10-05T02:04:15.2652607Z {
Arrow IO Rust 1.88 (ubuntu-24.04, both)	Run Arrow IO feature selection	2026-10-05T02:04:15.2652990Z   "actual_manifest_mutation_controls": [
Arrow IO Rust 1.88 (ubuntu-24.04, both)	Run Arrow IO feature selection	2026-10-05T02:04:15.2653375Z     {
Arrow IO Rust 1.88 (ubuntu-24.04, both)	Run Arrow IO feature selection	2026-10-05T02:04:15.2653631Z       "control": "residual_pairs",
Arrow IO Rust 1.88 (ubuntu-24.04, both)	Run Arrow IO feature selection	2026-10-05T02:04:15.2653867Z       "expected": "reject",
Arrow IO Rust 1.88 (ubuntu-24.04, both)	Run Arrow IO feature selection	2026-10-05T02:04:15.2654228Z       "observed": "ValueError: join_manifest residual_pairs differs from residual records"
Arrow IO Rust 1.88 (ubuntu-24.04, both)	Run Arrow IO feature selection	2026-10-05T02:04:15.2654770Z     },
Arrow IO Rust 1.88 (ubuntu-24.04, both)	Run Arrow IO feature selection	2026-10-05T02:04:15.2654929Z     {
Arrow IO Rust 1.88 (ubuntu-24.04, both)	Run Arrow IO feature selection	2026-10-05T02:04:15.2655093Z       "control": "residual_raw_rows",
Arrow IO Rust 1.88 (ubuntu-24.04, both)	Run Arrow IO feature selection	2026-10-05T02:04:15.2655309Z       "expected": "reject",
Arrow IO Rust 1.88 (ubuntu-24.04, both)	Run Arrow IO feature selection	2026-10-05T02:04:15.2655621Z       "observed": "ValueError: join_manifest residual_raw_rows differs from retained raw records"
Arrow IO Rust 1.88 (ubuntu-24.04, both)	Run Arrow IO feature selection	2026-10-05T02:04:15.2655968Z     },
Arrow IO Rust 1.88 (ubuntu-24.04, both)	Run Arrow IO feature selection	2026-10-05T02:04:15.2656108Z     {
Arrow IO Rust 1.88 (ubuntu-24.04, both)	Run Arrow IO feature selection	2026-10-05T02:04:15.2656264Z       "control": "residual_hash",
Arrow IO Rust 1.88 (ubuntu-24.04, both)	Run Arrow IO feature selection	2026-10-05T02:04:15.2656463Z       "expected": "reject",
Arrow IO Rust 1.88 (ubuntu-24.04, both)	Run Arrow IO feature selection	2026-10-05T02:04:15.2656844Z       "observed": "ValueError: join_manifest residual_raw_rows_canonical_sha256 differs from canonical raw_records array"
Arrow IO Rust 1.88 (ubuntu-24.04, both)	Run Arrow IO feature selection	2026-10-05T02:04:15.2657226Z     },
Arrow IO Rust 1.88 (ubuntu-24.04, both)	Run Arrow IO feature selection	2026-10-05T02:04:15.2657368Z     {
Arrow IO Rust 1.88 (ubuntu-24.04, both)	Run Arrow IO feature selection	2026-10-05T02:04:15.2657520Z       "control": "metric_raw_count",
Arrow IO Rust 1.88 (ubuntu-24.04, both)	Run Arrow IO feature selection	2026-10-05T02:04:15.2657737Z       "expected": "reject",
Arrow IO Rust 1.88 (ubuntu-24.04, both)	Run Arrow IO feature selection	2026-10-05T02:04:15.2658044Z       "observed": "ValueError: metric reference raw-row count differs from join/source manifest"
Arrow IO Rust 1.88 (ubuntu-24.04, both)	Run Arrow IO feature selection	2026-10-05T02:04:15.2658375Z     },
Arrow IO Rust 1.88 (ubuntu-24.04, both)	Run Arrow IO feature selection	2026-10-05T02:04:15.2658514Z     {
Arrow IO Rust 1.88 (ubuntu-24.04, both)	Run Arrow IO feature selection	2026-10-05T02:04:15.2658667Z       "control": "metric_hash",
Arrow IO Rust 1.88 (ubuntu-24.04, both)	Run Arrow IO feature selection	2026-10-05T02:04:15.2658865Z       "expected": "reject",
Arrow IO Rust 1.88 (ubuntu-24.04, both)	Run Arrow IO feature selection	2026-10-05T02:04:15.2659206Z       "observed": "ValueError: metric_raw_rows_canonical_sha256 differs from retained metric raw records"
Arrow IO Rust 1.88 (ubuntu-24.04, both)	Run Arrow IO feature selection	2026-10-05T02:04:15.2659981Z     },
Arrow IO Rust 1.88 (ubuntu-24.04, both)	Run Arrow IO feature selection	2026-10-05T02:04:15.2660120Z     {
Arrow IO Rust 1.88 (ubuntu-24.04, both)	Run Arrow IO feature selection	2026-10-05T02:04:15.2660276Z       "control": "group_unmatched",
Arrow IO Rust 1.88 (ubuntu-24.04, both)	Run Arrow IO feature selection	2026-10-05T02:04:15.2660487Z       "expected": "reject",
Arrow IO Rust 1.88 (ubuntu-24.04, both)	Run Arrow IO feature selection	2026-10-05T02:04:15.2660780Z       "observed": "ValueError: C4.2 group diagnostic unmatched_count expected 9, got 4"
Arrow IO Rust 1.88 (ubuntu-24.04, both)	Run Arrow IO feature selection	2026-10-05T02:04:15.2661084Z     },
Arrow IO Rust 1.88 (ubuntu-24.04, both)	Run Arrow IO feature selection	2026-10-05T02:04:15.2661220Z     {
Arrow IO Rust 1.88 (ubuntu-24.04, both)	Run Arrow IO feature selection	2026-10-05T02:04:15.2661376Z       "control": "event_handle",
Arrow IO Rust 1.88 (ubuntu-24.04, both)	Run Arrow IO feature selection	2026-10-05T02:04:15.2661625Z       "expected": "reject",
Arrow IO Rust 1.88 (ubuntu-24.04, both)	Run Arrow IO feature selection	2026-10-05T02:04:15.2661939Z       "observed": "ValueError: join_manifest row 0 event handle bytes disagree with causal_ref"
Arrow IO Rust 1.88 (ubuntu-24.04, both)	Run Arrow IO feature selection	2026-10-05T02:04:15.2662261Z     },
Arrow IO Rust 1.88 (ubuntu-24.04, both)	Run Arrow IO feature selection	2026-10-05T02:04:15.2662403Z     {
Arrow IO Rust 1.88 (ubuntu-24.04, both)	Run Arrow IO feature selection	2026-10-05T02:04:15.2662561Z       "control": "residual_status",
Arrow IO Rust 1.88 (ubuntu-24.04, both)	Run Arrow IO feature selection	2026-10-05T02:04:15.2662760Z       "expected": "reject",
Arrow IO Rust 1.88 (ubuntu-24.04, both)	Run Arrow IO feature selection	2026-10-05T02:04:15.2663067Z       "observed": "ValueError: join_manifest residual status/uniqueness differs from sidecar"
Arrow IO Rust 1.88 (ubuntu-24.04, both)	Run Arrow IO feature selection	2026-10-05T02:04:15.2663382Z     },
Arrow IO Rust 1.88 (ubuntu-24.04, both)	Run Arrow IO feature selection	2026-10-05T02:04:15.2663519Z     {
Arrow IO Rust 1.88 (ubuntu-24.04, both)	Run Arrow IO feature selection	2026-10-05T02:04:15.2664251Z       "control": "missing_join_manifest.json",
Arrow IO Rust 1.88 (ubuntu-24.04, both)	Run Arrow IO feature selection	2026-10-05T02:04:15.2664769Z       "expected": "reject",
Arrow IO Rust 1.88 (ubuntu-24.04, both)	Run Arrow IO feature selection	2026-10-05T02:04:15.2665066Z       "observed": "ValueError: required runtime evidence missing or empty: join_manifest.json"
Arrow IO Rust 1.88 (ubuntu-24.04, both)	Run Arrow IO feature selection	2026-10-05T02:04:15.2665377Z     },
Arrow IO Rust 1.88 (ubuntu-24.04, both)	Run Arrow IO feature selection	2026-10-05T02:04:15.2666092Z     {
Arrow IO Rust 1.88 (ubuntu-24.04, both)	Run Arrow IO feature selection	2026-10-05T02:04:15.2666495Z       "control": "empty_join_manifest.json",
Arrow IO Rust 1.88 (ubuntu-24.04, both)	Run Arrow IO feature selection	2026-10-05T02:04:15.2666718Z       "expected": "reject",
Arrow IO Rust 1.88 (ubuntu-24.04, both)	Run Arrow IO feature selection	2026-10-05T02:04:15.2667021Z       "observed": "ValueError: required runtime evidence missing or empty: join_manifest.json"
Arrow IO Rust 1.88 (ubuntu-24.04, both)	Run Arrow IO feature selection	2026-10-05T02:04:15.2668641Z     },
Arrow IO Rust 1.88 (ubuntu-24.04, both)	Run Arrow IO feature selection	2026-10-05T02:04:15.2668782Z     {
Arrow IO Rust 1.88 (ubuntu-24.04, both)	Run Arrow IO feature selection	2026-10-05T02:04:15.2670160Z       "control": "missing_source_manifest.json",
Arrow IO Rust 1.88 (ubuntu-24.04, both)	Run Arrow IO feature selection	2026-10-05T02:04:15.2670513Z       "expected": "reject",
Arrow IO Rust 1.88 (ubuntu-24.04, both)	Run Arrow IO feature selection	2026-10-05T02:04:15.2671622Z       "observed": "ValueError: required runtime evidence missing or empty: source_manifest.json"
Arrow IO Rust 1.88 (ubuntu-24.04, both)	Run Arrow IO feature selection	2026-10-05T02:04:15.2671966Z     },
Arrow IO Rust 1.88 (ubuntu-24.04, both)	Run Arrow IO feature selection	2026-10-05T02:04:15.2672123Z     {
Arrow IO Rust 1.88 (ubuntu-24.04, both)	Run Arrow IO feature selection	2026-10-05T02:04:15.2672739Z       "control": "empty_source_manifest.json",
Arrow IO Rust 1.88 (ubuntu-24.04, both)	Run Arrow IO feature selection	2026-10-05T02:04:15.2673374Z       "expected": "reject",
Arrow IO Rust 1.88 (ubuntu-24.04, both)	Run Arrow IO feature selection	2026-10-05T02:04:15.2673698Z       "observed": "ValueError: required runtime evidence missing or empty: source_manifest.json"
Arrow IO Rust 1.88 (ubuntu-24.04, both)	Run Arrow IO feature selection	2026-10-05T02:04:15.2674838Z     },
Arrow IO Rust 1.88 (ubuntu-24.04, both)	Run Arrow IO feature selection	2026-10-05T02:04:15.2674990Z     {
Arrow IO Rust 1.88 (ubuntu-24.04, both)	Run Arrow IO feature selection	2026-10-05T02:04:15.2675501Z       "control": "missing_event_log.smoke",
Arrow IO Rust 1.88 (ubuntu-24.04, both)	Run Arrow IO feature selection	2026-10-05T02:04:15.2676048Z       "expected": "reject",
Arrow IO Rust 1.88 (ubuntu-24.04, both)	Run Arrow IO feature selection	2026-10-05T02:04:15.2676466Z       "observed": "ValueError: required runtime evidence missing or empty: event_log.smoke"
Arrow IO Rust 1.88 (ubuntu-24.04, both)	Run Arrow IO feature selection	2026-10-05T02:04:15.2676805Z     },
Arrow IO Rust 1.88 (ubuntu-24.04, both)	Run Arrow IO feature selection	2026-10-05T02:04:15.2676965Z     {
Arrow IO Rust 1.88 (ubuntu-24.04, both)	Run Arrow IO feature selection	2026-10-05T02:04:15.2677137Z       "control": "empty_event_log.smoke",
Arrow IO Rust 1.88 (ubuntu-24.04, both)	Run Arrow IO feature selection	2026-10-05T02:04:15.2677358Z       "expected": "reject",
Arrow IO Rust 1.88 (ubuntu-24.04, both)	Run Arrow IO feature selection	2026-10-05T02:04:15.2677634Z       "observed": "ValueError: required runtime evidence missing or empty: event_log.smoke"
Arrow IO Rust 1.88 (ubuntu-24.04, both)	Run Arrow IO feature selection	2026-10-05T02:04:15.2677935Z     },
Arrow IO Rust 1.88 (ubuntu-24.04, both)	Run Arrow IO feature selection	2026-10-05T02:04:15.2678069Z     {
Arrow IO Rust 1.88 (ubuntu-24.04, both)	Run Arrow IO feature selection	2026-10-05T02:04:15.2678323Z       "control": "raw_clock_contradiction",
Arrow IO Rust 1.88 (ubuntu-24.04, both)	Run Arrow IO feature selection	2026-10-05T02:04:15.2678539Z       "expected": "reject",
Arrow IO Rust 1.88 (ubuntu-24.04, both)	Run Arrow IO feature selection	2026-10-05T02:04:15.2678800Z       "observed": "ValueError: raw residual source clock differs from join row"
Arrow IO Rust 1.88 (ubuntu-24.04, both)	Run Arrow IO feature selection	2026-10-05T02:04:15.2679082Z     }
Arrow IO Rust 1.88 (ubuntu-24.04, both)	Run Arrow IO feature selection	2026-10-05T02:04:15.2679229Z   ],
Arrow IO Rust 1.88 (ubuntu-24.04, both)	Run Arrow IO feature selection	2026-10-05T02:04:15.2679857Z   "c0_logical_schema_sha256": "8c46db62f691f243385a4ebdf8a7a3d3670e2655dd0c3f82cba4335ced2a3842",
Arrow IO Rust 1.88 (ubuntu-24.04, both)	Run Arrow IO feature selection	2026-10-05T02:04:15.2680280Z   "counts": {
Arrow IO Rust 1.88 (ubuntu-24.04, both)	Run Arrow IO feature selection	2026-10-05T02:04:15.2680450Z     "metric": 7,
Arrow IO Rust 1.88 (ubuntu-24.04, both)	Run Arrow IO feature selection	2026-10-05T02:04:15.2680614Z     "residual": 8
Arrow IO Rust 1.88 (ubuntu-24.04, both)	Run Arrow IO feature selection	2026-10-05T02:04:15.2680785Z   },
Arrow IO Rust 1.88 (ubuntu-24.04, both)	Run Arrow IO feature selection	2026-10-05T02:04:15.2681125Z   "directory": "/home/runner/work/kairos/kairos/.artifacts/ci/arrow-io/1.88.0/ubuntu-24.04/both/c43-rust-output",
Arrow IO Rust 1.88 (ubuntu-24.04, both)	Run Arrow IO feature selection	2026-10-05T02:04:15.2681513Z   "event_join": "checked",
Arrow IO Rust 1.88 (ubuntu-24.04, both)	Run Arrow IO feature selection	2026-10-05T02:04:15.2681697Z   "formats": {
Arrow IO Rust 1.88 (ubuntu-24.04, both)	Run Arrow IO feature selection	2026-10-05T02:04:15.2681861Z     "metric.ipc_file": {
Arrow IO Rust 1.88 (ubuntu-24.04, both)	Run Arrow IO feature selection	2026-10-05T02:04:15.2682036Z       "rows": 7,
Arrow IO Rust 1.88 (ubuntu-24.04, both)	Run Arrow IO feature selection	2026-10-05T02:04:15.2682308Z       "sha256": "245228c545090fe7c93be558baff2e666b28288b80ff3960341cc43d7e5560f8"
Arrow IO Rust 1.88 (ubuntu-24.04, both)	Run Arrow IO feature selection	2026-10-05T02:04:15.2682772Z     },
Arrow IO Rust 1.88 (ubuntu-24.04, both)	Run Arrow IO feature selection	2026-10-05T02:04:15.2682924Z     "metric.ipc_stream": {
Arrow IO Rust 1.88 (ubuntu-24.04, both)	Run Arrow IO feature selection	2026-10-05T02:04:15.2683097Z       "rows": 7,
Arrow IO Rust 1.88 (ubuntu-24.04, both)	Run Arrow IO feature selection	2026-10-05T02:04:15.2683350Z       "sha256": "9f308920f50db2acc8fe874cfc0a02bb0b19b474aa7ba90fc36dd591e5e77059"
Arrow IO Rust 1.88 (ubuntu-24.04, both)	Run Arrow IO feature selection	2026-10-05T02:04:15.2683638Z     },
Arrow IO Rust 1.88 (ubuntu-24.04, both)	Run Arrow IO feature selection	2026-10-05T02:04:15.2683788Z     "metric.parquet": {
Arrow IO Rust 1.88 (ubuntu-24.04, both)	Run Arrow IO feature selection	2026-10-05T02:04:15.2683960Z       "rows": 7,
Arrow IO Rust 1.88 (ubuntu-24.04, both)	Run Arrow IO feature selection	2026-10-05T02:04:15.2684203Z       "sha256": "19abe034080fa6d70a00e2faefef7d4980250137694a9a5485eac761d8e4797c"
Arrow IO Rust 1.88 (ubuntu-24.04, both)	Run Arrow IO feature selection	2026-10-05T02:04:15.2684487Z     },
Arrow IO Rust 1.88 (ubuntu-24.04, both)	Run Arrow IO feature selection	2026-10-05T02:04:15.2684649Z     "residual.ipc_file": {
Arrow IO Rust 1.88 (ubuntu-24.04, both)	Run Arrow IO feature selection	2026-10-05T02:04:15.2684820Z       "rows": 8,
Arrow IO Rust 1.88 (ubuntu-24.04, both)	Run Arrow IO feature selection	2026-10-05T02:04:15.2685072Z       "sha256": "ab0ff50aa99fce46b9658c3c25d8d8dbfb1677b2889b1ae6e935af707732f074"
Arrow IO Rust 1.88 (ubuntu-24.04, both)	Run Arrow IO feature selection	2026-10-05T02:04:15.2685363Z     },
Arrow IO Rust 1.88 (ubuntu-24.04, both)	Run Arrow IO feature selection	2026-10-05T02:04:15.2685514Z     "residual.ipc_stream": {
Arrow IO Rust 1.88 (ubuntu-24.04, both)	Run Arrow IO feature selection	2026-10-05T02:04:15.2685696Z       "rows": 8,
Arrow IO Rust 1.88 (ubuntu-24.04, both)	Run Arrow IO feature selection	2026-10-05T02:04:15.2685952Z       "sha256": "73cfe3708b21549925b479737a5801b060c6213c5f2a6f3d26a8955de88b36fc"
Arrow IO Rust 1.88 (ubuntu-24.04, both)	Run Arrow IO feature selection	2026-10-05T02:04:15.2686235Z     },
Arrow IO Rust 1.88 (ubuntu-24.04, both)	Run Arrow IO feature selection	2026-10-05T02:04:15.2686396Z     "residual.parquet": {
Arrow IO Rust 1.88 (ubuntu-24.04, both)	Run Arrow IO feature selection	2026-10-05T02:04:15.2686573Z       "rows": 8,
Arrow IO Rust 1.88 (ubuntu-24.04, both)	Run Arrow IO feature selection	2026-10-05T02:04:15.2686838Z       "sha256": "08fe7dab8de26786cdbe0bcad501c1fb608a36d0b78872f2f71af6c3003c999e"
Arrow IO Rust 1.88 (ubuntu-24.04, both)	Run Arrow IO feature selection	2026-10-05T02:04:15.2687144Z     }
Arrow IO Rust 1.88 (ubuntu-24.04, both)	Run Arrow IO feature selection	2026-10-05T02:04:15.2687282Z   },
Arrow IO Rust 1.88 (ubuntu-24.04, both)	Run Arrow IO feature selection	2026-10-05T02:04:15.2687437Z   "framing_variants": {
Arrow IO Rust 1.88 (ubuntu-24.04, both)	Run Arrow IO feature selection	2026-10-05T02:04:15.2687616Z     "framing-1": {
Arrow IO Rust 1.88 (ubuntu-24.04, both)	Run Arrow IO feature selection	2026-10-05T02:04:15.2687934Z       "c0_logical_schema_sha256": "8c46db62f691f243385a4ebdf8a7a3d3670e2655dd0c3f82cba4335ced2a3842",
Arrow IO Rust 1.88 (ubuntu-24.04, both)	Run Arrow IO feature selection	2026-10-05T02:04:15.2688404Z       "counts": {
Arrow IO Rust 1.88 (ubuntu-24.04, both)	Run Arrow IO feature selection	2026-10-05T02:04:15.2688570Z         "metric": 7,
Arrow IO Rust 1.88 (ubuntu-24.04, both)	Run Arrow IO feature selection	2026-10-05T02:04:15.2688745Z         "residual": 8
Arrow IO Rust 1.88 (ubuntu-24.04, both)	Run Arrow IO feature selection	2026-10-05T02:04:15.2688917Z       },
Arrow IO Rust 1.88 (ubuntu-24.04, both)	Run Arrow IO feature selection	2026-10-05T02:04:15.2689287Z       "directory": "/home/runner/work/kairos/kairos/.artifacts/ci/arrow-io/1.88.0/ubuntu-24.04/both/c43-rust-output/framing-1",
Arrow IO Rust 1.88 (ubuntu-24.04, both)	Run Arrow IO feature selection	2026-10-05T02:04:15.2689926Z       "event_join": "checked",
Arrow IO Rust 1.88 (ubuntu-24.04, both)	Run Arrow IO feature selection	2026-10-05T02:04:15.2690122Z       "formats": {
Arrow IO Rust 1.88 (ubuntu-24.04, both)	Run Arrow IO feature selection	2026-10-05T02:04:15.2690294Z         "metric.ipc_file": {
Arrow IO Rust 1.88 (ubuntu-24.04, both)	Run Arrow IO feature selection	2026-10-05T02:04:15.2690488Z           "rows": 7,
Arrow IO Rust 1.88 (ubuntu-24.04, both)	Run Arrow IO feature selection	2026-10-05T02:04:15.2690760Z           "sha256": "211f796878f5239d6413ab195b08eee4318cc841ea1b7e1031a52b34aa24536c"
Arrow IO Rust 1.88 (ubuntu-24.04, both)	Run Arrow IO feature selection	2026-10-05T02:04:15.2691058Z         },
Arrow IO Rust 1.88 (ubuntu-24.04, both)	Run Arrow IO feature selection	2026-10-05T02:04:15.2691216Z         "metric.ipc_stream": {
Arrow IO Rust 1.88 (ubuntu-24.04, both)	Run Arrow IO feature selection	2026-10-05T02:04:15.2691399Z           "rows": 7,
Arrow IO Rust 1.88 (ubuntu-24.04, both)	Run Arrow IO feature selection	2026-10-05T02:04:15.2691668Z           "sha256": "ea40e5a7f9738e047af9563de17967c01fbdb74e82a57b7298fbc669ca9b839b"
Arrow IO Rust 1.88 (ubuntu-24.04, both)	Run Arrow IO feature selection	2026-10-05T02:04:15.2691972Z         },
Arrow IO Rust 1.88 (ubuntu-24.04, both)	Run Arrow IO feature selection	2026-10-05T02:04:15.2692131Z         "metric.parquet": {
Arrow IO Rust 1.88 (ubuntu-24.04, both)	Run Arrow IO feature selection	2026-10-05T02:04:15.2692318Z           "rows": 7,
Arrow IO Rust 1.88 (ubuntu-24.04, both)	Run Arrow IO feature selection	2026-10-05T02:04:15.2692566Z           "sha256": "6075c1149dfdad972587d6e848684fc757962ae5ce5974303666950b5b9f5c3e"
Arrow IO Rust 1.88 (ubuntu-24.04, both)	Run Arrow IO feature selection	2026-10-05T02:04:15.2692854Z         },
Arrow IO Rust 1.88 (ubuntu-24.04, both)	Run Arrow IO feature selection	2026-10-05T02:04:15.2693009Z         "residual.ipc_file": {
Arrow IO Rust 1.88 (ubuntu-24.04, both)	Run Arrow IO feature selection	2026-10-05T02:04:15.2693189Z           "rows": 8,
Arrow IO Rust 1.88 (ubuntu-24.04, both)	Run Arrow IO feature selection	2026-10-05T02:04:15.2693444Z           "sha256": "3ae11cf21c6ae749dc6575e0c476346ee34b4201c8fc4b7a226e56406103ddd6"
Arrow IO Rust 1.88 (ubuntu-24.04, both)	Run Arrow IO feature selection	2026-10-05T02:04:15.2693736Z         },
Arrow IO Rust 1.88 (ubuntu-24.04, both)	Run Arrow IO feature selection	2026-10-05T02:04:15.2693903Z         "residual.ipc_stream": {
Arrow IO Rust 1.88 (ubuntu-24.04, both)	Run Arrow IO feature selection	2026-10-05T02:04:15.2694097Z           "rows": 8,
Arrow IO Rust 1.88 (ubuntu-24.04, both)	Run Arrow IO feature selection	2026-10-05T02:04:15.2694378Z           "sha256": "2eaeb81b4d2d71f8e2c8954959b8cc32548003c6f35a9dc9a0d6a6102d533590"
Arrow IO Rust 1.88 (ubuntu-24.04, both)	Run Arrow IO feature selection	2026-10-05T02:04:15.2694681Z         },
Arrow IO Rust 1.88 (ubuntu-24.04, both)	Run Arrow IO feature selection	2026-10-05T02:04:15.2694845Z         "residual.parquet": {
Arrow IO Rust 1.88 (ubuntu-24.04, both)	Run Arrow IO feature selection	2026-10-05T02:04:15.2695032Z           "rows": 8,
Arrow IO Rust 1.88 (ubuntu-24.04, both)	Run Arrow IO feature selection	2026-10-05T02:04:15.2696034Z           "sha256": "27afae10fc5eb520b40550a405ba2dbd3f095dc0620bf7787387575507873b83"
Arrow IO Rust 1.88 (ubuntu-24.04, both)	Run Arrow IO feature selection	2026-10-05T02:04:15.2696503Z         }
Arrow IO Rust 1.88 (ubuntu-24.04, both)	Run Arrow IO feature selection	2026-10-05T02:04:15.2696649Z       },
Arrow IO Rust 1.88 (ubuntu-24.04, both)	Run Arrow IO feature selection	2026-10-05T02:04:15.2696960Z       "legacy_event_schema_sha256": "2e8025a5997f1e056956d47db3b18d3e01e3b0fd865d7235803811ae2aab9dcc",
Arrow IO Rust 1.88 (ubuntu-24.04, both)	Run Arrow IO feature selection	2026-10-05T02:04:15.2697327Z       "pyarrow": "25.0.1",
Arrow IO Rust 1.88 (ubuntu-24.04, both)	Run Arrow IO feature selection	2026-10-05T02:04:15.2697568Z       "python": "3.14.8 (main, Oct  1 2026, 02:38:33) [GCC 13.3.0]"
Arrow IO Rust 1.88 (ubuntu-24.04, both)	Run Arrow IO feature selection	2026-10-05T02:04:15.2697808Z     },
Arrow IO Rust 1.88 (ubuntu-24.04, both)	Run Arrow IO feature selection	2026-10-05T02:04:15.2697957Z     "framing-2": {
Arrow IO Rust 1.88 (ubuntu-24.04, both)	Run Arrow IO feature selection	2026-10-05T02:04:15.2698269Z       "c0_logical_schema_sha256": "8c46db62f691f243385a4ebdf8a7a3d3670e2655dd0c3f82cba4335ced2a3842",
Arrow IO Rust 1.88 (ubuntu-24.04, both)	Run Arrow IO feature selection	2026-10-05T02:04:15.2700213Z       "counts": {
Arrow IO Rust 1.88 (ubuntu-24.04, both)	Run Arrow IO feature selection	2026-10-05T02:04:15.2700380Z         "metric": 7,
Arrow IO Rust 1.88 (ubuntu-24.04, both)	Run Arrow IO feature selection	2026-10-05T02:04:15.2700543Z         "residual": 8
Arrow IO Rust 1.88 (ubuntu-24.04, both)	Run Arrow IO feature selection	2026-10-05T02:04:15.2700703Z       },
Arrow IO Rust 1.88 (ubuntu-24.04, both)	Run Arrow IO feature selection	2026-10-05T02:04:15.2701067Z       "directory": "/home/runner/work/kairos/kairos/.artifacts/ci/arrow-io/1.88.0/ubuntu-24.04/both/c43-rust-output/framing-2",
Arrow IO Rust 1.88 (ubuntu-24.04, both)	Run Arrow IO feature selection	2026-10-05T02:04:15.2701483Z       "event_join": "checked",
Arrow IO Rust 1.88 (ubuntu-24.04, both)	Run Arrow IO feature selection	2026-10-05T02:04:15.2701683Z       "formats": {
Arrow IO Rust 1.88 (ubuntu-24.04, both)	Run Arrow IO feature selection	2026-10-05T02:04:15.2701940Z         "metric.ipc_file": {
Arrow IO Rust 1.88 (ubuntu-24.04, both)	Run Arrow IO feature selection	2026-10-05T02:04:15.2702232Z           "rows": 7,
Arrow IO Rust 1.88 (ubuntu-24.04, both)	Run Arrow IO feature selection	2026-10-05T02:04:15.2702718Z           "sha256": "02828ec73dbb47ec801ea97576f053b471dd21ebdd096d7c4fc888ce167cc6a2"
Arrow IO Rust 1.88 (ubuntu-24.04, both)	Run Arrow IO feature selection	2026-10-05T02:04:15.2703144Z         },
Arrow IO Rust 1.88 (ubuntu-24.04, both)	Run Arrow IO feature selection	2026-10-05T02:04:15.2703443Z         "metric.ipc_stream": {
Arrow IO Rust 1.88 (ubuntu-24.04, both)	Run Arrow IO feature selection	2026-10-05T02:04:15.2703769Z           "rows": 7,
Arrow IO Rust 1.88 (ubuntu-24.04, both)	Run Arrow IO feature selection	2026-10-05T02:04:15.2704144Z           "sha256": "bea9bc79c25c62a813777d2de1776ada2d4a1fbeac0e9c76d9a0e7aecec89f8b"
Arrow IO Rust 1.88 (ubuntu-24.04, both)	Run Arrow IO feature selection	2026-10-05T02:04:15.2704530Z         },
Arrow IO Rust 1.88 (ubuntu-24.04, both)	Run Arrow IO feature selection	2026-10-05T02:04:15.2704849Z         "metric.parquet": {
Arrow IO Rust 1.88 (ubuntu-24.04, both)	Run Arrow IO feature selection	2026-10-05T02:04:15.2705167Z           "rows": 7,
Arrow IO Rust 1.88 (ubuntu-24.04, both)	Run Arrow IO feature selection	2026-10-05T02:04:15.2716069Z           "sha256": "f7896a7f4b4215cb3812cf9f99d4c9b1fed42216dcd6b388ab144c9f9aca192d"
Arrow IO Rust 1.88 (ubuntu-24.04, both)	Run Arrow IO feature selection	2026-10-05T02:04:15.2716564Z         },
Arrow IO Rust 1.88 (ubuntu-24.04, both)	Run Arrow IO feature selection	2026-10-05T02:04:15.2716746Z         "residual.ipc_file": {
Arrow IO Rust 1.88 (ubuntu-24.04, both)	Run Arrow IO feature selection	2026-10-05T02:04:15.2716950Z           "rows": 8,
Arrow IO Rust 1.88 (ubuntu-24.04, both)	Run Arrow IO feature selection	2026-10-05T02:04:15.2717228Z           "sha256": "321f9909bb52538c724e53fa6fb71d0c5891f93de00d73474d332aaa927feb43"
Arrow IO Rust 1.88 (ubuntu-24.04, both)	Run Arrow IO feature selection	2026-10-05T02:04:15.2717532Z         },
Arrow IO Rust 1.88 (ubuntu-24.04, both)	Run Arrow IO feature selection	2026-10-05T02:04:15.2717868Z         "residual.ipc_stream": {
Arrow IO Rust 1.88 (ubuntu-24.04, both)	Run Arrow IO feature selection	2026-10-05T02:04:15.2718068Z           "rows": 8,
Arrow IO Rust 1.88 (ubuntu-24.04, both)	Run Arrow IO feature selection	2026-10-05T02:04:15.2718332Z           "sha256": "71996955fef915b632e9848cc3840992d7a3b11983d5ebb78e562cdb99bb3552"
Arrow IO Rust 1.88 (ubuntu-24.04, both)	Run Arrow IO feature selection	2026-10-05T02:04:15.2718640Z         },
Arrow IO Rust 1.88 (ubuntu-24.04, both)	Run Arrow IO feature selection	2026-10-05T02:04:15.2718802Z         "residual.parquet": {
Arrow IO Rust 1.88 (ubuntu-24.04, both)	Run Arrow IO feature selection	2026-10-05T02:04:15.2718988Z           "rows": 8,
Arrow IO Rust 1.88 (ubuntu-24.04, both)	Run Arrow IO feature selection	2026-10-05T02:04:15.2719250Z           "sha256": "0f3b1c28e73751559965a14ad2fafe40b160524e0c092c40c59fc74673199df0"
Arrow IO Rust 1.88 (ubuntu-24.04, both)	Run Arrow IO feature selection	2026-10-05T02:04:15.2719746Z         }
Arrow IO Rust 1.88 (ubuntu-24.04, both)	Run Arrow IO feature selection	2026-10-05T02:04:15.2719893Z       },
Arrow IO Rust 1.88 (ubuntu-24.04, both)	Run Arrow IO feature selection	2026-10-05T02:04:15.2720198Z       "legacy_event_schema_sha256": "2e8025a5997f1e056956d47db3b18d3e01e3b0fd865d7235803811ae2aab9dcc",
Arrow IO Rust 1.88 (ubuntu-24.04, both)	Run Arrow IO feature selection	2026-10-05T02:04:15.2720566Z       "pyarrow": "25.0.1",
Arrow IO Rust 1.88 (ubuntu-24.04, both)	Run Arrow IO feature selection	2026-10-05T02:04:15.2720803Z       "python": "3.14.8 (main, Oct  1 2026, 02:38:33) [GCC 13.3.0]"
Arrow IO Rust 1.88 (ubuntu-24.04, both)	Run Arrow IO feature selection	2026-10-05T02:04:15.2721049Z     },
Arrow IO Rust 1.88 (ubuntu-24.04, both)	Run Arrow IO feature selection	2026-10-05T02:04:15.2721200Z     "framing-64": {
Arrow IO Rust 1.88 (ubuntu-24.04, both)	Run Arrow IO feature selection	2026-10-05T02:04:15.2721519Z       "c0_logical_schema_sha256": "8c46db62f691f243385a4ebdf8a7a3d3670e2655dd0c3f82cba4335ced2a3842",
Arrow IO Rust 1.88 (ubuntu-24.04, both)	Run Arrow IO feature selection	2026-10-05T02:04:15.2721867Z       "counts": {
Arrow IO Rust 1.88 (ubuntu-24.04, both)	Run Arrow IO feature selection	2026-10-05T02:04:15.2722031Z         "metric": 7,
Arrow IO Rust 1.88 (ubuntu-24.04, both)	Run Arrow IO feature selection	2026-10-05T02:04:15.2722202Z         "residual": 8
Arrow IO Rust 1.88 (ubuntu-24.04, both)	Run Arrow IO feature selection	2026-10-05T02:04:15.2722403Z       },
Arrow IO Rust 1.88 (ubuntu-24.04, both)	Run Arrow IO feature selection	2026-10-05T02:04:15.2722772Z       "directory": "/home/runner/work/kairos/kairos/.artifacts/ci/arrow-io/1.88.0/ubuntu-24.04/both/c43-rust-output/framing-64",
Arrow IO Rust 1.88 (ubuntu-24.04, both)	Run Arrow IO feature selection	2026-10-05T02:04:15.2723190Z       "event_join": "checked",
Arrow IO Rust 1.88 (ubuntu-24.04, both)	Run Arrow IO feature selection	2026-10-05T02:04:15.2723381Z       "formats": {
Arrow IO Rust 1.88 (ubuntu-24.04, both)	Run Arrow IO feature selection	2026-10-05T02:04:15.2723552Z         "metric.ipc_file": {
Arrow IO Rust 1.88 (ubuntu-24.04, both)	Run Arrow IO feature selection	2026-10-05T02:04:15.2723736Z           "rows": 7,
Arrow IO Rust 1.88 (ubuntu-24.04, both)	Run Arrow IO feature selection	2026-10-05T02:04:15.2724000Z           "sha256": "245228c545090fe7c93be558baff2e666b28288b80ff3960341cc43d7e5560f8"
Arrow IO Rust 1.88 (ubuntu-24.04, both)	Run Arrow IO feature selection	2026-10-05T02:04:15.2724298Z         },
Arrow IO Rust 1.88 (ubuntu-24.04, both)	Run Arrow IO feature selection	2026-10-05T02:04:15.2724451Z         "metric.ipc_stream": {
Arrow IO Rust 1.88 (ubuntu-24.04, both)	Run Arrow IO feature selection	2026-10-05T02:04:15.2724635Z           "rows": 7,
Arrow IO Rust 1.88 (ubuntu-24.04, both)	Run Arrow IO feature selection	2026-10-05T02:04:15.2724899Z           "sha256": "9f308920f50db2acc8fe874cfc0a02bb0b19b474aa7ba90fc36dd591e5e77059"
Arrow IO Rust 1.88 (ubuntu-24.04, both)	Run Arrow IO feature selection	2026-10-05T02:04:15.2725192Z         },
Arrow IO Rust 1.88 (ubuntu-24.04, both)	Run Arrow IO feature selection	2026-10-05T02:04:15.2725355Z         "metric.parquet": {
Arrow IO Rust 1.88 (ubuntu-24.04, both)	Run Arrow IO feature selection	2026-10-05T02:04:15.2725531Z           "rows": 7,
Arrow IO Rust 1.88 (ubuntu-24.04, both)	Run Arrow IO feature selection	2026-10-05T02:04:15.2725780Z           "sha256": "19abe034080fa6d70a00e2faefef7d4980250137694a9a5485eac761d8e4797c"
Arrow IO Rust 1.88 (ubuntu-24.04, both)	Run Arrow IO feature selection	2026-10-05T02:04:15.2726067Z         },
Arrow IO Rust 1.88 (ubuntu-24.04, both)	Run Arrow IO feature selection	2026-10-05T02:04:15.2726215Z         "residual.ipc_file": {
Arrow IO Rust 1.88 (ubuntu-24.04, both)	Run Arrow IO feature selection	2026-10-05T02:04:15.2726395Z           "rows": 8,
Arrow IO Rust 1.88 (ubuntu-24.04, both)	Run Arrow IO feature selection	2026-10-05T02:04:15.2726663Z           "sha256": "ab0ff50aa99fce46b9658c3c25d8d8dbfb1677b2889b1ae6e935af707732f074"
Arrow IO Rust 1.88 (ubuntu-24.04, both)	Run Arrow IO feature selection	2026-10-05T02:04:15.2727097Z         },
Arrow IO Rust 1.88 (ubuntu-24.04, both)	Run Arrow IO feature selection	2026-10-05T02:04:15.2727260Z         "residual.ipc_stream": {
Arrow IO Rust 1.88 (ubuntu-24.04, both)	Run Arrow IO feature selection	2026-10-05T02:04:15.2727445Z           "rows": 8,
Arrow IO Rust 1.88 (ubuntu-24.04, both)	Run Arrow IO feature selection	2026-10-05T02:04:15.2727698Z           "sha256": "73cfe3708b21549925b479737a5801b060c6213c5f2a6f3d26a8955de88b36fc"
Arrow IO Rust 1.88 (ubuntu-24.04, both)	Run Arrow IO feature selection	2026-10-05T02:04:15.2727979Z         },
Arrow IO Rust 1.88 (ubuntu-24.04, both)	Run Arrow IO feature selection	2026-10-05T02:04:15.2728132Z         "residual.parquet": {
Arrow IO Rust 1.88 (ubuntu-24.04, both)	Run Arrow IO feature selection	2026-10-05T02:04:15.2728315Z           "rows": 8,
Arrow IO Rust 1.88 (ubuntu-24.04, both)	Run Arrow IO feature selection	2026-10-05T02:04:15.2728574Z           "sha256": "08fe7dab8de26786cdbe0bcad501c1fb608a36d0b78872f2f71af6c3003c999e"
Arrow IO Rust 1.88 (ubuntu-24.04, both)	Run Arrow IO feature selection	2026-10-05T02:04:15.2728875Z         }
Arrow IO Rust 1.88 (ubuntu-24.04, both)	Run Arrow IO feature selection	2026-10-05T02:04:15.2729015Z       },
Arrow IO Rust 1.88 (ubuntu-24.04, both)	Run Arrow IO feature selection	2026-10-05T02:04:15.2729326Z       "legacy_event_schema_sha256": "2e8025a5997f1e056956d47db3b18d3e01e3b0fd865d7235803811ae2aab9dcc",
Arrow IO Rust 1.88 (ubuntu-24.04, both)	Run Arrow IO feature selection	2026-10-05T02:04:15.2729851Z       "pyarrow": "25.0.1",
Arrow IO Rust 1.88 (ubuntu-24.04, both)	Run Arrow IO feature selection	2026-10-05T02:04:15.2730078Z       "python": "3.14.8 (main, Oct  1 2026, 02:38:33) [GCC 13.3.0]"
Arrow IO Rust 1.88 (ubuntu-24.04, both)	Run Arrow IO feature selection	2026-10-05T02:04:15.2730316Z     }
Arrow IO Rust 1.88 (ubuntu-24.04, both)	Run Arrow IO feature selection	2026-10-05T02:04:15.2730458Z   },
Arrow IO Rust 1.88 (ubuntu-24.04, both)	Run Arrow IO feature selection	2026-10-05T02:04:15.2730739Z   "legacy_event_schema_sha256": "2e8025a5997f1e056956d47db3b18d3e01e3b0fd865d7235803811ae2aab9dcc",
Arrow IO Rust 1.88 (ubuntu-24.04, both)	Run Arrow IO feature selection	2026-10-05T02:04:15.2731087Z   "pyarrow": "25.0.1",
Arrow IO Rust 1.88 (ubuntu-24.04, both)	Run Arrow IO feature selection	2026-10-05T02:04:15.2731300Z   "python": "3.14.8 (main, Oct  1 2026, 02:38:33) [GCC 13.3.0]"
Arrow IO Rust 1.88 (ubuntu-24.04, both)	Run Arrow IO feature selection	2026-10-05T02:04:15.2731540Z }
Arrow IO Rust 1.88 (ubuntu-24.04, both)	Run Arrow IO feature selection	2026-10-05T02:04:15.4221519Z PASS: PyArrow read Rust IPC file/stream and Parquet outputs exactly
Arrow IO Rust 1.88 (ubuntu-24.04, both)	Preserve Arrow IO Rust 1.88 evidence	﻿2026-10-05T02:04:15.5030797Z ##[group]Run actions/upload-artifact@ea165f8d65b6e75b540449e92b4886f43607fa02
Arrow IO Rust 1.88 (ubuntu-24.04, both)	Preserve Arrow IO Rust 1.88 evidence	2026-10-05T02:04:15.5031166Z with:
Arrow IO Rust 1.88 (ubuntu-24.04, both)	Preserve Arrow IO Rust 1.88 evidence	2026-10-05T02:04:15.5031363Z   name: arrow-io-rust-1.88.0-ubuntu-24.04-both
Arrow IO Rust 1.88 (ubuntu-24.04, both)	Preserve Arrow IO Rust 1.88 evidence	2026-10-05T02:04:15.5031644Z   path: .artifacts/ci/arrow-io/1.88.0/ubuntu-24.04/both/
Arrow IO Rust 1.88 (ubuntu-24.04, both)	Preserve Arrow IO Rust 1.88 evidence	2026-10-05T02:04:15.5031893Z   retention-days: 7
Arrow IO Rust 1.88 (ubuntu-24.04, both)	Preserve Arrow IO Rust 1.88 evidence	2026-10-05T02:04:15.5032069Z   if-no-files-found: error
Arrow IO Rust 1.88 (ubuntu-24.04, both)	Preserve Arrow IO Rust 1.88 evidence	2026-10-05T02:04:15.5032257Z   compression-level: 6
Arrow IO Rust 1.88 (ubuntu-24.04, both)	Preserve Arrow IO Rust 1.88 evidence	2026-10-05T02:04:15.5032441Z   overwrite: false
Arrow IO Rust 1.88 (ubuntu-24.04, both)	Preserve Arrow IO Rust 1.88 evidence	2026-10-05T02:04:15.5032616Z   include-hidden-files: false
Arrow IO Rust 1.88 (ubuntu-24.04, both)	Preserve Arrow IO Rust 1.88 evidence	2026-10-05T02:04:15.5032805Z env:
Arrow IO Rust 1.88 (ubuntu-24.04, both)	Preserve Arrow IO Rust 1.88 evidence	2026-10-05T02:04:15.5033005Z   pythonLocation: /opt/hostedtoolcache/Python/3.14.8/x64
Arrow IO Rust 1.88 (ubuntu-24.04, both)	Preserve Arrow IO Rust 1.88 evidence	2026-10-05T02:04:15.5033364Z   PKG_CONFIG_PATH: /opt/hostedtoolcache/Python/3.14.8/x64/lib/pkgconfig
Arrow IO Rust 1.88 (ubuntu-24.04, both)	Preserve Arrow IO Rust 1.88 evidence	2026-10-05T02:04:15.5033681Z   Python_ROOT_DIR: /opt/hostedtoolcache/Python/3.14.8/x64
Arrow IO Rust 1.88 (ubuntu-24.04, both)	Preserve Arrow IO Rust 1.88 evidence	2026-10-05T02:04:15.5033968Z   Python2_ROOT_DIR: /opt/hostedtoolcache/Python/3.14.8/x64
Arrow IO Rust 1.88 (ubuntu-24.04, both)	Preserve Arrow IO Rust 1.88 evidence	2026-10-05T02:04:15.5034257Z   Python3_ROOT_DIR: /opt/hostedtoolcache/Python/3.14.8/x64
Arrow IO Rust 1.88 (ubuntu-24.04, both)	Preserve Arrow IO Rust 1.88 evidence	2026-10-05T02:04:15.5034581Z   LD_LIBRARY_PATH: /opt/hostedtoolcache/Python/3.14.8/x64/lib
Arrow IO Rust 1.88 (ubuntu-24.04, both)	Preserve Arrow IO Rust 1.88 evidence	2026-10-05T02:04:15.5034826Z ##[endgroup]
Arrow IO Rust 1.88 (ubuntu-24.04, both)	Preserve Arrow IO Rust 1.88 evidence	2026-10-05T02:04:15.6348701Z (node:4666) [DEP0040] DeprecationWarning: The `punycode` module is deprecated. Please use a userland alternative instead.
Arrow IO Rust 1.88 (ubuntu-24.04, both)	Preserve Arrow IO Rust 1.88 evidence	2026-10-05T02:04:15.6349600Z (Use `node --trace-deprecation ...` to show where the warning was created)
Arrow IO Rust 1.88 (ubuntu-24.04, both)	Preserve Arrow IO Rust 1.88 evidence	2026-10-05T02:04:15.6486708Z With the provided path, there will be 63 files uploaded
Arrow IO Rust 1.88 (ubuntu-24.04, both)	Preserve Arrow IO Rust 1.88 evidence	2026-10-05T02:04:15.6491806Z Artifact name is valid!
Arrow IO Rust 1.88 (ubuntu-24.04, both)	Preserve Arrow IO Rust 1.88 evidence	2026-10-05T02:04:15.6492285Z Root directory input is valid!
Arrow IO Rust 1.88 (ubuntu-24.04, both)	Preserve Arrow IO Rust 1.88 evidence	2026-10-05T02:04:15.8367234Z Beginning upload of artifact content to blob storage
Arrow IO Rust 1.88 (ubuntu-24.04, both)	Preserve Arrow IO Rust 1.88 evidence	2026-10-05T02:04:15.8991541Z (node:4666) [DEP0169] DeprecationWarning: `url.parse()` behavior is not standardized and prone to errors that have security implications. Use the WHATWG URL API instead. CVEs are not issued for `url.parse()` vulnerabilities.
Arrow IO Rust 1.88 (ubuntu-24.04, both)	Preserve Arrow IO Rust 1.88 evidence	2026-10-05T02:04:15.9423068Z Uploaded bytes 126359
Arrow IO Rust 1.88 (ubuntu-24.04, both)	Preserve Arrow IO Rust 1.88 evidence	2026-10-05T02:04:15.9557359Z Finished uploading artifact content to blob storage!
Arrow IO Rust 1.88 (ubuntu-24.04, both)	Preserve Arrow IO Rust 1.88 evidence	2026-10-05T02:04:15.9558199Z SHA256 digest of uploaded artifact zip is fac1c893a7833cc66ff5df5c190be80e9aec62d67283956125ea928aa0529151
Arrow IO Rust 1.88 (ubuntu-24.04, both)	Preserve Arrow IO Rust 1.88 evidence	2026-10-05T02:04:15.9559313Z Finalizing artifact upload
Arrow IO Rust 1.88 (ubuntu-24.04, both)	Preserve Arrow IO Rust 1.88 evidence	2026-10-05T02:04:16.1749843Z Artifact arrow-io-rust-1.88.0-ubuntu-24.04-both.zip successfully finalized. Artifact ID 11322241368
Arrow IO Rust 1.88 (ubuntu-24.04, both)	Preserve Arrow IO Rust 1.88 evidence	2026-10-05T02:04:16.1750986Z Artifact arrow-io-rust-1.88.0-ubuntu-24.04-both has been successfully uploaded! Final size is 126359 bytes. Artifact ID is 11322241368
Arrow IO Rust 1.88 (ubuntu-24.04, both)	Preserve Arrow IO Rust 1.88 evidence	2026-10-05T02:04:16.1756361Z Artifact download URL: https://github.com/edithatogo/kairos/actions/runs/37253816240/artifacts/11322241368
Arrow IO Rust 1.88 (ubuntu-24.04, both)	Post Install pinned PyArrow for bidirectional interop	﻿2026-10-05T02:04:16.1909807Z Post job cleanup.
Arrow IO Rust 1.88 (ubuntu-24.04, both)	Post Run actions/checkout@de0fac2e4500dabe0009e67214ff5f5447ce83dd	﻿2026-10-05T02:04:16.3007503Z Post job cleanup.
Arrow IO Rust 1.88 (ubuntu-24.04, both)	Post Run actions/checkout@de0fac2e4500dabe0009e67214ff5f5447ce83dd	2026-10-05T02:04:16.3707049Z [command]/usr/bin/git version
Arrow IO Rust 1.88 (ubuntu-24.04, both)	Post Run actions/checkout@de0fac2e4500dabe0009e67214ff5f5447ce83dd	2026-10-05T02:04:16.3742018Z git version 2.55.0
Arrow IO Rust 1.88 (ubuntu-24.04, both)	Post Run actions/checkout@de0fac2e4500dabe0009e67214ff5f5447ce83dd	2026-10-05T02:04:16.3778218Z Temporarily overriding HOME='/home/runner/work/_temp/1b73b921-0a21-4a52-a190-a3b918c28f5b' before making global git config changes
Arrow IO Rust 1.88 (ubuntu-24.04, both)	Post Run actions/checkout@de0fac2e4500dabe0009e67214ff5f5447ce83dd	2026-10-05T02:04:16.3779413Z Adding repository directory to the temporary git global config as a safe directory
Arrow IO Rust 1.88 (ubuntu-24.04, both)	Post Run actions/checkout@de0fac2e4500dabe0009e67214ff5f5447ce83dd	2026-10-05T02:04:16.3785454Z [command]/usr/bin/git config --global --add safe.directory /home/runner/work/kairos/kairos
Arrow IO Rust 1.88 (ubuntu-24.04, both)	Post Run actions/checkout@de0fac2e4500dabe0009e67214ff5f5447ce83dd	2026-10-05T02:04:16.3820644Z Removing SSH command configuration
Arrow IO Rust 1.88 (ubuntu-24.04, both)	Post Run actions/checkout@de0fac2e4500dabe0009e67214ff5f5447ce83dd	2026-10-05T02:04:16.3827426Z [command]/usr/bin/git config --local --name-only --get-regexp core\.sshCommand
Arrow IO Rust 1.88 (ubuntu-24.04, both)	Post Run actions/checkout@de0fac2e4500dabe0009e67214ff5f5447ce83dd	2026-10-05T02:04:16.3864479Z [command]/usr/bin/git submodule foreach --recursive sh -c "git config --local --name-only --get-regexp 'core\.sshCommand' && git config --local --unset-all 'core.sshCommand' || :"
Arrow IO Rust 1.88 (ubuntu-24.04, both)	Post Run actions/checkout@de0fac2e4500dabe0009e67214ff5f5447ce83dd	2026-10-05T02:04:16.4090386Z Removing HTTP extra header
Arrow IO Rust 1.88 (ubuntu-24.04, both)	Post Run actions/checkout@de0fac2e4500dabe0009e67214ff5f5447ce83dd	2026-10-05T02:04:16.4096444Z [command]/usr/bin/git config --local --name-only --get-regexp http\.https\:\/\/github\.com\/\.extraheader
Arrow IO Rust 1.88 (ubuntu-24.04, both)	Post Run actions/checkout@de0fac2e4500dabe0009e67214ff5f5447ce83dd	2026-10-05T02:04:16.4152880Z [command]/usr/bin/git submodule foreach --recursive sh -c "git config --local --name-only --get-regexp 'http\.https\:\/\/github\.com\/\.extraheader' && git config --local --unset-all 'http.https://github.com/.extraheader' || :"
Arrow IO Rust 1.88 (ubuntu-24.04, both)	Post Run actions/checkout@de0fac2e4500dabe0009e67214ff5f5447ce83dd	2026-10-05T02:04:16.4437639Z Removing includeIf entries pointing to credentials config files
Arrow IO Rust 1.88 (ubuntu-24.04, both)	Post Run actions/checkout@de0fac2e4500dabe0009e67214ff5f5447ce83dd	2026-10-05T02:04:16.4438594Z [command]/usr/bin/git config --local --name-only --get-regexp ^includeIf\.gitdir:
Arrow IO Rust 1.88 (ubuntu-24.04, both)	Post Run actions/checkout@de0fac2e4500dabe0009e67214ff5f5447ce83dd	2026-10-05T02:04:16.4485862Z [command]/usr/bin/git submodule foreach --recursive git config --local --show-origin --name-only --get-regexp remote.origin.url
Arrow IO Rust 1.88 (ubuntu-24.04, both)	Complete job	﻿2026-10-05T02:04:16.4889853Z Cleaning up orphan processes
Arrow IO Rust 1.88 (ubuntu-24.04, both)	Complete job	2026-10-05T02:04:16.5147266Z ##[warning]Node.js 20 is deprecated. The following actions target Node.js 20 but are being forced to run on Node.js 24: actions/upload-artifact@ea165f8d65b6e75b540449e92b4886f43607fa02. For more information see: https://github.blog/changelog/2025-09-19-deprecation-of-node-20-on-github-actions-runners/
