Arrow IO Rust 1.88 (macos-15, both)	Set up job	﻿2026-10-05T02:04:16.2183560Z Current runner version: '2.337.0'
Arrow IO Rust 1.88 (macos-15, both)	Set up job	2026-10-05T02:04:16.2198290Z ##[group]Runner Image Provisioner
Arrow IO Rust 1.88 (macos-15, both)	Set up job	2026-10-05T02:04:16.2198810Z Hosted Compute Agent
Arrow IO Rust 1.88 (macos-15, both)	Set up job	2026-10-05T02:04:16.2199270Z Version: 20260828.587
Arrow IO Rust 1.88 (macos-15, both)	Set up job	2026-10-05T02:04:16.2199720Z Commit: abac92662cab4cc7352de4f9f9d2e2419aad9c29
Arrow IO Rust 1.88 (macos-15, both)	Set up job	2026-10-05T02:04:16.2200260Z Build Date: 2026-08-28T16:44:25Z
Arrow IO Rust 1.88 (macos-15, both)	Set up job	2026-10-05T02:04:16.2200790Z Worker ID: {aae6a9a4-b51a-44bd-8bb6-3bac77957eb3}
Arrow IO Rust 1.88 (macos-15, both)	Set up job	2026-10-05T02:04:16.2201310Z Azure Region: westus
Arrow IO Rust 1.88 (macos-15, both)	Set up job	2026-10-05T02:04:16.2201710Z ##[endgroup]
Arrow IO Rust 1.88 (macos-15, both)	Set up job	2026-10-05T02:04:16.2202580Z ##[group]Operating System
Arrow IO Rust 1.88 (macos-15, both)	Set up job	2026-10-05T02:04:16.2203130Z macOS
Arrow IO Rust 1.88 (macos-15, both)	Set up job	2026-10-05T02:04:16.2203600Z 15.7.9
Arrow IO Rust 1.88 (macos-15, both)	Set up job	2026-10-05T02:04:16.2203910Z 24G830
Arrow IO Rust 1.88 (macos-15, both)	Set up job	2026-10-05T02:04:16.2204230Z ##[endgroup]
Arrow IO Rust 1.88 (macos-15, both)	Set up job	2026-10-05T02:04:16.2204740Z ##[group]Runner Image
Arrow IO Rust 1.88 (macos-15, both)	Set up job	2026-10-05T02:04:16.2205290Z Image: macos-15-arm64
Arrow IO Rust 1.88 (macos-15, both)	Set up job	2026-10-05T02:04:16.2205650Z Version: 20260907.0337.1
Arrow IO Rust 1.88 (macos-15, both)	Set up job	2026-10-05T02:04:16.2206440Z Included Software: https://github.com/actions/runner-images/blob/macos-15-arm64/20260907.0337/images/macos/macos-15-arm64-Readme.md
Arrow IO Rust 1.88 (macos-15, both)	Set up job	2026-10-05T02:04:16.2207570Z Image Release: https://github.com/actions/runner-images/releases/tag/macos-15-arm64%2F20260907.0337
Arrow IO Rust 1.88 (macos-15, both)	Set up job	2026-10-05T02:04:16.2208260Z ##[endgroup]
Arrow IO Rust 1.88 (macos-15, both)	Set up job	2026-10-05T02:04:16.2208950Z ##[group]GITHUB_TOKEN Permissions
Arrow IO Rust 1.88 (macos-15, both)	Set up job	2026-10-05T02:04:16.2210050Z Contents: read
Arrow IO Rust 1.88 (macos-15, both)	Set up job	2026-10-05T02:04:16.2210490Z Metadata: read
Arrow IO Rust 1.88 (macos-15, both)	Set up job	2026-10-05T02:04:16.2210880Z ##[endgroup]
Arrow IO Rust 1.88 (macos-15, both)	Set up job	2026-10-05T02:04:16.2212240Z Secret source: Actions
Arrow IO Rust 1.88 (macos-15, both)	Set up job	2026-10-05T02:04:16.2212890Z Cache mode: write
Arrow IO Rust 1.88 (macos-15, both)	Set up job	2026-10-05T02:04:16.2213310Z Prepare workflow directory
Arrow IO Rust 1.88 (macos-15, both)	Set up job	2026-10-05T02:04:16.2413750Z Prepare all required actions
Arrow IO Rust 1.88 (macos-15, both)	Set up job	2026-10-05T02:04:16.2446280Z Getting action download info
Arrow IO Rust 1.88 (macos-15, both)	Set up job	2026-10-05T02:04:16.5684080Z Download action repository 'actions/checkout@de0fac2e4500dabe0009e67214ff5f5447ce83dd' (SHA:de0fac2e4500dabe0009e67214ff5f5447ce83dd)
Arrow IO Rust 1.88 (macos-15, both)	Set up job	2026-10-05T02:04:16.9125120Z Download action repository 'actions/setup-python@a309ff8b426b58ec0e2a45f0f869d46889d02405' (SHA:a309ff8b426b58ec0e2a45f0f869d46889d02405)
Arrow IO Rust 1.88 (macos-15, both)	Set up job	2026-10-05T02:04:17.0218580Z Download action repository 'actions/upload-artifact@ea165f8d65b6e75b540449e92b4886f43607fa02' (SHA:ea165f8d65b6e75b540449e92b4886f43607fa02)
Arrow IO Rust 1.88 (macos-15, both)	Set up job	2026-10-05T02:04:17.2139460Z Complete job name: Arrow IO Rust 1.88 (macos-15, both)
Arrow IO Rust 1.88 (macos-15, both)	Run actions/checkout@de0fac2e4500dabe0009e67214ff5f5447ce83dd	﻿2026-10-05T02:04:17.2537380Z ##[group]Run actions/checkout@de0fac2e4500dabe0009e67214ff5f5447ce83dd
Arrow IO Rust 1.88 (macos-15, both)	Run actions/checkout@de0fac2e4500dabe0009e67214ff5f5447ce83dd	2026-10-05T02:04:17.2538010Z with:
Arrow IO Rust 1.88 (macos-15, both)	Run actions/checkout@de0fac2e4500dabe0009e67214ff5f5447ce83dd	2026-10-05T02:04:17.2538320Z   persist-credentials: false
Arrow IO Rust 1.88 (macos-15, both)	Run actions/checkout@de0fac2e4500dabe0009e67214ff5f5447ce83dd	2026-10-05T02:04:17.2538660Z   repository: edithatogo/kairos
Arrow IO Rust 1.88 (macos-15, both)	Run actions/checkout@de0fac2e4500dabe0009e67214ff5f5447ce83dd	2026-10-05T02:04:17.2541040Z   token: ***
Arrow IO Rust 1.88 (macos-15, both)	Run actions/checkout@de0fac2e4500dabe0009e67214ff5f5447ce83dd	2026-10-05T02:04:17.2541330Z   ssh-strict: true
Arrow IO Rust 1.88 (macos-15, both)	Run actions/checkout@de0fac2e4500dabe0009e67214ff5f5447ce83dd	2026-10-05T02:04:17.2541620Z   ssh-user: git
Arrow IO Rust 1.88 (macos-15, both)	Run actions/checkout@de0fac2e4500dabe0009e67214ff5f5447ce83dd	2026-10-05T02:04:17.2541910Z   clean: true
Arrow IO Rust 1.88 (macos-15, both)	Run actions/checkout@de0fac2e4500dabe0009e67214ff5f5447ce83dd	2026-10-05T02:04:17.2542210Z   sparse-checkout-cone-mode: true
Arrow IO Rust 1.88 (macos-15, both)	Run actions/checkout@de0fac2e4500dabe0009e67214ff5f5447ce83dd	2026-10-05T02:04:17.2542560Z   fetch-depth: 1
Arrow IO Rust 1.88 (macos-15, both)	Run actions/checkout@de0fac2e4500dabe0009e67214ff5f5447ce83dd	2026-10-05T02:04:17.2542850Z   fetch-tags: false
Arrow IO Rust 1.88 (macos-15, both)	Run actions/checkout@de0fac2e4500dabe0009e67214ff5f5447ce83dd	2026-10-05T02:04:17.2543140Z   show-progress: true
Arrow IO Rust 1.88 (macos-15, both)	Run actions/checkout@de0fac2e4500dabe0009e67214ff5f5447ce83dd	2026-10-05T02:04:17.2543450Z   lfs: false
Arrow IO Rust 1.88 (macos-15, both)	Run actions/checkout@de0fac2e4500dabe0009e67214ff5f5447ce83dd	2026-10-05T02:04:17.2543730Z   submodules: false
Arrow IO Rust 1.88 (macos-15, both)	Run actions/checkout@de0fac2e4500dabe0009e67214ff5f5447ce83dd	2026-10-05T02:04:17.2544030Z   set-safe-directory: true
Arrow IO Rust 1.88 (macos-15, both)	Run actions/checkout@de0fac2e4500dabe0009e67214ff5f5447ce83dd	2026-10-05T02:04:17.2544450Z ##[endgroup]
Arrow IO Rust 1.88 (macos-15, both)	Run actions/checkout@de0fac2e4500dabe0009e67214ff5f5447ce83dd	2026-10-05T02:04:17.5525910Z Syncing repository: edithatogo/kairos
Arrow IO Rust 1.88 (macos-15, both)	Run actions/checkout@de0fac2e4500dabe0009e67214ff5f5447ce83dd	2026-10-05T02:04:17.5528040Z ##[group]Getting Git version info
Arrow IO Rust 1.88 (macos-15, both)	Run actions/checkout@de0fac2e4500dabe0009e67214ff5f5447ce83dd	2026-10-05T02:04:17.5528890Z Working directory is '/Users/runner/work/kairos/kairos'
Arrow IO Rust 1.88 (macos-15, both)	Run actions/checkout@de0fac2e4500dabe0009e67214ff5f5447ce83dd	2026-10-05T02:04:17.5530130Z [command]/opt/homebrew/bin/git version
Arrow IO Rust 1.88 (macos-15, both)	Run actions/checkout@de0fac2e4500dabe0009e67214ff5f5447ce83dd	2026-10-05T02:04:17.6332420Z git version 2.55.0
Arrow IO Rust 1.88 (macos-15, both)	Run actions/checkout@de0fac2e4500dabe0009e67214ff5f5447ce83dd	2026-10-05T02:04:17.6423150Z ##[endgroup]
Arrow IO Rust 1.88 (macos-15, both)	Run actions/checkout@de0fac2e4500dabe0009e67214ff5f5447ce83dd	2026-10-05T02:04:17.6442140Z Copying '/Users/runner/.gitconfig' to '/Users/runner/work/_temp/f2105ad4-097b-4ee4-bffd-d4fd4a773dcc/.gitconfig'
Arrow IO Rust 1.88 (macos-15, both)	Run actions/checkout@de0fac2e4500dabe0009e67214ff5f5447ce83dd	2026-10-05T02:04:17.6448590Z Temporarily overriding HOME='/Users/runner/work/_temp/f2105ad4-097b-4ee4-bffd-d4fd4a773dcc' before making global git config changes
Arrow IO Rust 1.88 (macos-15, both)	Run actions/checkout@de0fac2e4500dabe0009e67214ff5f5447ce83dd	2026-10-05T02:04:17.6452930Z Adding repository directory to the temporary git global config as a safe directory
Arrow IO Rust 1.88 (macos-15, both)	Run actions/checkout@de0fac2e4500dabe0009e67214ff5f5447ce83dd	2026-10-05T02:04:17.6455790Z [command]/opt/homebrew/bin/git config --global --add safe.directory /Users/runner/work/kairos/kairos
Arrow IO Rust 1.88 (macos-15, both)	Run actions/checkout@de0fac2e4500dabe0009e67214ff5f5447ce83dd	2026-10-05T02:04:17.6731540Z Deleting the contents of '/Users/runner/work/kairos/kairos'
Arrow IO Rust 1.88 (macos-15, both)	Run actions/checkout@de0fac2e4500dabe0009e67214ff5f5447ce83dd	2026-10-05T02:04:17.6742300Z ##[group]Initializing the repository
Arrow IO Rust 1.88 (macos-15, both)	Run actions/checkout@de0fac2e4500dabe0009e67214ff5f5447ce83dd	2026-10-05T02:04:17.6767830Z [command]/opt/homebrew/bin/git init /Users/runner/work/kairos/kairos
Arrow IO Rust 1.88 (macos-15, both)	Run actions/checkout@de0fac2e4500dabe0009e67214ff5f5447ce83dd	2026-10-05T02:04:17.7144550Z hint: Using 'master' as the name for the initial branch. This default branch name
Arrow IO Rust 1.88 (macos-15, both)	Run actions/checkout@de0fac2e4500dabe0009e67214ff5f5447ce83dd	2026-10-05T02:04:17.7146670Z hint: will change to "main" in Git 3.0. To configure the initial branch name
Arrow IO Rust 1.88 (macos-15, both)	Run actions/checkout@de0fac2e4500dabe0009e67214ff5f5447ce83dd	2026-10-05T02:04:17.7148450Z hint: to use in all of your new repositories, which will suppress this warning,
Arrow IO Rust 1.88 (macos-15, both)	Run actions/checkout@de0fac2e4500dabe0009e67214ff5f5447ce83dd	2026-10-05T02:04:17.7149900Z hint: call:
Arrow IO Rust 1.88 (macos-15, both)	Run actions/checkout@de0fac2e4500dabe0009e67214ff5f5447ce83dd	2026-10-05T02:04:17.7150640Z hint:
Arrow IO Rust 1.88 (macos-15, both)	Run actions/checkout@de0fac2e4500dabe0009e67214ff5f5447ce83dd	2026-10-05T02:04:17.7151740Z hint: 	git config --global init.defaultBranch <name>
Arrow IO Rust 1.88 (macos-15, both)	Run actions/checkout@de0fac2e4500dabe0009e67214ff5f5447ce83dd	2026-10-05T02:04:17.7152970Z hint:
Arrow IO Rust 1.88 (macos-15, both)	Run actions/checkout@de0fac2e4500dabe0009e67214ff5f5447ce83dd	2026-10-05T02:04:17.7154050Z hint: Names commonly chosen instead of 'master' are 'main', 'trunk' and
Arrow IO Rust 1.88 (macos-15, both)	Run actions/checkout@de0fac2e4500dabe0009e67214ff5f5447ce83dd	2026-10-05T02:04:17.7155990Z hint: 'development'. The just-created branch can be renamed via this command:
Arrow IO Rust 1.88 (macos-15, both)	Run actions/checkout@de0fac2e4500dabe0009e67214ff5f5447ce83dd	2026-10-05T02:04:17.7157420Z hint:
Arrow IO Rust 1.88 (macos-15, both)	Run actions/checkout@de0fac2e4500dabe0009e67214ff5f5447ce83dd	2026-10-05T02:04:17.7158250Z hint: 	git branch -m <name>
Arrow IO Rust 1.88 (macos-15, both)	Run actions/checkout@de0fac2e4500dabe0009e67214ff5f5447ce83dd	2026-10-05T02:04:17.7159180Z hint:
Arrow IO Rust 1.88 (macos-15, both)	Run actions/checkout@de0fac2e4500dabe0009e67214ff5f5447ce83dd	2026-10-05T02:04:17.7160350Z hint: Disable this message with "git config set advice.defaultBranchName false"
Arrow IO Rust 1.88 (macos-15, both)	Run actions/checkout@de0fac2e4500dabe0009e67214ff5f5447ce83dd	2026-10-05T02:04:17.7162160Z Initialized empty Git repository in /Users/runner/work/kairos/kairos/.git/
Arrow IO Rust 1.88 (macos-15, both)	Run actions/checkout@de0fac2e4500dabe0009e67214ff5f5447ce83dd	2026-10-05T02:04:17.7165230Z [command]/opt/homebrew/bin/git remote add origin https://github.com/edithatogo/kairos
Arrow IO Rust 1.88 (macos-15, both)	Run actions/checkout@de0fac2e4500dabe0009e67214ff5f5447ce83dd	2026-10-05T02:04:17.7222080Z ##[endgroup]
Arrow IO Rust 1.88 (macos-15, both)	Run actions/checkout@de0fac2e4500dabe0009e67214ff5f5447ce83dd	2026-10-05T02:04:17.7223370Z ##[group]Disabling automatic garbage collection
Arrow IO Rust 1.88 (macos-15, both)	Run actions/checkout@de0fac2e4500dabe0009e67214ff5f5447ce83dd	2026-10-05T02:04:17.7224560Z [command]/opt/homebrew/bin/git config --local gc.auto 0
Arrow IO Rust 1.88 (macos-15, both)	Run actions/checkout@de0fac2e4500dabe0009e67214ff5f5447ce83dd	2026-10-05T02:04:17.7278210Z ##[endgroup]
Arrow IO Rust 1.88 (macos-15, both)	Run actions/checkout@de0fac2e4500dabe0009e67214ff5f5447ce83dd	2026-10-05T02:04:17.7279390Z ##[group]Setting up auth
Arrow IO Rust 1.88 (macos-15, both)	Run actions/checkout@de0fac2e4500dabe0009e67214ff5f5447ce83dd	2026-10-05T02:04:17.7280390Z Removing SSH command configuration
Arrow IO Rust 1.88 (macos-15, both)	Run actions/checkout@de0fac2e4500dabe0009e67214ff5f5447ce83dd	2026-10-05T02:04:17.7282010Z [command]/opt/homebrew/bin/git config --local --name-only --get-regexp core\.sshCommand
Arrow IO Rust 1.88 (macos-15, both)	Run actions/checkout@de0fac2e4500dabe0009e67214ff5f5447ce83dd	2026-10-05T02:04:17.7335190Z [command]/opt/homebrew/bin/git submodule foreach --recursive sh -c "git config --local --name-only --get-regexp 'core\.sshCommand' && git config --local --unset-all 'core.sshCommand' || :"
Arrow IO Rust 1.88 (macos-15, both)	Run actions/checkout@de0fac2e4500dabe0009e67214ff5f5447ce83dd	2026-10-05T02:04:17.8060330Z Removing HTTP extra header
Arrow IO Rust 1.88 (macos-15, both)	Run actions/checkout@de0fac2e4500dabe0009e67214ff5f5447ce83dd	2026-10-05T02:04:17.8064080Z [command]/opt/homebrew/bin/git config --local --name-only --get-regexp http\.https\:\/\/github\.com\/\.extraheader
Arrow IO Rust 1.88 (macos-15, both)	Run actions/checkout@de0fac2e4500dabe0009e67214ff5f5447ce83dd	2026-10-05T02:04:17.8112260Z [command]/opt/homebrew/bin/git submodule foreach --recursive sh -c "git config --local --name-only --get-regexp 'http\.https\:\/\/github\.com\/\.extraheader' && git config --local --unset-all 'http.https://github.com/.extraheader' || :"
Arrow IO Rust 1.88 (macos-15, both)	Run actions/checkout@de0fac2e4500dabe0009e67214ff5f5447ce83dd	2026-10-05T02:04:17.8715460Z Removing includeIf entries pointing to credentials config files
Arrow IO Rust 1.88 (macos-15, both)	Run actions/checkout@de0fac2e4500dabe0009e67214ff5f5447ce83dd	2026-10-05T02:04:17.8718770Z [command]/opt/homebrew/bin/git config --local --name-only --get-regexp ^includeIf\.gitdir:
Arrow IO Rust 1.88 (macos-15, both)	Run actions/checkout@de0fac2e4500dabe0009e67214ff5f5447ce83dd	2026-10-05T02:04:17.8784750Z [command]/opt/homebrew/bin/git submodule foreach --recursive git config --local --show-origin --name-only --get-regexp remote.origin.url
Arrow IO Rust 1.88 (macos-15, both)	Run actions/checkout@de0fac2e4500dabe0009e67214ff5f5447ce83dd	2026-10-05T02:04:17.9686610Z [command]/opt/homebrew/bin/git config --file /Users/runner/work/_temp/git-credentials-2bf8b719-5dd5-4656-92ad-0575d9060960.config http.https://github.com/.extraheader AUTHORIZATION: basic ***
Arrow IO Rust 1.88 (macos-15, both)	Run actions/checkout@de0fac2e4500dabe0009e67214ff5f5447ce83dd	2026-10-05T02:04:17.9753820Z [command]/opt/homebrew/bin/git config --local includeIf.gitdir:/Users/runner/work/kairos/kairos/.git.path /Users/runner/work/_temp/git-credentials-2bf8b719-5dd5-4656-92ad-0575d9060960.config
Arrow IO Rust 1.88 (macos-15, both)	Run actions/checkout@de0fac2e4500dabe0009e67214ff5f5447ce83dd	2026-10-05T02:04:17.9759130Z [command]/opt/homebrew/bin/git config --local includeIf.gitdir:/Users/runner/work/kairos/kairos/.git/worktrees/*.path /Users/runner/work/_temp/git-credentials-2bf8b719-5dd5-4656-92ad-0575d9060960.config
Arrow IO Rust 1.88 (macos-15, both)	Run actions/checkout@de0fac2e4500dabe0009e67214ff5f5447ce83dd	2026-10-05T02:04:17.9798990Z [command]/opt/homebrew/bin/git config --local includeIf.gitdir:/github/workspace/.git.path /github/runner_temp/git-credentials-2bf8b719-5dd5-4656-92ad-0575d9060960.config
Arrow IO Rust 1.88 (macos-15, both)	Run actions/checkout@de0fac2e4500dabe0009e67214ff5f5447ce83dd	2026-10-05T02:04:17.9848980Z [command]/opt/homebrew/bin/git config --local includeIf.gitdir:/github/workspace/.git/worktrees/*.path /github/runner_temp/git-credentials-2bf8b719-5dd5-4656-92ad-0575d9060960.config
Arrow IO Rust 1.88 (macos-15, both)	Run actions/checkout@de0fac2e4500dabe0009e67214ff5f5447ce83dd	2026-10-05T02:04:17.9892510Z ##[endgroup]
Arrow IO Rust 1.88 (macos-15, both)	Run actions/checkout@de0fac2e4500dabe0009e67214ff5f5447ce83dd	2026-10-05T02:04:17.9893570Z ##[group]Fetching the repository
Arrow IO Rust 1.88 (macos-15, both)	Run actions/checkout@de0fac2e4500dabe0009e67214ff5f5447ce83dd	2026-10-05T02:04:17.9897450Z [command]/opt/homebrew/bin/git -c protocol.version=2 fetch --no-tags --prune --no-recurse-submodules --depth=1 origin +6f9560c3092325e26d6bb8c156c842577caabd9c:refs/remotes/pull/223/merge
Arrow IO Rust 1.88 (macos-15, both)	Run actions/checkout@de0fac2e4500dabe0009e67214ff5f5447ce83dd	2026-10-05T02:04:19.2763510Z From https://github.com/edithatogo/kairos
Arrow IO Rust 1.88 (macos-15, both)	Run actions/checkout@de0fac2e4500dabe0009e67214ff5f5447ce83dd	2026-10-05T02:04:19.2790430Z  * [new ref]         6f9560c3092325e26d6bb8c156c842577caabd9c -> pull/223/merge
Arrow IO Rust 1.88 (macos-15, both)	Run actions/checkout@de0fac2e4500dabe0009e67214ff5f5447ce83dd	2026-10-05T02:04:19.2821220Z ##[endgroup]
Arrow IO Rust 1.88 (macos-15, both)	Run actions/checkout@de0fac2e4500dabe0009e67214ff5f5447ce83dd	2026-10-05T02:04:19.2903000Z ##[group]Determining the checkout info
Arrow IO Rust 1.88 (macos-15, both)	Run actions/checkout@de0fac2e4500dabe0009e67214ff5f5447ce83dd	2026-10-05T02:04:19.2904590Z ##[endgroup]
Arrow IO Rust 1.88 (macos-15, both)	Run actions/checkout@de0fac2e4500dabe0009e67214ff5f5447ce83dd	2026-10-05T02:04:19.2905330Z [command]/opt/homebrew/bin/git sparse-checkout disable
Arrow IO Rust 1.88 (macos-15, both)	Run actions/checkout@de0fac2e4500dabe0009e67214ff5f5447ce83dd	2026-10-05T02:04:19.2915510Z [command]/opt/homebrew/bin/git config --local --unset-all extensions.worktreeConfig
Arrow IO Rust 1.88 (macos-15, both)	Run actions/checkout@de0fac2e4500dabe0009e67214ff5f5447ce83dd	2026-10-05T02:04:19.2989280Z ##[group]Checking out the ref
Arrow IO Rust 1.88 (macos-15, both)	Run actions/checkout@de0fac2e4500dabe0009e67214ff5f5447ce83dd	2026-10-05T02:04:19.2990010Z [command]/opt/homebrew/bin/git checkout --progress --force refs/remotes/pull/223/merge
Arrow IO Rust 1.88 (macos-15, both)	Run actions/checkout@de0fac2e4500dabe0009e67214ff5f5447ce83dd	2026-10-05T02:04:19.7602460Z HEAD is now at 6f9560c Merge 4e0cce458ff708a0ff724a8d4f8f14db04ee68a2 into 21e48b257b5c89dd9756b647d9ee17f698f9496b
Arrow IO Rust 1.88 (macos-15, both)	Run actions/checkout@de0fac2e4500dabe0009e67214ff5f5447ce83dd	2026-10-05T02:04:19.7631110Z ##[endgroup]
Arrow IO Rust 1.88 (macos-15, both)	Run actions/checkout@de0fac2e4500dabe0009e67214ff5f5447ce83dd	2026-10-05T02:04:19.7707210Z [command]/opt/homebrew/bin/git log -1 --format=%H
Arrow IO Rust 1.88 (macos-15, both)	Run actions/checkout@de0fac2e4500dabe0009e67214ff5f5447ce83dd	2026-10-05T02:04:19.7765560Z 6f9560c3092325e26d6bb8c156c842577caabd9c
Arrow IO Rust 1.88 (macos-15, both)	Run actions/checkout@de0fac2e4500dabe0009e67214ff5f5447ce83dd	2026-10-05T02:04:19.7771480Z ##[group]Removing auth
Arrow IO Rust 1.88 (macos-15, both)	Run actions/checkout@de0fac2e4500dabe0009e67214ff5f5447ce83dd	2026-10-05T02:04:19.7771820Z Removing SSH command configuration
Arrow IO Rust 1.88 (macos-15, both)	Run actions/checkout@de0fac2e4500dabe0009e67214ff5f5447ce83dd	2026-10-05T02:04:19.7776130Z [command]/opt/homebrew/bin/git config --local --name-only --get-regexp core\.sshCommand
Arrow IO Rust 1.88 (macos-15, both)	Run actions/checkout@de0fac2e4500dabe0009e67214ff5f5447ce83dd	2026-10-05T02:04:19.7829650Z [command]/opt/homebrew/bin/git submodule foreach --recursive sh -c "git config --local --name-only --get-regexp 'core\.sshCommand' && git config --local --unset-all 'core.sshCommand' || :"
Arrow IO Rust 1.88 (macos-15, both)	Run actions/checkout@de0fac2e4500dabe0009e67214ff5f5447ce83dd	2026-10-05T02:04:19.8448030Z Removing HTTP extra header
Arrow IO Rust 1.88 (macos-15, both)	Run actions/checkout@de0fac2e4500dabe0009e67214ff5f5447ce83dd	2026-10-05T02:04:19.8450240Z [command]/opt/homebrew/bin/git config --local --name-only --get-regexp http\.https\:\/\/github\.com\/\.extraheader
Arrow IO Rust 1.88 (macos-15, both)	Run actions/checkout@de0fac2e4500dabe0009e67214ff5f5447ce83dd	2026-10-05T02:04:19.8500280Z [command]/opt/homebrew/bin/git submodule foreach --recursive sh -c "git config --local --name-only --get-regexp 'http\.https\:\/\/github\.com\/\.extraheader' && git config --local --unset-all 'http.https://github.com/.extraheader' || :"
Arrow IO Rust 1.88 (macos-15, both)	Run actions/checkout@de0fac2e4500dabe0009e67214ff5f5447ce83dd	2026-10-05T02:04:19.9184120Z Removing includeIf entries pointing to credentials config files
Arrow IO Rust 1.88 (macos-15, both)	Run actions/checkout@de0fac2e4500dabe0009e67214ff5f5447ce83dd	2026-10-05T02:04:19.9194650Z [command]/opt/homebrew/bin/git config --local --name-only --get-regexp ^includeIf\.gitdir:
Arrow IO Rust 1.88 (macos-15, both)	Run actions/checkout@de0fac2e4500dabe0009e67214ff5f5447ce83dd	2026-10-05T02:04:19.9238290Z includeif.gitdir:/Users/runner/work/kairos/kairos/.git.path
Arrow IO Rust 1.88 (macos-15, both)	Run actions/checkout@de0fac2e4500dabe0009e67214ff5f5447ce83dd	2026-10-05T02:04:19.9242180Z includeif.gitdir:/Users/runner/work/kairos/kairos/.git/worktrees/*.path
Arrow IO Rust 1.88 (macos-15, both)	Run actions/checkout@de0fac2e4500dabe0009e67214ff5f5447ce83dd	2026-10-05T02:04:19.9245620Z includeif.gitdir:/github/workspace/.git.path
Arrow IO Rust 1.88 (macos-15, both)	Run actions/checkout@de0fac2e4500dabe0009e67214ff5f5447ce83dd	2026-10-05T02:04:19.9248770Z includeif.gitdir:/github/workspace/.git/worktrees/*.path
Arrow IO Rust 1.88 (macos-15, both)	Run actions/checkout@de0fac2e4500dabe0009e67214ff5f5447ce83dd	2026-10-05T02:04:19.9250510Z [command]/opt/homebrew/bin/git config --local --get-all includeif.gitdir:/Users/runner/work/kairos/kairos/.git.path
Arrow IO Rust 1.88 (macos-15, both)	Run actions/checkout@de0fac2e4500dabe0009e67214ff5f5447ce83dd	2026-10-05T02:04:19.9297260Z /Users/runner/work/_temp/git-credentials-2bf8b719-5dd5-4656-92ad-0575d9060960.config
Arrow IO Rust 1.88 (macos-15, both)	Run actions/checkout@de0fac2e4500dabe0009e67214ff5f5447ce83dd	2026-10-05T02:04:19.9304330Z [command]/opt/homebrew/bin/git config --local --unset includeif.gitdir:/Users/runner/work/kairos/kairos/.git.path /Users/runner/work/_temp/git-credentials-2bf8b719-5dd5-4656-92ad-0575d9060960.config
Arrow IO Rust 1.88 (macos-15, both)	Run actions/checkout@de0fac2e4500dabe0009e67214ff5f5447ce83dd	2026-10-05T02:04:19.9418740Z [command]/opt/homebrew/bin/git config --local --get-all includeif.gitdir:/Users/runner/work/kairos/kairos/.git/worktrees/*.path
Arrow IO Rust 1.88 (macos-15, both)	Run actions/checkout@de0fac2e4500dabe0009e67214ff5f5447ce83dd	2026-10-05T02:04:19.9461690Z /Users/runner/work/_temp/git-credentials-2bf8b719-5dd5-4656-92ad-0575d9060960.config
Arrow IO Rust 1.88 (macos-15, both)	Run actions/checkout@de0fac2e4500dabe0009e67214ff5f5447ce83dd	2026-10-05T02:04:19.9466630Z [command]/opt/homebrew/bin/git config --local --unset includeif.gitdir:/Users/runner/work/kairos/kairos/.git/worktrees/*.path /Users/runner/work/_temp/git-credentials-2bf8b719-5dd5-4656-92ad-0575d9060960.config
Arrow IO Rust 1.88 (macos-15, both)	Run actions/checkout@de0fac2e4500dabe0009e67214ff5f5447ce83dd	2026-10-05T02:04:19.9576890Z [command]/opt/homebrew/bin/git config --local --get-all includeif.gitdir:/github/workspace/.git.path
Arrow IO Rust 1.88 (macos-15, both)	Run actions/checkout@de0fac2e4500dabe0009e67214ff5f5447ce83dd	2026-10-05T02:04:19.9617310Z /github/runner_temp/git-credentials-2bf8b719-5dd5-4656-92ad-0575d9060960.config
Arrow IO Rust 1.88 (macos-15, both)	Run actions/checkout@de0fac2e4500dabe0009e67214ff5f5447ce83dd	2026-10-05T02:04:19.9621200Z [command]/opt/homebrew/bin/git config --local --unset includeif.gitdir:/github/workspace/.git.path /github/runner_temp/git-credentials-2bf8b719-5dd5-4656-92ad-0575d9060960.config
Arrow IO Rust 1.88 (macos-15, both)	Run actions/checkout@de0fac2e4500dabe0009e67214ff5f5447ce83dd	2026-10-05T02:04:19.9674260Z [command]/opt/homebrew/bin/git config --local --get-all includeif.gitdir:/github/workspace/.git/worktrees/*.path
Arrow IO Rust 1.88 (macos-15, both)	Run actions/checkout@de0fac2e4500dabe0009e67214ff5f5447ce83dd	2026-10-05T02:04:19.9718570Z /github/runner_temp/git-credentials-2bf8b719-5dd5-4656-92ad-0575d9060960.config
Arrow IO Rust 1.88 (macos-15, both)	Run actions/checkout@de0fac2e4500dabe0009e67214ff5f5447ce83dd	2026-10-05T02:04:19.9720670Z [command]/opt/homebrew/bin/git config --local --unset includeif.gitdir:/github/workspace/.git/worktrees/*.path /github/runner_temp/git-credentials-2bf8b719-5dd5-4656-92ad-0575d9060960.config
Arrow IO Rust 1.88 (macos-15, both)	Run actions/checkout@de0fac2e4500dabe0009e67214ff5f5447ce83dd	2026-10-05T02:04:19.9766460Z [command]/opt/homebrew/bin/git submodule foreach --recursive git config --local --show-origin --name-only --get-regexp remote.origin.url
Arrow IO Rust 1.88 (macos-15, both)	Run actions/checkout@de0fac2e4500dabe0009e67214ff5f5447ce83dd	2026-10-05T02:04:20.0322860Z Removing credentials config '/Users/runner/work/_temp/git-credentials-2bf8b719-5dd5-4656-92ad-0575d9060960.config'
Arrow IO Rust 1.88 (macos-15, both)	Run actions/checkout@de0fac2e4500dabe0009e67214ff5f5447ce83dd	2026-10-05T02:04:20.0327910Z ##[endgroup]
Arrow IO Rust 1.88 (macos-15, both)	Initialize Arrow IO evidence directory	﻿2026-10-05T02:04:20.0462540Z ##[group]Run mkdir -p ".artifacts/ci/arrow-io/1.88.0/macos-15/both"
Arrow IO Rust 1.88 (macos-15, both)	Initialize Arrow IO evidence directory	2026-10-05T02:04:20.0462950Z ^[[36;1mmkdir -p ".artifacts/ci/arrow-io/1.88.0/macos-15/both"^[[0m
Arrow IO Rust 1.88 (macos-15, both)	Initialize Arrow IO evidence directory	2026-10-05T02:04:20.0500950Z shell: /bin/bash -e {0}
Arrow IO Rust 1.88 (macos-15, both)	Initialize Arrow IO evidence directory	2026-10-05T02:04:20.0501140Z ##[endgroup]
Arrow IO Rust 1.88 (macos-15, both)	Install reviewed Rust 1.88.0	﻿2026-10-05T02:04:20.0845730Z ##[group]Run rustup toolchain install 1.88.0 --profile minimal
Arrow IO Rust 1.88 (macos-15, both)	Install reviewed Rust 1.88.0	2026-10-05T02:04:20.0846170Z ^[[36;1mrustup toolchain install 1.88.0 --profile minimal^[[0m
Arrow IO Rust 1.88 (macos-15, both)	Install reviewed Rust 1.88.0	2026-10-05T02:04:20.0875980Z shell: /bin/bash -e {0}
Arrow IO Rust 1.88 (macos-15, both)	Install reviewed Rust 1.88.0	2026-10-05T02:04:20.0876160Z ##[endgroup]
Arrow IO Rust 1.88 (macos-15, both)	Install reviewed Rust 1.88.0	2026-10-05T02:04:20.1494760Z info: syncing channel updates for 1.88.0-aarch64-apple-darwin
Arrow IO Rust 1.88 (macos-15, both)	Install reviewed Rust 1.88.0	2026-10-05T02:04:20.3767290Z info: latest update on 2025-06-26 for version 1.88.0 (6b00bc388 2025-06-23)
Arrow IO Rust 1.88 (macos-15, both)	Install reviewed Rust 1.88.0	2026-10-05T02:04:20.3789380Z info: downloading 3 components
Arrow IO Rust 1.88 (macos-15, both)	Install reviewed Rust 1.88.0	2026-10-05T02:04:26.5604570Z 
Arrow IO Rust 1.88 (macos-15, both)	Install reviewed Rust 1.88.0	2026-10-05T02:04:26.7109940Z   1.88.0-aarch64-apple-darwin installed - rustc 1.88.0 (6b00bc388 2025-06-23)
Arrow IO Rust 1.88 (macos-15, both)	Install reviewed Rust 1.88.0	2026-10-05T02:04:26.7110760Z info: self-update is disabled for this build of rustup
Arrow IO Rust 1.88 (macos-15, both)	Install reviewed Rust 1.88.0	2026-10-05T02:04:26.7125800Z 
Arrow IO Rust 1.88 (macos-15, both)	Install reviewed Rust 1.88.0	2026-10-05T02:04:26.7129510Z info: any updates to rustup will need to be fetched with your system package manager
Arrow IO Rust 1.88 (macos-15, both)	Verify Rust 1.88 host	﻿2026-10-05T02:04:26.7272610Z ##[group]Run task_rustc="$(rustup which --toolchain 1.88.0 rustc)"
Arrow IO Rust 1.88 (macos-15, both)	Verify Rust 1.88 host	2026-10-05T02:04:26.7273180Z ^[[36;1mtask_rustc="$(rustup which --toolchain 1.88.0 rustc)"^[[0m
Arrow IO Rust 1.88 (macos-15, both)	Verify Rust 1.88 host	2026-10-05T02:04:26.7273570Z ^[[36;1mtask_cargo="$(rustup which --toolchain 1.88.0 cargo)"^[[0m
Arrow IO Rust 1.88 (macos-15, both)	Verify Rust 1.88 host	2026-10-05T02:04:26.7274120Z ^[[36;1m"$task_cargo" -V | tee ".artifacts/ci/arrow-io/1.88.0/macos-15/both/toolchain.log"^[[0m
Arrow IO Rust 1.88 (macos-15, both)	Verify Rust 1.88 host	2026-10-05T02:04:26.7274600Z ^[[36;1m"$task_rustc" -vV | tee -a ".artifacts/ci/arrow-io/1.88.0/macos-15/both/toolchain.log"^[[0m
Arrow IO Rust 1.88 (macos-15, both)	Verify Rust 1.88 host	2026-10-05T02:04:26.7275090Z ^[[36;1mgrep -Fx 'release: 1.88.0' ".artifacts/ci/arrow-io/1.88.0/macos-15/both/toolchain.log"^[[0m
Arrow IO Rust 1.88 (macos-15, both)	Verify Rust 1.88 host	2026-10-05T02:04:26.7275440Z ^[[36;1mif [ "$EXPECTED_OS" = macos-15 ]; then^[[0m
Arrow IO Rust 1.88 (macos-15, both)	Verify Rust 1.88 host	2026-10-05T02:04:26.7275840Z ^[[36;1m  grep -Fx 'host: aarch64-apple-darwin' ".artifacts/ci/arrow-io/1.88.0/macos-15/both/toolchain.log"^[[0m
Arrow IO Rust 1.88 (macos-15, both)	Verify Rust 1.88 host	2026-10-05T02:04:26.7276310Z ^[[36;1melse^[[0m
Arrow IO Rust 1.88 (macos-15, both)	Verify Rust 1.88 host	2026-10-05T02:04:26.7276650Z ^[[36;1m  grep -Fx 'host: x86_64-unknown-linux-gnu' ".artifacts/ci/arrow-io/1.88.0/macos-15/both/toolchain.log"^[[0m
Arrow IO Rust 1.88 (macos-15, both)	Verify Rust 1.88 host	2026-10-05T02:04:26.7277080Z ^[[36;1mfi^[[0m
Arrow IO Rust 1.88 (macos-15, both)	Verify Rust 1.88 host	2026-10-05T02:04:26.7320110Z shell: /bin/bash -e {0}
Arrow IO Rust 1.88 (macos-15, both)	Verify Rust 1.88 host	2026-10-05T02:04:26.7320310Z env:
Arrow IO Rust 1.88 (macos-15, both)	Verify Rust 1.88 host	2026-10-05T02:04:26.7320520Z   EXPECTED_OS: macos-15
Arrow IO Rust 1.88 (macos-15, both)	Verify Rust 1.88 host	2026-10-05T02:04:26.7320750Z ##[endgroup]
Arrow IO Rust 1.88 (macos-15, both)	Verify Rust 1.88 host	2026-10-05T02:04:26.8291350Z cargo 1.88.0 (873a06493 2025-05-10)
Arrow IO Rust 1.88 (macos-15, both)	Verify Rust 1.88 host	2026-10-05T02:04:26.8399790Z rustc 1.88.0 (6b00bc388 2025-06-23)
Arrow IO Rust 1.88 (macos-15, both)	Verify Rust 1.88 host	2026-10-05T02:04:26.8400080Z binary: rustc
Arrow IO Rust 1.88 (macos-15, both)	Verify Rust 1.88 host	2026-10-05T02:04:26.8400340Z commit-hash: 6b00bc3880198600130e1cf62b8f8a93494488cc
Arrow IO Rust 1.88 (macos-15, both)	Verify Rust 1.88 host	2026-10-05T02:04:26.8400610Z commit-date: 2025-06-23
Arrow IO Rust 1.88 (macos-15, both)	Verify Rust 1.88 host	2026-10-05T02:04:26.8400860Z host: aarch64-apple-darwin
Arrow IO Rust 1.88 (macos-15, both)	Verify Rust 1.88 host	2026-10-05T02:04:26.8401100Z release: 1.88.0
Arrow IO Rust 1.88 (macos-15, both)	Verify Rust 1.88 host	2026-10-05T02:04:26.8590160Z LLVM version: 20.1.5
Arrow IO Rust 1.88 (macos-15, both)	Verify Rust 1.88 host	2026-10-05T02:04:26.8861500Z release: 1.88.0
Arrow IO Rust 1.88 (macos-15, both)	Verify Rust 1.88 host	2026-10-05T02:04:26.8889060Z host: aarch64-apple-darwin
Arrow IO Rust 1.88 (macos-15, both)	Install pinned PyArrow for bidirectional interop	﻿2026-10-05T02:04:26.8990230Z ##[group]Run actions/setup-python@a309ff8b426b58ec0e2a45f0f869d46889d02405
Arrow IO Rust 1.88 (macos-15, both)	Install pinned PyArrow for bidirectional interop	2026-10-05T02:04:26.8990560Z with:
Arrow IO Rust 1.88 (macos-15, both)	Install pinned PyArrow for bidirectional interop	2026-10-05T02:04:26.8990770Z   python-version: 3.14.8
Arrow IO Rust 1.88 (macos-15, both)	Install pinned PyArrow for bidirectional interop	2026-10-05T02:04:26.8994660Z   check-latest: false
Arrow IO Rust 1.88 (macos-15, both)	Install pinned PyArrow for bidirectional interop	2026-10-05T02:04:26.8996990Z   token: ***
Arrow IO Rust 1.88 (macos-15, both)	Install pinned PyArrow for bidirectional interop	2026-10-05T02:04:26.8997250Z   update-environment: true
Arrow IO Rust 1.88 (macos-15, both)	Install pinned PyArrow for bidirectional interop	2026-10-05T02:04:26.8997490Z   allow-prereleases: false
Arrow IO Rust 1.88 (macos-15, both)	Install pinned PyArrow for bidirectional interop	2026-10-05T02:04:26.8997730Z   freethreaded: false
Arrow IO Rust 1.88 (macos-15, both)	Install pinned PyArrow for bidirectional interop	2026-10-05T02:04:26.8997940Z ##[endgroup]
Arrow IO Rust 1.88 (macos-15, both)	Install pinned PyArrow for bidirectional interop	2026-10-05T02:04:27.0383350Z ##[group]Installed versions
Arrow IO Rust 1.88 (macos-15, both)	Install pinned PyArrow for bidirectional interop	2026-10-05T02:04:27.0397760Z Version 3.14.8 was not found in the local cache
Arrow IO Rust 1.88 (macos-15, both)	Install pinned PyArrow for bidirectional interop	2026-10-05T02:04:27.7536090Z Version 3.14.8 is available for downloading
Arrow IO Rust 1.88 (macos-15, both)	Install pinned PyArrow for bidirectional interop	2026-10-05T02:04:27.7536810Z Download from "https://github.com/actions/python-versions/releases/download/3.14.8-36806082737/python-3.14.8-darwin-arm64.tar.gz"
Arrow IO Rust 1.88 (macos-15, both)	Install pinned PyArrow for bidirectional interop	2026-10-05T02:04:28.3917520Z Extract downloaded archive
Arrow IO Rust 1.88 (macos-15, both)	Install pinned PyArrow for bidirectional interop	2026-10-05T02:04:28.4035930Z [command]/usr/bin/tar xz -C /Users/runner/work/_temp/96eb2bc4-3cc5-4ab9-ac56-65e322976683 -f /Users/runner/work/_temp/92add7dd-11fb-4605-94a7-ca6c6f4818ce
Arrow IO Rust 1.88 (macos-15, both)	Install pinned PyArrow for bidirectional interop	2026-10-05T02:04:28.4901430Z Execute installation script
Arrow IO Rust 1.88 (macos-15, both)	Install pinned PyArrow for bidirectional interop	2026-10-05T02:04:28.5123730Z Check if Python hostedtoolcache folder exist...
Arrow IO Rust 1.88 (macos-15, both)	Install pinned PyArrow for bidirectional interop	2026-10-05T02:04:28.5191250Z Deleting Python /Users/runner/hostedtoolcache/Python/3.14.7/arm64
Arrow IO Rust 1.88 (macos-15, both)	Install pinned PyArrow for bidirectional interop	2026-10-05T02:04:28.5284240Z Install Python binaries from prebuilt package
Arrow IO Rust 1.88 (macos-15, both)	Install pinned PyArrow for bidirectional interop	2026-10-05T02:04:45.4320900Z installer: Package name is Python
Arrow IO Rust 1.88 (macos-15, both)	Install pinned PyArrow for bidirectional interop	2026-10-05T02:04:45.4338390Z installer: choices changes file '/var/folders/nj/vtw8zd2j31d1gdrtntc5y4600000gn/T/tmp.u8v7KUgKi2' applied
Arrow IO Rust 1.88 (macos-15, both)	Install pinned PyArrow for bidirectional interop	2026-10-05T02:04:45.4341870Z installer: Upgrading at base path /
Arrow IO Rust 1.88 (macos-15, both)	Install pinned PyArrow for bidirectional interop	2026-10-05T02:04:45.4360120Z installer: The upgrade was successful.
Arrow IO Rust 1.88 (macos-15, both)	Install pinned PyArrow for bidirectional interop	2026-10-05T02:04:45.4372710Z Create hostedtoolcach symlinks (Required for the backward compatibility)
Arrow IO Rust 1.88 (macos-15, both)	Install pinned PyArrow for bidirectional interop	2026-10-05T02:04:45.4373350Z Create Python 3.14.8 folder
Arrow IO Rust 1.88 (macos-15, both)	Install pinned PyArrow for bidirectional interop	2026-10-05T02:04:45.4469710Z Create additional symlinks (Required for the UsePythonVersion Azure Pipelines task and the setup-python GitHub Action)
Arrow IO Rust 1.88 (macos-15, both)	Install pinned PyArrow for bidirectional interop	2026-10-05T02:04:45.4537750Z Upgrading pip...
Arrow IO Rust 1.88 (macos-15, both)	Install pinned PyArrow for bidirectional interop	2026-10-05T02:04:46.0200940Z Collecting pip
Arrow IO Rust 1.88 (macos-15, both)	Install pinned PyArrow for bidirectional interop	2026-10-05T02:04:46.0233610Z Using cached pip-26.2.1-py3-none-any.whl.metadata (4.6 kB)
Arrow IO Rust 1.88 (macos-15, both)	Install pinned PyArrow for bidirectional interop	2026-10-05T02:04:46.0266780Z Using cached pip-26.2.1-py3-none-any.whl (1.8 MB)
Arrow IO Rust 1.88 (macos-15, both)	Install pinned PyArrow for bidirectional interop	2026-10-05T02:04:46.0443250Z Installing collected packages: pip
Arrow IO Rust 1.88 (macos-15, both)	Install pinned PyArrow for bidirectional interop	2026-10-05T02:04:46.0443680Z Attempting uninstall: pip
Arrow IO Rust 1.88 (macos-15, both)	Install pinned PyArrow for bidirectional interop	2026-10-05T02:04:46.0454080Z Found existing installation: pip 26.2.1
Arrow IO Rust 1.88 (macos-15, both)	Install pinned PyArrow for bidirectional interop	2026-10-05T02:04:46.0621340Z Uninstalling pip-26.2.1:
Arrow IO Rust 1.88 (macos-15, both)	Install pinned PyArrow for bidirectional interop	2026-10-05T02:04:46.1519990Z Successfully uninstalled pip-26.2.1
Arrow IO Rust 1.88 (macos-15, both)	Install pinned PyArrow for bidirectional interop	2026-10-05T02:04:46.8945130Z Successfully installed pip-26.2.1
Arrow IO Rust 1.88 (macos-15, both)	Install pinned PyArrow for bidirectional interop	2026-10-05T02:04:46.9375320Z Install OpenSSL certificates
Arrow IO Rust 1.88 (macos-15, both)	Install pinned PyArrow for bidirectional interop	2026-10-05T02:04:47.2126460Z Requirement already satisfied: certifi in /Library/Frameworks/Python.framework/Versions/3.14/lib/python3.14/site-packages (2026.7.22)
Arrow IO Rust 1.88 (macos-15, both)	Install pinned PyArrow for bidirectional interop	2026-10-05T02:04:47.3232160Z -- pip install --upgrade certifi
Arrow IO Rust 1.88 (macos-15, both)	Install pinned PyArrow for bidirectional interop	2026-10-05T02:04:47.3232690Z  -- removing any existing file or link
Arrow IO Rust 1.88 (macos-15, both)	Install pinned PyArrow for bidirectional interop	2026-10-05T02:04:47.3233140Z  -- creating symlink to certifi certificate bundle
Arrow IO Rust 1.88 (macos-15, both)	Install pinned PyArrow for bidirectional interop	2026-10-05T02:04:47.3233450Z  -- setting permissions
Arrow IO Rust 1.88 (macos-15, both)	Install pinned PyArrow for bidirectional interop	2026-10-05T02:04:47.3233740Z  -- update complete
Arrow IO Rust 1.88 (macos-15, both)	Install pinned PyArrow for bidirectional interop	2026-10-05T02:04:47.3283820Z Create complete file
Arrow IO Rust 1.88 (macos-15, both)	Install pinned PyArrow for bidirectional interop	2026-10-05T02:04:47.3356770Z Successfully set up CPython (3.14.8)
Arrow IO Rust 1.88 (macos-15, both)	Install pinned PyArrow for bidirectional interop	2026-10-05T02:04:47.3358540Z ##[endgroup]
Arrow IO Rust 1.88 (macos-15, both)	Install hash-locked PyArrow requirements	﻿2026-10-05T02:04:47.3506920Z ##[group]Run set -o pipefail
Arrow IO Rust 1.88 (macos-15, both)	Install hash-locked PyArrow requirements	2026-10-05T02:04:47.3507270Z ^[[36;1mset -o pipefail^[[0m
Arrow IO Rust 1.88 (macos-15, both)	Install hash-locked PyArrow requirements	2026-10-05T02:04:47.3507570Z ^[[36;1mlog_dir=".artifacts/ci/arrow-io/1.88.0/macos-15/both"^[[0m
Arrow IO Rust 1.88 (macos-15, both)	Install hash-locked PyArrow requirements	2026-10-05T02:04:47.3508000Z ^[[36;1mpython_dir="$RUNNER_TEMP/c1-arrow-io-python"^[[0m
Arrow IO Rust 1.88 (macos-15, both)	Install hash-locked PyArrow requirements	2026-10-05T02:04:47.3508290Z ^[[36;1mtest ! -e "$python_dir"^[[0m
Arrow IO Rust 1.88 (macos-15, both)	Install hash-locked PyArrow requirements	2026-10-05T02:04:47.3508610Z ^[[36;1mpython -m venv "$python_dir"^[[0m
Arrow IO Rust 1.88 (macos-15, both)	Install hash-locked PyArrow requirements	2026-10-05T02:04:47.3508870Z ^[[36;1mpython_exe="$python_dir/bin/python"^[[0m
Arrow IO Rust 1.88 (macos-15, both)	Install hash-locked PyArrow requirements	2026-10-05T02:04:47.3509260Z ^[[36;1m"$python_exe" --version | tee "$log_dir/python.log"^[[0m
Arrow IO Rust 1.88 (macos-15, both)	Install hash-locked PyArrow requirements	2026-10-05T02:04:47.3509950Z ^[[36;1m"$python_exe" -m pip install --disable-pip-version-check --no-input --only-binary=:all: --require-hashes -r scripts/c1-arrow-io-python-tools.lock 2>&1 | tee -a "$log_dir/python.log"^[[0m
Arrow IO Rust 1.88 (macos-15, both)	Install hash-locked PyArrow requirements	2026-10-05T02:04:47.3511320Z ^[[36;1m"$python_exe" -c 'import platform, pyarrow; assert platform.python_version() == "3.14.8", platform.python_version(); assert pyarrow.__version__ == "25.0.1", pyarrow.__version__' 2>&1 | tee -a "$log_dir/python.log"^[[0m
Arrow IO Rust 1.88 (macos-15, both)	Install hash-locked PyArrow requirements	2026-10-05T02:04:47.3512950Z ^[[36;1m"$python_exe" crates/kairo-ecs-arrow-io/tests/fixtures/interop_v1/generate.py --check 2>&1 | tee "$log_dir/fixtures.log"^[[0m
Arrow IO Rust 1.88 (macos-15, both)	Install hash-locked PyArrow requirements	2026-10-05T02:04:47.3551320Z shell: /bin/bash -e {0}
Arrow IO Rust 1.88 (macos-15, both)	Install hash-locked PyArrow requirements	2026-10-05T02:04:47.3551600Z env:
Arrow IO Rust 1.88 (macos-15, both)	Install hash-locked PyArrow requirements	2026-10-05T02:04:47.3551850Z   pythonLocation: /Users/runner/hostedtoolcache/Python/3.14.8/arm64
Arrow IO Rust 1.88 (macos-15, both)	Install hash-locked PyArrow requirements	2026-10-05T02:04:47.3552410Z   PKG_CONFIG_PATH: /Users/runner/hostedtoolcache/Python/3.14.8/arm64/lib/pkgconfig
Arrow IO Rust 1.88 (macos-15, both)	Install hash-locked PyArrow requirements	2026-10-05T02:04:47.3552810Z   Python_ROOT_DIR: /Users/runner/hostedtoolcache/Python/3.14.8/arm64
Arrow IO Rust 1.88 (macos-15, both)	Install hash-locked PyArrow requirements	2026-10-05T02:04:47.3553230Z   Python2_ROOT_DIR: /Users/runner/hostedtoolcache/Python/3.14.8/arm64
Arrow IO Rust 1.88 (macos-15, both)	Install hash-locked PyArrow requirements	2026-10-05T02:04:47.3553620Z   Python3_ROOT_DIR: /Users/runner/hostedtoolcache/Python/3.14.8/arm64
Arrow IO Rust 1.88 (macos-15, both)	Install hash-locked PyArrow requirements	2026-10-05T02:04:47.3553970Z ##[endgroup]
Arrow IO Rust 1.88 (macos-15, both)	Install hash-locked PyArrow requirements	2026-10-05T02:04:49.2990750Z Python 3.14.8
Arrow IO Rust 1.88 (macos-15, both)	Install hash-locked PyArrow requirements	2026-10-05T02:04:50.2246840Z Collecting numpy==2.5.3 (from -r scripts/c1-arrow-io-python-tools.lock (line 4))
Arrow IO Rust 1.88 (macos-15, both)	Install hash-locked PyArrow requirements	2026-10-05T02:04:50.3061330Z   Downloading numpy-2.5.3-cp314-cp314-macosx_14_0_arm64.whl (5.4 MB)
Arrow IO Rust 1.88 (macos-15, both)	Install hash-locked PyArrow requirements	2026-10-05T02:04:50.4100560Z      ━━━━━━━━━━━━━━━━━━━━━━━━━━━━━━━━━━━━━━━━ 5.4/5.4 MB 73.6 MB/s  0:00:00
Arrow IO Rust 1.88 (macos-15, both)	Install hash-locked PyArrow requirements	2026-10-05T02:04:50.4701700Z Collecting pyarrow==25.0.1 (from -r scripts/c1-arrow-io-python-tools.lock (line 7))
Arrow IO Rust 1.88 (macos-15, both)	Install hash-locked PyArrow requirements	2026-10-05T02:04:50.4861060Z   Downloading pyarrow-25.0.1-cp314-cp314-macosx_12_0_arm64.whl (35.9 MB)
Arrow IO Rust 1.88 (macos-15, both)	Install hash-locked PyArrow requirements	2026-10-05T02:04:50.7771330Z      ━━━━━━━━━━━━━━━━━━━━━━━━━━━━━━━━━━━━━━━━ 35.9/35.9 MB 123.5 MB/s  0:00:00
Arrow IO Rust 1.88 (macos-15, both)	Install hash-locked PyArrow requirements	2026-10-05T02:04:50.8099040Z Installing collected packages: pyarrow, numpy
Arrow IO Rust 1.88 (macos-15, both)	Install hash-locked PyArrow requirements	2026-10-05T02:04:52.8247330Z 
Arrow IO Rust 1.88 (macos-15, both)	Install hash-locked PyArrow requirements	2026-10-05T02:04:52.8253890Z Successfully installed numpy-2.5.3 pyarrow-25.0.1
Arrow IO Rust 1.88 (macos-15, both)	Install hash-locked PyArrow requirements	2026-10-05T02:04:53.1652510Z PASS: deterministic PyArrow 25.0.1 fixture schema, values, metadata and hashes
Arrow IO Rust 1.88 (macos-15, both)	Run Arrow IO feature selection	﻿2026-10-05T02:04:53.2098790Z ##[group]Run set -o pipefail
Arrow IO Rust 1.88 (macos-15, both)	Run Arrow IO feature selection	2026-10-05T02:04:53.2099170Z ^[[36;1mset -o pipefail^[[0m
Arrow IO Rust 1.88 (macos-15, both)	Run Arrow IO feature selection	2026-10-05T02:04:53.2099540Z ^[[36;1mlog_dir=".artifacts/ci/arrow-io/1.88.0/${EXPECTED_OS}/${FEATURE_SET}"^[[0m
Arrow IO Rust 1.88 (macos-15, both)	Run Arrow IO feature selection	2026-10-05T02:04:53.2100030Z ^[[36;1mtask_rustc="$(rustup which --toolchain 1.88.0 rustc)"^[[0m
Arrow IO Rust 1.88 (macos-15, both)	Run Arrow IO feature selection	2026-10-05T02:04:53.2100410Z ^[[36;1mtask_bin="$(dirname "$task_rustc")"^[[0m
Arrow IO Rust 1.88 (macos-15, both)	Run Arrow IO feature selection	2026-10-05T02:04:53.2100800Z ^[[36;1mtask_cargo="$(rustup which --toolchain 1.88.0 cargo)"^[[0m
Arrow IO Rust 1.88 (macos-15, both)	Run Arrow IO feature selection	2026-10-05T02:04:53.2101270Z ^[[36;1mexport RUSTC="$task_rustc" RUSTDOC="$task_bin/rustdoc" PATH="$task_bin:$PATH"^[[0m
Arrow IO Rust 1.88 (macos-15, both)	Run Arrow IO feature selection	2026-10-05T02:04:53.2101750Z ^[[36;1mcargo_args=(test --locked -p kairo-ecs-arrow-io --no-default-features)^[[0m
Arrow IO Rust 1.88 (macos-15, both)	Run Arrow IO feature selection	2026-10-05T02:04:53.2102150Z ^[[36;1mcase "$FEATURE_SET" in^[[0m
Arrow IO Rust 1.88 (macos-15, both)	Run Arrow IO feature selection	2026-10-05T02:04:53.2102440Z ^[[36;1m  none) ;;^[[0m
Arrow IO Rust 1.88 (macos-15, both)	Run Arrow IO feature selection	2026-10-05T02:04:53.2102640Z ^[[36;1m  ipc) cargo_args+=(--features ipc) ;;^[[0m
Arrow IO Rust 1.88 (macos-15, both)	Run Arrow IO feature selection	2026-10-05T02:04:53.2102920Z ^[[36;1m  parquet) cargo_args+=(--features parquet) ;;^[[0m
Arrow IO Rust 1.88 (macos-15, both)	Run Arrow IO feature selection	2026-10-05T02:04:53.2103270Z ^[[36;1m  both) cargo_args+=(--features 'ipc,parquet') ;;^[[0m
Arrow IO Rust 1.88 (macos-15, both)	Run Arrow IO feature selection	2026-10-05T02:04:53.2103770Z ^[[36;1m  *) echo "unsupported feature set: $FEATURE_SET" >&2; exit 2 ;;^[[0m
Arrow IO Rust 1.88 (macos-15, both)	Run Arrow IO feature selection	2026-10-05T02:04:53.2104200Z ^[[36;1mesac^[[0m
Arrow IO Rust 1.88 (macos-15, both)	Run Arrow IO feature selection	2026-10-05T02:04:53.2104440Z ^[[36;1mif [ "$FEATURE_SET" = both ]; then^[[0m
Arrow IO Rust 1.88 (macos-15, both)	Run Arrow IO feature selection	2026-10-05T02:04:53.2104780Z ^[[36;1m  test ! -e "$KAIROS_INTEROP_OUTDIR"^[[0m
Arrow IO Rust 1.88 (macos-15, both)	Run Arrow IO feature selection	2026-10-05T02:04:53.2105050Z ^[[36;1m  mkdir -p "$KAIROS_INTEROP_OUTDIR"^[[0m
Arrow IO Rust 1.88 (macos-15, both)	Run Arrow IO feature selection	2026-10-05T02:04:53.2105360Z ^[[36;1mfi^[[0m
Arrow IO Rust 1.88 (macos-15, both)	Run Arrow IO feature selection	2026-10-05T02:04:53.2105680Z ^[[36;1m"$task_cargo" "${cargo_args[@]}" 2>&1 | tee "$log_dir/test.log"^[[0m
Arrow IO Rust 1.88 (macos-15, both)	Run Arrow IO feature selection	2026-10-05T02:04:53.2106470Z ^[[36;1mcalibration_args=(test --locked -p kairo-ecs-calibration --no-default-features --test arrow_output_c43 --test sidecar_adapter_c43 --test sidecar_pipeline_c43)^[[0m
Arrow IO Rust 1.88 (macos-15, both)	Run Arrow IO feature selection	2026-10-05T02:04:53.2107120Z ^[[36;1mcase "$FEATURE_SET" in^[[0m
Arrow IO Rust 1.88 (macos-15, both)	Run Arrow IO feature selection	2026-10-05T02:04:53.2107310Z ^[[36;1m  none) ;;^[[0m
Arrow IO Rust 1.88 (macos-15, both)	Run Arrow IO feature selection	2026-10-05T02:04:53.2107520Z ^[[36;1m  ipc) calibration_args+=(--features ipc) ;;^[[0m
Arrow IO Rust 1.88 (macos-15, both)	Run Arrow IO feature selection	2026-10-05T02:04:53.2107890Z ^[[36;1m  parquet) calibration_args+=(--features parquet) ;;^[[0m
Arrow IO Rust 1.88 (macos-15, both)	Run Arrow IO feature selection	2026-10-05T02:04:53.2108330Z ^[[36;1m  both) calibration_args+=(--features 'ipc,parquet') ;;^[[0m
Arrow IO Rust 1.88 (macos-15, both)	Run Arrow IO feature selection	2026-10-05T02:04:53.2113580Z ^[[36;1mesac^[[0m
Arrow IO Rust 1.88 (macos-15, both)	Run Arrow IO feature selection	2026-10-05T02:04:53.2113930Z ^[[36;1mexport C43_OUTPUT_DIR="$GITHUB_WORKSPACE/$log_dir/c43-rust-output"^[[0m
Arrow IO Rust 1.88 (macos-15, both)	Run Arrow IO feature selection	2026-10-05T02:04:53.2114410Z ^[[36;1m"$task_cargo" "${calibration_args[@]}" c43_ 2>&1 | tee "$log_dir/c43-native.log"^[[0m
Arrow IO Rust 1.88 (macos-15, both)	Run Arrow IO feature selection	2026-10-05T02:04:53.2114790Z ^[[36;1mif [ "$FEATURE_SET" = both ]; then^[[0m
Arrow IO Rust 1.88 (macos-15, both)	Run Arrow IO feature selection	2026-10-05T02:04:53.2115350Z ^[[36;1m  "$RUNNER_TEMP/c1-arrow-io-python/bin/python" conformance/c43/readback.py --self-test 2>&1 | tee "$log_dir/c43-reader-controls.log"^[[0m
Arrow IO Rust 1.88 (macos-15, both)	Run Arrow IO feature selection	2026-10-05T02:04:53.2116290Z ^[[36;1m  "$RUNNER_TEMP/c1-arrow-io-python/bin/python" conformance/c43/readback.py --require-manifests --mutation-controls "$C43_OUTPUT_DIR" 2>&1 | tee "$log_dir/c43-readback.log"^[[0m
Arrow IO Rust 1.88 (macos-15, both)	Run Arrow IO feature selection	2026-10-05T02:04:53.2116920Z ^[[36;1mfi^[[0m
Arrow IO Rust 1.88 (macos-15, both)	Run Arrow IO feature selection	2026-10-05T02:04:53.2117100Z ^[[36;1mif [ "$FEATURE_SET" = both ]; then^[[0m
Arrow IO Rust 1.88 (macos-15, both)	Run Arrow IO feature selection	2026-10-05T02:04:53.2117390Z ^[[36;1m  test -s "$KAIROS_INTEROP_OUTDIR/rust.ipc_file"^[[0m
Arrow IO Rust 1.88 (macos-15, both)	Run Arrow IO feature selection	2026-10-05T02:04:53.2117750Z ^[[36;1m  test -s "$KAIROS_INTEROP_OUTDIR/rust.ipc_stream"^[[0m
Arrow IO Rust 1.88 (macos-15, both)	Run Arrow IO feature selection	2026-10-05T02:04:53.2118080Z ^[[36;1m  test -s "$KAIROS_INTEROP_OUTDIR/rust.parquet"^[[0m
Arrow IO Rust 1.88 (macos-15, both)	Run Arrow IO feature selection	2026-10-05T02:04:53.2118830Z ^[[36;1m  "$RUNNER_TEMP/c1-arrow-io-python/bin/python" crates/kairo-ecs-arrow-io/tests/fixtures/interop_v1/generate.py --check-rust "$KAIROS_INTEROP_OUTDIR" 2>&1 | tee "$log_dir/pyarrow-readback.log"^[[0m
Arrow IO Rust 1.88 (macos-15, both)	Run Arrow IO feature selection	2026-10-05T02:04:53.2119520Z ^[[36;1mfi^[[0m
Arrow IO Rust 1.88 (macos-15, both)	Run Arrow IO feature selection	2026-10-05T02:04:53.2154840Z shell: /bin/bash -e {0}
Arrow IO Rust 1.88 (macos-15, both)	Run Arrow IO feature selection	2026-10-05T02:04:53.2155020Z env:
Arrow IO Rust 1.88 (macos-15, both)	Run Arrow IO feature selection	2026-10-05T02:04:53.2155260Z   pythonLocation: /Users/runner/hostedtoolcache/Python/3.14.8/arm64
Arrow IO Rust 1.88 (macos-15, both)	Run Arrow IO feature selection	2026-10-05T02:04:53.2155660Z   PKG_CONFIG_PATH: /Users/runner/hostedtoolcache/Python/3.14.8/arm64/lib/pkgconfig
Arrow IO Rust 1.88 (macos-15, both)	Run Arrow IO feature selection	2026-10-05T02:04:53.2156140Z   Python_ROOT_DIR: /Users/runner/hostedtoolcache/Python/3.14.8/arm64
Arrow IO Rust 1.88 (macos-15, both)	Run Arrow IO feature selection	2026-10-05T02:04:53.2156510Z   Python2_ROOT_DIR: /Users/runner/hostedtoolcache/Python/3.14.8/arm64
Arrow IO Rust 1.88 (macos-15, both)	Run Arrow IO feature selection	2026-10-05T02:04:53.2156870Z   Python3_ROOT_DIR: /Users/runner/hostedtoolcache/Python/3.14.8/arm64
Arrow IO Rust 1.88 (macos-15, both)	Run Arrow IO feature selection	2026-10-05T02:04:53.2157360Z   EXPECTED_OS: macos-15
Arrow IO Rust 1.88 (macos-15, both)	Run Arrow IO feature selection	2026-10-05T02:04:53.2157530Z   FEATURE_SET: both
Arrow IO Rust 1.88 (macos-15, both)	Run Arrow IO feature selection	2026-10-05T02:04:53.2157900Z   KAIROS_INTEROP_OUTDIR: /Users/runner/work/kairos/kairos/.artifacts/ci/arrow-io/1.88.0/macos-15/both/rust-output
Arrow IO Rust 1.88 (macos-15, both)	Run Arrow IO feature selection	2026-10-05T02:04:53.2158310Z ##[endgroup]
Arrow IO Rust 1.88 (macos-15, both)	Run Arrow IO feature selection	2026-10-05T02:04:53.6593550Z     Updating crates.io index
Arrow IO Rust 1.88 (macos-15, both)	Run Arrow IO feature selection	2026-10-05T02:04:54.1446630Z  Downloading crates ...
Arrow IO Rust 1.88 (macos-15, both)	Run Arrow IO feature selection	2026-10-05T02:04:54.2482660Z   Downloaded rustc_version v0.4.1
Arrow IO Rust 1.88 (macos-15, both)	Run Arrow IO feature selection	2026-10-05T02:04:54.2546470Z   Downloaded autocfg v1.5.0
Arrow IO Rust 1.88 (macos-15, both)	Run Arrow IO feature selection	2026-10-05T02:04:54.2578070Z   Downloaded ahash v0.8.12
Arrow IO Rust 1.88 (macos-15, both)	Run Arrow IO feature selection	2026-10-05T02:04:54.2623230Z   Downloaded crunchy v0.2.4
Arrow IO Rust 1.88 (macos-15, both)	Run Arrow IO feature selection	2026-10-05T02:04:54.2973670Z   Downloaded thiserror-impl v2.0.20
Arrow IO Rust 1.88 (macos-15, both)	Run Arrow IO feature selection	2026-10-05T02:04:54.2997410Z   Downloaded num-integer v0.1.47
Arrow IO Rust 1.88 (macos-15, both)	Run Arrow IO feature selection	2026-10-05T02:04:54.3029700Z   Downloaded unicode-ident v1.0.24
Arrow IO Rust 1.88 (macos-15, both)	Run Arrow IO feature selection	2026-10-05T02:04:54.3073120Z   Downloaded twox-hash v2.1.4
Arrow IO Rust 1.88 (macos-15, both)	Run Arrow IO feature selection	2026-10-05T02:04:54.3106230Z   Downloaded const-random v0.1.18
Arrow IO Rust 1.88 (macos-15, both)	Run Arrow IO feature selection	2026-10-05T02:04:54.3123240Z   Downloaded iana-time-zone v0.1.65
Arrow IO Rust 1.88 (macos-15, both)	Run Arrow IO feature selection	2026-10-05T02:04:54.3175750Z   Downloaded cfg-if v1.0.4
Arrow IO Rust 1.88 (macos-15, both)	Run Arrow IO feature selection	2026-10-05T02:04:54.3200850Z   Downloaded version_check v0.9.5
Arrow IO Rust 1.88 (macos-15, both)	Run Arrow IO feature selection	2026-10-05T02:04:54.3219990Z   Downloaded getrandom v0.3.4
Arrow IO Rust 1.88 (macos-15, both)	Run Arrow IO feature selection	2026-10-05T02:04:54.3278100Z   Downloaded seq-macro v0.3.6
Arrow IO Rust 1.88 (macos-15, both)	Run Arrow IO feature selection	2026-10-05T02:04:54.3649540Z   Downloaded tiny-keccak v2.0.2
Arrow IO Rust 1.88 (macos-15, both)	Run Arrow IO feature selection	2026-10-05T02:04:54.3714890Z   Downloaded zerocopy-derive v0.8.48
Arrow IO Rust 1.88 (macos-15, both)	Run Arrow IO feature selection	2026-10-05T02:04:54.3958780Z   Downloaded num-traits v0.2.19
Arrow IO Rust 1.88 (macos-15, both)	Run Arrow IO feature selection	2026-10-05T02:04:54.4039270Z   Downloaded half v2.7.1
Arrow IO Rust 1.88 (macos-15, both)	Run Arrow IO feature selection	2026-10-05T02:04:54.4133880Z   Downloaded base64 v0.23.1
Arrow IO Rust 1.88 (macos-15, both)	Run Arrow IO feature selection	2026-10-05T02:04:54.4542120Z   Downloaded num-bigint v0.5.1
Arrow IO Rust 1.88 (macos-15, both)	Run Arrow IO feature selection	2026-10-05T02:04:54.4630540Z   Downloaded arrow-ipc v60.0.0
Arrow IO Rust 1.88 (macos-15, both)	Run Arrow IO feature selection	2026-10-05T02:04:54.4697960Z   Downloaded libm v0.2.16
Arrow IO Rust 1.88 (macos-15, both)	Run Arrow IO feature selection	2026-10-05T02:04:54.4891660Z   Downloaded hashbrown v0.17.1
Arrow IO Rust 1.88 (macos-15, both)	Run Arrow IO feature selection	2026-10-05T02:04:54.5253830Z   Downloaded arrow-select v60.0.0
Arrow IO Rust 1.88 (macos-15, both)	Run Arrow IO feature selection	2026-10-05T02:04:54.5312580Z   Downloaded arrow-buffer v60.0.0
Arrow IO Rust 1.88 (macos-15, both)	Run Arrow IO feature selection	2026-10-05T02:04:54.5419660Z   Downloaded arrow-schema v60.0.0
Arrow IO Rust 1.88 (macos-15, both)	Run Arrow IO feature selection	2026-10-05T02:04:54.5452050Z   Downloaded syn v2.0.117
Arrow IO Rust 1.88 (macos-15, both)	Run Arrow IO feature selection	2026-10-05T02:04:54.5653950Z   Downloaded zerocopy v0.8.48
Arrow IO Rust 1.88 (macos-15, both)	Run Arrow IO feature selection	2026-10-05T02:04:54.6560660Z   Downloaded chrono v0.4.45
Arrow IO Rust 1.88 (macos-15, both)	Run Arrow IO feature selection	2026-10-05T02:04:54.6667430Z   Downloaded bitflags v2.13.2
Arrow IO Rust 1.88 (macos-15, both)	Run Arrow IO feature selection	2026-10-05T02:04:54.6764680Z   Downloaded syn v3.0.6
Arrow IO Rust 1.88 (macos-15, both)	Run Arrow IO feature selection	2026-10-05T02:04:54.6954340Z   Downloaded arrow-array v60.0.0
Arrow IO Rust 1.88 (macos-15, both)	Run Arrow IO feature selection	2026-10-05T02:04:54.7097050Z   Downloaded num-complex v0.4.6
Arrow IO Rust 1.88 (macos-15, both)	Run Arrow IO feature selection	2026-10-05T02:04:54.7124820Z   Downloaded getrandom v0.2.17
Arrow IO Rust 1.88 (macos-15, both)	Run Arrow IO feature selection	2026-10-05T02:04:54.7182810Z   Downloaded core-foundation-sys v0.8.7
Arrow IO Rust 1.88 (macos-15, both)	Run Arrow IO feature selection	2026-10-05T02:04:54.7243400Z   Downloaded arrow-data v60.0.0
Arrow IO Rust 1.88 (macos-15, both)	Run Arrow IO feature selection	2026-10-05T02:04:54.7304180Z   Downloaded semver v1.0.28
Arrow IO Rust 1.88 (macos-15, both)	Run Arrow IO feature selection	2026-10-05T02:04:54.7344850Z   Downloaded quote v1.0.45
Arrow IO Rust 1.88 (macos-15, both)	Run Arrow IO feature selection	2026-10-05T02:04:54.7393580Z   Downloaded proc-macro2 v1.0.106
Arrow IO Rust 1.88 (macos-15, both)	Run Arrow IO feature selection	2026-10-05T02:04:54.7450810Z   Downloaded once_cell v1.21.4
Arrow IO Rust 1.88 (macos-15, both)	Run Arrow IO feature selection	2026-10-05T02:04:54.7496240Z   Downloaded flatbuffers v25.12.19
Arrow IO Rust 1.88 (macos-15, both)	Run Arrow IO feature selection	2026-10-05T02:04:54.7563810Z   Downloaded bytes v1.12.1
Arrow IO Rust 1.88 (macos-15, both)	Run Arrow IO feature selection	2026-10-05T02:04:54.7591440Z   Downloaded thiserror v2.0.20
Arrow IO Rust 1.88 (macos-15, both)	Run Arrow IO feature selection	2026-10-05T02:04:54.7714730Z   Downloaded const-random-macro v0.1.16
Arrow IO Rust 1.88 (macos-15, both)	Run Arrow IO feature selection	2026-10-05T02:04:54.7718260Z   Downloaded arrow-cmp v60.0.0
Arrow IO Rust 1.88 (macos-15, both)	Run Arrow IO feature selection	2026-10-05T02:04:54.7755480Z   Downloaded libc v0.2.186
Arrow IO Rust 1.88 (macos-15, both)	Run Arrow IO feature selection	2026-10-05T02:04:54.8418810Z   Downloaded parquet v60.0.0
Arrow IO Rust 1.88 (macos-15, both)	Run Arrow IO feature selection	2026-10-05T02:04:54.9530530Z    Compiling proc-macro2 v1.0.106
Arrow IO Rust 1.88 (macos-15, both)	Run Arrow IO feature selection	2026-10-05T02:04:54.9533810Z    Compiling unicode-ident v1.0.24
Arrow IO Rust 1.88 (macos-15, both)	Run Arrow IO feature selection	2026-10-05T02:04:54.9534780Z    Compiling quote v1.0.45
Arrow IO Rust 1.88 (macos-15, both)	Run Arrow IO feature selection	2026-10-05T02:04:55.3506380Z    Compiling libm v0.2.16
Arrow IO Rust 1.88 (macos-15, both)	Run Arrow IO feature selection	2026-10-05T02:04:56.9012800Z    Compiling autocfg v1.5.0
Arrow IO Rust 1.88 (macos-15, both)	Run Arrow IO feature selection	2026-10-05T02:04:57.2247410Z    Compiling num-traits v0.2.19
Arrow IO Rust 1.88 (macos-15, both)	Run Arrow IO feature selection	2026-10-05T02:04:57.4671300Z    Compiling syn v2.0.117
Arrow IO Rust 1.88 (macos-15, both)	Run Arrow IO feature selection	2026-10-05T02:04:57.4869060Z    Compiling zerocopy v0.8.48
Arrow IO Rust 1.88 (macos-15, both)	Run Arrow IO feature selection	2026-10-05T02:04:57.9423990Z    Compiling cfg-if v1.0.4
Arrow IO Rust 1.88 (macos-15, both)	Run Arrow IO feature selection	2026-10-05T02:04:57.9647270Z    Compiling libc v0.2.186
Arrow IO Rust 1.88 (macos-15, both)	Run Arrow IO feature selection	2026-10-05T02:04:58.0875890Z    Compiling num-integer v0.1.47
Arrow IO Rust 1.88 (macos-15, both)	Run Arrow IO feature selection	2026-10-05T02:04:58.1694110Z    Compiling getrandom v0.3.4
Arrow IO Rust 1.88 (macos-15, both)	Run Arrow IO feature selection	2026-10-05T02:04:58.2921020Z    Compiling version_check v0.9.5
Arrow IO Rust 1.88 (macos-15, both)	Run Arrow IO feature selection	2026-10-05T02:04:58.3265950Z    Compiling num-bigint v0.5.1
Arrow IO Rust 1.88 (macos-15, both)	Run Arrow IO feature selection	2026-10-05T02:04:58.4448370Z    Compiling ahash v0.8.12
Arrow IO Rust 1.88 (macos-15, both)	Run Arrow IO feature selection	2026-10-05T02:04:58.9141020Z    Compiling core-foundation-sys v0.8.7
Arrow IO Rust 1.88 (macos-15, both)	Run Arrow IO feature selection	2026-10-05T02:04:59.0460240Z    Compiling bytes v1.12.1
Arrow IO Rust 1.88 (macos-15, both)	Run Arrow IO feature selection	2026-10-05T02:04:59.3230940Z    Compiling iana-time-zone v0.1.65
Arrow IO Rust 1.88 (macos-15, both)	Run Arrow IO feature selection	2026-10-05T02:04:59.4466000Z    Compiling once_cell v1.21.4
Arrow IO Rust 1.88 (macos-15, both)	Run Arrow IO feature selection	2026-10-05T02:04:59.4574300Z    Compiling arrow-schema v60.0.0
Arrow IO Rust 1.88 (macos-15, both)	Run Arrow IO feature selection	2026-10-05T02:04:59.5009310Z    Compiling semver v1.0.28
Arrow IO Rust 1.88 (macos-15, both)	Run Arrow IO feature selection	2026-10-05T02:04:59.6422910Z    Compiling rustc_version v0.4.1
Arrow IO Rust 1.88 (macos-15, both)	Run Arrow IO feature selection	2026-10-05T02:04:59.7779390Z    Compiling chrono v0.4.45
Arrow IO Rust 1.88 (macos-15, both)	Run Arrow IO feature selection	2026-10-05T02:04:59.8298250Z    Compiling zerocopy-derive v0.8.48
Arrow IO Rust 1.88 (macos-15, both)	Run Arrow IO feature selection	2026-10-05T02:05:00.4697520Z    Compiling num-complex v0.4.6
Arrow IO Rust 1.88 (macos-15, both)	Run Arrow IO feature selection	2026-10-05T02:05:00.7190470Z    Compiling hashbrown v0.17.1
Arrow IO Rust 1.88 (macos-15, both)	Run Arrow IO feature selection	2026-10-05T02:05:00.8584390Z    Compiling flatbuffers v25.12.19
Arrow IO Rust 1.88 (macos-15, both)	Run Arrow IO feature selection	2026-10-05T02:05:00.9690480Z    Compiling bitflags v2.13.2
Arrow IO Rust 1.88 (macos-15, both)	Run Arrow IO feature selection	2026-10-05T02:05:01.0811760Z    Compiling syn v3.0.6
Arrow IO Rust 1.88 (macos-15, both)	Run Arrow IO feature selection	2026-10-05T02:05:01.2772470Z    Compiling thiserror v2.0.20
Arrow IO Rust 1.88 (macos-15, both)	Run Arrow IO feature selection	2026-10-05T02:05:01.5291280Z    Compiling twox-hash v2.1.4
Arrow IO Rust 1.88 (macos-15, both)	Run Arrow IO feature selection	2026-10-05T02:05:01.5799900Z    Compiling seq-macro v0.3.6
Arrow IO Rust 1.88 (macos-15, both)	Run Arrow IO feature selection	2026-10-05T02:05:01.8271400Z    Compiling base64 v0.23.1
Arrow IO Rust 1.88 (macos-15, both)	Run Arrow IO feature selection	2026-10-05T02:05:02.4361560Z    Compiling thiserror-impl v2.0.20
Arrow IO Rust 1.88 (macos-15, both)	Run Arrow IO feature selection	2026-10-05T02:05:03.0530860Z    Compiling half v2.7.1
Arrow IO Rust 1.88 (macos-15, both)	Run Arrow IO feature selection	2026-10-05T02:05:03.2194090Z    Compiling arrow-buffer v60.0.0
Arrow IO Rust 1.88 (macos-15, both)	Run Arrow IO feature selection	2026-10-05T02:05:03.6030900Z    Compiling arrow-data v60.0.0
Arrow IO Rust 1.88 (macos-15, both)	Run Arrow IO feature selection	2026-10-05T02:05:04.0213160Z    Compiling arrow-array v60.0.0
Arrow IO Rust 1.88 (macos-15, both)	Run Arrow IO feature selection	2026-10-05T02:05:05.3319620Z    Compiling arrow-cmp v60.0.0
Arrow IO Rust 1.88 (macos-15, both)	Run Arrow IO feature selection	2026-10-05T02:05:06.0235450Z    Compiling arrow-select v60.0.0
Arrow IO Rust 1.88 (macos-15, both)	Run Arrow IO feature selection	2026-10-05T02:05:07.5671500Z    Compiling arrow-ipc v60.0.0
Arrow IO Rust 1.88 (macos-15, both)	Run Arrow IO feature selection	2026-10-05T02:05:08.5450090Z    Compiling parquet v60.0.0
Arrow IO Rust 1.88 (macos-15, both)	Run Arrow IO feature selection	2026-10-05T02:05:12.5944090Z    Compiling kairo-ecs-arrow-io v0.1.0 (/Users/runner/work/kairos/kairos/crates/kairo-ecs-arrow-io)
Arrow IO Rust 1.88 (macos-15, both)	Run Arrow IO feature selection	2026-10-05T02:05:18.5963520Z     Finished `test` profile [unoptimized + debuginfo] target(s) in 25.29s
Arrow IO Rust 1.88 (macos-15, both)	Run Arrow IO feature selection	2026-10-05T02:05:18.6298380Z      Running unittests src/lib.rs (target/debug/deps/kairo_ecs_arrow_io-044228312cc69c08)
Arrow IO Rust 1.88 (macos-15, both)	Run Arrow IO feature selection	2026-10-05T02:05:18.6343920Z 
Arrow IO Rust 1.88 (macos-15, both)	Run Arrow IO feature selection	2026-10-05T02:05:18.6347490Z running 27 tests
Arrow IO Rust 1.88 (macos-15, both)	Run Arrow IO feature selection	2026-10-05T02:05:18.6357350Z test error::tests::limit_error_keeps_the_named_limit ... ok
Arrow IO Rust 1.88 (macos-15, both)	Run Arrow IO feature selection	2026-10-05T02:05:18.6363400Z test ipc::tests::file_and_stream_keep_typed_empty_schema ... ok
Arrow IO Rust 1.88 (macos-15, both)	Run Arrow IO feature selection	2026-10-05T02:05:18.6366280Z test ipc::tests::field_metadata_mismatch_is_rejected ... ok
Arrow IO Rust 1.88 (macos-15, both)	Run Arrow IO feature selection	2026-10-05T02:05:18.6378080Z test ipc::tests::column_cap_is_checked_for_file_stream_and_writer_paths ... ok
Arrow IO Rust 1.88 (macos-15, both)	Run Arrow IO feature selection	2026-10-05T02:05:18.6378610Z test ipc::tests::file_batch_cap_is_checked_before_reading_batches ... ok
Arrow IO Rust 1.88 (macos-15, both)	Run Arrow IO feature selection	2026-10-05T02:05:18.6379080Z test ipc::tests::malformed_and_truncated_inputs_are_errors_not_panics ... ok
Arrow IO Rust 1.88 (macos-15, both)	Run Arrow IO feature selection	2026-10-05T02:05:18.6379590Z test ipc::tests::writer_counts_zero_row_batches_too ... ok
Arrow IO Rust 1.88 (macos-15, both)	Run Arrow IO feature selection	2026-10-05T02:05:18.6380000Z test ipc::tests::file_and_stream_round_trip_multiple_batches ... ok
Arrow IO Rust 1.88 (macos-15, both)	Run Arrow IO feature selection	2026-10-05T02:05:18.6380580Z test ipc::tests::writers_reject_output_cap_before_returning_partial_bytes ... ok
Arrow IO Rust 1.88 (macos-15, both)	Run Arrow IO feature selection	2026-10-05T02:05:18.6381060Z test ipc::tests::readers_reject_schema_mismatch_and_each_resource_limit ... ok
Arrow IO Rust 1.88 (macos-15, both)	Run Arrow IO feature selection	2026-10-05T02:05:18.6382040Z test limits::tests::bounded_buffer_accepts_exact_limit_and_rejects_before_appending_past_it ... ok
Arrow IO Rust 1.88 (macos-15, both)	Run Arrow IO feature selection	2026-10-05T02:05:18.6396740Z test limits::tests::checked_count_overflow_fails_closed ... ok
Arrow IO Rust 1.88 (macos-15, both)	Run Arrow IO feature selection	2026-10-05T02:05:18.6400550Z test ipc::tests::zero_row_batch_counts_toward_batch_limit ... ok
Arrow IO Rust 1.88 (macos-15, both)	Run Arrow IO feature selection	2026-10-05T02:05:18.6400930Z test limits::tests::every_zero_cap_is_invalid ... ok
Arrow IO Rust 1.88 (macos-15, both)	Run Arrow IO feature selection	2026-10-05T02:05:18.6401440Z test limits::tests::independent_input_column_batch_and_total_row_caps_are_enforced ... ok
Arrow IO Rust 1.88 (macos-15, both)	Run Arrow IO feature selection	2026-10-05T02:05:18.6402100Z test parquet::tests::column_cap_is_checked_before_parquet_reader_or_writer_work ... ok
Arrow IO Rust 1.88 (macos-15, both)	Run Arrow IO feature selection	2026-10-05T02:05:18.6418510Z test parquet::tests::malformed_and_truncated_files_are_errors_not_panics ... ok
Arrow IO Rust 1.88 (macos-15, both)	Run Arrow IO feature selection	2026-10-05T02:05:18.6419050Z test parquet::tests::field_metadata_mismatch_is_not_ignored ... ok
Arrow IO Rust 1.88 (macos-15, both)	Run Arrow IO feature selection	2026-10-05T02:05:18.6419400Z test parquet::tests::parquet_empty_batch_list_preserves_schema ... ok
Arrow IO Rust 1.88 (macos-15, both)	Run Arrow IO feature selection	2026-10-05T02:05:18.6419870Z test parquet::tests::parquet_footer_copies_sorted_global_schema_metadata ... ok
Arrow IO Rust 1.88 (macos-15, both)	Run Arrow IO feature selection	2026-10-05T02:05:18.6424210Z test parquet::tests::caller_arrow_schema_metadata_round_trips_without_replacing_reserved_footer_value ... ok
Arrow IO Rust 1.88 (macos-15, both)	Run Arrow IO feature selection	2026-10-05T02:05:18.6424850Z test parquet::tests::parquet_reader_restores_validated_schema_metadata_on_batches ... ok
Arrow IO Rust 1.88 (macos-15, both)	Run Arrow IO feature selection	2026-10-05T02:05:18.6425380Z test parquet::tests::max_batches_counts_returned_batches_across_row_groups ... ok
Arrow IO Rust 1.88 (macos-15, both)	Run Arrow IO feature selection	2026-10-05T02:05:18.6425860Z test parquet::tests::parquet_round_trip_bounds_row_groups_and_rows ... ok
Arrow IO Rust 1.88 (macos-15, both)	Run Arrow IO feature selection	2026-10-05T02:05:18.6426290Z test parquet::tests::schema_metadata_mismatch_is_not_ignored ... ok
Arrow IO Rust 1.88 (macos-15, both)	Run Arrow IO feature selection	2026-10-05T02:05:18.6426740Z test parquet::tests::writer_prevalidates_batches_and_caps_output ... ok
Arrow IO Rust 1.88 (macos-15, both)	Run Arrow IO feature selection	2026-10-05T02:05:18.6427370Z test parquet::tests::reader_enforces_encoded_bytes_rows_columns_and_schema ... ok
Arrow IO Rust 1.88 (macos-15, both)	Run Arrow IO feature selection	2026-10-05T02:05:18.6427680Z 
Arrow IO Rust 1.88 (macos-15, both)	Run Arrow IO feature selection	2026-10-05T02:05:18.6427890Z test result: ok. 27 passed; 0 failed; 0 ignored; 0 measured; 0 filtered out; finished in 0.01s
Arrow IO Rust 1.88 (macos-15, both)	Run Arrow IO feature selection	2026-10-05T02:05:18.6428180Z 
Arrow IO Rust 1.88 (macos-15, both)	Run Arrow IO feature selection	2026-10-05T02:05:18.6428480Z      Running tests/calibration_physical_v2.rs (target/debug/deps/calibration_physical_v2-5ac3dc78d8c1a94f)
Arrow IO Rust 1.88 (macos-15, both)	Run Arrow IO feature selection	2026-10-05T02:05:18.6447860Z 
Arrow IO Rust 1.88 (macos-15, both)	Run Arrow IO feature selection	2026-10-05T02:05:18.6448130Z running 2 tests
Arrow IO Rust 1.88 (macos-15, both)	Run Arrow IO feature selection	2026-10-05T02:05:18.7456650Z test actual_ipc_tables_use_full_frozen_schema_and_roundtrip ... ok
Arrow IO Rust 1.88 (macos-15, both)	Run Arrow IO feature selection	2026-10-05T02:05:18.8544050Z test actual_parquet_tables_use_full_frozen_schema_and_roundtrip ... ok
Arrow IO Rust 1.88 (macos-15, both)	Run Arrow IO feature selection	2026-10-05T02:05:18.8544430Z 
Arrow IO Rust 1.88 (macos-15, both)	Run Arrow IO feature selection	2026-10-05T02:05:18.8544700Z test result: ok. 2 passed; 0 failed; 0 ignored; 0 measured; 0 filtered out; finished in 0.21s
Arrow IO Rust 1.88 (macos-15, both)	Run Arrow IO feature selection	2026-10-05T02:05:18.8545060Z 
Arrow IO Rust 1.88 (macos-15, both)	Run Arrow IO feature selection	2026-10-05T02:05:18.8547180Z      Running tests/ingestion_physical_v1.rs (target/debug/deps/ingestion_physical_v1-cc5cf6bf75da772d)
Arrow IO Rust 1.88 (macos-15, both)	Run Arrow IO feature selection	2026-10-05T02:05:18.8589110Z 
Arrow IO Rust 1.88 (macos-15, both)	Run Arrow IO feature selection	2026-10-05T02:05:18.8589340Z running 1 test
Arrow IO Rust 1.88 (macos-15, both)	Run Arrow IO feature selection	2026-10-05T02:05:19.5768220Z test actual_physical_tables_roundtrip_across_formats_orders_and_layouts ... ok
Arrow IO Rust 1.88 (macos-15, both)	Run Arrow IO feature selection	2026-10-05T02:05:19.5768640Z 
Arrow IO Rust 1.88 (macos-15, both)	Run Arrow IO feature selection	2026-10-05T02:05:19.5768870Z test result: ok. 1 passed; 0 failed; 0 ignored; 0 measured; 0 filtered out; finished in 0.72s
Arrow IO Rust 1.88 (macos-15, both)	Run Arrow IO feature selection	2026-10-05T02:05:19.5769250Z 
Arrow IO Rust 1.88 (macos-15, both)	Run Arrow IO feature selection	2026-10-05T02:05:19.5771620Z      Running tests/interop_v1.rs (target/debug/deps/interop_v1-f957344e1adefc76)
Arrow IO Rust 1.88 (macos-15, both)	Run Arrow IO feature selection	2026-10-05T02:05:19.5813780Z 
Arrow IO Rust 1.88 (macos-15, both)	Run Arrow IO feature selection	2026-10-05T02:05:19.5814010Z running 1 test
Arrow IO Rust 1.88 (macos-15, both)	Run Arrow IO feature selection	2026-10-05T02:05:19.5888620Z test pyarrow_fixtures_are_read_and_rust_transports_are_written ... ok
Arrow IO Rust 1.88 (macos-15, both)	Run Arrow IO feature selection	2026-10-05T02:05:19.5889110Z 
Arrow IO Rust 1.88 (macos-15, both)	Run Arrow IO feature selection	2026-10-05T02:05:19.5889520Z test result: ok. 1 passed; 0 failed; 0 ignored; 0 measured; 0 filtered out; finished in 0.01s
Arrow IO Rust 1.88 (macos-15, both)	Run Arrow IO feature selection	2026-10-05T02:05:19.5890360Z 
Arrow IO Rust 1.88 (macos-15, both)	Run Arrow IO feature selection	2026-10-05T02:05:19.5890660Z    Doc-tests kairo_ecs_arrow_io
Arrow IO Rust 1.88 (macos-15, both)	Run Arrow IO feature selection	2026-10-05T02:05:19.6557480Z 
Arrow IO Rust 1.88 (macos-15, both)	Run Arrow IO feature selection	2026-10-05T02:05:19.6557820Z running 0 tests
Arrow IO Rust 1.88 (macos-15, both)	Run Arrow IO feature selection	2026-10-05T02:05:19.6558010Z 
Arrow IO Rust 1.88 (macos-15, both)	Run Arrow IO feature selection	2026-10-05T02:05:19.6560120Z test result: ok. 0 passed; 0 failed; 0 ignored; 0 measured; 0 filtered out; finished in 0.00s
Arrow IO Rust 1.88 (macos-15, both)	Run Arrow IO feature selection	2026-10-05T02:05:19.6560570Z 
Arrow IO Rust 1.88 (macos-15, both)	Run Arrow IO feature selection	2026-10-05T02:05:19.7640370Z  Downloading crates ...
Arrow IO Rust 1.88 (macos-15, both)	Run Arrow IO feature selection	2026-10-05T02:05:19.8576050Z   Downloaded sha2 v0.11.0
Arrow IO Rust 1.88 (macos-15, both)	Run Arrow IO feature selection	2026-10-05T02:05:19.8677360Z   Downloaded digest v0.11.3
Arrow IO Rust 1.88 (macos-15, both)	Run Arrow IO feature selection	2026-10-05T02:05:19.9078640Z   Downloaded itoa v1.0.18
Arrow IO Rust 1.88 (macos-15, both)	Run Arrow IO feature selection	2026-10-05T02:05:19.9106260Z   Downloaded zmij v1.0.21
Arrow IO Rust 1.88 (macos-15, both)	Run Arrow IO feature selection	2026-10-05T02:05:19.9136100Z   Downloaded hybrid-array v0.4.15
Arrow IO Rust 1.88 (macos-15, both)	Run Arrow IO feature selection	2026-10-05T02:05:19.9185230Z   Downloaded crypto-common v0.2.2
Arrow IO Rust 1.88 (macos-15, both)	Run Arrow IO feature selection	2026-10-05T02:05:19.9206130Z   Downloaded typenum v1.20.1
Arrow IO Rust 1.88 (macos-15, both)	Run Arrow IO feature selection	2026-10-05T02:05:19.9269570Z   Downloaded memchr v2.8.0
Arrow IO Rust 1.88 (macos-15, both)	Run Arrow IO feature selection	2026-10-05T02:05:19.9354680Z   Downloaded const-oid v0.10.2
Arrow IO Rust 1.88 (macos-15, both)	Run Arrow IO feature selection	2026-10-05T02:05:19.9395110Z   Downloaded serde_core v1.0.228
Arrow IO Rust 1.88 (macos-15, both)	Run Arrow IO feature selection	2026-10-05T02:05:19.9443650Z   Downloaded cpufeatures v0.3.1
Arrow IO Rust 1.88 (macos-15, both)	Run Arrow IO feature selection	2026-10-05T02:05:19.9820880Z   Downloaded serde_json v1.0.149
Arrow IO Rust 1.88 (macos-15, both)	Run Arrow IO feature selection	2026-10-05T02:05:19.9949720Z   Downloaded block-buffer v0.12.1
Arrow IO Rust 1.88 (macos-15, both)	Run Arrow IO feature selection	2026-10-05T02:05:20.0332420Z    Compiling typenum v1.20.1
Arrow IO Rust 1.88 (macos-15, both)	Run Arrow IO feature selection	2026-10-05T02:05:20.0337630Z    Compiling zmij v1.0.21
Arrow IO Rust 1.88 (macos-15, both)	Run Arrow IO feature selection	2026-10-05T02:05:20.0338400Z    Compiling serde_core v1.0.228
Arrow IO Rust 1.88 (macos-15, both)	Run Arrow IO feature selection	2026-10-05T02:05:20.1850050Z    Compiling serde_json v1.0.149
Arrow IO Rust 1.88 (macos-15, both)	Run Arrow IO feature selection	2026-10-05T02:05:20.1901530Z    Compiling const-oid v0.10.2
Arrow IO Rust 1.88 (macos-15, both)	Run Arrow IO feature selection	2026-10-05T02:05:20.2694870Z    Compiling kairo-ecs-types v0.0.0 (/Users/runner/work/kairos/kairos/crates/kairo-ecs-types)
Arrow IO Rust 1.88 (macos-15, both)	Run Arrow IO feature selection	2026-10-05T02:05:20.5715000Z    Compiling hybrid-array v0.4.15
Arrow IO Rust 1.88 (macos-15, both)	Run Arrow IO feature selection	2026-10-05T02:05:20.5819310Z    Compiling cpufeatures v0.3.1
Arrow IO Rust 1.88 (macos-15, both)	Run Arrow IO feature selection	2026-10-05T02:05:20.6445420Z    Compiling itoa v1.0.18
Arrow IO Rust 1.88 (macos-15, both)	Run Arrow IO feature selection	2026-10-05T02:05:20.7498760Z    Compiling memchr v2.8.0
Arrow IO Rust 1.88 (macos-15, both)	Run Arrow IO feature selection	2026-10-05T02:05:20.9684090Z    Compiling block-buffer v0.12.1
Arrow IO Rust 1.88 (macos-15, both)	Run Arrow IO feature selection	2026-10-05T02:05:21.0372220Z    Compiling crypto-common v0.2.2
Arrow IO Rust 1.88 (macos-15, both)	Run Arrow IO feature selection	2026-10-05T02:05:21.0480070Z    Compiling kairo-ecs-arrow v0.1.0 (/Users/runner/work/kairos/kairos/crates/kairo-ecs-arrow)
Arrow IO Rust 1.88 (macos-15, both)	Run Arrow IO feature selection	2026-10-05T02:05:21.4580750Z    Compiling kairo-ecs-rng v0.0.0 (/Users/runner/work/kairos/kairos/crates/kairo-ecs-rng)
Arrow IO Rust 1.88 (macos-15, both)	Run Arrow IO feature selection	2026-10-05T02:05:21.5909450Z    Compiling digest v0.11.3
Arrow IO Rust 1.88 (macos-15, both)	Run Arrow IO feature selection	2026-10-05T02:05:21.6509290Z    Compiling sha2 v0.11.0
Arrow IO Rust 1.88 (macos-15, both)	Run Arrow IO feature selection	2026-10-05T02:05:22.0326540Z    Compiling kairo-ecs-calibration v0.1.0 (/Users/runner/work/kairos/kairos/crates/kairo-ecs-calibration)
Arrow IO Rust 1.88 (macos-15, both)	Run Arrow IO feature selection	2026-10-05T02:05:22.8673390Z warning: this lint expectation is unfulfilled
Arrow IO Rust 1.88 (macos-15, both)	Run Arrow IO feature selection	2026-10-05T02:05:22.8674270Z  --> crates/kairo-ecs-calibration/src/lib.rs:8:5
Arrow IO Rust 1.88 (macos-15, both)	Run Arrow IO feature selection	2026-10-05T02:05:22.8674890Z   |
Arrow IO Rust 1.88 (macos-15, both)	Run Arrow IO feature selection	2026-10-05T02:05:22.8675080Z 8 |     dead_code,
Arrow IO Rust 1.88 (macos-15, both)	Run Arrow IO feature selection	2026-10-05T02:05:22.8675420Z   |     ^^^^^^^^^
Arrow IO Rust 1.88 (macos-15, both)	Run Arrow IO feature selection	2026-10-05T02:05:22.8675660Z   |
Arrow IO Rust 1.88 (macos-15, both)	Run Arrow IO feature selection	2026-10-05T02:05:22.8676200Z   = note: Private cohort adapter is qualified by C4.2 integration tests; public API review remains open
Arrow IO Rust 1.88 (macos-15, both)	Run Arrow IO feature selection	2026-10-05T02:05:22.8676750Z   = note: `#[warn(unfulfilled_lint_expectations)]` on by default
Arrow IO Rust 1.88 (macos-15, both)	Run Arrow IO feature selection	2026-10-05T02:05:22.8676970Z 
Arrow IO Rust 1.88 (macos-15, both)	Run Arrow IO feature selection	2026-10-05T02:05:22.8677160Z warning: this lint expectation is unfulfilled
Arrow IO Rust 1.88 (macos-15, both)	Run Arrow IO feature selection	2026-10-05T02:05:22.8677490Z   --> crates/kairo-ecs-calibration/src/lib.rs:33:9
Arrow IO Rust 1.88 (macos-15, both)	Run Arrow IO feature selection	2026-10-05T02:05:22.8677720Z    |
Arrow IO Rust 1.88 (macos-15, both)	Run Arrow IO feature selection	2026-10-05T02:05:22.8677840Z 33 |         dead_code,
Arrow IO Rust 1.88 (macos-15, both)	Run Arrow IO feature selection	2026-10-05T02:05:22.8677990Z    |         ^^^^^^^^^
Arrow IO Rust 1.88 (macos-15, both)	Run Arrow IO feature selection	2026-10-05T02:05:22.8678170Z    |
Arrow IO Rust 1.88 (macos-15, both)	Run Arrow IO feature selection	2026-10-05T02:05:22.8678510Z    = note: Private C1 adapters are exercised by conformance tests; public API review is pending
Arrow IO Rust 1.88 (macos-15, both)	Run Arrow IO feature selection	2026-10-05T02:05:22.8678880Z 
Arrow IO Rust 1.88 (macos-15, both)	Run Arrow IO feature selection	2026-10-05T02:05:22.8679060Z warning: this lint expectation is unfulfilled
Arrow IO Rust 1.88 (macos-15, both)	Run Arrow IO feature selection	2026-10-05T02:05:22.8679360Z   --> crates/kairo-ecs-calibration/src/lib.rs:43:9
Arrow IO Rust 1.88 (macos-15, both)	Run Arrow IO feature selection	2026-10-05T02:05:22.8679580Z    |
Arrow IO Rust 1.88 (macos-15, both)	Run Arrow IO feature selection	2026-10-05T02:05:22.8680110Z 43 |         dead_code,
Arrow IO Rust 1.88 (macos-15, both)	Run Arrow IO feature selection	2026-10-05T02:05:22.8680270Z    |         ^^^^^^^^^
Arrow IO Rust 1.88 (macos-15, both)	Run Arrow IO feature selection	2026-10-05T02:05:22.8680450Z    |
Arrow IO Rust 1.88 (macos-15, both)	Run Arrow IO feature selection	2026-10-05T02:05:22.8680870Z    = note: Private C1 adapters are exercised by conformance tests; public API review is pending
Arrow IO Rust 1.88 (macos-15, both)	Run Arrow IO feature selection	2026-10-05T02:05:22.8681280Z 
Arrow IO Rust 1.88 (macos-15, both)	Run Arrow IO feature selection	2026-10-05T02:05:22.8681370Z warning: this lint expectation is unfulfilled
Arrow IO Rust 1.88 (macos-15, both)	Run Arrow IO feature selection	2026-10-05T02:05:22.8681710Z   --> crates/kairo-ecs-calibration/src/lib.rs:71:9
Arrow IO Rust 1.88 (macos-15, both)	Run Arrow IO feature selection	2026-10-05T02:05:22.8681930Z    |
Arrow IO Rust 1.88 (macos-15, both)	Run Arrow IO feature selection	2026-10-05T02:05:22.8682120Z 71 |         dead_code,
Arrow IO Rust 1.88 (macos-15, both)	Run Arrow IO feature selection	2026-10-05T02:05:22.8682270Z    |         ^^^^^^^^^
Arrow IO Rust 1.88 (macos-15, both)	Run Arrow IO feature selection	2026-10-05T02:05:22.8682400Z    |
Arrow IO Rust 1.88 (macos-15, both)	Run Arrow IO feature selection	2026-10-05T02:05:22.8682670Z    = note: Private C1 adapters are exercised by conformance tests; public API review is pending
Arrow IO Rust 1.88 (macos-15, both)	Run Arrow IO feature selection	2026-10-05T02:05:22.8682950Z 
Arrow IO Rust 1.88 (macos-15, both)	Run Arrow IO feature selection	2026-10-05T02:05:23.1443020Z warning: `kairo-ecs-calibration` (lib) generated 4 warnings
Arrow IO Rust 1.88 (macos-15, both)	Run Arrow IO feature selection	2026-10-05T02:05:23.3565820Z warning: this lint expectation is unfulfilled
Arrow IO Rust 1.88 (macos-15, both)	Run Arrow IO feature selection	2026-10-05T02:05:23.3687040Z  --> crates/kairo-ecs-calibration/tests/../src/arrow_output.rs:3:5
Arrow IO Rust 1.88 (macos-15, both)	Run Arrow IO feature selection	2026-10-05T02:05:23.3788890Z   |
Arrow IO Rust 1.88 (macos-15, both)	Run Arrow IO feature selection	2026-10-05T02:05:23.3889950Z 3 |     dead_code,
Arrow IO Rust 1.88 (macos-15, both)	Run Arrow IO feature selection	2026-10-05T02:05:23.4009500Z   |     ^^^^^^^^^
Arrow IO Rust 1.88 (macos-15, both)	Run Arrow IO feature selection	2026-10-05T02:05:23.4114630Z   |
Arrow IO Rust 1.88 (macos-15, both)	Run Arrow IO feature selection	2026-10-05T02:05:23.4215740Z   = note: private C4.3 codec is path-imported by its focused integration qualification
Arrow IO Rust 1.88 (macos-15, both)	Run Arrow IO feature selection	2026-10-05T02:05:23.4317030Z   = note: `#[warn(unfulfilled_lint_expectations)]` on by default
Arrow IO Rust 1.88 (macos-15, both)	Run Arrow IO feature selection	2026-10-05T02:05:23.4427860Z 
Arrow IO Rust 1.88 (macos-15, both)	Run Arrow IO feature selection	2026-10-05T02:05:24.4634010Z warning: `kairo-ecs-calibration` (test "arrow_output_c43") generated 1 warning
Arrow IO Rust 1.88 (macos-15, both)	Run Arrow IO feature selection	2026-10-05T02:05:25.6794990Z warning: `kairo-ecs-calibration` (test "sidecar_pipeline_c43") generated 1 warning (1 duplicate)
Arrow IO Rust 1.88 (macos-15, both)	Run Arrow IO feature selection	2026-10-05T02:05:25.6795690Z     Finished `test` profile [unoptimized + debuginfo] target(s) in 6.00s
Arrow IO Rust 1.88 (macos-15, both)	Run Arrow IO feature selection	2026-10-05T02:05:25.7127460Z      Running tests/arrow_output_c43.rs (target/debug/deps/arrow_output_c43-2f4842b4cb8f3672)
Arrow IO Rust 1.88 (macos-15, both)	Run Arrow IO feature selection	2026-10-05T02:05:25.7187670Z 
Arrow IO Rust 1.88 (macos-15, both)	Run Arrow IO feature selection	2026-10-05T02:05:25.7199910Z running 7 tests
Arrow IO Rust 1.88 (macos-15, both)	Run Arrow IO feature selection	2026-10-05T02:05:25.7205600Z test c43_rejects_inconsistent_residual_unknown_fields_and_duplicate_records ... ok
Arrow IO Rust 1.88 (macos-15, both)	Run Arrow IO feature selection	2026-10-05T02:05:25.7214790Z test c43_residual_sort_uses_raw_string_order_for_escaped_ids ... ok
Arrow IO Rust 1.88 (macos-15, both)	Run Arrow IO feature selection	2026-10-05T02:05:25.7215480Z test c43_roundtrips_full_width_ticks_nulls_and_canonical_strata ... ok
Arrow IO Rust 1.88 (macos-15, both)	Run Arrow IO feature selection	2026-10-05T02:05:25.7216220Z test c43_schemas_preserve_empty_shapes_and_output_types ... ok
Arrow IO Rust 1.88 (macos-15, both)	Run Arrow IO feature selection	2026-10-05T02:05:25.7217030Z test c43_sort_uses_full_residual_identity_and_numeric_occurrence ... ok
Arrow IO Rust 1.88 (macos-15, both)	Run Arrow IO feature selection	2026-10-05T02:05:25.7217570Z test c43_validates_frozen_keys_metric_semantics_and_decode_rows ... ok
Arrow IO Rust 1.88 (macos-15, both)	Run Arrow IO feature selection	2026-10-05T02:05:25.7310270Z test c43_actual_ipc_file_stream_and_parquet_roundtrip ... ok
Arrow IO Rust 1.88 (macos-15, both)	Run Arrow IO feature selection	2026-10-05T02:05:25.7310640Z 
Arrow IO Rust 1.88 (macos-15, both)	Run Arrow IO feature selection	2026-10-05T02:05:25.7310900Z test result: ok. 7 passed; 0 failed; 0 ignored; 0 measured; 0 filtered out; finished in 0.01s
Arrow IO Rust 1.88 (macos-15, both)	Run Arrow IO feature selection	2026-10-05T02:05:25.7311270Z 
Arrow IO Rust 1.88 (macos-15, both)	Run Arrow IO feature selection	2026-10-05T02:05:25.7312440Z      Running tests/sidecar_adapter_c43.rs (target/debug/deps/sidecar_adapter_c43-b4e7ad315c60a8ad)
Arrow IO Rust 1.88 (macos-15, both)	Run Arrow IO feature selection	2026-10-05T02:05:25.7337940Z 
Arrow IO Rust 1.88 (macos-15, both)	Run Arrow IO feature selection	2026-10-05T02:05:25.7339930Z running 12 tests
Arrow IO Rust 1.88 (macos-15, both)	Run Arrow IO feature selection	2026-10-05T02:05:25.7384440Z test c43_contradictory_source_clocks_fail_and_retain_both_raw_sides ... ok
Arrow IO Rust 1.88 (macos-15, both)	Run Arrow IO feature selection	2026-10-05T02:05:25.7384990Z test c43_empty_residual_population_still_emits_declared_empty_metric_summaries ... ok
Arrow IO Rust 1.88 (macos-15, both)	Run Arrow IO feature selection	2026-10-05T02:05:25.7385490Z test c43_emits_c0_sidecars_from_kernels_and_joins_explicit_event ... ok
Arrow IO Rust 1.88 (macos-15, both)	Run Arrow IO feature selection	2026-10-05T02:05:25.7385910Z test c43_in_window_nonpoint_is_ineligible_but_not_window_excluded ... ok
Arrow IO Rust 1.88 (macos-15, both)	Run Arrow IO feature selection	2026-10-05T02:05:25.7386460Z test c43_failed_prediction_preserves_reference_censor_and_missing_lineage ... ok
Arrow IO Rust 1.88 (macos-15, both)	Run Arrow IO feature selection	2026-10-05T02:05:25.7386910Z test c43_input_permutation_preserves_logical_records_and_metric_bits ... ok
Arrow IO Rust 1.88 (macos-15, both)	Run Arrow IO feature selection	2026-10-05T02:05:25.7387500Z test c43_max_u128_is_exact_and_window_exclusion_does_not_rewrite_point_residual ... ok
Arrow IO Rust 1.88 (macos-15, both)	Run Arrow IO feature selection	2026-10-05T02:05:25.7388000Z test c43_invalid_run_event_hash_and_duplicate_key_fail_with_raw_diagnostics ... ok
Arrow IO Rust 1.88 (macos-15, both)	Run Arrow IO feature selection	2026-10-05T02:05:25.7388610Z test c43_noncomputed_statuses_keep_null_contract_and_overlapping_counts ... ok
Arrow IO Rust 1.88 (macos-15, both)	Run Arrow IO feature selection	2026-10-05T02:05:25.7389080Z test c43_structurally_invalid_metric_rows_fail_with_both_raw_cohorts ... ok
Arrow IO Rust 1.88 (macos-15, both)	Run Arrow IO feature selection	2026-10-05T02:05:25.7389900Z test c43_paired_metric_denominator_is_matched_pairs_and_manifest_keeps_cohort_counts ... ok
Arrow IO Rust 1.88 (macos-15, both)	Run Arrow IO feature selection	2026-10-05T02:05:25.7407780Z test c43_unmatched_missing_failed_and_infeasible_pairs_keep_schema_statuses ... ok
Arrow IO Rust 1.88 (macos-15, both)	Run Arrow IO feature selection	2026-10-05T02:05:25.7408190Z 
Arrow IO Rust 1.88 (macos-15, both)	Run Arrow IO feature selection	2026-10-05T02:05:25.7408580Z test result: ok. 12 passed; 0 failed; 0 ignored; 0 measured; 0 filtered out; finished in 0.01s
Arrow IO Rust 1.88 (macos-15, both)	Run Arrow IO feature selection	2026-10-05T02:05:25.7409150Z 
Arrow IO Rust 1.88 (macos-15, both)	Run Arrow IO feature selection	2026-10-05T02:05:25.7409580Z      Running tests/sidecar_pipeline_c43.rs (target/debug/deps/sidecar_pipeline_c43-45d7edc29bbe9342)
Arrow IO Rust 1.88 (macos-15, both)	Run Arrow IO feature selection	2026-10-05T02:05:25.7454200Z 
Arrow IO Rust 1.88 (macos-15, both)	Run Arrow IO feature selection	2026-10-05T02:05:25.7454510Z running 2 tests
Arrow IO Rust 1.88 (macos-15, both)	Run Arrow IO feature selection	2026-10-05T02:05:25.7505240Z test c43_empty_runtime_preserves_typed_residual_schema_and_null_metrics ... ok
Arrow IO Rust 1.88 (macos-15, both)	Run Arrow IO feature selection	2026-10-05T02:05:25.8250280Z test c43_runtime_records_and_hashes_survive_permutation_and_physical_framing ... ok
Arrow IO Rust 1.88 (macos-15, both)	Run Arrow IO feature selection	2026-10-05T02:05:25.8250690Z 
Arrow IO Rust 1.88 (macos-15, both)	Run Arrow IO feature selection	2026-10-05T02:05:25.8250960Z test result: ok. 2 passed; 0 failed; 0 ignored; 0 measured; 0 filtered out; finished in 0.08s
Arrow IO Rust 1.88 (macos-15, both)	Run Arrow IO feature selection	2026-10-05T02:05:25.8251290Z 
Arrow IO Rust 1.88 (macos-15, both)	Run Arrow IO feature selection	2026-10-05T02:05:26.5085810Z {
Arrow IO Rust 1.88 (macos-15, both)	Run Arrow IO feature selection	2026-10-05T02:05:26.5086130Z   "controls": [
Arrow IO Rust 1.88 (macos-15, both)	Run Arrow IO feature selection	2026-10-05T02:05:26.5086390Z     {
Arrow IO Rust 1.88 (macos-15, both)	Run Arrow IO feature selection	2026-10-05T02:05:26.5086730Z       "file": "residual.ipc_file",
Arrow IO Rust 1.88 (macos-15, both)	Run Arrow IO feature selection	2026-10-05T02:05:26.5087210Z       "id": "wrong_type",
Arrow IO Rust 1.88 (macos-15, both)	Run Arrow IO feature selection	2026-10-05T02:05:26.5087780Z       "rejection": "ValueError: residual physical schema/type/order/nullability/metadata mismatch"
Arrow IO Rust 1.88 (macos-15, both)	Run Arrow IO feature selection	2026-10-05T02:05:26.5088300Z     },
Arrow IO Rust 1.88 (macos-15, both)	Run Arrow IO feature selection	2026-10-05T02:05:26.5088500Z     {
Arrow IO Rust 1.88 (macos-15, both)	Run Arrow IO feature selection	2026-10-05T02:05:26.5088760Z       "file": "residual.ipc_stream",
Arrow IO Rust 1.88 (macos-15, both)	Run Arrow IO feature selection	2026-10-05T02:05:26.5089020Z       "id": "mutated_u128",
Arrow IO Rust 1.88 (macos-15, both)	Run Arrow IO feature selection	2026-10-05T02:05:26.5089550Z       "rejection": "ValueError: residual physical values/nulls differ from actual logical JSON"
Arrow IO Rust 1.88 (macos-15, both)	Run Arrow IO feature selection	2026-10-05T02:05:26.5089930Z     },
Arrow IO Rust 1.88 (macos-15, both)	Run Arrow IO feature selection	2026-10-05T02:05:26.5090180Z     {
Arrow IO Rust 1.88 (macos-15, both)	Run Arrow IO feature selection	2026-10-05T02:05:26.5090370Z       "file": "residual.parquet",
Arrow IO Rust 1.88 (macos-15, both)	Run Arrow IO feature selection	2026-10-05T02:05:26.5090780Z       "id": "required_null",
Arrow IO Rust 1.88 (macos-15, both)	Run Arrow IO feature selection	2026-10-05T02:05:26.5091770Z       "rejection": "ValueError: residual physical schema/type/order/nullability/metadata mismatch"
Arrow IO Rust 1.88 (macos-15, both)	Run Arrow IO feature selection	2026-10-05T02:05:26.5092220Z     },
Arrow IO Rust 1.88 (macos-15, both)	Run Arrow IO feature selection	2026-10-05T02:05:26.5092500Z     {
Arrow IO Rust 1.88 (macos-15, both)	Run Arrow IO feature selection	2026-10-05T02:05:26.5092740Z       "file": "residual.parquet",
Arrow IO Rust 1.88 (macos-15, both)	Run Arrow IO feature selection	2026-10-05T02:05:26.5093060Z       "id": "wrong_metadata",
Arrow IO Rust 1.88 (macos-15, both)	Run Arrow IO feature selection	2026-10-05T02:05:26.5093500Z       "rejection": "ValueError: residual physical schema/type/order/nullability/metadata mismatch"
Arrow IO Rust 1.88 (macos-15, both)	Run Arrow IO feature selection	2026-10-05T02:05:26.5094000Z     }
Arrow IO Rust 1.88 (macos-15, both)	Run Arrow IO feature selection	2026-10-05T02:05:26.5094200Z   ],
Arrow IO Rust 1.88 (macos-15, both)	Run Arrow IO feature selection	2026-10-05T02:05:26.5094740Z   "logical_schema_validation": "bounded evaluator for unchanged C0 residual/metric definitions; fails closed on unsupported keywords",
Arrow IO Rust 1.88 (macos-15, both)	Run Arrow IO feature selection	2026-10-05T02:05:26.5095690Z   "positive_oracle": "typed Arrow IPC file/stream and Parquet tables match independently frozen schemas and canonical logical records; residual 0-to-u128-max exact difference retained",
Arrow IO Rust 1.88 (macos-15, both)	Run Arrow IO feature selection	2026-10-05T02:05:26.5096380Z   "pyarrow": "25.0.1",
Arrow IO Rust 1.88 (macos-15, both)	Run Arrow IO feature selection	2026-10-05T02:05:26.5096690Z   "status": "pass"
Arrow IO Rust 1.88 (macos-15, both)	Run Arrow IO feature selection	2026-10-05T02:05:26.5096900Z }
Arrow IO Rust 1.88 (macos-15, both)	Run Arrow IO feature selection	2026-10-05T02:05:26.8244450Z {
Arrow IO Rust 1.88 (macos-15, both)	Run Arrow IO feature selection	2026-10-05T02:05:26.8245530Z   "actual_manifest_mutation_controls": [
Arrow IO Rust 1.88 (macos-15, both)	Run Arrow IO feature selection	2026-10-05T02:05:26.8246570Z     {
Arrow IO Rust 1.88 (macos-15, both)	Run Arrow IO feature selection	2026-10-05T02:05:26.8247260Z       "control": "residual_pairs",
Arrow IO Rust 1.88 (macos-15, both)	Run Arrow IO feature selection	2026-10-05T02:05:26.8248020Z       "expected": "reject",
Arrow IO Rust 1.88 (macos-15, both)	Run Arrow IO feature selection	2026-10-05T02:05:26.8249250Z       "observed": "ValueError: join_manifest residual_pairs differs from residual records"
Arrow IO Rust 1.88 (macos-15, both)	Run Arrow IO feature selection	2026-10-05T02:05:26.8250280Z     },
Arrow IO Rust 1.88 (macos-15, both)	Run Arrow IO feature selection	2026-10-05T02:05:26.8250980Z     {
Arrow IO Rust 1.88 (macos-15, both)	Run Arrow IO feature selection	2026-10-05T02:05:26.8251730Z       "control": "residual_raw_rows",
Arrow IO Rust 1.88 (macos-15, both)	Run Arrow IO feature selection	2026-10-05T02:05:26.8252480Z       "expected": "reject",
Arrow IO Rust 1.88 (macos-15, both)	Run Arrow IO feature selection	2026-10-05T02:05:26.8253640Z       "observed": "ValueError: join_manifest residual_raw_rows differs from retained raw records"
Arrow IO Rust 1.88 (macos-15, both)	Run Arrow IO feature selection	2026-10-05T02:05:26.8254750Z     },
Arrow IO Rust 1.88 (macos-15, both)	Run Arrow IO feature selection	2026-10-05T02:05:26.8255260Z     {
Arrow IO Rust 1.88 (macos-15, both)	Run Arrow IO feature selection	2026-10-05T02:05:26.8255740Z       "control": "residual_hash",
Arrow IO Rust 1.88 (macos-15, both)	Run Arrow IO feature selection	2026-10-05T02:05:26.8256510Z       "expected": "reject",
Arrow IO Rust 1.88 (macos-15, both)	Run Arrow IO feature selection	2026-10-05T02:05:26.8257740Z       "observed": "ValueError: join_manifest residual_raw_rows_canonical_sha256 differs from canonical raw_records array"
Arrow IO Rust 1.88 (macos-15, both)	Run Arrow IO feature selection	2026-10-05T02:05:26.8259500Z     },
Arrow IO Rust 1.88 (macos-15, both)	Run Arrow IO feature selection	2026-10-05T02:05:26.8259940Z     {
Arrow IO Rust 1.88 (macos-15, both)	Run Arrow IO feature selection	2026-10-05T02:05:26.8260430Z       "control": "metric_raw_count",
Arrow IO Rust 1.88 (macos-15, both)	Run Arrow IO feature selection	2026-10-05T02:05:26.8262860Z       "expected": "reject",
Arrow IO Rust 1.88 (macos-15, both)	Run Arrow IO feature selection	2026-10-05T02:05:26.8263960Z       "observed": "ValueError: metric reference raw-row count differs from join/source manifest"
Arrow IO Rust 1.88 (macos-15, both)	Run Arrow IO feature selection	2026-10-05T02:05:26.8265220Z     },
Arrow IO Rust 1.88 (macos-15, both)	Run Arrow IO feature selection	2026-10-05T02:05:26.8265590Z     {
Arrow IO Rust 1.88 (macos-15, both)	Run Arrow IO feature selection	2026-10-05T02:05:26.8266140Z       "control": "metric_hash",
Arrow IO Rust 1.88 (macos-15, both)	Run Arrow IO feature selection	2026-10-05T02:05:26.8266710Z       "expected": "reject",
Arrow IO Rust 1.88 (macos-15, both)	Run Arrow IO feature selection	2026-10-05T02:05:26.8267810Z       "observed": "ValueError: metric_raw_rows_canonical_sha256 differs from retained metric raw records"
Arrow IO Rust 1.88 (macos-15, both)	Run Arrow IO feature selection	2026-10-05T02:05:26.8268840Z     },
Arrow IO Rust 1.88 (macos-15, both)	Run Arrow IO feature selection	2026-10-05T02:05:26.8269380Z     {
Arrow IO Rust 1.88 (macos-15, both)	Run Arrow IO feature selection	2026-10-05T02:05:26.8269860Z       "control": "group_unmatched",
Arrow IO Rust 1.88 (macos-15, both)	Run Arrow IO feature selection	2026-10-05T02:05:26.8270580Z       "expected": "reject",
Arrow IO Rust 1.88 (macos-15, both)	Run Arrow IO feature selection	2026-10-05T02:05:26.8271440Z       "observed": "ValueError: C4.2 group diagnostic unmatched_count expected 9, got 4"
Arrow IO Rust 1.88 (macos-15, both)	Run Arrow IO feature selection	2026-10-05T02:05:26.8272510Z     },
Arrow IO Rust 1.88 (macos-15, both)	Run Arrow IO feature selection	2026-10-05T02:05:26.8273160Z     {
Arrow IO Rust 1.88 (macos-15, both)	Run Arrow IO feature selection	2026-10-05T02:05:26.8273840Z       "control": "event_handle",
Arrow IO Rust 1.88 (macos-15, both)	Run Arrow IO feature selection	2026-10-05T02:05:26.8274500Z       "expected": "reject",
Arrow IO Rust 1.88 (macos-15, both)	Run Arrow IO feature selection	2026-10-05T02:05:26.8275440Z       "observed": "ValueError: join_manifest row 0 event handle bytes disagree with causal_ref"
Arrow IO Rust 1.88 (macos-15, both)	Run Arrow IO feature selection	2026-10-05T02:05:26.8276460Z     },
Arrow IO Rust 1.88 (macos-15, both)	Run Arrow IO feature selection	2026-10-05T02:05:26.8276890Z     {
Arrow IO Rust 1.88 (macos-15, both)	Run Arrow IO feature selection	2026-10-05T02:05:26.8277450Z       "control": "residual_status",
Arrow IO Rust 1.88 (macos-15, both)	Run Arrow IO feature selection	2026-10-05T02:05:26.8278050Z       "expected": "reject",
Arrow IO Rust 1.88 (macos-15, both)	Run Arrow IO feature selection	2026-10-05T02:05:26.8278960Z       "observed": "ValueError: join_manifest residual status/uniqueness differs from sidecar"
Arrow IO Rust 1.88 (macos-15, both)	Run Arrow IO feature selection	2026-10-05T02:05:26.8279900Z     },
Arrow IO Rust 1.88 (macos-15, both)	Run Arrow IO feature selection	2026-10-05T02:05:26.8280250Z     {
Arrow IO Rust 1.88 (macos-15, both)	Run Arrow IO feature selection	2026-10-05T02:05:26.8281040Z       "control": "missing_join_manifest.json",
Arrow IO Rust 1.88 (macos-15, both)	Run Arrow IO feature selection	2026-10-05T02:05:26.8281810Z       "expected": "reject",
Arrow IO Rust 1.88 (macos-15, both)	Run Arrow IO feature selection	2026-10-05T02:05:26.8283810Z       "observed": "ValueError: required runtime evidence missing or empty: join_manifest.json"
Arrow IO Rust 1.88 (macos-15, both)	Run Arrow IO feature selection	2026-10-05T02:05:26.8284900Z     },
Arrow IO Rust 1.88 (macos-15, both)	Run Arrow IO feature selection	2026-10-05T02:05:26.8285270Z     {
Arrow IO Rust 1.88 (macos-15, both)	Run Arrow IO feature selection	2026-10-05T02:05:26.8285710Z       "control": "empty_join_manifest.json",
Arrow IO Rust 1.88 (macos-15, both)	Run Arrow IO feature selection	2026-10-05T02:05:26.8288590Z       "expected": "reject",
Arrow IO Rust 1.88 (macos-15, both)	Run Arrow IO feature selection	2026-10-05T02:05:26.8289450Z       "observed": "ValueError: required runtime evidence missing or empty: join_manifest.json"
Arrow IO Rust 1.88 (macos-15, both)	Run Arrow IO feature selection	2026-10-05T02:05:26.8290420Z     },
Arrow IO Rust 1.88 (macos-15, both)	Run Arrow IO feature selection	2026-10-05T02:05:26.8290830Z     {
Arrow IO Rust 1.88 (macos-15, both)	Run Arrow IO feature selection	2026-10-05T02:05:26.8291280Z       "control": "missing_source_manifest.json",
Arrow IO Rust 1.88 (macos-15, both)	Run Arrow IO feature selection	2026-10-05T02:05:26.8291910Z       "expected": "reject",
Arrow IO Rust 1.88 (macos-15, both)	Run Arrow IO feature selection	2026-10-05T02:05:26.8292900Z       "observed": "ValueError: required runtime evidence missing or empty: source_manifest.json"
Arrow IO Rust 1.88 (macos-15, both)	Run Arrow IO feature selection	2026-10-05T02:05:26.8293980Z     },
Arrow IO Rust 1.88 (macos-15, both)	Run Arrow IO feature selection	2026-10-05T02:05:26.8294360Z     {
Arrow IO Rust 1.88 (macos-15, both)	Run Arrow IO feature selection	2026-10-05T02:05:26.8294880Z       "control": "empty_source_manifest.json",
Arrow IO Rust 1.88 (macos-15, both)	Run Arrow IO feature selection	2026-10-05T02:05:26.8295490Z       "expected": "reject",
Arrow IO Rust 1.88 (macos-15, both)	Run Arrow IO feature selection	2026-10-05T02:05:26.8296440Z       "observed": "ValueError: required runtime evidence missing or empty: source_manifest.json"
Arrow IO Rust 1.88 (macos-15, both)	Run Arrow IO feature selection	2026-10-05T02:05:26.8297480Z     },
Arrow IO Rust 1.88 (macos-15, both)	Run Arrow IO feature selection	2026-10-05T02:05:26.8297970Z     {
Arrow IO Rust 1.88 (macos-15, both)	Run Arrow IO feature selection	2026-10-05T02:05:26.8298660Z       "control": "missing_event_log.smoke",
Arrow IO Rust 1.88 (macos-15, both)	Run Arrow IO feature selection	2026-10-05T02:05:26.8299430Z       "expected": "reject",
Arrow IO Rust 1.88 (macos-15, both)	Run Arrow IO feature selection	2026-10-05T02:05:26.8300580Z       "observed": "ValueError: required runtime evidence missing or empty: event_log.smoke"
Arrow IO Rust 1.88 (macos-15, both)	Run Arrow IO feature selection	2026-10-05T02:05:26.8302030Z     },
Arrow IO Rust 1.88 (macos-15, both)	Run Arrow IO feature selection	2026-10-05T02:05:26.8302420Z     {
Arrow IO Rust 1.88 (macos-15, both)	Run Arrow IO feature selection	2026-10-05T02:05:26.8320990Z       "control": "empty_event_log.smoke",
Arrow IO Rust 1.88 (macos-15, both)	Run Arrow IO feature selection	2026-10-05T02:05:26.8321670Z       "expected": "reject",
Arrow IO Rust 1.88 (macos-15, both)	Run Arrow IO feature selection	2026-10-05T02:05:26.8322500Z       "observed": "ValueError: required runtime evidence missing or empty: event_log.smoke"
Arrow IO Rust 1.88 (macos-15, both)	Run Arrow IO feature selection	2026-10-05T02:05:26.8323400Z     },
Arrow IO Rust 1.88 (macos-15, both)	Run Arrow IO feature selection	2026-10-05T02:05:26.8323770Z     {
Arrow IO Rust 1.88 (macos-15, both)	Run Arrow IO feature selection	2026-10-05T02:05:26.8324300Z       "control": "raw_clock_contradiction",
Arrow IO Rust 1.88 (macos-15, both)	Run Arrow IO feature selection	2026-10-05T02:05:26.8325110Z       "expected": "reject",
Arrow IO Rust 1.88 (macos-15, both)	Run Arrow IO feature selection	2026-10-05T02:05:26.8325850Z       "observed": "ValueError: raw residual source clock differs from join row"
Arrow IO Rust 1.88 (macos-15, both)	Run Arrow IO feature selection	2026-10-05T02:05:26.8326640Z     }
Arrow IO Rust 1.88 (macos-15, both)	Run Arrow IO feature selection	2026-10-05T02:05:26.8327000Z   ],
Arrow IO Rust 1.88 (macos-15, both)	Run Arrow IO feature selection	2026-10-05T02:05:26.8327800Z   "c0_logical_schema_sha256": "8c46db62f691f243385a4ebdf8a7a3d3670e2655dd0c3f82cba4335ced2a3842",
Arrow IO Rust 1.88 (macos-15, both)	Run Arrow IO feature selection	2026-10-05T02:05:26.8328780Z   "counts": {
Arrow IO Rust 1.88 (macos-15, both)	Run Arrow IO feature selection	2026-10-05T02:05:26.8329260Z     "metric": 7,
Arrow IO Rust 1.88 (macos-15, both)	Run Arrow IO feature selection	2026-10-05T02:05:26.8329750Z     "residual": 8
Arrow IO Rust 1.88 (macos-15, both)	Run Arrow IO feature selection	2026-10-05T02:05:26.8331470Z   },
Arrow IO Rust 1.88 (macos-15, both)	Run Arrow IO feature selection	2026-10-05T02:05:26.8332400Z   "directory": "/Users/runner/work/kairos/kairos/.artifacts/ci/arrow-io/1.88.0/macos-15/both/c43-rust-output",
Arrow IO Rust 1.88 (macos-15, both)	Run Arrow IO feature selection	2026-10-05T02:05:26.8333530Z   "event_join": "checked",
Arrow IO Rust 1.88 (macos-15, both)	Run Arrow IO feature selection	2026-10-05T02:05:26.8334040Z   "formats": {
Arrow IO Rust 1.88 (macos-15, both)	Run Arrow IO feature selection	2026-10-05T02:05:26.8334480Z     "metric.ipc_file": {
Arrow IO Rust 1.88 (macos-15, both)	Run Arrow IO feature selection	2026-10-05T02:05:26.8334950Z       "rows": 7,
Arrow IO Rust 1.88 (macos-15, both)	Run Arrow IO feature selection	2026-10-05T02:05:26.8335660Z       "sha256": "245228c545090fe7c93be558baff2e666b28288b80ff3960341cc43d7e5560f8"
Arrow IO Rust 1.88 (macos-15, both)	Run Arrow IO feature selection	2026-10-05T02:05:26.8336510Z     },
Arrow IO Rust 1.88 (macos-15, both)	Run Arrow IO feature selection	2026-10-05T02:05:26.8336920Z     "metric.ipc_stream": {
Arrow IO Rust 1.88 (macos-15, both)	Run Arrow IO feature selection	2026-10-05T02:05:26.8337540Z       "rows": 7,
Arrow IO Rust 1.88 (macos-15, both)	Run Arrow IO feature selection	2026-10-05T02:05:26.8338270Z       "sha256": "9f308920f50db2acc8fe874cfc0a02bb0b19b474aa7ba90fc36dd591e5e77059"
Arrow IO Rust 1.88 (macos-15, both)	Run Arrow IO feature selection	2026-10-05T02:05:26.8339130Z     },
Arrow IO Rust 1.88 (macos-15, both)	Run Arrow IO feature selection	2026-10-05T02:05:26.8339540Z     "metric.parquet": {
Arrow IO Rust 1.88 (macos-15, both)	Run Arrow IO feature selection	2026-10-05T02:05:26.8340020Z       "rows": 7,
Arrow IO Rust 1.88 (macos-15, both)	Run Arrow IO feature selection	2026-10-05T02:05:26.8340740Z       "sha256": "19abe034080fa6d70a00e2faefef7d4980250137694a9a5485eac761d8e4797c"
Arrow IO Rust 1.88 (macos-15, both)	Run Arrow IO feature selection	2026-10-05T02:05:26.8341590Z     },
Arrow IO Rust 1.88 (macos-15, both)	Run Arrow IO feature selection	2026-10-05T02:05:26.8342000Z     "residual.ipc_file": {
Arrow IO Rust 1.88 (macos-15, both)	Run Arrow IO feature selection	2026-10-05T02:05:26.8342500Z       "rows": 8,
Arrow IO Rust 1.88 (macos-15, both)	Run Arrow IO feature selection	2026-10-05T02:05:26.8343430Z       "sha256": "ab0ff50aa99fce46b9658c3c25d8d8dbfb1677b2889b1ae6e935af707732f074"
Arrow IO Rust 1.88 (macos-15, both)	Run Arrow IO feature selection	2026-10-05T02:05:26.8343830Z     },
Arrow IO Rust 1.88 (macos-15, both)	Run Arrow IO feature selection	2026-10-05T02:05:26.8343990Z     "residual.ipc_stream": {
Arrow IO Rust 1.88 (macos-15, both)	Run Arrow IO feature selection	2026-10-05T02:05:26.8344170Z       "rows": 8,
Arrow IO Rust 1.88 (macos-15, both)	Run Arrow IO feature selection	2026-10-05T02:05:26.8344440Z       "sha256": "73cfe3708b21549925b479737a5801b060c6213c5f2a6f3d26a8955de88b36fc"
Arrow IO Rust 1.88 (macos-15, both)	Run Arrow IO feature selection	2026-10-05T02:05:26.8344760Z     },
Arrow IO Rust 1.88 (macos-15, both)	Run Arrow IO feature selection	2026-10-05T02:05:26.8345040Z     "residual.parquet": {
Arrow IO Rust 1.88 (macos-15, both)	Run Arrow IO feature selection	2026-10-05T02:05:26.8345210Z       "rows": 8,
Arrow IO Rust 1.88 (macos-15, both)	Run Arrow IO feature selection	2026-10-05T02:05:26.8345480Z       "sha256": "08fe7dab8de26786cdbe0bcad501c1fb608a36d0b78872f2f71af6c3003c999e"
Arrow IO Rust 1.88 (macos-15, both)	Run Arrow IO feature selection	2026-10-05T02:05:26.8345800Z     }
Arrow IO Rust 1.88 (macos-15, both)	Run Arrow IO feature selection	2026-10-05T02:05:26.8345930Z   },
Arrow IO Rust 1.88 (macos-15, both)	Run Arrow IO feature selection	2026-10-05T02:05:26.8346060Z   "framing_variants": {
Arrow IO Rust 1.88 (macos-15, both)	Run Arrow IO feature selection	2026-10-05T02:05:26.8346230Z     "framing-1": {
Arrow IO Rust 1.88 (macos-15, both)	Run Arrow IO feature selection	2026-10-05T02:05:26.8346580Z       "c0_logical_schema_sha256": "8c46db62f691f243385a4ebdf8a7a3d3670e2655dd0c3f82cba4335ced2a3842",
Arrow IO Rust 1.88 (macos-15, both)	Run Arrow IO feature selection	2026-10-05T02:05:26.8347490Z       "counts": {
Arrow IO Rust 1.88 (macos-15, both)	Run Arrow IO feature selection	2026-10-05T02:05:26.8347640Z         "metric": 7,
Arrow IO Rust 1.88 (macos-15, both)	Run Arrow IO feature selection	2026-10-05T02:05:26.8347800Z         "residual": 8
Arrow IO Rust 1.88 (macos-15, both)	Run Arrow IO feature selection	2026-10-05T02:05:26.8347970Z       },
Arrow IO Rust 1.88 (macos-15, both)	Run Arrow IO feature selection	2026-10-05T02:05:26.8348450Z       "directory": "/Users/runner/work/kairos/kairos/.artifacts/ci/arrow-io/1.88.0/macos-15/both/c43-rust-output/framing-1",
Arrow IO Rust 1.88 (macos-15, both)	Run Arrow IO feature selection	2026-10-05T02:05:26.8348920Z       "event_join": "checked",
Arrow IO Rust 1.88 (macos-15, both)	Run Arrow IO feature selection	2026-10-05T02:05:26.8349100Z       "formats": {
Arrow IO Rust 1.88 (macos-15, both)	Run Arrow IO feature selection	2026-10-05T02:05:26.8349270Z         "metric.ipc_file": {
Arrow IO Rust 1.88 (macos-15, both)	Run Arrow IO feature selection	2026-10-05T02:05:26.8349440Z           "rows": 7,
Arrow IO Rust 1.88 (macos-15, both)	Run Arrow IO feature selection	2026-10-05T02:05:26.8349710Z           "sha256": "211f796878f5239d6413ab195b08eee4318cc841ea1b7e1031a52b34aa24536c"
Arrow IO Rust 1.88 (macos-15, both)	Run Arrow IO feature selection	2026-10-05T02:05:26.8350080Z         },
Arrow IO Rust 1.88 (macos-15, both)	Run Arrow IO feature selection	2026-10-05T02:05:26.8350240Z         "metric.ipc_stream": {
Arrow IO Rust 1.88 (macos-15, both)	Run Arrow IO feature selection	2026-10-05T02:05:26.8350420Z           "rows": 7,
Arrow IO Rust 1.88 (macos-15, both)	Run Arrow IO feature selection	2026-10-05T02:05:26.8350740Z           "sha256": "ea40e5a7f9738e047af9563de17967c01fbdb74e82a57b7298fbc669ca9b839b"
Arrow IO Rust 1.88 (macos-15, both)	Run Arrow IO feature selection	2026-10-05T02:05:26.8351070Z         },
Arrow IO Rust 1.88 (macos-15, both)	Run Arrow IO feature selection	2026-10-05T02:05:26.8351220Z         "metric.parquet": {
Arrow IO Rust 1.88 (macos-15, both)	Run Arrow IO feature selection	2026-10-05T02:05:26.8351390Z           "rows": 7,
Arrow IO Rust 1.88 (macos-15, both)	Run Arrow IO feature selection	2026-10-05T02:05:26.8351670Z           "sha256": "6075c1149dfdad972587d6e848684fc757962ae5ce5974303666950b5b9f5c3e"
Arrow IO Rust 1.88 (macos-15, both)	Run Arrow IO feature selection	2026-10-05T02:05:26.8351990Z         },
Arrow IO Rust 1.88 (macos-15, both)	Run Arrow IO feature selection	2026-10-05T02:05:26.8352130Z         "residual.ipc_file": {
Arrow IO Rust 1.88 (macos-15, both)	Run Arrow IO feature selection	2026-10-05T02:05:26.8352310Z           "rows": 8,
Arrow IO Rust 1.88 (macos-15, both)	Run Arrow IO feature selection	2026-10-05T02:05:26.8352590Z           "sha256": "3ae11cf21c6ae749dc6575e0c476346ee34b4201c8fc4b7a226e56406103ddd6"
Arrow IO Rust 1.88 (macos-15, both)	Run Arrow IO feature selection	2026-10-05T02:05:26.8352930Z         },
Arrow IO Rust 1.88 (macos-15, both)	Run Arrow IO feature selection	2026-10-05T02:05:26.8353090Z         "residual.ipc_stream": {
Arrow IO Rust 1.88 (macos-15, both)	Run Arrow IO feature selection	2026-10-05T02:05:26.8353280Z           "rows": 8,
Arrow IO Rust 1.88 (macos-15, both)	Run Arrow IO feature selection	2026-10-05T02:05:26.8353560Z           "sha256": "2eaeb81b4d2d71f8e2c8954959b8cc32548003c6f35a9dc9a0d6a6102d533590"
Arrow IO Rust 1.88 (macos-15, both)	Run Arrow IO feature selection	2026-10-05T02:05:26.8353890Z         },
Arrow IO Rust 1.88 (macos-15, both)	Run Arrow IO feature selection	2026-10-05T02:05:26.8354040Z         "residual.parquet": {
Arrow IO Rust 1.88 (macos-15, both)	Run Arrow IO feature selection	2026-10-05T02:05:26.8354270Z           "rows": 8,
Arrow IO Rust 1.88 (macos-15, both)	Run Arrow IO feature selection	2026-10-05T02:05:26.8354540Z           "sha256": "27afae10fc5eb520b40550a405ba2dbd3f095dc0620bf7787387575507873b83"
Arrow IO Rust 1.88 (macos-15, both)	Run Arrow IO feature selection	2026-10-05T02:05:26.8354850Z         }
Arrow IO Rust 1.88 (macos-15, both)	Run Arrow IO feature selection	2026-10-05T02:05:26.8354980Z       },
Arrow IO Rust 1.88 (macos-15, both)	Run Arrow IO feature selection	2026-10-05T02:05:26.8355510Z       "legacy_event_schema_sha256": "2e8025a5997f1e056956d47db3b18d3e01e3b0fd865d7235803811ae2aab9dcc",
Arrow IO Rust 1.88 (macos-15, both)	Run Arrow IO feature selection	2026-10-05T02:05:26.8355900Z       "pyarrow": "25.0.1",
Arrow IO Rust 1.88 (macos-15, both)	Run Arrow IO feature selection	2026-10-05T02:05:26.8356230Z       "python": "3.14.8 (v3.14.8:8e6e75d9102, Sep 30 2026, 14:34:30) [Clang 21.0.0 (clang-2100.1.1.101)]"
Arrow IO Rust 1.88 (macos-15, both)	Run Arrow IO feature selection	2026-10-05T02:05:26.8356570Z     },
Arrow IO Rust 1.88 (macos-15, both)	Run Arrow IO feature selection	2026-10-05T02:05:26.8356710Z     "framing-2": {
Arrow IO Rust 1.88 (macos-15, both)	Run Arrow IO feature selection	2026-10-05T02:05:26.8357030Z       "c0_logical_schema_sha256": "8c46db62f691f243385a4ebdf8a7a3d3670e2655dd0c3f82cba4335ced2a3842",
Arrow IO Rust 1.88 (macos-15, both)	Run Arrow IO feature selection	2026-10-05T02:05:26.8357390Z       "counts": {
Arrow IO Rust 1.88 (macos-15, both)	Run Arrow IO feature selection	2026-10-05T02:05:26.8357530Z         "metric": 7,
Arrow IO Rust 1.88 (macos-15, both)	Run Arrow IO feature selection	2026-10-05T02:05:26.8357690Z         "residual": 8
Arrow IO Rust 1.88 (macos-15, both)	Run Arrow IO feature selection	2026-10-05T02:05:26.8357840Z       },
Arrow IO Rust 1.88 (macos-15, both)	Run Arrow IO feature selection	2026-10-05T02:05:26.8358210Z       "directory": "/Users/runner/work/kairos/kairos/.artifacts/ci/arrow-io/1.88.0/macos-15/both/c43-rust-output/framing-2",
Arrow IO Rust 1.88 (macos-15, both)	Run Arrow IO feature selection	2026-10-05T02:05:26.8358660Z       "event_join": "checked",
Arrow IO Rust 1.88 (macos-15, both)	Run Arrow IO feature selection	2026-10-05T02:05:26.8358840Z       "formats": {
Arrow IO Rust 1.88 (macos-15, both)	Run Arrow IO feature selection	2026-10-05T02:05:26.8359010Z         "metric.ipc_file": {
Arrow IO Rust 1.88 (macos-15, both)	Run Arrow IO feature selection	2026-10-05T02:05:26.8359180Z           "rows": 7,
Arrow IO Rust 1.88 (macos-15, both)	Run Arrow IO feature selection	2026-10-05T02:05:26.8359450Z           "sha256": "02828ec73dbb47ec801ea97576f053b471dd21ebdd096d7c4fc888ce167cc6a2"
Arrow IO Rust 1.88 (macos-15, both)	Run Arrow IO feature selection	2026-10-05T02:05:26.8359760Z         },
Arrow IO Rust 1.88 (macos-15, both)	Run Arrow IO feature selection	2026-10-05T02:05:26.8359910Z         "metric.ipc_stream": {
Arrow IO Rust 1.88 (macos-15, both)	Run Arrow IO feature selection	2026-10-05T02:05:26.8360080Z           "rows": 7,
Arrow IO Rust 1.88 (macos-15, both)	Run Arrow IO feature selection	2026-10-05T02:05:26.8360350Z           "sha256": "bea9bc79c25c62a813777d2de1776ada2d4a1fbeac0e9c76d9a0e7aecec89f8b"
Arrow IO Rust 1.88 (macos-15, both)	Run Arrow IO feature selection	2026-10-05T02:05:26.8360660Z         },
Arrow IO Rust 1.88 (macos-15, both)	Run Arrow IO feature selection	2026-10-05T02:05:26.8360800Z         "metric.parquet": {
Arrow IO Rust 1.88 (macos-15, both)	Run Arrow IO feature selection	2026-10-05T02:05:26.8361020Z           "rows": 7,
Arrow IO Rust 1.88 (macos-15, both)	Run Arrow IO feature selection	2026-10-05T02:05:26.8361290Z           "sha256": "f7896a7f4b4215cb3812cf9f99d4c9b1fed42216dcd6b388ab144c9f9aca192d"
Arrow IO Rust 1.88 (macos-15, both)	Run Arrow IO feature selection	2026-10-05T02:05:26.8362880Z         },
Arrow IO Rust 1.88 (macos-15, both)	Run Arrow IO feature selection	2026-10-05T02:05:26.8363390Z         "residual.ipc_file": {
Arrow IO Rust 1.88 (macos-15, both)	Run Arrow IO feature selection	2026-10-05T02:05:26.8364160Z           "rows": 8,
Arrow IO Rust 1.88 (macos-15, both)	Run Arrow IO feature selection	2026-10-05T02:05:26.8364800Z           "sha256": "321f9909bb52538c724e53fa6fb71d0c5891f93de00d73474d332aaa927feb43"
Arrow IO Rust 1.88 (macos-15, both)	Run Arrow IO feature selection	2026-10-05T02:05:26.8365440Z         },
Arrow IO Rust 1.88 (macos-15, both)	Run Arrow IO feature selection	2026-10-05T02:05:26.8365590Z         "residual.ipc_stream": {
Arrow IO Rust 1.88 (macos-15, both)	Run Arrow IO feature selection	2026-10-05T02:05:26.8365770Z           "rows": 8,
Arrow IO Rust 1.88 (macos-15, both)	Run Arrow IO feature selection	2026-10-05T02:05:26.8366030Z           "sha256": "71996955fef915b632e9848cc3840992d7a3b11983d5ebb78e562cdb99bb3552"
Arrow IO Rust 1.88 (macos-15, both)	Run Arrow IO feature selection	2026-10-05T02:05:26.8366340Z         },
Arrow IO Rust 1.88 (macos-15, both)	Run Arrow IO feature selection	2026-10-05T02:05:26.8366480Z         "residual.parquet": {
Arrow IO Rust 1.88 (macos-15, both)	Run Arrow IO feature selection	2026-10-05T02:05:26.8366660Z           "rows": 8,
Arrow IO Rust 1.88 (macos-15, both)	Run Arrow IO feature selection	2026-10-05T02:05:26.8366930Z           "sha256": "0f3b1c28e73751559965a14ad2fafe40b160524e0c092c40c59fc74673199df0"
Arrow IO Rust 1.88 (macos-15, both)	Run Arrow IO feature selection	2026-10-05T02:05:26.8367250Z         }
Arrow IO Rust 1.88 (macos-15, both)	Run Arrow IO feature selection	2026-10-05T02:05:26.8367370Z       },
Arrow IO Rust 1.88 (macos-15, both)	Run Arrow IO feature selection	2026-10-05T02:05:26.8367670Z       "legacy_event_schema_sha256": "2e8025a5997f1e056956d47db3b18d3e01e3b0fd865d7235803811ae2aab9dcc",
Arrow IO Rust 1.88 (macos-15, both)	Run Arrow IO feature selection	2026-10-05T02:05:26.8368050Z       "pyarrow": "25.0.1",
Arrow IO Rust 1.88 (macos-15, both)	Run Arrow IO feature selection	2026-10-05T02:05:26.8368370Z       "python": "3.14.8 (v3.14.8:8e6e75d9102, Sep 30 2026, 14:34:30) [Clang 21.0.0 (clang-2100.1.1.101)]"
Arrow IO Rust 1.88 (macos-15, both)	Run Arrow IO feature selection	2026-10-05T02:05:26.8368690Z     },
Arrow IO Rust 1.88 (macos-15, both)	Run Arrow IO feature selection	2026-10-05T02:05:26.8368850Z     "framing-64": {
Arrow IO Rust 1.88 (macos-15, both)	Run Arrow IO feature selection	2026-10-05T02:05:26.8369240Z       "c0_logical_schema_sha256": "8c46db62f691f243385a4ebdf8a7a3d3670e2655dd0c3f82cba4335ced2a3842",
Arrow IO Rust 1.88 (macos-15, both)	Run Arrow IO feature selection	2026-10-05T02:05:26.8369600Z       "counts": {
Arrow IO Rust 1.88 (macos-15, both)	Run Arrow IO feature selection	2026-10-05T02:05:26.8369740Z         "metric": 7,
Arrow IO Rust 1.88 (macos-15, both)	Run Arrow IO feature selection	2026-10-05T02:05:26.8369890Z         "residual": 8
Arrow IO Rust 1.88 (macos-15, both)	Run Arrow IO feature selection	2026-10-05T02:05:26.8370090Z       },
Arrow IO Rust 1.88 (macos-15, both)	Run Arrow IO feature selection	2026-10-05T02:05:26.8370450Z       "directory": "/Users/runner/work/kairos/kairos/.artifacts/ci/arrow-io/1.88.0/macos-15/both/c43-rust-output/framing-64",
Arrow IO Rust 1.88 (macos-15, both)	Run Arrow IO feature selection	2026-10-05T02:05:26.8370890Z       "event_join": "checked",
Arrow IO Rust 1.88 (macos-15, both)	Run Arrow IO feature selection	2026-10-05T02:05:26.8371060Z       "formats": {
Arrow IO Rust 1.88 (macos-15, both)	Run Arrow IO feature selection	2026-10-05T02:05:26.8371210Z         "metric.ipc_file": {
Arrow IO Rust 1.88 (macos-15, both)	Run Arrow IO feature selection	2026-10-05T02:05:26.8371380Z           "rows": 7,
Arrow IO Rust 1.88 (macos-15, both)	Run Arrow IO feature selection	2026-10-05T02:05:26.8371640Z           "sha256": "245228c545090fe7c93be558baff2e666b28288b80ff3960341cc43d7e5560f8"
Arrow IO Rust 1.88 (macos-15, both)	Run Arrow IO feature selection	2026-10-05T02:05:26.8371950Z         },
Arrow IO Rust 1.88 (macos-15, both)	Run Arrow IO feature selection	2026-10-05T02:05:26.8372100Z         "metric.ipc_stream": {
Arrow IO Rust 1.88 (macos-15, both)	Run Arrow IO feature selection	2026-10-05T02:05:26.8372260Z           "rows": 7,
Arrow IO Rust 1.88 (macos-15, both)	Run Arrow IO feature selection	2026-10-05T02:05:26.8372530Z           "sha256": "9f308920f50db2acc8fe874cfc0a02bb0b19b474aa7ba90fc36dd591e5e77059"
Arrow IO Rust 1.88 (macos-15, both)	Run Arrow IO feature selection	2026-10-05T02:05:26.8373050Z         },
Arrow IO Rust 1.88 (macos-15, both)	Run Arrow IO feature selection	2026-10-05T02:05:26.8373190Z         "metric.parquet": {
Arrow IO Rust 1.88 (macos-15, both)	Run Arrow IO feature selection	2026-10-05T02:05:26.8373350Z           "rows": 7,
Arrow IO Rust 1.88 (macos-15, both)	Run Arrow IO feature selection	2026-10-05T02:05:26.8373620Z           "sha256": "19abe034080fa6d70a00e2faefef7d4980250137694a9a5485eac761d8e4797c"
Arrow IO Rust 1.88 (macos-15, both)	Run Arrow IO feature selection	2026-10-05T02:05:26.8373930Z         },
Arrow IO Rust 1.88 (macos-15, both)	Run Arrow IO feature selection	2026-10-05T02:05:26.8374070Z         "residual.ipc_file": {
Arrow IO Rust 1.88 (macos-15, both)	Run Arrow IO feature selection	2026-10-05T02:05:26.8374230Z           "rows": 8,
Arrow IO Rust 1.88 (macos-15, both)	Run Arrow IO feature selection	2026-10-05T02:05:26.8374490Z           "sha256": "ab0ff50aa99fce46b9658c3c25d8d8dbfb1677b2889b1ae6e935af707732f074"
Arrow IO Rust 1.88 (macos-15, both)	Run Arrow IO feature selection	2026-10-05T02:05:26.8374800Z         },
Arrow IO Rust 1.88 (macos-15, both)	Run Arrow IO feature selection	2026-10-05T02:05:26.8374940Z         "residual.ipc_stream": {
Arrow IO Rust 1.88 (macos-15, both)	Run Arrow IO feature selection	2026-10-05T02:05:26.8375120Z           "rows": 8,
Arrow IO Rust 1.88 (macos-15, both)	Run Arrow IO feature selection	2026-10-05T02:05:26.8375380Z           "sha256": "73cfe3708b21549925b479737a5801b060c6213c5f2a6f3d26a8955de88b36fc"
Arrow IO Rust 1.88 (macos-15, both)	Run Arrow IO feature selection	2026-10-05T02:05:26.8375680Z         },
Arrow IO Rust 1.88 (macos-15, both)	Run Arrow IO feature selection	2026-10-05T02:05:26.8375820Z         "residual.parquet": {
Arrow IO Rust 1.88 (macos-15, both)	Run Arrow IO feature selection	2026-10-05T02:05:26.8376000Z           "rows": 8,
Arrow IO Rust 1.88 (macos-15, both)	Run Arrow IO feature selection	2026-10-05T02:05:26.8376260Z           "sha256": "08fe7dab8de26786cdbe0bcad501c1fb608a36d0b78872f2f71af6c3003c999e"
Arrow IO Rust 1.88 (macos-15, both)	Run Arrow IO feature selection	2026-10-05T02:05:26.8376570Z         }
Arrow IO Rust 1.88 (macos-15, both)	Run Arrow IO feature selection	2026-10-05T02:05:26.8376690Z       },
Arrow IO Rust 1.88 (macos-15, both)	Run Arrow IO feature selection	2026-10-05T02:05:26.8376990Z       "legacy_event_schema_sha256": "2e8025a5997f1e056956d47db3b18d3e01e3b0fd865d7235803811ae2aab9dcc",
Arrow IO Rust 1.88 (macos-15, both)	Run Arrow IO feature selection	2026-10-05T02:05:26.8377360Z       "pyarrow": "25.0.1",
Arrow IO Rust 1.88 (macos-15, both)	Run Arrow IO feature selection	2026-10-05T02:05:26.8377670Z       "python": "3.14.8 (v3.14.8:8e6e75d9102, Sep 30 2026, 14:34:30) [Clang 21.0.0 (clang-2100.1.1.101)]"
Arrow IO Rust 1.88 (macos-15, both)	Run Arrow IO feature selection	2026-10-05T02:05:26.8377980Z     }
Arrow IO Rust 1.88 (macos-15, both)	Run Arrow IO feature selection	2026-10-05T02:05:26.8378100Z   },
Arrow IO Rust 1.88 (macos-15, both)	Run Arrow IO feature selection	2026-10-05T02:05:26.8378390Z   "legacy_event_schema_sha256": "2e8025a5997f1e056956d47db3b18d3e01e3b0fd865d7235803811ae2aab9dcc",
Arrow IO Rust 1.88 (macos-15, both)	Run Arrow IO feature selection	2026-10-05T02:05:26.8378760Z   "pyarrow": "25.0.1",
Arrow IO Rust 1.88 (macos-15, both)	Run Arrow IO feature selection	2026-10-05T02:05:26.8379060Z   "python": "3.14.8 (v3.14.8:8e6e75d9102, Sep 30 2026, 14:34:30) [Clang 21.0.0 (clang-2100.1.1.101)]"
Arrow IO Rust 1.88 (macos-15, both)	Run Arrow IO feature selection	2026-10-05T02:05:26.8379380Z }
Arrow IO Rust 1.88 (macos-15, both)	Run Arrow IO feature selection	2026-10-05T02:05:26.9677690Z PASS: PyArrow read Rust IPC file/stream and Parquet outputs exactly
Arrow IO Rust 1.88 (macos-15, both)	Preserve Arrow IO Rust 1.88 evidence	﻿2026-10-05T02:05:27.0100940Z ##[group]Run actions/upload-artifact@ea165f8d65b6e75b540449e92b4886f43607fa02
Arrow IO Rust 1.88 (macos-15, both)	Preserve Arrow IO Rust 1.88 evidence	2026-10-05T02:05:27.0101290Z with:
Arrow IO Rust 1.88 (macos-15, both)	Preserve Arrow IO Rust 1.88 evidence	2026-10-05T02:05:27.0101450Z   name: arrow-io-rust-1.88.0-macos-15-both
Arrow IO Rust 1.88 (macos-15, both)	Preserve Arrow IO Rust 1.88 evidence	2026-10-05T02:05:27.0101720Z   path: .artifacts/ci/arrow-io/1.88.0/macos-15/both/
Arrow IO Rust 1.88 (macos-15, both)	Preserve Arrow IO Rust 1.88 evidence	2026-10-05T02:05:27.0101960Z   retention-days: 7
Arrow IO Rust 1.88 (macos-15, both)	Preserve Arrow IO Rust 1.88 evidence	2026-10-05T02:05:27.0102130Z   if-no-files-found: error
Arrow IO Rust 1.88 (macos-15, both)	Preserve Arrow IO Rust 1.88 evidence	2026-10-05T02:05:27.0102310Z   compression-level: 6
Arrow IO Rust 1.88 (macos-15, both)	Preserve Arrow IO Rust 1.88 evidence	2026-10-05T02:05:27.0102520Z   overwrite: false
Arrow IO Rust 1.88 (macos-15, both)	Preserve Arrow IO Rust 1.88 evidence	2026-10-05T02:05:27.0102690Z   include-hidden-files: false
Arrow IO Rust 1.88 (macos-15, both)	Preserve Arrow IO Rust 1.88 evidence	2026-10-05T02:05:27.0110460Z env:
Arrow IO Rust 1.88 (macos-15, both)	Preserve Arrow IO Rust 1.88 evidence	2026-10-05T02:05:27.0110700Z   pythonLocation: /Users/runner/hostedtoolcache/Python/3.14.8/arm64
Arrow IO Rust 1.88 (macos-15, both)	Preserve Arrow IO Rust 1.88 evidence	2026-10-05T02:05:27.0111120Z   PKG_CONFIG_PATH: /Users/runner/hostedtoolcache/Python/3.14.8/arm64/lib/pkgconfig
Arrow IO Rust 1.88 (macos-15, both)	Preserve Arrow IO Rust 1.88 evidence	2026-10-05T02:05:27.0111530Z   Python_ROOT_DIR: /Users/runner/hostedtoolcache/Python/3.14.8/arm64
Arrow IO Rust 1.88 (macos-15, both)	Preserve Arrow IO Rust 1.88 evidence	2026-10-05T02:05:27.0111940Z   Python2_ROOT_DIR: /Users/runner/hostedtoolcache/Python/3.14.8/arm64
Arrow IO Rust 1.88 (macos-15, both)	Preserve Arrow IO Rust 1.88 evidence	2026-10-05T02:05:27.0112300Z   Python3_ROOT_DIR: /Users/runner/hostedtoolcache/Python/3.14.8/arm64
Arrow IO Rust 1.88 (macos-15, both)	Preserve Arrow IO Rust 1.88 evidence	2026-10-05T02:05:27.0112600Z ##[endgroup]
Arrow IO Rust 1.88 (macos-15, both)	Preserve Arrow IO Rust 1.88 evidence	2026-10-05T02:05:27.4350280Z (node:9893) [DEP0040] DeprecationWarning: The `punycode` module is deprecated. Please use a userland alternative instead.
Arrow IO Rust 1.88 (macos-15, both)	Preserve Arrow IO Rust 1.88 evidence	2026-10-05T02:05:27.4351100Z (Use `node --trace-deprecation ...` to show where the warning was created)
Arrow IO Rust 1.88 (macos-15, both)	Preserve Arrow IO Rust 1.88 evidence	2026-10-05T02:05:27.4454210Z With the provided path, there will be 63 files uploaded
Arrow IO Rust 1.88 (macos-15, both)	Preserve Arrow IO Rust 1.88 evidence	2026-10-05T02:05:27.4457090Z Artifact name is valid!
Arrow IO Rust 1.88 (macos-15, both)	Preserve Arrow IO Rust 1.88 evidence	2026-10-05T02:05:27.4457470Z Root directory input is valid!
Arrow IO Rust 1.88 (macos-15, both)	Preserve Arrow IO Rust 1.88 evidence	2026-10-05T02:05:27.8039640Z Beginning upload of artifact content to blob storage
Arrow IO Rust 1.88 (macos-15, both)	Preserve Arrow IO Rust 1.88 evidence	2026-10-05T02:05:27.8072480Z (node:9893) [DEP0169] DeprecationWarning: `url.parse()` behavior is not standardized and prone to errors that have security implications. Use the WHATWG URL API instead. CVEs are not issued for `url.parse()` vulnerabilities.
Arrow IO Rust 1.88 (macos-15, both)	Preserve Arrow IO Rust 1.88 evidence	2026-10-05T02:05:28.0820320Z Uploaded bytes 126398
Arrow IO Rust 1.88 (macos-15, both)	Preserve Arrow IO Rust 1.88 evidence	2026-10-05T02:05:28.1322550Z Finished uploading artifact content to blob storage!
Arrow IO Rust 1.88 (macos-15, both)	Preserve Arrow IO Rust 1.88 evidence	2026-10-05T02:05:28.1423350Z SHA256 digest of uploaded artifact zip is 936218bd177e5eb9b221787e85d7045bb592a086811e1792130db050638ed6e6
Arrow IO Rust 1.88 (macos-15, both)	Preserve Arrow IO Rust 1.88 evidence	2026-10-05T02:05:28.1523520Z Finalizing artifact upload
Arrow IO Rust 1.88 (macos-15, both)	Preserve Arrow IO Rust 1.88 evidence	2026-10-05T02:05:28.3906510Z Artifact arrow-io-rust-1.88.0-macos-15-both.zip successfully finalized. Artifact ID 11321379341
Arrow IO Rust 1.88 (macos-15, both)	Preserve Arrow IO Rust 1.88 evidence	2026-10-05T02:05:28.3907280Z Artifact arrow-io-rust-1.88.0-macos-15-both has been successfully uploaded! Final size is 126398 bytes. Artifact ID is 11321379341
Arrow IO Rust 1.88 (macos-15, both)	Preserve Arrow IO Rust 1.88 evidence	2026-10-05T02:05:28.3907990Z Artifact download URL: https://github.com/edithatogo/kairos/actions/runs/37253816240/artifacts/11321379341
Arrow IO Rust 1.88 (macos-15, both)	Post Install pinned PyArrow for bidirectional interop	﻿2026-10-05T02:05:28.3984510Z Post job cleanup.
Arrow IO Rust 1.88 (macos-15, both)	Post Run actions/checkout@de0fac2e4500dabe0009e67214ff5f5447ce83dd	﻿2026-10-05T02:05:28.5282940Z Post job cleanup.
Arrow IO Rust 1.88 (macos-15, both)	Post Run actions/checkout@de0fac2e4500dabe0009e67214ff5f5447ce83dd	2026-10-05T02:05:28.6211350Z [command]/opt/homebrew/bin/git version
Arrow IO Rust 1.88 (macos-15, both)	Post Run actions/checkout@de0fac2e4500dabe0009e67214ff5f5447ce83dd	2026-10-05T02:05:28.6412550Z git version 2.55.0
Arrow IO Rust 1.88 (macos-15, both)	Post Run actions/checkout@de0fac2e4500dabe0009e67214ff5f5447ce83dd	2026-10-05T02:05:28.6452010Z Copying '/Users/runner/.gitconfig' to '/Users/runner/work/_temp/34eeb3f7-d00e-444a-8bc8-251f421c008a/.gitconfig'
Arrow IO Rust 1.88 (macos-15, both)	Post Run actions/checkout@de0fac2e4500dabe0009e67214ff5f5447ce83dd	2026-10-05T02:05:28.6457070Z Temporarily overriding HOME='/Users/runner/work/_temp/34eeb3f7-d00e-444a-8bc8-251f421c008a' before making global git config changes
Arrow IO Rust 1.88 (macos-15, both)	Post Run actions/checkout@de0fac2e4500dabe0009e67214ff5f5447ce83dd	2026-10-05T02:05:28.6490930Z Adding repository directory to the temporary git global config as a safe directory
Arrow IO Rust 1.88 (macos-15, both)	Post Run actions/checkout@de0fac2e4500dabe0009e67214ff5f5447ce83dd	2026-10-05T02:05:28.6491530Z [command]/opt/homebrew/bin/git config --global --add safe.directory /Users/runner/work/kairos/kairos
Arrow IO Rust 1.88 (macos-15, both)	Post Run actions/checkout@de0fac2e4500dabe0009e67214ff5f5447ce83dd	2026-10-05T02:05:28.6554510Z Removing SSH command configuration
Arrow IO Rust 1.88 (macos-15, both)	Post Run actions/checkout@de0fac2e4500dabe0009e67214ff5f5447ce83dd	2026-10-05T02:05:28.6559130Z [command]/opt/homebrew/bin/git config --local --name-only --get-regexp core\.sshCommand
Arrow IO Rust 1.88 (macos-15, both)	Post Run actions/checkout@de0fac2e4500dabe0009e67214ff5f5447ce83dd	2026-10-05T02:05:28.6617560Z [command]/opt/homebrew/bin/git submodule foreach --recursive sh -c "git config --local --name-only --get-regexp 'core\.sshCommand' && git config --local --unset-all 'core.sshCommand' || :"
Arrow IO Rust 1.88 (macos-15, both)	Post Run actions/checkout@de0fac2e4500dabe0009e67214ff5f5447ce83dd	2026-10-05T02:05:28.7505850Z Removing HTTP extra header
Arrow IO Rust 1.88 (macos-15, both)	Post Run actions/checkout@de0fac2e4500dabe0009e67214ff5f5447ce83dd	2026-10-05T02:05:28.7509370Z [command]/opt/homebrew/bin/git config --local --name-only --get-regexp http\.https\:\/\/github\.com\/\.extraheader
Arrow IO Rust 1.88 (macos-15, both)	Post Run actions/checkout@de0fac2e4500dabe0009e67214ff5f5447ce83dd	2026-10-05T02:05:28.7556800Z [command]/opt/homebrew/bin/git submodule foreach --recursive sh -c "git config --local --name-only --get-regexp 'http\.https\:\/\/github\.com\/\.extraheader' && git config --local --unset-all 'http.https://github.com/.extraheader' || :"
Arrow IO Rust 1.88 (macos-15, both)	Post Run actions/checkout@de0fac2e4500dabe0009e67214ff5f5447ce83dd	2026-10-05T02:05:28.8244850Z Removing includeIf entries pointing to credentials config files
Arrow IO Rust 1.88 (macos-15, both)	Post Run actions/checkout@de0fac2e4500dabe0009e67214ff5f5447ce83dd	2026-10-05T02:05:28.8249840Z [command]/opt/homebrew/bin/git config --local --name-only --get-regexp ^includeIf\.gitdir:
Arrow IO Rust 1.88 (macos-15, both)	Post Run actions/checkout@de0fac2e4500dabe0009e67214ff5f5447ce83dd	2026-10-05T02:05:28.8300910Z [command]/opt/homebrew/bin/git submodule foreach --recursive git config --local --show-origin --name-only --get-regexp remote.origin.url
Arrow IO Rust 1.88 (macos-15, both)	Complete job	﻿2026-10-05T02:05:28.9302440Z Cleaning up orphan processes
Arrow IO Rust 1.88 (macos-15, both)	Complete job	2026-10-05T02:05:29.8157070Z ##[warning]Node.js 20 is deprecated. The following actions target Node.js 20 but are being forced to run on Node.js 24: actions/upload-artifact@ea165f8d65b6e75b540449e92b4886f43607fa02. For more information see: https://github.blog/changelog/2025-09-19-deprecation-of-node-20-on-github-actions-runners/
