Native owner (macos-15)	Set up job	﻿2026-10-05T02:03:55.7892180Z Current runner version: '2.337.0'
Native owner (macos-15)	Set up job	2026-10-05T02:03:55.7930490Z ##[group]Runner Image Provisioner
Native owner (macos-15)	Set up job	2026-10-05T02:03:55.7931210Z Hosted Compute Agent
Native owner (macos-15)	Set up job	2026-10-05T02:03:55.7931730Z Version: 20260828.587
Native owner (macos-15)	Set up job	2026-10-05T02:03:55.7932190Z Commit: abac92662cab4cc7352de4f9f9d2e2419aad9c29
Native owner (macos-15)	Set up job	2026-10-05T02:03:55.7932720Z Build Date: 2026-08-28T16:44:25Z
Native owner (macos-15)	Set up job	2026-10-05T02:03:55.7933210Z Worker ID: {fd0c2fba-e8dd-458a-9101-6532eed9450d}
Native owner (macos-15)	Set up job	2026-10-05T02:03:55.7933690Z Azure Region: westus
Native owner (macos-15)	Set up job	2026-10-05T02:03:55.7934110Z ##[endgroup]
Native owner (macos-15)	Set up job	2026-10-05T02:03:55.7935220Z ##[group]Operating System
Native owner (macos-15)	Set up job	2026-10-05T02:03:55.7935660Z macOS
Native owner (macos-15)	Set up job	2026-10-05T02:03:55.7936000Z 15.7.9
Native owner (macos-15)	Set up job	2026-10-05T02:03:55.7936410Z 24G830
Native owner (macos-15)	Set up job	2026-10-05T02:03:55.7936780Z ##[endgroup]
Native owner (macos-15)	Set up job	2026-10-05T02:03:55.7937160Z ##[group]Runner Image
Native owner (macos-15)	Set up job	2026-10-05T02:03:55.7937550Z Image: macos-15-arm64
Native owner (macos-15)	Set up job	2026-10-05T02:03:55.7937930Z Version: 20260907.0337.1
Native owner (macos-15)	Set up job	2026-10-05T02:03:55.7938780Z Included Software: https://github.com/actions/runner-images/blob/macos-15-arm64/20260907.0337/images/macos/macos-15-arm64-Readme.md
Native owner (macos-15)	Set up job	2026-10-05T02:03:55.7939960Z Image Release: https://github.com/actions/runner-images/releases/tag/macos-15-arm64%2F20260907.0337
Native owner (macos-15)	Set up job	2026-10-05T02:03:55.7940620Z ##[endgroup]
Native owner (macos-15)	Set up job	2026-10-05T02:03:55.7941630Z ##[group]GITHUB_TOKEN Permissions
Native owner (macos-15)	Set up job	2026-10-05T02:03:55.7942780Z Contents: read
Native owner (macos-15)	Set up job	2026-10-05T02:03:55.7943720Z Metadata: read
Native owner (macos-15)	Set up job	2026-10-05T02:03:55.7944150Z ##[endgroup]
Native owner (macos-15)	Set up job	2026-10-05T02:03:55.7945700Z Secret source: Actions
Native owner (macos-15)	Set up job	2026-10-05T02:03:55.7946340Z Cache mode: write
Native owner (macos-15)	Set up job	2026-10-05T02:03:55.7946800Z Prepare workflow directory
Native owner (macos-15)	Set up job	2026-10-05T02:03:55.8236390Z Prepare all required actions
Native owner (macos-15)	Set up job	2026-10-05T02:03:55.8271660Z Getting action download info
Native owner (macos-15)	Set up job	2026-10-05T02:03:56.0094850Z Download action repository 'actions/checkout@de0fac2e4500dabe0009e67214ff5f5447ce83dd' (SHA:de0fac2e4500dabe0009e67214ff5f5447ce83dd)
Native owner (macos-15)	Set up job	2026-10-05T02:03:56.4539870Z Download action repository 'actions/setup-python@a309ff8b426b58ec0e2a45f0f869d46889d02405' (SHA:a309ff8b426b58ec0e2a45f0f869d46889d02405)
Native owner (macos-15)	Set up job	2026-10-05T02:03:56.5380650Z Download action repository 'actions/upload-artifact@ea165f8d65b6e75b540449e92b4886f43607fa02' (SHA:ea165f8d65b6e75b540449e92b4886f43607fa02)
Native owner (macos-15)	Set up job	2026-10-05T02:03:56.8225290Z Complete job name: Native owner (macos-15)
Native owner (macos-15)	Run actions/checkout@de0fac2e4500dabe0009e67214ff5f5447ce83dd	﻿2026-10-05T02:03:56.8976320Z ##[group]Run actions/checkout@de0fac2e4500dabe0009e67214ff5f5447ce83dd
Native owner (macos-15)	Run actions/checkout@de0fac2e4500dabe0009e67214ff5f5447ce83dd	2026-10-05T02:03:56.8978400Z with:
Native owner (macos-15)	Run actions/checkout@de0fac2e4500dabe0009e67214ff5f5447ce83dd	2026-10-05T02:03:56.8979290Z   persist-credentials: false
Native owner (macos-15)	Run actions/checkout@de0fac2e4500dabe0009e67214ff5f5447ce83dd	2026-10-05T02:03:56.8980330Z   repository: edithatogo/kairos
Native owner (macos-15)	Run actions/checkout@de0fac2e4500dabe0009e67214ff5f5447ce83dd	2026-10-05T02:03:56.8988240Z   token: ***
Native owner (macos-15)	Run actions/checkout@de0fac2e4500dabe0009e67214ff5f5447ce83dd	2026-10-05T02:03:56.8989130Z   ssh-strict: true
Native owner (macos-15)	Run actions/checkout@de0fac2e4500dabe0009e67214ff5f5447ce83dd	2026-10-05T02:03:56.8990030Z   ssh-user: git
Native owner (macos-15)	Run actions/checkout@de0fac2e4500dabe0009e67214ff5f5447ce83dd	2026-10-05T02:03:56.8990910Z   clean: true
Native owner (macos-15)	Run actions/checkout@de0fac2e4500dabe0009e67214ff5f5447ce83dd	2026-10-05T02:03:56.8991820Z   sparse-checkout-cone-mode: true
Native owner (macos-15)	Run actions/checkout@de0fac2e4500dabe0009e67214ff5f5447ce83dd	2026-10-05T02:03:56.8992900Z   fetch-depth: 1
Native owner (macos-15)	Run actions/checkout@de0fac2e4500dabe0009e67214ff5f5447ce83dd	2026-10-05T02:03:56.8993780Z   fetch-tags: false
Native owner (macos-15)	Run actions/checkout@de0fac2e4500dabe0009e67214ff5f5447ce83dd	2026-10-05T02:03:56.8994960Z   show-progress: true
Native owner (macos-15)	Run actions/checkout@de0fac2e4500dabe0009e67214ff5f5447ce83dd	2026-10-05T02:03:56.8996050Z   lfs: false
Native owner (macos-15)	Run actions/checkout@de0fac2e4500dabe0009e67214ff5f5447ce83dd	2026-10-05T02:03:56.8996710Z   submodules: false
Native owner (macos-15)	Run actions/checkout@de0fac2e4500dabe0009e67214ff5f5447ce83dd	2026-10-05T02:03:56.9042980Z   set-safe-directory: true
Native owner (macos-15)	Run actions/checkout@de0fac2e4500dabe0009e67214ff5f5447ce83dd	2026-10-05T02:03:56.9044360Z ##[endgroup]
Native owner (macos-15)	Run actions/checkout@de0fac2e4500dabe0009e67214ff5f5447ce83dd	2026-10-05T02:03:57.2002990Z Syncing repository: edithatogo/kairos
Native owner (macos-15)	Run actions/checkout@de0fac2e4500dabe0009e67214ff5f5447ce83dd	2026-10-05T02:03:57.2004410Z ##[group]Getting Git version info
Native owner (macos-15)	Run actions/checkout@de0fac2e4500dabe0009e67214ff5f5447ce83dd	2026-10-05T02:03:57.2004940Z Working directory is '/Users/runner/work/kairos/kairos'
Native owner (macos-15)	Run actions/checkout@de0fac2e4500dabe0009e67214ff5f5447ce83dd	2026-10-05T02:03:57.2005800Z [command]/opt/homebrew/bin/git version
Native owner (macos-15)	Run actions/checkout@de0fac2e4500dabe0009e67214ff5f5447ce83dd	2026-10-05T02:03:57.2590070Z git version 2.55.0
Native owner (macos-15)	Run actions/checkout@de0fac2e4500dabe0009e67214ff5f5447ce83dd	2026-10-05T02:03:57.2608880Z ##[endgroup]
Native owner (macos-15)	Run actions/checkout@de0fac2e4500dabe0009e67214ff5f5447ce83dd	2026-10-05T02:03:57.2622210Z Copying '/Users/runner/.gitconfig' to '/Users/runner/work/_temp/9a0c9b40-0b46-4eea-9ea1-8b17c862b46b/.gitconfig'
Native owner (macos-15)	Run actions/checkout@de0fac2e4500dabe0009e67214ff5f5447ce83dd	2026-10-05T02:03:57.2628420Z Temporarily overriding HOME='/Users/runner/work/_temp/9a0c9b40-0b46-4eea-9ea1-8b17c862b46b' before making global git config changes
Native owner (macos-15)	Run actions/checkout@de0fac2e4500dabe0009e67214ff5f5447ce83dd	2026-10-05T02:03:57.2630410Z Adding repository directory to the temporary git global config as a safe directory
Native owner (macos-15)	Run actions/checkout@de0fac2e4500dabe0009e67214ff5f5447ce83dd	2026-10-05T02:03:57.2632460Z [command]/opt/homebrew/bin/git config --global --add safe.directory /Users/runner/work/kairos/kairos
Native owner (macos-15)	Run actions/checkout@de0fac2e4500dabe0009e67214ff5f5447ce83dd	2026-10-05T02:03:57.2746780Z Deleting the contents of '/Users/runner/work/kairos/kairos'
Native owner (macos-15)	Run actions/checkout@de0fac2e4500dabe0009e67214ff5f5447ce83dd	2026-10-05T02:03:57.2750970Z ##[group]Initializing the repository
Native owner (macos-15)	Run actions/checkout@de0fac2e4500dabe0009e67214ff5f5447ce83dd	2026-10-05T02:03:57.2754580Z [command]/opt/homebrew/bin/git init /Users/runner/work/kairos/kairos
Native owner (macos-15)	Run actions/checkout@de0fac2e4500dabe0009e67214ff5f5447ce83dd	2026-10-05T02:03:57.2985250Z hint: Using 'master' as the name for the initial branch. This default branch name
Native owner (macos-15)	Run actions/checkout@de0fac2e4500dabe0009e67214ff5f5447ce83dd	2026-10-05T02:03:57.2987870Z hint: will change to "main" in Git 3.0. To configure the initial branch name
Native owner (macos-15)	Run actions/checkout@de0fac2e4500dabe0009e67214ff5f5447ce83dd	2026-10-05T02:03:57.2988760Z hint: to use in all of your new repositories, which will suppress this warning,
Native owner (macos-15)	Run actions/checkout@de0fac2e4500dabe0009e67214ff5f5447ce83dd	2026-10-05T02:03:57.2991880Z hint: call:
Native owner (macos-15)	Run actions/checkout@de0fac2e4500dabe0009e67214ff5f5447ce83dd	2026-10-05T02:03:57.2992270Z hint:
Native owner (macos-15)	Run actions/checkout@de0fac2e4500dabe0009e67214ff5f5447ce83dd	2026-10-05T02:03:57.2992700Z hint: 	git config --global init.defaultBranch <name>
Native owner (macos-15)	Run actions/checkout@de0fac2e4500dabe0009e67214ff5f5447ce83dd	2026-10-05T02:03:57.2993170Z hint:
Native owner (macos-15)	Run actions/checkout@de0fac2e4500dabe0009e67214ff5f5447ce83dd	2026-10-05T02:03:57.2993730Z hint: Names commonly chosen instead of 'master' are 'main', 'trunk' and
Native owner (macos-15)	Run actions/checkout@de0fac2e4500dabe0009e67214ff5f5447ce83dd	2026-10-05T02:03:57.2994420Z hint: 'development'. The just-created branch can be renamed via this command:
Native owner (macos-15)	Run actions/checkout@de0fac2e4500dabe0009e67214ff5f5447ce83dd	2026-10-05T02:03:57.2994990Z hint:
Native owner (macos-15)	Run actions/checkout@de0fac2e4500dabe0009e67214ff5f5447ce83dd	2026-10-05T02:03:57.2995320Z hint: 	git branch -m <name>
Native owner (macos-15)	Run actions/checkout@de0fac2e4500dabe0009e67214ff5f5447ce83dd	2026-10-05T02:03:57.2995680Z hint:
Native owner (macos-15)	Run actions/checkout@de0fac2e4500dabe0009e67214ff5f5447ce83dd	2026-10-05T02:03:57.2996170Z hint: Disable this message with "git config set advice.defaultBranchName false"
Native owner (macos-15)	Run actions/checkout@de0fac2e4500dabe0009e67214ff5f5447ce83dd	2026-10-05T02:03:57.2996880Z Initialized empty Git repository in /Users/runner/work/kairos/kairos/.git/
Native owner (macos-15)	Run actions/checkout@de0fac2e4500dabe0009e67214ff5f5447ce83dd	2026-10-05T02:03:57.3006270Z [command]/opt/homebrew/bin/git remote add origin https://github.com/edithatogo/kairos
Native owner (macos-15)	Run actions/checkout@de0fac2e4500dabe0009e67214ff5f5447ce83dd	2026-10-05T02:03:57.3081840Z ##[endgroup]
Native owner (macos-15)	Run actions/checkout@de0fac2e4500dabe0009e67214ff5f5447ce83dd	2026-10-05T02:03:57.3083520Z ##[group]Disabling automatic garbage collection
Native owner (macos-15)	Run actions/checkout@de0fac2e4500dabe0009e67214ff5f5447ce83dd	2026-10-05T02:03:57.3085000Z [command]/opt/homebrew/bin/git config --local gc.auto 0
Native owner (macos-15)	Run actions/checkout@de0fac2e4500dabe0009e67214ff5f5447ce83dd	2026-10-05T02:03:57.3186480Z ##[endgroup]
Native owner (macos-15)	Run actions/checkout@de0fac2e4500dabe0009e67214ff5f5447ce83dd	2026-10-05T02:03:57.3187290Z ##[group]Setting up auth
Native owner (macos-15)	Run actions/checkout@de0fac2e4500dabe0009e67214ff5f5447ce83dd	2026-10-05T02:03:57.3189600Z Removing SSH command configuration
Native owner (macos-15)	Run actions/checkout@de0fac2e4500dabe0009e67214ff5f5447ce83dd	2026-10-05T02:03:57.3191730Z [command]/opt/homebrew/bin/git config --local --name-only --get-regexp core\.sshCommand
Native owner (macos-15)	Run actions/checkout@de0fac2e4500dabe0009e67214ff5f5447ce83dd	2026-10-05T02:03:57.3256320Z [command]/opt/homebrew/bin/git submodule foreach --recursive sh -c "git config --local --name-only --get-regexp 'core\.sshCommand' && git config --local --unset-all 'core.sshCommand' || :"
Native owner (macos-15)	Run actions/checkout@de0fac2e4500dabe0009e67214ff5f5447ce83dd	2026-10-05T02:03:57.4287340Z Removing HTTP extra header
Native owner (macos-15)	Run actions/checkout@de0fac2e4500dabe0009e67214ff5f5447ce83dd	2026-10-05T02:03:57.4292050Z [command]/opt/homebrew/bin/git config --local --name-only --get-regexp http\.https\:\/\/github\.com\/\.extraheader
Native owner (macos-15)	Run actions/checkout@de0fac2e4500dabe0009e67214ff5f5447ce83dd	2026-10-05T02:03:57.4360280Z [command]/opt/homebrew/bin/git submodule foreach --recursive sh -c "git config --local --name-only --get-regexp 'http\.https\:\/\/github\.com\/\.extraheader' && git config --local --unset-all 'http.https://github.com/.extraheader' || :"
Native owner (macos-15)	Run actions/checkout@de0fac2e4500dabe0009e67214ff5f5447ce83dd	2026-10-05T02:03:57.5153070Z Removing includeIf entries pointing to credentials config files
Native owner (macos-15)	Run actions/checkout@de0fac2e4500dabe0009e67214ff5f5447ce83dd	2026-10-05T02:03:57.5158190Z [command]/opt/homebrew/bin/git config --local --name-only --get-regexp ^includeIf\.gitdir:
Native owner (macos-15)	Run actions/checkout@de0fac2e4500dabe0009e67214ff5f5447ce83dd	2026-10-05T02:03:57.5229560Z [command]/opt/homebrew/bin/git submodule foreach --recursive git config --local --show-origin --name-only --get-regexp remote.origin.url
Native owner (macos-15)	Run actions/checkout@de0fac2e4500dabe0009e67214ff5f5447ce83dd	2026-10-05T02:03:57.6771980Z [command]/opt/homebrew/bin/git config --file /Users/runner/work/_temp/git-credentials-42670628-04c7-47f8-8768-30aa049bb3d8.config http.https://github.com/.extraheader AUTHORIZATION: basic ***
Native owner (macos-15)	Run actions/checkout@de0fac2e4500dabe0009e67214ff5f5447ce83dd	2026-10-05T02:03:57.6859450Z [command]/opt/homebrew/bin/git config --local includeIf.gitdir:/Users/runner/work/kairos/kairos/.git.path /Users/runner/work/_temp/git-credentials-42670628-04c7-47f8-8768-30aa049bb3d8.config
Native owner (macos-15)	Run actions/checkout@de0fac2e4500dabe0009e67214ff5f5447ce83dd	2026-10-05T02:03:57.6862090Z [command]/opt/homebrew/bin/git config --local includeIf.gitdir:/Users/runner/work/kairos/kairos/.git/worktrees/*.path /Users/runner/work/_temp/git-credentials-42670628-04c7-47f8-8768-30aa049bb3d8.config
Native owner (macos-15)	Run actions/checkout@de0fac2e4500dabe0009e67214ff5f5447ce83dd	2026-10-05T02:03:57.6864430Z [command]/opt/homebrew/bin/git config --local includeIf.gitdir:/github/workspace/.git.path /github/runner_temp/git-credentials-42670628-04c7-47f8-8768-30aa049bb3d8.config
Native owner (macos-15)	Run actions/checkout@de0fac2e4500dabe0009e67214ff5f5447ce83dd	2026-10-05T02:03:57.6867200Z [command]/opt/homebrew/bin/git config --local includeIf.gitdir:/github/workspace/.git/worktrees/*.path /github/runner_temp/git-credentials-42670628-04c7-47f8-8768-30aa049bb3d8.config
Native owner (macos-15)	Run actions/checkout@de0fac2e4500dabe0009e67214ff5f5447ce83dd	2026-10-05T02:03:57.6938710Z ##[endgroup]
Native owner (macos-15)	Run actions/checkout@de0fac2e4500dabe0009e67214ff5f5447ce83dd	2026-10-05T02:03:57.6939470Z ##[group]Fetching the repository
Native owner (macos-15)	Run actions/checkout@de0fac2e4500dabe0009e67214ff5f5447ce83dd	2026-10-05T02:03:57.6940520Z [command]/opt/homebrew/bin/git -c protocol.version=2 fetch --no-tags --prune --no-recurse-submodules --depth=1 origin +6f9560c3092325e26d6bb8c156c842577caabd9c:refs/remotes/pull/223/merge
Native owner (macos-15)	Run actions/checkout@de0fac2e4500dabe0009e67214ff5f5447ce83dd	2026-10-05T02:03:58.9011980Z From https://github.com/edithatogo/kairos
Native owner (macos-15)	Run actions/checkout@de0fac2e4500dabe0009e67214ff5f5447ce83dd	2026-10-05T02:03:58.9014600Z  * [new ref]         6f9560c3092325e26d6bb8c156c842577caabd9c -> pull/223/merge
Native owner (macos-15)	Run actions/checkout@de0fac2e4500dabe0009e67214ff5f5447ce83dd	2026-10-05T02:03:58.9021530Z ##[endgroup]
Native owner (macos-15)	Run actions/checkout@de0fac2e4500dabe0009e67214ff5f5447ce83dd	2026-10-05T02:03:58.9022460Z ##[group]Determining the checkout info
Native owner (macos-15)	Run actions/checkout@de0fac2e4500dabe0009e67214ff5f5447ce83dd	2026-10-05T02:03:58.9023580Z ##[endgroup]
Native owner (macos-15)	Run actions/checkout@de0fac2e4500dabe0009e67214ff5f5447ce83dd	2026-10-05T02:03:58.9026550Z [command]/opt/homebrew/bin/git sparse-checkout disable
Native owner (macos-15)	Run actions/checkout@de0fac2e4500dabe0009e67214ff5f5447ce83dd	2026-10-05T02:03:58.9112920Z [command]/opt/homebrew/bin/git config --local --unset-all extensions.worktreeConfig
Native owner (macos-15)	Run actions/checkout@de0fac2e4500dabe0009e67214ff5f5447ce83dd	2026-10-05T02:03:58.9187630Z ##[group]Checking out the ref
Native owner (macos-15)	Run actions/checkout@de0fac2e4500dabe0009e67214ff5f5447ce83dd	2026-10-05T02:03:58.9188870Z [command]/opt/homebrew/bin/git checkout --progress --force refs/remotes/pull/223/merge
Native owner (macos-15)	Run actions/checkout@de0fac2e4500dabe0009e67214ff5f5447ce83dd	2026-10-05T02:03:59.4242290Z HEAD is now at 6f9560c Merge 4e0cce458ff708a0ff724a8d4f8f14db04ee68a2 into 21e48b257b5c89dd9756b647d9ee17f698f9496b
Native owner (macos-15)	Run actions/checkout@de0fac2e4500dabe0009e67214ff5f5447ce83dd	2026-10-05T02:03:59.4259320Z ##[endgroup]
Native owner (macos-15)	Run actions/checkout@de0fac2e4500dabe0009e67214ff5f5447ce83dd	2026-10-05T02:03:59.4351170Z [command]/opt/homebrew/bin/git log -1 --format=%H
Native owner (macos-15)	Run actions/checkout@de0fac2e4500dabe0009e67214ff5f5447ce83dd	2026-10-05T02:03:59.4417380Z 6f9560c3092325e26d6bb8c156c842577caabd9c
Native owner (macos-15)	Run actions/checkout@de0fac2e4500dabe0009e67214ff5f5447ce83dd	2026-10-05T02:03:59.4428690Z ##[group]Removing auth
Native owner (macos-15)	Run actions/checkout@de0fac2e4500dabe0009e67214ff5f5447ce83dd	2026-10-05T02:03:59.4429100Z Removing SSH command configuration
Native owner (macos-15)	Run actions/checkout@de0fac2e4500dabe0009e67214ff5f5447ce83dd	2026-10-05T02:03:59.4429910Z [command]/opt/homebrew/bin/git config --local --name-only --get-regexp core\.sshCommand
Native owner (macos-15)	Run actions/checkout@de0fac2e4500dabe0009e67214ff5f5447ce83dd	2026-10-05T02:03:59.4489720Z [command]/opt/homebrew/bin/git submodule foreach --recursive sh -c "git config --local --name-only --get-regexp 'core\.sshCommand' && git config --local --unset-all 'core.sshCommand' || :"
Native owner (macos-15)	Run actions/checkout@de0fac2e4500dabe0009e67214ff5f5447ce83dd	2026-10-05T02:03:59.5265380Z Removing HTTP extra header
Native owner (macos-15)	Run actions/checkout@de0fac2e4500dabe0009e67214ff5f5447ce83dd	2026-10-05T02:03:59.5267180Z [command]/opt/homebrew/bin/git config --local --name-only --get-regexp http\.https\:\/\/github\.com\/\.extraheader
Native owner (macos-15)	Run actions/checkout@de0fac2e4500dabe0009e67214ff5f5447ce83dd	2026-10-05T02:03:59.5353130Z [command]/opt/homebrew/bin/git submodule foreach --recursive sh -c "git config --local --name-only --get-regexp 'http\.https\:\/\/github\.com\/\.extraheader' && git config --local --unset-all 'http.https://github.com/.extraheader' || :"
Native owner (macos-15)	Run actions/checkout@de0fac2e4500dabe0009e67214ff5f5447ce83dd	2026-10-05T02:03:59.7120110Z Removing includeIf entries pointing to credentials config files
Native owner (macos-15)	Run actions/checkout@de0fac2e4500dabe0009e67214ff5f5447ce83dd	2026-10-05T02:03:59.7220550Z [command]/opt/homebrew/bin/git config --local --name-only --get-regexp ^includeIf\.gitdir:
Native owner (macos-15)	Run actions/checkout@de0fac2e4500dabe0009e67214ff5f5447ce83dd	2026-10-05T02:03:59.7247920Z includeif.gitdir:/Users/runner/work/kairos/kairos/.git.path
Native owner (macos-15)	Run actions/checkout@de0fac2e4500dabe0009e67214ff5f5447ce83dd	2026-10-05T02:03:59.7249000Z includeif.gitdir:/Users/runner/work/kairos/kairos/.git/worktrees/*.path
Native owner (macos-15)	Run actions/checkout@de0fac2e4500dabe0009e67214ff5f5447ce83dd	2026-10-05T02:03:59.7249480Z includeif.gitdir:/github/workspace/.git.path
Native owner (macos-15)	Run actions/checkout@de0fac2e4500dabe0009e67214ff5f5447ce83dd	2026-10-05T02:03:59.7249860Z includeif.gitdir:/github/workspace/.git/worktrees/*.path
Native owner (macos-15)	Run actions/checkout@de0fac2e4500dabe0009e67214ff5f5447ce83dd	2026-10-05T02:03:59.7251210Z [command]/opt/homebrew/bin/git config --local --get-all includeif.gitdir:/Users/runner/work/kairos/kairos/.git.path
Native owner (macos-15)	Run actions/checkout@de0fac2e4500dabe0009e67214ff5f5447ce83dd	2026-10-05T02:03:59.7251930Z /Users/runner/work/_temp/git-credentials-42670628-04c7-47f8-8768-30aa049bb3d8.config
Native owner (macos-15)	Run actions/checkout@de0fac2e4500dabe0009e67214ff5f5447ce83dd	2026-10-05T02:03:59.7253540Z [command]/opt/homebrew/bin/git config --local --unset includeif.gitdir:/Users/runner/work/kairos/kairos/.git.path /Users/runner/work/_temp/git-credentials-42670628-04c7-47f8-8768-30aa049bb3d8.config
Native owner (macos-15)	Run actions/checkout@de0fac2e4500dabe0009e67214ff5f5447ce83dd	2026-10-05T02:03:59.7256130Z [command]/opt/homebrew/bin/git config --local --get-all includeif.gitdir:/Users/runner/work/kairos/kairos/.git/worktrees/*.path
Native owner (macos-15)	Run actions/checkout@de0fac2e4500dabe0009e67214ff5f5447ce83dd	2026-10-05T02:03:59.7257270Z /Users/runner/work/_temp/git-credentials-42670628-04c7-47f8-8768-30aa049bb3d8.config
Native owner (macos-15)	Run actions/checkout@de0fac2e4500dabe0009e67214ff5f5447ce83dd	2026-10-05T02:03:59.7258670Z [command]/opt/homebrew/bin/git config --local --unset includeif.gitdir:/Users/runner/work/kairos/kairos/.git/worktrees/*.path /Users/runner/work/_temp/git-credentials-42670628-04c7-47f8-8768-30aa049bb3d8.config
Native owner (macos-15)	Run actions/checkout@de0fac2e4500dabe0009e67214ff5f5447ce83dd	2026-10-05T02:03:59.7304270Z [command]/opt/homebrew/bin/git config --local --get-all includeif.gitdir:/github/workspace/.git.path
Native owner (macos-15)	Run actions/checkout@de0fac2e4500dabe0009e67214ff5f5447ce83dd	2026-10-05T02:03:59.7348010Z /github/runner_temp/git-credentials-42670628-04c7-47f8-8768-30aa049bb3d8.config
Native owner (macos-15)	Run actions/checkout@de0fac2e4500dabe0009e67214ff5f5447ce83dd	2026-10-05T02:03:59.7352850Z [command]/opt/homebrew/bin/git config --local --unset includeif.gitdir:/github/workspace/.git.path /github/runner_temp/git-credentials-42670628-04c7-47f8-8768-30aa049bb3d8.config
Native owner (macos-15)	Run actions/checkout@de0fac2e4500dabe0009e67214ff5f5447ce83dd	2026-10-05T02:03:59.7413960Z [command]/opt/homebrew/bin/git config --local --get-all includeif.gitdir:/github/workspace/.git/worktrees/*.path
Native owner (macos-15)	Run actions/checkout@de0fac2e4500dabe0009e67214ff5f5447ce83dd	2026-10-05T02:03:59.7469500Z /github/runner_temp/git-credentials-42670628-04c7-47f8-8768-30aa049bb3d8.config
Native owner (macos-15)	Run actions/checkout@de0fac2e4500dabe0009e67214ff5f5447ce83dd	2026-10-05T02:03:59.7474180Z [command]/opt/homebrew/bin/git config --local --unset includeif.gitdir:/github/workspace/.git/worktrees/*.path /github/runner_temp/git-credentials-42670628-04c7-47f8-8768-30aa049bb3d8.config
Native owner (macos-15)	Run actions/checkout@de0fac2e4500dabe0009e67214ff5f5447ce83dd	2026-10-05T02:03:59.7533540Z [command]/opt/homebrew/bin/git submodule foreach --recursive git config --local --show-origin --name-only --get-regexp remote.origin.url
Native owner (macos-15)	Run actions/checkout@de0fac2e4500dabe0009e67214ff5f5447ce83dd	2026-10-05T02:03:59.8293590Z Removing credentials config '/Users/runner/work/_temp/git-credentials-42670628-04c7-47f8-8768-30aa049bb3d8.config'
Native owner (macos-15)	Run actions/checkout@de0fac2e4500dabe0009e67214ff5f5447ce83dd	2026-10-05T02:03:59.8294770Z ##[endgroup]
Native owner (macos-15)	Install reviewed Rust 1.99.0	﻿2026-10-05T02:03:59.8511110Z ##[group]Run mkdir -p .artifacts/ci/native
Native owner (macos-15)	Install reviewed Rust 1.99.0	2026-10-05T02:03:59.8511640Z ^[[36;1mmkdir -p .artifacts/ci/native^[[0m
Native owner (macos-15)	Install reviewed Rust 1.99.0	2026-10-05T02:03:59.8511920Z ^[[36;1mset -o pipefail^[[0m
Native owner (macos-15)	Install reviewed Rust 1.99.0	2026-10-05T02:03:59.8512310Z ^[[36;1mrustup toolchain install 1.99.0 --profile minimal 2>&1 | tee .artifacts/ci/native/install.log^[[0m
Native owner (macos-15)	Install reviewed Rust 1.99.0	2026-10-05T02:03:59.8558370Z shell: /bin/bash -e {0}
Native owner (macos-15)	Install reviewed Rust 1.99.0	2026-10-05T02:03:59.8558710Z ##[endgroup]
Native owner (macos-15)	Install reviewed Rust 1.99.0	2026-10-05T02:03:59.9274820Z info: syncing channel updates for 1.99.0-aarch64-apple-darwin
Native owner (macos-15)	Install reviewed Rust 1.99.0	2026-10-05T02:04:00.0857450Z info: latest update on 2026-10-01 for version 1.99.0 (b940084d7 2026-09-28)
Native owner (macos-15)	Install reviewed Rust 1.99.0	2026-10-05T02:04:00.0976220Z info: downloading 3 components
Native owner (macos-15)	Install reviewed Rust 1.99.0	2026-10-05T02:04:06.4317630Z 
Native owner (macos-15)	Install reviewed Rust 1.99.0	2026-10-05T02:04:06.4681440Z   1.99.0-aarch64-apple-darwin installed - rustc 1.99.0 (b940084d7 2026-09-28)
Native owner (macos-15)	Install reviewed Rust 1.99.0	2026-10-05T02:04:06.4683080Z 
Native owner (macos-15)	Install reviewed Rust 1.99.0	2026-10-05T02:04:06.4683650Z info: self-update is disabled for this build of rustup
Native owner (macos-15)	Install reviewed Rust 1.99.0	2026-10-05T02:04:06.4684340Z info: any updates to rustup will need to be fetched with your system package manager
Native owner (macos-15)	Verify actual native host and source	﻿2026-10-05T02:04:06.5121420Z ##[group]Run set -o pipefail
Native owner (macos-15)	Verify actual native host and source	2026-10-05T02:04:06.5121820Z ^[[36;1mset -o pipefail^[[0m
Native owner (macos-15)	Verify actual native host and source	2026-10-05T02:04:06.5122260Z ^[[36;1mexec > >(tee -a .artifacts/ci/native/install.log) 2>&1^[[0m
Native owner (macos-15)	Verify actual native host and source	2026-10-05T02:04:06.5122640Z ^[[36;1mgit rev-parse HEAD^[[0m
Native owner (macos-15)	Verify actual native host and source	2026-10-05T02:04:06.5123060Z ^[[36;1mtask_rustc="$(rustup which --toolchain 1.99.0 rustc)"^[[0m
Native owner (macos-15)	Verify actual native host and source	2026-10-05T02:04:06.5123410Z ^[[36;1m"$task_rustc" -vV^[[0m
Native owner (macos-15)	Verify actual native host and source	2026-10-05T02:04:06.5123750Z ^[[36;1mif [ "$EXPECTED_OS" = macos-15 ]; then^[[0m
Native owner (macos-15)	Verify actual native host and source	2026-10-05T02:04:06.5124120Z ^[[36;1m  "$task_rustc" -vV | grep -Fx 'host: aarch64-apple-darwin'^[[0m
Native owner (macos-15)	Verify actual native host and source	2026-10-05T02:04:06.5124470Z ^[[36;1melse^[[0m
Native owner (macos-15)	Verify actual native host and source	2026-10-05T02:04:06.5124860Z ^[[36;1m  "$task_rustc" -vV | grep -Fx 'host: x86_64-unknown-linux-gnu'^[[0m
Native owner (macos-15)	Verify actual native host and source	2026-10-05T02:04:06.5125190Z ^[[36;1mfi^[[0m
Native owner (macos-15)	Verify actual native host and source	2026-10-05T02:04:06.5125460Z ^[[36;1muname -a^[[0m
Native owner (macos-15)	Verify actual native host and source	2026-10-05T02:04:06.5125680Z ^[[36;1mif [ "$EXPECTED_OS" = macos-15 ]; then^[[0m
Native owner (macos-15)	Verify actual native host and source	2026-10-05T02:04:06.5126010Z ^[[36;1m  test "$(uname -m)" = arm64^[[0m
Native owner (macos-15)	Verify actual native host and source	2026-10-05T02:04:06.5126310Z ^[[36;1melse^[[0m
Native owner (macos-15)	Verify actual native host and source	2026-10-05T02:04:06.5126660Z ^[[36;1m  test "$(uname -m)" = x86_64^[[0m
Native owner (macos-15)	Verify actual native host and source	2026-10-05T02:04:06.5126950Z ^[[36;1mfi^[[0m
Native owner (macos-15)	Verify actual native host and source	2026-10-05T02:04:06.5165070Z shell: /bin/bash -e {0}
Native owner (macos-15)	Verify actual native host and source	2026-10-05T02:04:06.5165360Z env:
Native owner (macos-15)	Verify actual native host and source	2026-10-05T02:04:06.5165620Z   EXPECTED_OS: macos-15
Native owner (macos-15)	Verify actual native host and source	2026-10-05T02:04:06.5165900Z ##[endgroup]
Native owner (macos-15)	Verify actual native host and source	2026-10-05T02:04:06.5613250Z 6f9560c3092325e26d6bb8c156c842577caabd9c
Native owner (macos-15)	Verify actual native host and source	2026-10-05T02:04:06.5931020Z rustc 1.99.0 (b940084d7 2026-09-28)
Native owner (macos-15)	Verify actual native host and source	2026-10-05T02:04:06.5933730Z binary: rustc
Native owner (macos-15)	Verify actual native host and source	2026-10-05T02:04:06.5940410Z commit-hash: b940084d7eb6a299eb4bfeb8e34901bc051e7ac4
Native owner (macos-15)	Verify actual native host and source	2026-10-05T02:04:06.5943780Z commit-date: 2026-09-28
Native owner (macos-15)	Verify actual native host and source	2026-10-05T02:04:06.5954020Z host: aarch64-apple-darwin
Native owner (macos-15)	Verify actual native host and source	2026-10-05T02:04:06.5954450Z release: 1.99.0
Native owner (macos-15)	Verify actual native host and source	2026-10-05T02:04:06.5954920Z LLVM version: 23.1.1
Native owner (macos-15)	Verify actual native host and source	2026-10-05T02:04:06.6497540Z host: aarch64-apple-darwin
Native owner (macos-15)	Verify actual native host and source	2026-10-05T02:04:06.6563570Z Darwin iad20-eo1208-3953b032-f649-470c-a002-dfd7e171d9a5-06852B433DE7.local 24.6.0 Darwin Kernel Version 24.6.0: Tue Jul 21 20:51:34 PDT 2026; root:xnu-11417.140.69.711.44~1/RELEASE_ARM64_VMAPPLE arm64
Native owner (macos-15)	Test reusable native owner packages	﻿2026-10-05T02:04:06.6871080Z ##[group]Run mkdir -p .artifacts/ci/native
Native owner (macos-15)	Test reusable native owner packages	2026-10-05T02:04:06.6877290Z ^[[36;1mmkdir -p .artifacts/ci/native^[[0m
Native owner (macos-15)	Test reusable native owner packages	2026-10-05T02:04:06.6877700Z ^[[36;1mset -o pipefail^[[0m
Native owner (macos-15)	Test reusable native owner packages	2026-10-05T02:04:06.6878010Z ^[[36;1mtask_rustc="$(rustup which --toolchain 1.99.0 rustc)"^[[0m
Native owner (macos-15)	Test reusable native owner packages	2026-10-05T02:04:06.6878360Z ^[[36;1mtask_bin="$(dirname "$task_rustc")"^[[0m
Native owner (macos-15)	Test reusable native owner packages	2026-10-05T02:04:06.6878750Z ^[[36;1mexport RUSTC="$task_rustc" RUSTDOC="$task_bin/rustdoc" PATH="$task_bin:$PATH"^[[0m
Native owner (macos-15)	Test reusable native owner packages	2026-10-05T02:04:06.6879780Z ^[[36;1mcargo test --locked -p kairo-ecs-core -p kairo-ecs-types -p kairo-ecs-state -p kairo-ecs-rng -p kairo-ecs-des -p kairo-ecs-abm -p kairo-ecs-arrow -p kairo-ecs-calibration 2>&1 | tee .artifacts/ci/native/owner.log^[[0m
Native owner (macos-15)	Test reusable native owner packages	2026-10-05T02:04:06.6913950Z shell: /bin/bash -e {0}
Native owner (macos-15)	Test reusable native owner packages	2026-10-05T02:04:06.6914240Z ##[endgroup]
Native owner (macos-15)	Test reusable native owner packages	2026-10-05T02:04:06.8811920Z     Updating crates.io index
Native owner (macos-15)	Test reusable native owner packages	2026-10-05T02:04:07.2329860Z  Downloading crates ...
Native owner (macos-15)	Test reusable native owner packages	2026-10-05T02:04:07.2691320Z   Downloaded typenum v1.20.1
Native owner (macos-15)	Test reusable native owner packages	2026-10-05T02:04:07.3066320Z   Downloaded bitflags v2.13.2
Native owner (macos-15)	Test reusable native owner packages	2026-10-05T02:04:07.3158820Z   Downloaded itoa v1.0.18
Native owner (macos-15)	Test reusable native owner packages	2026-10-05T02:04:07.3195850Z   Downloaded getrandom v0.3.4
Native owner (macos-15)	Test reusable native owner packages	2026-10-05T02:04:07.3260110Z   Downloaded autocfg v1.5.0
Native owner (macos-15)	Test reusable native owner packages	2026-10-05T02:04:07.3297950Z   Downloaded thiserror v2.0.20
Native owner (macos-15)	Test reusable native owner packages	2026-10-05T02:04:07.3734100Z   Downloaded cfg-if v1.0.4
Native owner (macos-15)	Test reusable native owner packages	2026-10-05T02:04:07.3797900Z   Downloaded chrono v0.4.45
Native owner (macos-15)	Test reusable native owner packages	2026-10-05T02:04:07.3874200Z   Downloaded serde_derive v1.0.228
Native owner (macos-15)	Test reusable native owner packages	2026-10-05T02:04:07.3957110Z   Downloaded num-traits v0.2.19
Native owner (macos-15)	Test reusable native owner packages	2026-10-05T02:04:07.4021510Z   Downloaded memchr v2.8.0
Native owner (macos-15)	Test reusable native owner packages	2026-10-05T02:04:07.4119000Z   Downloaded digest v0.11.3
Native owner (macos-15)	Test reusable native owner packages	2026-10-05T02:04:07.4170400Z   Downloaded rand_chacha v0.9.0
Native owner (macos-15)	Test reusable native owner packages	2026-10-05T02:04:07.4454740Z   Downloaded rand_core v0.9.5
Native owner (macos-15)	Test reusable native owner packages	2026-10-05T02:04:07.4474380Z   Downloaded thiserror-impl v2.0.20
Native owner (macos-15)	Test reusable native owner packages	2026-10-05T02:04:07.4502640Z   Downloaded unicode-ident v1.0.24
Native owner (macos-15)	Test reusable native owner packages	2026-10-05T02:04:07.4565400Z   Downloaded crypto-common v0.2.2
Native owner (macos-15)	Test reusable native owner packages	2026-10-05T02:04:07.4583600Z   Downloaded hybrid-array v0.4.15
Native owner (macos-15)	Test reusable native owner packages	2026-10-05T02:04:07.4622220Z   Downloaded proc-macro2 v1.0.106
Native owner (macos-15)	Test reusable native owner packages	2026-10-05T02:04:07.4674620Z   Downloaded const-oid v0.10.2
Native owner (macos-15)	Test reusable native owner packages	2026-10-05T02:04:07.4711180Z   Downloaded serde_json v1.0.149
Native owner (macos-15)	Test reusable native owner packages	2026-10-05T02:04:07.5196600Z   Downloaded regex-syntax v0.8.10
Native owner (macos-15)	Test reusable native owner packages	2026-10-05T02:04:07.5291620Z   Downloaded unarray v0.1.4
Native owner (macos-15)	Test reusable native owner packages	2026-10-05T02:04:07.5310130Z   Downloaded rand_xorshift v0.4.0
Native owner (macos-15)	Test reusable native owner packages	2026-10-05T02:04:07.5325990Z   Downloaded proptest v1.11.0
Native owner (macos-15)	Test reusable native owner packages	2026-10-05T02:04:07.5503990Z   Downloaded serde_core v1.0.228
Native owner (macos-15)	Test reusable native owner packages	2026-10-05T02:04:07.5542590Z   Downloaded rand v0.9.5
Native owner (macos-15)	Test reusable native owner packages	2026-10-05T02:04:07.5916520Z   Downloaded block-buffer v0.12.1
Native owner (macos-15)	Test reusable native owner packages	2026-10-05T02:04:07.5938490Z   Downloaded sha2 v0.11.0
Native owner (macos-15)	Test reusable native owner packages	2026-10-05T02:04:07.6017620Z   Downloaded zmij v1.0.21
Native owner (macos-15)	Test reusable native owner packages	2026-10-05T02:04:07.6044880Z   Downloaded ppv-lite86 v0.2.21
Native owner (macos-15)	Test reusable native owner packages	2026-10-05T02:04:07.6061840Z   Downloaded syn v3.0.6
Native owner (macos-15)	Test reusable native owner packages	2026-10-05T02:04:07.6254940Z   Downloaded syn v2.0.117
Native owner (macos-15)	Test reusable native owner packages	2026-10-05T02:04:07.6772940Z   Downloaded cpufeatures v0.3.1
Native owner (macos-15)	Test reusable native owner packages	2026-10-05T02:04:07.6805800Z   Downloaded quote v1.0.45
Native owner (macos-15)	Test reusable native owner packages	2026-10-05T02:04:07.6888860Z   Downloaded libc v0.2.186
Native owner (macos-15)	Test reusable native owner packages	2026-10-05T02:04:07.8674460Z   Downloaded zerocopy v0.8.48
Native owner (macos-15)	Test reusable native owner packages	2026-10-05T02:04:07.9686070Z   Downloaded serde v1.0.228
Native owner (macos-15)	Test reusable native owner packages	2026-10-05T02:04:08.0209920Z    Compiling kairo-ecs-types v0.0.0 (/Users/runner/work/kairos/kairos/crates/kairo-ecs-types)
Native owner (macos-15)	Test reusable native owner packages	2026-10-05T02:04:08.0211310Z    Compiling proc-macro2 v1.0.106
Native owner (macos-15)	Test reusable native owner packages	2026-10-05T02:04:08.0212210Z    Compiling unicode-ident v1.0.24
Native owner (macos-15)	Test reusable native owner packages	2026-10-05T02:04:08.2225890Z    Compiling quote v1.0.45
Native owner (macos-15)	Test reusable native owner packages	2026-10-05T02:04:08.2797230Z    Compiling thiserror v2.0.20
Native owner (macos-15)	Test reusable native owner packages	2026-10-05T02:04:10.7510030Z    Compiling kairo-ecs-rng v0.0.0 (/Users/runner/work/kairos/kairos/crates/kairo-ecs-rng)
Native owner (macos-15)	Test reusable native owner packages	2026-10-05T02:04:10.7758220Z    Compiling kairo-ecs-core v0.0.0 (/Users/runner/work/kairos/kairos/crates/kairo-ecs-core)
Native owner (macos-15)	Test reusable native owner packages	2026-10-05T02:04:10.8003980Z    Compiling kairo-ecs-state v0.0.0 (/Users/runner/work/kairos/kairos/crates/kairo-ecs-state)
Native owner (macos-15)	Test reusable native owner packages	2026-10-05T02:04:10.9988160Z    Compiling libc v0.2.186
Native owner (macos-15)	Test reusable native owner packages	2026-10-05T02:04:10.9990130Z    Compiling cfg-if v1.0.4
Native owner (macos-15)	Test reusable native owner packages	2026-10-05T02:04:11.0321630Z    Compiling autocfg v1.5.0
Native owner (macos-15)	Test reusable native owner packages	2026-10-05T02:04:11.2820970Z    Compiling num-traits v0.2.19
Native owner (macos-15)	Test reusable native owner packages	2026-10-05T02:04:11.3702670Z    Compiling syn v3.0.6
Native owner (macos-15)	Test reusable native owner packages	2026-10-05T02:04:11.3812010Z    Compiling serde_core v1.0.228
Native owner (macos-15)	Test reusable native owner packages	2026-10-05T02:04:11.6220250Z    Compiling zmij v1.0.21
Native owner (macos-15)	Test reusable native owner packages	2026-10-05T02:04:12.1054070Z    Compiling serde_json v1.0.149
Native owner (macos-15)	Test reusable native owner packages	2026-10-05T02:04:12.4546590Z    Compiling itoa v1.0.18
Native owner (macos-15)	Test reusable native owner packages	2026-10-05T02:04:12.5612750Z    Compiling memchr v2.8.0
Native owner (macos-15)	Test reusable native owner packages	2026-10-05T02:04:12.8859950Z    Compiling typenum v1.20.1
Native owner (macos-15)	Test reusable native owner packages	2026-10-05T02:04:12.8866230Z    Compiling thiserror-impl v2.0.20
Native owner (macos-15)	Test reusable native owner packages	2026-10-05T02:04:13.4285610Z    Compiling hybrid-array v0.4.15
Native owner (macos-15)	Test reusable native owner packages	2026-10-05T02:04:13.6477120Z    Compiling kairo-ecs-des v0.1.0 (/Users/runner/work/kairos/kairos/crates/kairo-ecs-des)
Native owner (macos-15)	Test reusable native owner packages	2026-10-05T02:04:13.8279400Z    Compiling kairo-ecs-arrow v0.1.0 (/Users/runner/work/kairos/kairos/crates/kairo-ecs-arrow)
Native owner (macos-15)	Test reusable native owner packages	2026-10-05T02:04:14.1123380Z    Compiling crypto-common v0.2.2
Native owner (macos-15)	Test reusable native owner packages	2026-10-05T02:04:14.2235400Z    Compiling block-buffer v0.12.1
Native owner (macos-15)	Test reusable native owner packages	2026-10-05T02:04:14.3021350Z    Compiling const-oid v0.10.2
Native owner (macos-15)	Test reusable native owner packages	2026-10-05T02:04:14.4070040Z    Compiling cpufeatures v0.3.1
Native owner (macos-15)	Test reusable native owner packages	2026-10-05T02:04:14.4564330Z    Compiling getrandom v0.3.4
Native owner (macos-15)	Test reusable native owner packages	2026-10-05T02:04:14.6279590Z    Compiling digest v0.11.3
Native owner (macos-15)	Test reusable native owner packages	2026-10-05T02:04:14.7028640Z    Compiling sha2 v0.11.0
Native owner (macos-15)	Test reusable native owner packages	2026-10-05T02:04:14.8284230Z    Compiling chrono v0.4.45
Native owner (macos-15)	Test reusable native owner packages	2026-10-05T02:04:15.4275290Z    Compiling zerocopy v0.8.48
Native owner (macos-15)	Test reusable native owner packages	2026-10-05T02:04:15.7361160Z    Compiling kairo-ecs-calibration v0.1.0 (/Users/runner/work/kairos/kairos/crates/kairo-ecs-calibration)
Native owner (macos-15)	Test reusable native owner packages	2026-10-05T02:04:15.8883660Z    Compiling rand_core v0.9.5
Native owner (macos-15)	Test reusable native owner packages	2026-10-05T02:04:16.3118840Z    Compiling syn v2.0.117
Native owner (macos-15)	Test reusable native owner packages	2026-10-05T02:04:17.0034860Z    Compiling serde v1.0.228
Native owner (macos-15)	Test reusable native owner packages	2026-10-05T02:04:17.2634010Z    Compiling rand_xorshift v0.4.0
Native owner (macos-15)	Test reusable native owner packages	2026-10-05T02:04:17.3356060Z    Compiling rand v0.9.5
Native owner (macos-15)	Test reusable native owner packages	2026-10-05T02:04:17.9043810Z    Compiling unarray v0.1.4
Native owner (macos-15)	Test reusable native owner packages	2026-10-05T02:04:18.0280550Z    Compiling bitflags v2.13.2
Native owner (macos-15)	Test reusable native owner packages	2026-10-05T02:04:18.2771170Z    Compiling regex-syntax v0.8.10
Native owner (macos-15)	Test reusable native owner packages	2026-10-05T02:04:18.4299310Z    Compiling serde_derive v1.0.228
Native owner (macos-15)	Test reusable native owner packages	2026-10-05T02:04:19.7142560Z    Compiling ppv-lite86 v0.2.21
Native owner (macos-15)	Test reusable native owner packages	2026-10-05T02:04:19.8654330Z    Compiling rand_chacha v0.9.0
Native owner (macos-15)	Test reusable native owner packages	2026-10-05T02:04:20.1937740Z    Compiling proptest v1.11.0
Native owner (macos-15)	Test reusable native owner packages	2026-10-05T02:04:20.7757120Z    Compiling kairo-ecs-abm v0.1.0 (/Users/runner/work/kairos/kairos/crates/kairo-ecs-abm)
Native owner (macos-15)	Test reusable native owner packages	2026-10-05T02:04:34.2188250Z     Finished `test` profile [unoptimized + debuginfo] target(s) in 27.44s
Native owner (macos-15)	Test reusable native owner packages	2026-10-05T02:04:34.2960680Z      Running unittests src/lib.rs (target/debug/deps/kairo_ecs_abm-f655737f5ca94182)
Native owner (macos-15)	Test reusable native owner packages	2026-10-05T02:04:34.3008240Z 
Native owner (macos-15)	Test reusable native owner packages	2026-10-05T02:04:34.3010290Z running 8 tests
Native owner (macos-15)	Test reusable native owner packages	2026-10-05T02:04:34.3017400Z test tests::behavior_simulation_replays_entity_rng ... ok
Native owner (macos-15)	Test reusable native owner packages	2026-10-05T02:04:34.3017920Z test tests::behavior_decision_can_despawn_agent ... ok
Native owner (macos-15)	Test reusable native owner packages	2026-10-05T02:04:34.3018710Z test tests::behavior_simulation_respects_event_budget ... ok
Native owner (macos-15)	Test reusable native owner packages	2026-10-05T02:04:34.3019690Z test tests::behavior_simulation_updates_in_scheduler_order ... ok
Native owner (macos-15)	Test reusable native owner packages	2026-10-05T02:04:34.3020160Z test tests::despawned_agent_future_events_do_not_update_behavior ... ok
Native owner (macos-15)	Test reusable native owner packages	2026-10-05T02:04:34.3020850Z test flow_adapter::tests::preconsume_budget_preserves_actual_private_stream_state_and_behavior ... ok
Native owner (macos-15)	Test reusable native owner packages	2026-10-05T02:04:34.3021310Z test tests::schedule_and_step ... ok
Native owner (macos-15)	Test reusable native owner packages	2026-10-05T02:04:34.3021670Z test tests::spawn_and_attach ... ok
Native owner (macos-15)	Test reusable native owner packages	2026-10-05T02:04:34.3021860Z 
Native owner (macos-15)	Test reusable native owner packages	2026-10-05T02:04:34.3022070Z test result: ok. 8 passed; 0 failed; 0 ignored; 0 measured; 0 filtered out; finished in 0.00s
Native owner (macos-15)	Test reusable native owner packages	2026-10-05T02:04:34.3022420Z 
Native owner (macos-15)	Test reusable native owner packages	2026-10-05T02:04:34.3024560Z      Running tests/abm_behavior_update_v1.rs (target/debug/deps/abm_behavior_update_v1-4b573a11bda1a870)
Native owner (macos-15)	Test reusable native owner packages	2026-10-05T02:04:34.3119340Z 
Native owner (macos-15)	Test reusable native owner packages	2026-10-05T02:04:34.3119960Z running 2 tests
Native owner (macos-15)	Test reusable native owner packages	2026-10-05T02:04:34.3120920Z test abm_behavior_update_v1_replays_entity_rng_streams ... ok
Native owner (macos-15)	Test reusable native owner packages	2026-10-05T02:04:34.3121400Z test abm_behavior_update_v1_runs_updates_in_scheduler_order ... ok
Native owner (macos-15)	Test reusable native owner packages	2026-10-05T02:04:34.3121690Z 
Native owner (macos-15)	Test reusable native owner packages	2026-10-05T02:04:34.3121890Z test result: ok. 2 passed; 0 failed; 0 ignored; 0 measured; 0 filtered out; finished in 0.00s
Native owner (macos-15)	Test reusable native owner packages	2026-10-05T02:04:34.3122230Z 
Native owner (macos-15)	Test reusable native owner packages	2026-10-05T02:04:34.3124790Z      Running tests/abm_integration.rs (target/debug/deps/abm_integration-91c5da722bffc324)
Native owner (macos-15)	Test reusable native owner packages	2026-10-05T02:04:34.3215890Z 
Native owner (macos-15)	Test reusable native owner packages	2026-10-05T02:04:34.3217460Z running 3 tests
Native owner (macos-15)	Test reusable native owner packages	2026-10-05T02:04:34.3217790Z test schedule_and_dispatch ... ok
Native owner (macos-15)	Test reusable native owner packages	2026-10-05T02:04:34.3218130Z test agent_with_components ... ok
Native owner (macos-15)	Test reusable native owner packages	2026-10-05T02:04:34.3218400Z test multi_agent_scheduling ... ok
Native owner (macos-15)	Test reusable native owner packages	2026-10-05T02:04:34.3218590Z 
Native owner (macos-15)	Test reusable native owner packages	2026-10-05T02:04:34.3218860Z test result: ok. 3 passed; 0 failed; 0 ignored; 0 measured; 0 filtered out; finished in 0.00s
Native owner (macos-15)	Test reusable native owner packages	2026-10-05T02:04:34.3219320Z 
Native owner (macos-15)	Test reusable native owner packages	2026-10-05T02:04:34.3219520Z      Running tests/flow_adapter_v1.rs (target/debug/deps/flow_adapter_v1-43165808a3f7dc24)
Native owner (macos-15)	Test reusable native owner packages	2026-10-05T02:04:34.3312560Z 
Native owner (macos-15)	Test reusable native owner packages	2026-10-05T02:04:34.3313480Z running 7 tests
Native owner (macos-15)	Test reusable native owner packages	2026-10-05T02:04:34.3370820Z test preconsume_budget_failure_preserves_behavior_draw_position_and_pending_head ... ok
Native owner (macos-15)	Test reusable native owner packages	2026-10-05T02:04:34.3374000Z test recycled_actor_generation_has_fresh_stream_and_old_handle_is_stale ... ok
Native owner (macos-15)	Test reusable native owner packages	2026-10-05T02:04:34.3374750Z test behavior_commands_use_real_task_leases_and_never_acquire_the_carrier ... ok
Native owner (macos-15)	Test reusable native owner packages	2026-10-05T02:04:34.3375270Z test registration_type_kind_and_unique_carrier_failures_are_atomic ... ok
Native owner (macos-15)	Test reusable native owner packages	2026-10-05T02:04:34.3375830Z test rejected_callback_batches_keep_one_state_change_and_one_draw_without_replay ... ok
Native owner (macos-15)	Test reusable native owner packages	2026-10-05T02:04:34.3376410Z test shared_behavior_observes_authoritative_des_time_and_buffered_peer_lifetime ... ok
Native owner (macos-15)	Test reusable native owner packages	2026-10-05T02:04:34.3378670Z test entity_stream_draw_positions_ignore_cross_actor_order_and_pause_boundaries ... ok
Native owner (macos-15)	Test reusable native owner packages	2026-10-05T02:04:34.3379020Z 
Native owner (macos-15)	Test reusable native owner packages	2026-10-05T02:04:34.3379470Z test result: ok. 7 passed; 0 failed; 0 ignored; 0 measured; 0 filtered out; finished in 0.01s
Native owner (macos-15)	Test reusable native owner packages	2026-10-05T02:04:34.3379760Z 
Native owner (macos-15)	Test reusable native owner packages	2026-10-05T02:04:34.3381110Z      Running unittests src/lib.rs (target/debug/deps/kairo_ecs_arrow-8b5c7484aed5ee0c)
Native owner (macos-15)	Test reusable native owner packages	2026-10-05T02:04:34.3410880Z 
Native owner (macos-15)	Test reusable native owner packages	2026-10-05T02:04:34.3412630Z running 6 tests
Native owner (macos-15)	Test reusable native owner packages	2026-10-05T02:04:34.3413340Z test tests::dispatched_record_maps_core_event_fields ... ok
Native owner (macos-15)	Test reusable native owner packages	2026-10-05T02:04:34.3414090Z test tests::event_log_schema_matches_track_04_order ... ok
Native owner (macos-15)	Test reusable native owner packages	2026-10-05T02:04:34.3414670Z test tests::event_log_batch_round_trips_smoke_bytes ... ok
Native owner (macos-15)	Test reusable native owner packages	2026-10-05T02:04:34.3415140Z test tests::validation_rejects_incompatible_schema_version ... ok
Native owner (macos-15)	Test reusable native owner packages	2026-10-05T02:04:34.3415810Z test tests::previous_facade_still_flushes_records ... ok
Native owner (macos-15)	Test reusable native owner packages	2026-10-05T02:04:34.3416470Z test tests::smoke_bytes_preserve_escaped_strings_and_payload_ref ... ok
Native owner (macos-15)	Test reusable native owner packages	2026-10-05T02:04:34.3417440Z 
Native owner (macos-15)	Test reusable native owner packages	2026-10-05T02:04:34.3417900Z test result: ok. 6 passed; 0 failed; 0 ignored; 0 measured; 0 filtered out; finished in 0.00s
Native owner (macos-15)	Test reusable native owner packages	2026-10-05T02:04:34.3418560Z 
Native owner (macos-15)	Test reusable native owner packages	2026-10-05T02:04:34.3419020Z      Running tests/legacy_smoke_bytes_v1.rs (target/debug/deps/legacy_smoke_bytes_v1-74890ac8bfc40e68)
Native owner (macos-15)	Test reusable native owner packages	2026-10-05T02:04:34.3441610Z 
Native owner (macos-15)	Test reusable native owner packages	2026-10-05T02:04:34.3445830Z running 1 test
Native owner (macos-15)	Test reusable native owner packages	2026-10-05T02:04:34.3456110Z test legacy_smoke_bytes_match_frozen_custom_format_and_roundtrip ... ok
Native owner (macos-15)	Test reusable native owner packages	2026-10-05T02:04:34.3456610Z 
Native owner (macos-15)	Test reusable native owner packages	2026-10-05T02:04:34.3456930Z test result: ok. 1 passed; 0 failed; 0 ignored; 0 measured; 0 filtered out; finished in 0.00s
Native owner (macos-15)	Test reusable native owner packages	2026-10-05T02:04:34.3457480Z 
Native owner (macos-15)	Test reusable native owner packages	2026-10-05T02:04:34.3457910Z      Running tests/resource_lifecycle_v1.rs (target/debug/deps/resource_lifecycle_v1-3cf4841a9a4e88bd)
Native owner (macos-15)	Test reusable native owner packages	2026-10-05T02:04:34.3479150Z 
Native owner (macos-15)	Test reusable native owner packages	2026-10-05T02:04:34.3487080Z running 0 tests
Native owner (macos-15)	Test reusable native owner packages	2026-10-05T02:04:34.3487350Z 
Native owner (macos-15)	Test reusable native owner packages	2026-10-05T02:04:34.3487750Z test result: ok. 0 passed; 0 failed; 0 ignored; 0 measured; 0 filtered out; finished in 0.00s
Native owner (macos-15)	Test reusable native owner packages	2026-10-05T02:04:34.3488580Z 
Native owner (macos-15)	Test reusable native owner packages	2026-10-05T02:04:34.3489490Z      Running tests/schema_compatibility.rs (target/debug/deps/schema_compatibility-0c1f45d314908a4a)
Native owner (macos-15)	Test reusable native owner packages	2026-10-05T02:04:34.3523710Z 
Native owner (macos-15)	Test reusable native owner packages	2026-10-05T02:04:34.3526350Z running 4 tests
Native owner (macos-15)	Test reusable native owner packages	2026-10-05T02:04:34.3528970Z test checked_in_schema_json_matches_runtime_contract ... ok
Native owner (macos-15)	Test reusable native owner packages	2026-10-05T02:04:34.3529610Z test event_log_schema_fingerprint_is_stable ... ok
Native owner (macos-15)	Test reusable native owner packages	2026-10-05T02:04:34.3530510Z test event_log_schema_is_stable_for_binding_consumers ... ok
Native owner (macos-15)	Test reusable native owner packages	2026-10-05T02:04:34.3531210Z test event_log_smoke_roundtrip_preserves_ordering_fields ... ok
Native owner (macos-15)	Test reusable native owner packages	2026-10-05T02:04:34.3531550Z 
Native owner (macos-15)	Test reusable native owner packages	2026-10-05T02:04:34.3533610Z test result: ok. 4 passed; 0 failed; 0 ignored; 0 measured; 0 filtered out; finished in 0.00s
Native owner (macos-15)	Test reusable native owner packages	2026-10-05T02:04:34.3535320Z 
Native owner (macos-15)	Test reusable native owner packages	2026-10-05T02:04:34.3537540Z      Running tests/trace_time.rs (target/debug/deps/trace_time-bf4c32c1bbdc6deb)
Native owner (macos-15)	Test reusable native owner packages	2026-10-05T02:04:34.3565090Z 
Native owner (macos-15)	Test reusable native owner packages	2026-10-05T02:04:34.3567730Z running 6 tests
Native owner (macos-15)	Test reusable native owner packages	2026-10-05T02:04:34.3568500Z test exclusions_and_explicit_lineage_have_standard_error_and_preserve_meaning ... ok
Native owner (macos-15)	Test reusable native owner packages	2026-10-05T02:04:34.3569690Z test minute_precision_is_retained_and_episode_end_does_not_imply_departure ... ok
Native owner (macos-15)	Test reusable native owner packages	2026-10-05T02:04:34.3571500Z test occurrence_requires_the_right_clock_role_and_present_lineage ... ok
Native owner (macos-15)	Test reusable native owner packages	2026-10-05T02:04:34.3573990Z test relative_ticks_are_exact_and_reject_pre_origin ... ok
Native owner (macos-15)	Test reusable native owner packages	2026-10-05T02:04:34.3575340Z test unresolved_or_coarse_timestamps_are_exclusions_not_fabricated_ticks ... ok
Native owner (macos-15)	Test reusable native owner packages	2026-10-05T02:04:34.3577010Z test valid_boarding_after_episode_end_is_not_rejected_as_reversed_location_time ... ok
Native owner (macos-15)	Test reusable native owner packages	2026-10-05T02:04:34.3578140Z 
Native owner (macos-15)	Test reusable native owner packages	2026-10-05T02:04:34.3578620Z test result: ok. 6 passed; 0 failed; 0 ignored; 0 measured; 0 filtered out; finished in 0.00s
Native owner (macos-15)	Test reusable native owner packages	2026-10-05T02:04:34.3581520Z 
Native owner (macos-15)	Test reusable native owner packages	2026-10-05T02:04:34.3582320Z      Running tests/trace_time_roles_v1.rs (target/debug/deps/trace_time_roles_v1-e3b96eb9f5a46b81)
Native owner (macos-15)	Test reusable native owner packages	2026-10-05T02:04:34.3604750Z 
Native owner (macos-15)	Test reusable native owner packages	2026-10-05T02:04:34.3634980Z running 6 tests
Native owner (macos-15)	Test reusable native owner packages	2026-10-05T02:04:34.3645240Z test accepted_occurrence_projects_to_unchanged_wrapper_fields ... ok
Native owner (macos-15)	Test reusable native owner packages	2026-10-05T02:04:34.3645980Z test every_role_has_exact_full_signed_span_and_origin ... ok
Native owner (macos-15)	Test reusable native owner packages	2026-10-05T02:04:34.3646500Z test each_role_retains_existing_exclusion_classification ... ok
Native owner (macos-15)	Test reusable native owner packages	2026-10-05T02:04:34.3646930Z test every_role_precision_and_lineage_is_preserved ... ok
Native owner (macos-15)	Test reusable native owner packages	2026-10-05T02:04:34.3647380Z test occurrence_wrapper_preserves_missing_and_role_precedence ... ok
Native owner (macos-15)	Test reusable native owner packages	2026-10-05T02:04:34.3647900Z test shared_error_precedence_is_not_reordered ... ok
Native owner (macos-15)	Test reusable native owner packages	2026-10-05T02:04:34.3648190Z 
Native owner (macos-15)	Test reusable native owner packages	2026-10-05T02:04:34.3648490Z test result: ok. 6 passed; 0 failed; 0 ignored; 0 measured; 0 filtered out; finished in 0.00s
Native owner (macos-15)	Test reusable native owner packages	2026-10-05T02:04:34.3648890Z 
Native owner (macos-15)	Test reusable native owner packages	2026-10-05T02:04:34.3649330Z      Running tests/trace_time_signed_span.rs (target/debug/deps/trace_time_signed_span-111a7bd4f3388999)
Native owner (macos-15)	Test reusable native owner packages	2026-10-05T02:04:34.3649810Z 
Native owner (macos-15)	Test reusable native owner packages	2026-10-05T02:04:34.3649950Z running 1 test
Native owner (macos-15)	Test reusable native owner packages	2026-10-05T02:04:34.3668920Z test relative_ticks_accepts_full_ordered_signed_domain ... ok
Native owner (macos-15)	Test reusable native owner packages	2026-10-05T02:04:34.3669450Z 
Native owner (macos-15)	Test reusable native owner packages	2026-10-05T02:04:34.3669820Z test result: ok. 1 passed; 0 failed; 0 ignored; 0 measured; 0 filtered out; finished in 0.00s
Native owner (macos-15)	Test reusable native owner packages	2026-10-05T02:04:34.3670230Z 
Native owner (macos-15)	Test reusable native owner packages	2026-10-05T02:04:34.3670520Z      Running unittests src/lib.rs (target/debug/deps/kairo_ecs_calibration-1553960e3a5ba8c6)
Native owner (macos-15)	Test reusable native owner packages	2026-10-05T02:04:34.3683840Z 
Native owner (macos-15)	Test reusable native owner packages	2026-10-05T02:04:34.3687240Z running 61 tests
Native owner (macos-15)	Test reusable native owner packages	2026-10-05T02:04:34.3691170Z test ingestion_c01::actual_transport_matrix ... ignored, requires exact physical transport source index and result directory
Native owner (macos-15)	Test reusable native owner packages	2026-10-05T02:04:34.3697740Z test ingestion_normalize::tests::enforces_nonzero_limits_fanout_and_actual_serialized_bytes ... ok
Native owner (macos-15)	Test reusable native owner packages	2026-10-05T02:04:34.3714850Z test ingestion_normalize::tests::order_key_projects_full_records_and_unbounded_decimal_rank ... ok
Native owner (macos-15)	Test reusable native owner packages	2026-10-05T02:04:34.3729260Z test ingestion_normalize::tests::preserves_mapper_values_and_cumulative_partition_across_chunks ... ok
Native owner (macos-15)	Test reusable native owner packages	2026-10-05T02:04:34.3731500Z test ingestion_normalize::tests::rejects_cross_chunk_duplicates_even_when_first_candidate_was_excluded ... ok
Native owner (macos-15)	Test reusable native owner packages	2026-10-05T02:04:34.3745500Z test ingestion_normalize::tests::unknown_long_kind_and_outcome_duplicate_reject_transactionally ... ok
Native owner (macos-15)	Test reusable native owner packages	2026-10-05T02:04:34.4836380Z test ingestion_c01::schema_valid_raw_marker_mutation_is_detected_by_exact_population_oracle ... ok
Native owner (macos-15)	Test reusable native owner packages	2026-10-05T02:04:34.6107260Z test ingestion_pipeline::tests::actual_source_pipeline_hashes_survive_chunks_spills_permutations_and_counts_reconcile ... ok
Native owner (macos-15)	Test reusable native owner packages	2026-10-05T02:04:34.6586030Z test ingestion_pipeline::tests::errors_remove_only_new_bundle_and_missing_evidence_never_succeeds ... ok
Native owner (macos-15)	Test reusable native owner packages	2026-10-05T02:04:34.6664580Z test ingestion_pipeline::tests::transported_source_rows_use_the_same_actual_pipeline ... ignored, requires actual transported source rows and original manifest
Native owner (macos-15)	Test reusable native owner packages	2026-10-05T02:04:34.6671600Z test ingestion_pipeline::tests::rejects_duplicate_top_level_and_nested_json_members_before_value_collapse ... ok
Native owner (macos-15)	Test reusable native owner packages	2026-10-05T02:04:34.6672380Z test ingestion_sort::tests::actual_normalized_values_are_hash_identical_across_orders_and_run_layouts ... ok
Native owner (macos-15)	Test reusable native owner packages	2026-10-05T02:04:34.6680200Z test ingestion_sort::tests::bounded_fanin_requires_multiple_merge_passes_and_handles_large_rank ... ok
Native owner (macos-15)	Test reusable native owner packages	2026-10-05T02:04:34.6681450Z test ingestion_sort::tests::iterator_sink_oversize_invalid_key_and_temp_corruption_fail_with_cleanup ... ok
Native owner (macos-15)	Test reusable native owner packages	2026-10-05T02:04:34.6693150Z test ingestion_validate::tests::bad_policy_caps_cycles_and_oversize_records_reject_without_outputs ... ok
Native owner (macos-15)	Test reusable native owner packages	2026-10-05T02:04:34.6708170Z test ingestion_validate::tests::finalization_work_limit_rejects_before_materializing_occurrence_edge_violations ... ok
Native owner (macos-15)	Test reusable native owner packages	2026-10-05T02:04:34.6710160Z test ingestion_validate::tests::interleaved_cases_and_equal_precedence_are_valid ... ok
Native owner (macos-15)	Test reusable native owner packages	2026-10-05T02:04:34.6711820Z test ingestion_sort::tests::sink_failure_and_bad_limits_cleanup_workspace ... ok
Native owner (macos-15)	Test reusable native owner packages	2026-10-05T02:04:34.6733490Z test ingestion_validate::tests::runtime_case_state_and_partial_line_bounds_fail_closed ... ok
Native owner (macos-15)	Test reusable native owner packages	2026-10-05T02:04:34.6747820Z test ingestion_validate::tests::reversed_precedence_quarantines_whole_interleaved_case ... ok
Native owner (macos-15)	Test reusable native owner packages	2026-10-05T02:04:34.6753310Z test ingestion_validate::tests::same_tick_exit_releases_before_c0_earlier_admission ... ok
Native owner (macos-15)	Test reusable native owner packages	2026-10-05T02:04:34.6840460Z test ingestion_validate::tests::strict_never_publishes_and_window_quarantines_whole_case ... ok
Native owner (macos-15)	Test reusable native owner packages	2026-10-05T02:04:34.6841750Z test ingestion_validate::tests::touching_intervals_are_feasible_and_overlaps_quarantine_both ... ok
Native owner (macos-15)	Test reusable native owner packages	2026-10-05T02:04:34.6842950Z test ingestion_validate::tests::zero_duration_occupancy_is_allowed_and_does_not_consume_capacity ... ok
Native owner (macos-15)	Test reusable native owner packages	2026-10-05T02:04:34.6878440Z test seed_map::tests::every_identity_field_and_root_seed_change_the_frame_and_derived_seed ... ok
Native owner (macos-15)	Test reusable native owner packages	2026-10-05T02:04:34.6879330Z test seed_map::tests::finite_registry_is_idempotent_for_same_identity_and_rejects_collision ... ok
Native owner (macos-15)	Test reusable native owner packages	2026-10-05T02:04:34.6879870Z test seed_map::tests::identity_validation_rejects_invalid_and_oversized_ids ... ok
Native owner (macos-15)	Test reusable native owner packages	2026-10-05T02:04:34.6880430Z test seed_map::tests::length_framing_separates_ambiguous_concatenations ... ok
Native owner (macos-15)	Test reusable native owner packages	2026-10-05T02:04:34.6880940Z test seed_map::tests::normative_golden_bytes_digest_seed_and_draws_match ... ok
Native owner (macos-15)	Test reusable native owner packages	2026-10-05T02:04:34.6881400Z test seed_map::tests::overflow_does_not_advance_rng_or_draw_position ... ok
Native owner (macos-15)	Test reusable native owner packages	2026-10-05T02:04:34.6881860Z test seed_map::tests::purpose_tags_are_exact_u32_little_endian_values ... ok
Native owner (macos-15)	Test reusable native owner packages	2026-10-05T02:04:34.6882340Z test seed_map::tests::unknown_snapshot_versions_and_seed_mismatch_fail_closed ... ok
Native owner (macos-15)	Test reusable native owner packages	2026-10-05T02:04:34.6882860Z test trace_mapping::tests::addition_and_calendar_overflow_preserve_declared_clock_evidence ... ok
Native owner (macos-15)	Test reusable native owner packages	2026-10-05T02:04:34.6883390Z test trace_mapping::tests::derived_lineage_is_retained_and_bad_lineage_becomes_safe_exclusion ... ok
Native owner (macos-15)	Test reusable native owner packages	2026-10-05T02:04:34.6883980Z test trace_mapping::tests::classified_and_subnanosecond_reasons_are_c0_exclusions ... ok
Native owner (macos-15)	Test reusable native owner packages	2026-10-05T02:04:34.6884500Z test trace_mapping::tests::duplicate_and_missing_keys_fail_dataset ... ok
Native owner (macos-15)	Test reusable native owner packages	2026-10-05T02:04:34.6885030Z test trace_mapping::tests::four_semantic_guards_are_unresolved_without_fabricated_events ... ok
Native owner (macos-15)	Test reusable native owner packages	2026-10-05T02:04:34.6885590Z test trace_mapping::tests::fixture_file_executes_raw_requests_and_exact_goldens_only ... ok
Native owner (macos-15)	Test reusable native owner packages	2026-10-05T02:04:34.6886110Z test trace_mapping::tests::integer_clock_preorigin_and_overflow_are_exclusions ... ok
Native owner (macos-15)	Test reusable native owner packages	2026-10-05T02:04:34.6886730Z test trace_mapping::tests::identities_keep_exact_unicode_case_and_ties_ignore_input_row_permutation ... ok
Native owner (macos-15)	Test reusable native owner packages	2026-10-05T02:04:34.6887290Z test trace_mapping::tests::integer_units_are_exactly_equivalent_for_one_second ... ok
Native owner (macos-15)	Test reusable native owner packages	2026-10-05T02:04:34.6888050Z test trace_mapping::tests::missing_occurrence_keeps_available_at_raw_time_c0_safe ... ok
Native owner (macos-15)	Test reusable native owner packages	2026-10-05T02:04:34.6888580Z test trace_mapping::tests::knowledge_cutoff_equality_future_and_unknown_are_reported ... ok
Native owner (macos-15)	Test reusable native owner packages	2026-10-05T02:04:34.6889600Z test trace_mapping::tests::optional_clocks_are_role_normalized_and_distinct ... ok
Native owner (macos-15)	Test reusable native owner packages	2026-10-05T02:04:34.6890100Z test trace_mapping::tests::outputs_full_c0_and_raw_mutation_changes_clock ... ok
Native owner (macos-15)	Test reusable native owner packages	2026-10-05T02:04:34.6890730Z test trace_mapping::tests::observed_task_started_survives_and_future_outcome_cannot_change_knowledge ... ok
Native owner (macos-15)	Test reusable native owner packages	2026-10-05T02:04:34.6891260Z test trace_mapping::tests::ranks_above_u64_sort_numerically ... ok
Native owner (macos-15)	Test reusable native owner packages	2026-10-05T02:04:34.6891780Z test trace_mapping::tests::reversed_open_intervals_and_cohort_denominator_are_diagnostic_only ... ok
Native owner (macos-15)	Test reusable native owner packages	2026-10-05T02:04:34.6893430Z test trace_mapping::tests::semantic_guards_emit_no_c0_records ... ok
Native owner (macos-15)	Test reusable native owner packages	2026-10-05T02:04:34.6894550Z test trace_mapping::tests::signed_relative_helper_covers_full_i128_u128_domain ... ok
Native owner (macos-15)	Test reusable native owner packages	2026-10-05T02:04:34.6895180Z test trace_mapping::tests::right_censored_outcome_keeps_last_observed_separate ... ok
Native owner (macos-15)	Test reusable native owner packages	2026-10-05T02:04:34.6895760Z test trace_mapping::tests::source_order_and_occurrence_limits_are_validated_before_clocks ... ok
Native owner (macos-15)	Test reusable native owner packages	2026-10-05T02:04:34.6896420Z test trace_mapping::tests::timestamp_mutations_reject_unknown_offset_naive_and_noncanonical_but_allow_zero_tail ... ok
Native owner (macos-15)	Test reusable native owner packages	2026-10-05T02:04:34.6898220Z test trace_mapping::tests::wide_episode_end_does_not_infer_later_boarding_departure ... ok
Native owner (macos-15)	Test reusable native owner packages	2026-10-05T02:04:34.6900020Z test trace_order::tests::equal_keys_compare_equal_and_sorting_is_independent_of_all_permutations ... ok
Native owner (macos-15)	Test reusable native owner packages	2026-10-05T02:04:34.6901430Z test trace_order::tests::order_tuple_uses_each_component_in_declared_precedence ... ok
Native owner (macos-15)	Test reusable native owner packages	2026-10-05T02:04:34.6902840Z test trace_order::tests::rank_comparison_is_numeric_without_fixed_width_conversion ... ok
Native owner (macos-15)	Test reusable native owner packages	2026-10-05T02:04:34.6904290Z test trace_order::tests::rank_requires_canonical_ascii_unsigned_decimal ... ok
Native owner (macos-15)	Test reusable native owner packages	2026-10-05T02:04:34.6905510Z test trace_order::tests::text_order_is_unsigned_utf8_bytewise_without_normalization ... ok
Native owner (macos-15)	Test reusable native owner packages	2026-10-05T02:04:34.6906870Z test trace_mapping::tests::wide_row_emits_one_outcome_even_if_event_is_excluded ... ok
Native owner (macos-15)	Test reusable native owner packages	2026-10-05T02:04:37.3151020Z test ingestion_c01::self_contained_three_profile_cartesian_matrix_has_exact_population_bytes ... ok
Native owner (macos-15)	Test reusable native owner packages	2026-10-05T02:04:37.3152080Z 
Native owner (macos-15)	Test reusable native owner packages	2026-10-05T02:04:37.3152560Z test result: ok. 59 passed; 0 failed; 2 ignored; 0 measured; 0 filtered out; finished in 2.95s
Native owner (macos-15)	Test reusable native owner packages	2026-10-05T02:04:37.3153330Z 
Native owner (macos-15)	Test reusable native owner packages	2026-10-05T02:04:37.3154640Z      Running tests/arrow_output_c43.rs (target/debug/deps/arrow_output_c43-52c2f262066f739c)
Native owner (macos-15)	Test reusable native owner packages	2026-10-05T02:04:37.3255770Z 
Native owner (macos-15)	Test reusable native owner packages	2026-10-05T02:04:37.3256080Z running 0 tests
Native owner (macos-15)	Test reusable native owner packages	2026-10-05T02:04:37.3256440Z 
Native owner (macos-15)	Test reusable native owner packages	2026-10-05T02:04:37.3257310Z test result: ok. 0 passed; 0 failed; 0 ignored; 0 measured; 0 filtered out; finished in 0.00s
Native owner (macos-15)	Test reusable native owner packages	2026-10-05T02:04:37.3257770Z 
Native owner (macos-15)	Test reusable native owner packages	2026-10-05T02:04:37.3263600Z      Running tests/cohorts_c42.rs (target/debug/deps/cohorts_c42-dfe330efc17c896f)
Native owner (macos-15)	Test reusable native owner packages	2026-10-05T02:04:37.3381510Z 
Native owner (macos-15)	Test reusable native owner packages	2026-10-05T02:04:37.3383190Z running 4 tests
Native owner (macos-15)	Test reusable native owner packages	2026-10-05T02:04:37.3386490Z test permutation_provenance_weight_and_window_negatives ... ok
Native owner (macos-15)	Test reusable native owner packages	2026-10-05T02:04:37.3386910Z test nonpoint_outcomes_remain_counted_with_overlap ... ok
Native owner (macos-15)	Test reusable native owner packages	2026-10-05T02:04:37.3388140Z test identities_duplicates_and_unknown_groups_fail_without_losing_attempts ... ok
Native owner (macos-15)	Test reusable native owner packages	2026-10-05T02:04:37.3388690Z test source_window_and_empty_stratum_preserve_coverage ... ok
Native owner (macos-15)	Test reusable native owner packages	2026-10-05T02:04:37.3388950Z 
Native owner (macos-15)	Test reusable native owner packages	2026-10-05T02:04:37.3389160Z test result: ok. 4 passed; 0 failed; 0 ignored; 0 measured; 0 filtered out; finished in 0.00s
Native owner (macos-15)	Test reusable native owner packages	2026-10-05T02:04:37.3389450Z 
Native owner (macos-15)	Test reusable native owner packages	2026-10-05T02:04:37.3390580Z      Running tests/distance_c42.rs (target/debug/deps/distance_c42-b101312b56c4ad45)
Native owner (macos-15)	Test reusable native owner packages	2026-10-05T02:04:37.3499360Z 
Native owner (macos-15)	Test reusable native owner packages	2026-10-05T02:04:37.3499640Z running 14 tests
Native owner (macos-15)	Test reusable native owner packages	2026-10-05T02:04:37.3500240Z test deterministic_100k_point_shift_timing ... ignored, bounded synthetic distance timing receipt; coordinator executes once
Native owner (macos-15)	Test reusable native owner packages	2026-10-05T02:04:37.3505400Z test both_empty_populations_are_empty ... ok
Native owner (macos-15)	Test reusable native owner packages	2026-10-05T02:04:37.3507780Z test checked_arithmetic_overflow_is_invalid ... ok
Native owner (macos-15)	Test reusable native owner packages	2026-10-05T02:04:37.3508260Z test exact_common_origin_offsets_are_checked_before_conversion ... ok
Native owner (macos-15)	Test reusable native owner packages	2026-10-05T02:04:37.3509220Z test malformed_weight_with_valid_origin_is_ordinary_invalid_precision ... ok
Native owner (macos-15)	Test reusable native owner packages	2026-10-05T02:04:37.3510040Z test null_aligned_zero_weight_stays_in_count_and_adds_no_mass ... ok
Native owner (macos-15)	Test reusable native owner packages	2026-10-05T02:04:37.3510440Z test identical_populations_compute_zero_distances ... ok
Native owner (macos-15)	Test reusable native owner packages	2026-10-05T02:04:37.3510870Z test positive_rational_tick_scale_is_supported_exactly ... ok
Native owner (macos-15)	Test reusable native owner packages	2026-10-05T02:04:37.3511250Z test scale_and_algorithm_weight_contract_are_enforced ... ok
Native owner (macos-15)	Test reusable native owner packages	2026-10-05T02:04:37.3511630Z test signed_rational_supports_are_exactly_ordered ... ok
Native owner (macos-15)	Test reusable native owner packages	2026-10-05T02:04:37.3512000Z test tick_overflow_remains_rejected_precision ... ok
Native owner (macos-15)	Test reusable native owner packages	2026-10-05T02:04:37.3512370Z test tied_weighted_support_permutation_is_bitwise_stable ... ok
Native owner (macos-15)	Test reusable native owner packages	2026-10-05T02:04:37.3512670Z test ties_are_aggregated_before_cdf_updates ... ok
Native owner (macos-15)	Test reusable native owner packages	2026-10-05T02:04:37.3512990Z test weighted_descriptive_uses_exact_per_side_normalization ... ok
Native owner (macos-15)	Test reusable native owner packages	2026-10-05T02:04:37.3513270Z 
Native owner (macos-15)	Test reusable native owner packages	2026-10-05T02:04:37.3513520Z test result: ok. 13 passed; 0 failed; 1 ignored; 0 measured; 0 filtered out; finished in 0.00s
Native owner (macos-15)	Test reusable native owner packages	2026-10-05T02:04:37.3513870Z 
Native owner (macos-15)	Test reusable native owner packages	2026-10-05T02:04:37.3514050Z      Running tests/metrics_c41.rs (target/debug/deps/metrics_c41-be30cbd639c0ba74)
Native owner (macos-15)	Test reusable native owner packages	2026-10-05T02:04:37.3653580Z 
Native owner (macos-15)	Test reusable native owner packages	2026-10-05T02:04:37.3654550Z running 9 tests
Native owner (macos-15)	Test reusable native owner packages	2026-10-05T02:04:37.3655930Z test c42_candidate_report ... ignored, C4.2 runtime producer is not implemented; candidate report required
Native owner (macos-15)	Test reusable native owner packages	2026-10-05T02:04:37.3788590Z test comparator_enforces_numeric_tolerance_boundaries_and_domains ... ok
Native owner (macos-15)	Test reusable native owner packages	2026-10-05T02:04:37.3824630Z test comparator_rejects_fixture_mutations ... ok
Native owner (macos-15)	Test reusable native owner packages	2026-10-05T02:04:37.3864320Z test comparator_accepts_explicitly_labeled_mock_only ... ok
Native owner (macos-15)	Test reusable native owner packages	2026-10-05T02:04:37.3864910Z test fixture_protocol_and_coverage ... ok
Native owner (macos-15)	Test reusable native owner packages	2026-10-05T02:04:37.3865340Z test comparator_rejects_contract_mutations ... ok
Native owner (macos-15)	Test reusable native owner packages	2026-10-05T02:04:37.3865890Z test reference_expected_values_are_exact_rationals_and_protocol_coherent ... ok
Native owner (macos-15)	Test reusable native owner packages	2026-10-05T02:04:37.3901870Z test comparator_rejects_omitted_metadata_and_wrong_algorithm_set ... ok
Native owner (macos-15)	Test reusable native owner packages	2026-10-05T02:04:37.3929250Z test runtime_gate_rejects_mock_and_missing_producer_binding ... ok
Native owner (macos-15)	Test reusable native owner packages	2026-10-05T02:04:37.3929730Z 
Native owner (macos-15)	Test reusable native owner packages	2026-10-05T02:04:37.3930200Z test result: ok. 8 passed; 0 failed; 1 ignored; 0 measured; 0 filtered out; finished in 0.03s
Native owner (macos-15)	Test reusable native owner packages	2026-10-05T02:04:37.3930680Z 
Native owner (macos-15)	Test reusable native owner packages	2026-10-05T02:04:37.3934540Z      Running tests/metrics_c42.rs (target/debug/deps/metrics_c42-39773ef9bbb62669)
Native owner (macos-15)	Test reusable native owner packages	2026-10-05T02:04:37.4053340Z 
Native owner (macos-15)	Test reusable native owner packages	2026-10-05T02:04:37.4053720Z running 7 tests
Native owner (macos-15)	Test reusable native owner packages	2026-10-05T02:04:37.4100780Z test actual_conditional_metric_exposes_opposite_dependence_and_keeps_empty_group ... ok
Native owner (macos-15)	Test reusable native owner packages	2026-10-05T02:04:37.4127120Z test optional_report_requires_committed_source_binding ... ok
Native owner (macos-15)	Test reusable native owner packages	2026-10-05T02:04:37.4130310Z test nulls_remain_missing_while_malformed_and_weight_errors_are_rejected ... ok
Native owner (macos-15)	Test reusable native owner packages	2026-10-05T02:04:37.4132000Z test unrelated_or_absent_commit_claim_cannot_bind_written_report ... ok
Native owner (macos-15)	Test reusable native owner packages	2026-10-05T02:04:37.4133200Z test unrelated_toolchain_claim_is_rejected ... ok
Native owner (macos-15)	Test reusable native owner packages	2026-10-05T02:04:37.4396510Z test default_actual_producer_executes_all_frozen_cases ... ok
Native owner (macos-15)	Test reusable native owner packages	2026-10-05T02:04:37.4842890Z test producer_output_is_invariant_to_removed_or_mutated_expected_values ... ok
Native owner (macos-15)	Test reusable native owner packages	2026-10-05T02:04:37.4843770Z 
Native owner (macos-15)	Test reusable native owner packages	2026-10-05T02:04:37.4844350Z test result: ok. 7 passed; 0 failed; 0 ignored; 0 measured; 0 filtered out; finished in 0.08s
Native owner (macos-15)	Test reusable native owner packages	2026-10-05T02:04:37.4845180Z 
Native owner (macos-15)	Test reusable native owner packages	2026-10-05T02:04:37.4845690Z      Running tests/residuals_c42.rs (target/debug/deps/residuals_c42-bbc10fe21357becb)
Native owner (macos-15)	Test reusable native owner packages	2026-10-05T02:04:37.4973580Z 
Native owner (macos-15)	Test reusable native owner packages	2026-10-05T02:04:37.4974090Z running 23 tests
Native owner (macos-15)	Test reusable native owner packages	2026-10-05T02:04:37.4986980Z test contradictory_status_and_tick_inputs_are_invalid_and_retained ... ok
Native owner (macos-15)	Test reusable native owner packages	2026-10-05T02:04:37.4994590Z test cohort_mismatch_is_invalid_across_prespecified_groups ... ok
Native owner (macos-15)	Test reusable native owner packages	2026-10-05T02:04:37.4995140Z test duplicate_logical_side_key_is_invalid_not_deduplicated ... ok
Native owner (macos-15)	Test reusable native owner packages	2026-10-05T02:04:37.4995620Z test exact_float_values_above_two_to_53_do_not_raise_rounding_flag ... ok
Native owner (macos-15)	Test reusable native owner packages	2026-10-05T02:04:37.4996100Z test exact_residual_covers_full_u128_range ... ok
Native owner (macos-15)	Test reusable native owner packages	2026-10-05T02:04:37.4996820Z test infeasible_valid_prediction_remains_in_error_summary ... ok
Native owner (macos-15)	Test reusable native owner packages	2026-10-05T02:04:37.4997410Z test invalid_grouping_retains_raw_rows_and_counts ... ok
Native owner (macos-15)	Test reusable native owner packages	2026-10-05T02:04:37.4997720Z test invalid_window_is_reported ... ok
Native owner (macos-15)	Test reusable native owner packages	2026-10-05T02:04:37.4998000Z test invalid_middle_pair_retains_full_batch_rows_counts_and_order ... ok
Native owner (macos-15)	Test reusable native owner packages	2026-10-05T02:04:37.4998470Z test logical_key_requires_all_identity_strings_and_known_purpose ... ok
Native owner (macos-15)	Test reusable native owner packages	2026-10-05T02:04:37.4998910Z test matched_rows_are_prediction_minus_observation_and_order_invariant ... ok
Native owner (macos-15)	Test reusable native owner packages	2026-10-05T02:04:37.4999430Z test missing_censored_failed_and_infeasible_attempts_keep_diagnostics ... ok
Native owner (macos-15)	Test reusable native owner packages	2026-10-05T02:04:37.4999770Z test prespecified_empty_group_is_emitted ... ok
Native owner (macos-15)	Test reusable native owner packages	2026-10-05T02:04:37.5000130Z test missing_selection_time_does_not_fall_back_to_prediction ... ok
Native owner (macos-15)	Test reusable native owner packages	2026-10-05T02:04:37.5000500Z test same_logical_key_in_different_groups_is_invalid_and_retained ... ok
Native owner (macos-15)	Test reusable native owner packages	2026-10-05T02:04:37.5000930Z test simulation_failed_or_infeasible_rows_cannot_carry_observed_ticks ... ok
Native owner (macos-15)	Test reusable native owner packages	2026-10-05T02:04:37.5001330Z test source_selection_times_must_match_within_pair ... ok
Native owner (macos-15)	Test reusable native owner packages	2026-10-05T02:04:37.5001640Z test statuses_and_diagnostics_are_preserved_and_overlap ... ok
Native owner (macos-15)	Test reusable native owner packages	2026-10-05T02:04:37.5001960Z test unclamped_attestation_and_tick_unit_are_required ... ok
Native owner (macos-15)	Test reusable native owner packages	2026-10-05T02:04:37.5002350Z test unknown_row_group_is_retained_when_other_groups_are_declared ... ok
Native owner (macos-15)	Test reusable native owner packages	2026-10-05T02:04:37.5002750Z test unsupported_provenance_is_unverified_and_retained ... ok
Native owner (macos-15)	Test reusable native owner packages	2026-10-05T02:04:37.5003090Z test window_is_half_open_on_selection_time ... ok
Native owner (macos-15)	Test reusable native owner packages	2026-10-05T02:04:37.5118450Z test bounded_large_paired_cohort_keeps_complete_counts ... ok
Native owner (macos-15)	Test reusable native owner packages	2026-10-05T02:04:37.5118720Z 
Native owner (macos-15)	Test reusable native owner packages	2026-10-05T02:04:37.5119830Z test result: ok. 23 passed; 0 failed; 0 ignored; 0 measured; 0 filtered out; finished in 0.02s
Native owner (macos-15)	Test reusable native owner packages	2026-10-05T02:04:37.5120760Z 
Native owner (macos-15)	Test reusable native owner packages	2026-10-05T02:04:37.5121470Z      Running tests/seed_map.rs (target/debug/deps/seed_map-9795a33c4ae78eaa)
Native owner (macos-15)	Test reusable native owner packages	2026-10-05T02:04:37.5222980Z 
Native owner (macos-15)	Test reusable native owner packages	2026-10-05T02:04:37.5223520Z running 5 tests
Native owner (macos-15)	Test reusable native owner packages	2026-10-05T02:04:37.5233230Z test owned_snapshots_resume_at_positions_zero_and_one ... ok
Native owner (macos-15)	Test reusable native owner packages	2026-10-05T02:04:37.5234600Z test paired_candidates_share_schedule_streams_and_independent_schedules_diverge ... ok
Native owner (macos-15)	Test reusable native owner packages	2026-10-05T02:04:37.5235810Z test independent_python_golden_seed_and_draws_match ... ok
Native owner (macos-15)	Test reusable native owner packages	2026-10-05T02:04:37.5236210Z test unknown_seed_map_version_fails_explicitly ... ok
Native owner (macos-15)	Test reusable native owner packages	2026-10-05T02:04:37.5236580Z test reordered_registration_and_interleaved_draws_preserve_purpose_sequences ... ok
Native owner (macos-15)	Test reusable native owner packages	2026-10-05T02:04:37.5236910Z 
Native owner (macos-15)	Test reusable native owner packages	2026-10-05T02:04:37.5238770Z test result: ok. 5 passed; 0 failed; 0 ignored; 0 measured; 0 filtered out; finished in 0.00s
Native owner (macos-15)	Test reusable native owner packages	2026-10-05T02:04:37.5239550Z 
Native owner (macos-15)	Test reusable native owner packages	2026-10-05T02:04:37.5240160Z      Running tests/sidecar_adapter_c43.rs (target/debug/deps/sidecar_adapter_c43-dd108445960b44f8)
Native owner (macos-15)	Test reusable native owner packages	2026-10-05T02:04:37.5350700Z 
Native owner (macos-15)	Test reusable native owner packages	2026-10-05T02:04:37.5350800Z running 12 tests
Native owner (macos-15)	Test reusable native owner packages	2026-10-05T02:04:37.5421940Z test c43_empty_residual_population_still_emits_declared_empty_metric_summaries ... ok
Native owner (macos-15)	Test reusable native owner packages	2026-10-05T02:04:37.5453870Z test c43_contradictory_source_clocks_fail_and_retain_both_raw_sides ... ok
Native owner (macos-15)	Test reusable native owner packages	2026-10-05T02:04:37.5455830Z test c43_emits_c0_sidecars_from_kernels_and_joins_explicit_event ... ok
Native owner (macos-15)	Test reusable native owner packages	2026-10-05T02:04:37.5456340Z test c43_in_window_nonpoint_is_ineligible_but_not_window_excluded ... ok
Native owner (macos-15)	Test reusable native owner packages	2026-10-05T02:04:37.5456830Z test c43_failed_prediction_preserves_reference_censor_and_missing_lineage ... ok
Native owner (macos-15)	Test reusable native owner packages	2026-10-05T02:04:37.5457330Z test c43_input_permutation_preserves_logical_records_and_metric_bits ... ok
Native owner (macos-15)	Test reusable native owner packages	2026-10-05T02:04:37.5457850Z test c43_max_u128_is_exact_and_window_exclusion_does_not_rewrite_point_residual ... ok
Native owner (macos-15)	Test reusable native owner packages	2026-10-05T02:04:37.5458370Z test c43_invalid_run_event_hash_and_duplicate_key_fail_with_raw_diagnostics ... ok
Native owner (macos-15)	Test reusable native owner packages	2026-10-05T02:04:37.5458880Z test c43_noncomputed_statuses_keep_null_contract_and_overlapping_counts ... ok
Native owner (macos-15)	Test reusable native owner packages	2026-10-05T02:04:37.5459370Z test c43_structurally_invalid_metric_rows_fail_with_both_raw_cohorts ... ok
Native owner (macos-15)	Test reusable native owner packages	2026-10-05T02:04:37.5459890Z test c43_paired_metric_denominator_is_matched_pairs_and_manifest_keeps_cohort_counts ... ok
Native owner (macos-15)	Test reusable native owner packages	2026-10-05T02:04:37.5480260Z test c43_unmatched_missing_failed_and_infeasible_pairs_keep_schema_statuses ... ok
Native owner (macos-15)	Test reusable native owner packages	2026-10-05T02:04:37.5481780Z 
Native owner (macos-15)	Test reusable native owner packages	2026-10-05T02:04:37.5482590Z test result: ok. 12 passed; 0 failed; 0 ignored; 0 measured; 0 filtered out; finished in 0.01s
Native owner (macos-15)	Test reusable native owner packages	2026-10-05T02:04:37.5483350Z 
Native owner (macos-15)	Test reusable native owner packages	2026-10-05T02:04:37.5483960Z      Running tests/sidecar_pipeline_c43.rs (target/debug/deps/sidecar_pipeline_c43-dd6b2d172f7b3d88)
Native owner (macos-15)	Test reusable native owner packages	2026-10-05T02:04:37.5597280Z 
Native owner (macos-15)	Test reusable native owner packages	2026-10-05T02:04:37.5597940Z running 0 tests
Native owner (macos-15)	Test reusable native owner packages	2026-10-05T02:04:37.5598260Z 
Native owner (macos-15)	Test reusable native owner packages	2026-10-05T02:04:37.5598940Z test result: ok. 0 passed; 0 failed; 0 ignored; 0 measured; 0 filtered out; finished in 0.00s
Native owner (macos-15)	Test reusable native owner packages	2026-10-05T02:04:37.5599830Z 
Native owner (macos-15)	Test reusable native owner packages	2026-10-05T02:04:37.5603210Z      Running unittests src/lib.rs (target/debug/deps/kairo_ecs_core-c862213fcc5f3bc4)
Native owner (macos-15)	Test reusable native owner packages	2026-10-05T02:04:37.5711530Z 
Native owner (macos-15)	Test reusable native owner packages	2026-10-05T02:04:37.5712570Z running 17 tests
Native owner (macos-15)	Test reusable native owner packages	2026-10-05T02:04:37.5714720Z test tests::cancelled_future_event_does_not_force_limit_after_active_events_finish ... ok
Native owner (macos-15)	Test reusable native owner packages	2026-10-05T02:04:37.5715180Z test tests::cancellation_rejects_unknown_and_dispatched_events ... ok
Native owner (macos-15)	Test reusable native owner packages	2026-10-05T02:04:37.5715670Z test tests::cancellation_skips_event_without_reordering_rest ... ok
Native owner (macos-15)	Test reusable native owner packages	2026-10-05T02:04:37.5716130Z test tests::core_status_codes_match_the_ffi_contract ... ok
Native owner (macos-15)	Test reusable native owner packages	2026-10-05T02:04:37.5716490Z test tests::dispatches_by_time_priority_then_sequence ... ok
Native owner (macos-15)	Test reusable native owner packages	2026-10-05T02:04:37.5716930Z test tests::facade_exposes_scheduler_stats_snapshot ... ok
Native owner (macos-15)	Test reusable native owner packages	2026-10-05T02:04:37.5718210Z test tests::facade_maps_cancellation_and_limit_statuses ... ok
Native owner (macos-15)	Test reusable native owner packages	2026-10-05T02:04:37.5718640Z test tests::facade_reports_invalid_priority_without_scheduling ... ok
Native owner (macos-15)	Test reusable native owner packages	2026-10-05T02:04:37.5719000Z test tests::facade_schedules_steps_and_exposes_status_codes ... ok
Native owner (macos-15)	Test reusable native owner packages	2026-10-05T02:04:37.5719350Z test tests::recording_scheduler_exposes_cancel_run_and_state ... ok
Native owner (macos-15)	Test reusable native owner packages	2026-10-05T02:04:37.5719660Z test tests::run_for_is_bounded ... ok
Native owner (macos-15)	Test reusable native owner packages	2026-10-05T02:04:37.5720930Z test tests::run_for_with_zero_limit_reports_limit_reached ... ok
Native owner (macos-15)	Test reusable native owner packages	2026-10-05T02:04:37.5722140Z test tests::run_until_or_for_does_not_dispatch_past_time_limit_with_remaining_budget ... ok
Native owner (macos-15)	Test reusable native owner packages	2026-10-05T02:04:37.5723490Z test tests::run_until_or_for_reports_limit_reached_when_event_budget_is_exhausted_first ... ok
Native owner (macos-15)	Test reusable native owner packages	2026-10-05T02:04:37.5724510Z test tests::run_until_or_for_stops_on_bounds ... ok
Native owner (macos-15)	Test reusable native owner packages	2026-10-05T02:04:37.5725210Z test tests::run_until_stops_at_time_limit ... ok
Native owner (macos-15)	Test reusable native owner packages	2026-10-05T02:04:37.5726130Z test tests::scheduler_stats_track_scheduled_cancelled_dispatched_and_pending ... ok
Native owner (macos-15)	Test reusable native owner packages	2026-10-05T02:04:37.5727020Z 
Native owner (macos-15)	Test reusable native owner packages	2026-10-05T02:04:37.5727550Z test result: ok. 17 passed; 0 failed; 0 ignored; 0 measured; 0 filtered out; finished in 0.00s
Native owner (macos-15)	Test reusable native owner packages	2026-10-05T02:04:37.5728280Z 
Native owner (macos-15)	Test reusable native owner packages	2026-10-05T02:04:37.5728550Z      Running tests/conformance_fixtures.rs (target/debug/deps/conformance_fixtures-ac0071e85d007833)
Native owner (macos-15)	Test reusable native owner packages	2026-10-05T02:04:37.5833760Z 
Native owner (macos-15)	Test reusable native owner packages	2026-10-05T02:04:37.5834410Z running 4 tests
Native owner (macos-15)	Test reusable native owner packages	2026-10-05T02:04:37.5844900Z test conformance_rng_replay ... ok
Native owner (macos-15)	Test reusable native owner packages	2026-10-05T02:04:37.5845640Z test conformance_deterministic_ordering ... ok
Native owner (macos-15)	Test reusable native owner packages	2026-10-05T02:04:37.5846480Z test conformance_cancellation ... ok
Native owner (macos-15)	Test reusable native owner packages	2026-10-05T02:04:37.5847200Z test conformance_zero_delay_guard ... ok
Native owner (macos-15)	Test reusable native owner packages	2026-10-05T02:04:37.5847600Z 
Native owner (macos-15)	Test reusable native owner packages	2026-10-05T02:04:37.5848110Z test result: ok. 4 passed; 0 failed; 0 ignored; 0 measured; 0 filtered out; finished in 0.00s
Native owner (macos-15)	Test reusable native owner packages	2026-10-05T02:04:37.5848860Z 
Native owner (macos-15)	Test reusable native owner packages	2026-10-05T02:04:37.5849340Z      Running tests/integration.rs (target/debug/deps/integration-f1f1d7459d83b03a)
Native owner (macos-15)	Test reusable native owner packages	2026-10-05T02:04:37.5907540Z 
Native owner (macos-15)	Test reusable native owner packages	2026-10-05T02:04:37.5907810Z running 8 tests
Native owner (macos-15)	Test reusable native owner packages	2026-10-05T02:04:37.5910910Z test test_cancel_then_schedule ... ok
Native owner (macos-15)	Test reusable native owner packages	2026-10-05T02:04:37.5911650Z test test_empty_scheduler ... ok
Native owner (macos-15)	Test reusable native owner packages	2026-10-05T02:04:37.5911910Z test test_deterministic_replay ... ok
Native owner (macos-15)	Test reusable native owner packages	2026-10-05T02:04:37.5912210Z test test_run_for_bounds ... ok
Native owner (macos-15)	Test reusable native owner packages	2026-10-05T02:04:37.5912410Z test test_run_until_bounds ... ok
Native owner (macos-15)	Test reusable native owner packages	2026-10-05T02:04:37.5912590Z test test_trace_recorder ... ok
Native owner (macos-15)	Test reusable native owner packages	2026-10-05T02:04:37.5912780Z test test_zero_delay_guard ... ok
Native owner (macos-15)	Test reusable native owner packages	2026-10-05T02:04:37.6134200Z test test_large_event_count ... ok
Native owner (macos-15)	Test reusable native owner packages	2026-10-05T02:04:37.6134500Z 
Native owner (macos-15)	Test reusable native owner packages	2026-10-05T02:04:37.6135670Z test result: ok. 8 passed; 0 failed; 0 ignored; 0 measured; 0 filtered out; finished in 0.02s
Native owner (macos-15)	Test reusable native owner packages	2026-10-05T02:04:37.6136270Z 
Native owner (macos-15)	Test reusable native owner packages	2026-10-05T02:04:37.6136780Z      Running tests/scheduler_preview_v1.rs (target/debug/deps/scheduler_preview_v1-85bd1fbc829876db)
Native owner (macos-15)	Test reusable native owner packages	2026-10-05T02:04:37.6241090Z 
Native owner (macos-15)	Test reusable native owner packages	2026-10-05T02:04:37.6241370Z running 7 tests
Native owner (macos-15)	Test reusable native owner packages	2026-10-05T02:04:37.6245550Z test cancelled_future_only_queue_is_empty_not_limit_reached ... ok
Native owner (macos-15)	Test reusable native owner packages	2026-10-05T02:04:37.6246000Z test all_fields_and_copied_snapshot_match_exact_dispatch ... ok
Native owner (macos-15)	Test reusable native owner packages	2026-10-05T02:04:37.6246350Z test cancelled_heads_are_pruned_without_stats_or_time_changes ... ok
Native owner (macos-15)	Test reusable native owner packages	2026-10-05T02:04:37.6246660Z test empty_preview_preserves_all_stats ... ok
Native owner (macos-15)	Test reusable native owner packages	2026-10-05T02:04:37.6246950Z test ordering_is_time_then_priority_then_insertion_sequence ... ok
Native owner (macos-15)	Test reusable native owner packages	2026-10-05T02:04:37.6247280Z test preview_then_cancel_exposes_next_live_identity ... ok
Native owner (macos-15)	Test reusable native owner packages	2026-10-05T02:04:37.6247640Z test scheduling_can_change_preview_without_consuming_old_head ... ok
Native owner (macos-15)	Test reusable native owner packages	2026-10-05T02:04:37.6247890Z 
Native owner (macos-15)	Test reusable native owner packages	2026-10-05T02:04:37.6252040Z test result: ok. 7 passed; 0 failed; 0 ignored; 0 measured; 0 filtered out; finished in 0.00s
Native owner (macos-15)	Test reusable native owner packages	2026-10-05T02:04:37.6252350Z 
Native owner (macos-15)	Test reusable native owner packages	2026-10-05T02:04:37.6254180Z      Running tests/scheduler_properties.rs (target/debug/deps/scheduler_properties-223ad3f65463271b)
Native owner (macos-15)	Test reusable native owner packages	2026-10-05T02:04:37.6364020Z 
Native owner (macos-15)	Test reusable native owner packages	2026-10-05T02:04:37.6364330Z running 3 tests
Native owner (macos-15)	Test reusable native owner packages	2026-10-05T02:04:37.6376760Z test repeated_equal_priority_events_keep_their_insertion_sequence ... ok
Native owner (macos-15)	Test reusable native owner packages	2026-10-05T02:04:37.6981290Z test generated_events_follow_time_priority_and_insertion_order ... ok
Native owner (macos-15)	Test reusable native owner packages	2026-10-05T02:04:37.7059630Z test generated_cancellations_remove_only_selected_events ... ok
Native owner (macos-15)	Test reusable native owner packages	2026-10-05T02:04:37.7060010Z 
Native owner (macos-15)	Test reusable native owner packages	2026-10-05T02:04:37.7060230Z test result: ok. 3 passed; 0 failed; 0 ignored; 0 measured; 0 filtered out; finished in 0.07s
Native owner (macos-15)	Test reusable native owner packages	2026-10-05T02:04:37.7060530Z 
Native owner (macos-15)	Test reusable native owner packages	2026-10-05T02:04:37.7061890Z      Running unittests src/lib.rs (target/debug/deps/kairo_ecs_des-a830b54a5ecff050)
Native owner (macos-15)	Test reusable native owner packages	2026-10-05T02:04:37.7096290Z 
Native owner (macos-15)	Test reusable native owner packages	2026-10-05T02:04:37.7097280Z running 125 tests
Native owner (macos-15)	Test reusable native owner packages	2026-10-05T02:04:37.7114790Z test flow::actor_domain_private_tests::carrier_batch_counter_overflow_reserves_nothing ... ok
Native owner (macos-15)	Test reusable native owner packages	2026-10-05T02:04:37.7236610Z test flow::actor_domain_private_tests::carrier_aggregate_cleanup_overflow_retains_exact_head ... ok
Native owner (macos-15)	Test reusable native owner packages	2026-10-05T02:04:37.7346150Z test flow::actor_domain_private_tests::carrier_active_resource_cleanup_overflow_retains_allocation_queue_and_progress ... ok
Native owner (macos-15)	Test reusable native owner packages	2026-10-05T02:04:37.7384990Z test flow::actor_domain_private_tests::carrier_cleanup_counts_actor_and_each_owned_work_once ... ok
Native owner (macos-15)	Test reusable native owner packages	2026-10-05T02:04:37.7385740Z test flow::actor_domain_private_tests::carrier_creation_counter_overflow_has_no_partial_entity_or_index ... ok
Native owner (macos-15)	Test reusable native owner packages	2026-10-05T02:04:37.7488580Z test flow::actor_domain_private_tests::carrier_cleanup_corruption_retains_despawn_head_and_context ... ok
Native owner (macos-15)	Test reusable native owner packages	2026-10-05T02:04:37.7590430Z test flow::actor_domain_private_tests::carrier_creation_orphan_and_task_index_reject_atomically ... ok
Native owner (macos-15)	Test reusable native owner packages	2026-10-05T02:04:37.7708450Z test flow::actor_domain_private_tests::carrier_corrupt_role_index_and_metadata_retain_domain_head ... ok
Native owner (macos-15)	Test reusable native owner packages	2026-10-05T02:04:37.7809770Z test flow::actor_domain_private_tests::carrier_missing_context_is_consumed_stale_not_structural_error ... ok
Native owner (macos-15)	Test reusable native owner packages	2026-10-05T02:04:37.7911140Z test flow::actor_domain_private_tests::task_missing_spec_remains_consumed_stale ... ok
Native owner (macos-15)	Test reusable native owner packages	2026-10-05T02:04:37.8014290Z test flow::actor_domain_private_tests::carrier_missing_spec_with_either_ownership_witness_retains_exact_head ... ok
Native owner (macos-15)	Test reusable native owner packages	2026-10-05T02:04:37.8117490Z test flow::buffered_despawn_private_tests::despawn_aggregate_cleanup_overflow_retains_pending_reservation_and_exact_head ... ok
Native owner (macos-15)	Test reusable native owner packages	2026-10-05T02:04:37.8220340Z test flow::buffered_despawn_private_tests::despawn_batch_release_then_duplicate_rolls_back_all_reservations ... ok
Native owner (macos-15)	Test reusable native owner packages	2026-10-05T02:04:37.8321900Z test flow::buffered_despawn_private_tests::despawn_batch_acquire_then_despawn_and_reverse_admit_atomically ... ok
Native owner (macos-15)	Test reusable native owner packages	2026-10-05T02:04:37.8423540Z test flow::buffered_despawn_private_tests::despawn_batch_time_counter_and_cap_failures_roll_back ... ok
Native owner (macos-15)	Test reusable native owner packages	2026-10-05T02:04:37.8525360Z test flow::buffered_despawn_private_tests::despawn_direct_duplicate_reservation_preserves_first_event_and_actor ... ok
Native owner (macos-15)	Test reusable native owner packages	2026-10-05T02:04:37.8628000Z test flow::buffered_despawn_private_tests::despawn_budget_fail_stop_retains_pending_head ... ok
Native owner (macos-15)	Test reusable native owner packages	2026-10-05T02:04:37.8736000Z test flow::continuation_private::batch_identity_overflow_retains_head_context_and_budget ... ok
Native owner (macos-15)	Test reusable native owner packages	2026-10-05T02:04:37.8838190Z test flow::buffered_despawn_private_tests::despawn_cleanup_invalidates_old_domain_completion_and_notification_without_callbacks ... ok
Native owner (macos-15)	Test reusable native owner packages	2026-10-05T02:04:37.8939960Z test flow::continuation_private::cap_poison_overrides_later_validation_and_never_grows_vector ... ok
Native owner (macos-15)	Test reusable native owner packages	2026-10-05T02:04:37.9046020Z test flow::continuation_private::batch_time_and_foreign_forward_non_acquire_ticket_rejection_is_atomic ... ok
Native owner (macos-15)	Test reusable native owner packages	2026-10-05T02:04:37.9148760Z test flow::buffered_despawn_private_tests::despawn_metadata_and_notification_token_overflow_retains_pending_head ... ok
Native owner (macos-15)	Test reusable native owner packages	2026-10-05T02:04:37.9248340Z test flow::continuation_private::committed_batch_receipt_actual_event_and_deadline_order ... ok
Native owner (macos-15)	Test reusable native owner packages	2026-10-05T02:04:37.9307010Z test flow::continuation_private::second_acquire_entity_counter_overflow_rolls_back_every_reservation ... ok
Native owner (macos-15)	Test reusable native owner packages	2026-10-05T02:04:37.9312130Z test flow::continuation_private::completed_context_snapshot_and_restart_factory_nonrollback_delivery ... ok
Native owner (macos-15)	Test reusable native owner packages	2026-10-05T02:04:37.9313240Z test flow::continuation_private::legacy_and_continuation_tokens_aggregate_overflow_before_factory_or_cleanup ... ok
Native owner (macos-15)	Test reusable native owner packages	2026-10-05T02:04:37.9314030Z test flow::continuation_private::second_command_scheduler_and_deadline_counter_overflow_has_no_partial_ids ... ok
Native owner (macos-15)	Test reusable native owner packages	2026-10-05T02:04:37.9314740Z test flow::continuation_private::second_release_duplicate_reservation_rejection_restores_pending_set ... ok
Native owner (macos-15)	Test reusable native owner packages	2026-10-05T02:04:37.9315420Z test flow::domain_view_private_tests::view_batch_identity_overflow_retains_exact_head_and_live_context ... ok
Native owner (macos-15)	Test reusable native owner packages	2026-10-05T02:04:37.9316160Z test flow::domain_view_private_tests::view_budget_arithmetic_overflow_retains_exact_head_and_live_context ... ok
Native owner (macos-15)	Test reusable native owner packages	2026-10-05T02:04:37.9317550Z test flow::domain_view_private_tests::view_missing_context_inspection_is_nonmutating_then_consumed_stale ... ok
Native owner (macos-15)	Test reusable native owner packages	2026-10-05T02:04:37.9319080Z test flow::domain_view_private_tests::view_missing_descriptor_preserves_consumed_semantic_error ... ok
Native owner (macos-15)	Test reusable native owner packages	2026-10-05T02:04:37.9320320Z test flow::q52_bench::benchmark_q52_measurements ... ignored, explicit Q5.2 release measurement; emits supplementary raw rows
Native owner (macos-15)	Test reusable native owner packages	2026-10-05T02:04:37.9322370Z test flow::domain_view_private_tests::view_wrong_context_inspection_is_nonmutating_then_consumed_stale ... ok
Native owner (macos-15)	Test reusable native owner packages	2026-10-05T02:04:37.9323750Z test flow::continuation_private::stale_context_or_work_delivery_zero_cost_and_unregistered_domain_defensive_error ... ok
Native owner (macos-15)	Test reusable native owner packages	2026-10-05T02:04:37.9324410Z test flow::q52_deadline_index_tests::deadline_command_checks_future_tuple_and_component_witness ... ok
Native owner (macos-15)	Test reusable native owner packages	2026-10-05T02:04:37.9324970Z test flow::q52_deadline_index_tests::due_prefix_restores_resource_then_priority_order_across_deadlines ... ok
Native owner (macos-15)	Test reusable native owner packages	2026-10-05T02:04:37.9325530Z test flow::q52_deadline_index_tests::grant_and_preemption_do_not_restore_a_cleared_deadline ... ok
Native owner (macos-15)	Test reusable native owner packages	2026-10-05T02:04:37.9326260Z test flow::q52_deadline_index_tests::multi_resource_due_failure_keeps_authoritative_indexes_unchanged ... ok
Native owner (macos-15)	Test reusable native owner packages	2026-10-05T02:04:37.9327710Z test flow::q52_deadline_index_tests::pending_and_terminal_deadlines_are_not_indexed_or_rejected ... ok
Native owner (macos-15)	Test reusable native owner packages	2026-10-05T02:04:37.9328260Z test flow::q52_deadline_index_tests::queued_deadline_tracks_rekey_cancel_and_inclusive_expiration ... ok
Native owner (macos-15)	Test reusable native owner packages	2026-10-05T02:04:37.9328840Z test flow::q52_deadline_index_tests::resource_removal_checks_deadline_index_and_cleans_component ... ok
Native owner (macos-15)	Test reusable native owner packages	2026-10-05T02:04:37.9329420Z test flow::q52_deadline_index_tests::touched_active_deadline_is_invalid_and_removal_requires_empty_indexes ... ok
Native owner (macos-15)	Test reusable native owner packages	2026-10-05T02:04:37.9329990Z test flow::q52_key_removal_tests::active_reprioritize_updates_lease_without_queue_membership ... ok
Native owner (macos-15)	Test reusable native owner packages	2026-10-05T02:04:37.9330530Z test flow::q52_key_removal_tests::despawn_directly_removes_all_owned_waiters_across_resources ... ok
Native owner (macos-15)	Test reusable native owner packages	2026-10-05T02:04:37.9332660Z test flow::q52_key_removal_tests::despawn_rolls_back_earlier_resource_when_later_waiting_key_is_corrupt ... ok
Native owner (macos-15)	Test reusable native owner packages	2026-10-05T02:04:37.9333210Z test flow::q52_key_removal_tests::pending_cancel_does_not_require_waiting_key ... ok
Native owner (macos-15)	Test reusable native owner packages	2026-10-05T02:04:37.9333710Z test flow::q52_key_removal_tests::queued_cancel_removes_exact_key_and_preserves_tied_peer_order ... ok
Native owner (macos-15)	Test reusable native owner packages	2026-10-05T02:04:37.9334290Z test flow::q52_key_removal_tests::missing_or_wrong_waiting_keys_fail_cancel_reprioritize_and_despawn_atomically ... ok
Native owner (macos-15)	Test reusable native owner packages	2026-10-05T02:04:37.9334880Z test flow::q52_key_removal_tests::queued_reprioritize_preserves_admission_sequence_and_tie_order ... ok
Native owner (macos-15)	Test reusable native owner packages	2026-10-05T02:04:37.9335410Z test flow::q52_key_removal_tests::suspended_cancel_removes_its_key_and_preserves_urgent_lease ... ok
Native owner (macos-15)	Test reusable native owner packages	2026-10-05T02:04:37.9336870Z test flow::q52_key_removal_tests::wrong_waiting_key_fails_replacement_atomically ... ok
Native owner (macos-15)	Test reusable native owner packages	2026-10-05T02:04:37.9337480Z test flow::q52_key_removal_tests::suspended_reprioritize_uses_original_admission_sequence_for_ties ... ok
Native owner (macos-15)	Test reusable native owner packages	2026-10-05T02:04:37.9338090Z test flow::q52_preempting_index_tests::active_reprioritization_keeps_the_request_out_of_the_waiter_index ... ok
Native owner (macos-15)	Test reusable native owner packages	2026-10-05T02:04:37.9338770Z test flow::q52_preempting_index_tests::empty_cache_returns_before_poisoned_holder_projection_on_ordinary_submit ... ok
Native owner (macos-15)	Test reusable native owner packages	2026-10-05T02:04:37.9339370Z test flow::q52_preempting_index_tests::first_cached_key_is_validated_against_request_and_primary_queue ... ok
Native owner (macos-15)	Test reusable native owner packages	2026-10-05T02:04:37.9339960Z test flow::q52_preempting_index_tests::component_count_and_deadline_pair_corruption_fail_before_head_mutation ... ok
Native owner (macos-15)	Test reusable native owner packages	2026-10-05T02:04:37.9340550Z test flow::q52_preempting_index_tests::first_cached_key_rejects_request_and_queue_corruption_matrix ... ok
Native owner (macos-15)	Test reusable native owner packages	2026-10-05T02:04:37.9341470Z test flow::q52_preempting_index_tests::multi_resource_failure_rolls_back_earlier_preempting_index_changes ... ok
Native owner (macos-15)	Test reusable native owner packages	2026-10-05T02:04:37.9344030Z test flow::q52_preempting_index_tests::resource_creation_removal_and_pending_admission_track_exact_cache_membership ... ok
Native owner (macos-15)	Test reusable native owner packages	2026-10-05T02:04:37.9345900Z test flow::q52_preempting_index_tests::runtime_cache_tracks_waiting_preemptors_and_excludes_active_requests ... ok
Native owner (macos-15)	Test reusable native owner packages	2026-10-05T02:04:37.9347440Z test flow::q52_preempting_index_tests::timeout_despawn_and_grant_remove_waiting_preemptors ... ok
Native owner (macos-15)	Test reusable native owner packages	2026-10-05T02:04:37.9348900Z test flow::q52_queue_staging_tests::absent_remove_target_keeps_explicit_invalid_resource_error_order ... ok
Native owner (macos-15)	Test reusable native owner packages	2026-10-05T02:04:37.9350460Z test flow::q52_queue_staging_tests::despawn_corrupt_second_queue_rejects_without_mutating_first_or_runtime ... ok
Native owner (macos-15)	Test reusable native owner packages	2026-10-05T02:04:37.9351210Z test flow::q52_preempting_index_tests::victim_strategy_requeues_only_suspend_and_restart_preemptors ... ok
Native owner (macos-15)	Test reusable native owner packages	2026-10-05T02:04:37.9351890Z test flow::q52_queue_staging_tests::missing_component_on_registered_target_is_structural_before_planning ... ok
Native owner (macos-15)	Test reusable native owner packages	2026-10-05T02:04:37.9352360Z test flow::q52_bench::q52_kernel_correctness_small ... ok
Native owner (macos-15)	Test reusable native owner packages	2026-10-05T02:04:37.9354150Z test flow::queue_delta::tests::equal_key_insert_remove_and_reinsert_cancel_the_delta ... ok
Native owner (macos-15)	Test reusable native owner packages	2026-10-05T02:04:37.9354720Z test flow::queue_delta::tests::export_preflight_and_apply_match_independent_baseline ... ok
Native owner (macos-15)	Test reusable native owner packages	2026-10-05T02:04:37.9355330Z test flow::queue_delta::tests::failed_apply_is_atomic_for_missing_remove_and_present_addition ... ok
Native owner (macos-15)	Test reusable native owner packages	2026-10-05T02:04:37.9355970Z test flow::queue_delta::tests::mixed_operations_match_independent_btree_baseline_and_keep_base_unchanged ... ok
Native owner (macos-15)	Test reusable native owner packages	2026-10-05T02:04:37.9356790Z test flow::queue_delta::tests::ordered_iterator_and_cloned_snapshot_are_independent ... ok
Native owner (macos-15)	Test reusable native owner packages	2026-10-05T02:04:37.9357290Z test flow::queue_delta::tests::snapshot_clone_cost_scales_with_delta_not_large_base ... ok
Native owner (macos-15)	Test reusable native owner packages	2026-10-05T02:04:37.9357760Z test flow::queue_delta::tests::tuple_key_rekey_preserves_tie_order_and_applies_export ... ok
Native owner (macos-15)	Test reusable native owner packages	2026-10-05T02:04:37.9358260Z test flow::record_delta::tests::clone_is_an_independent_snapshot_and_export_owns_exact_writes ... ok
Native owner (macos-15)	Test reusable native owner packages	2026-10-05T02:04:37.9358840Z test flow::record_delta::tests::insert_replaces_an_existing_base_key_without_mutating_the_base ... ok
Native owner (macos-15)	Test reusable native owner packages	2026-10-05T02:04:37.9359910Z test flow::record_delta::tests::mutable_lookup_clones_only_once_and_reads_clone_nothing ... ok
Native owner (macos-15)	Test reusable native owner packages	2026-10-05T02:04:37.9360380Z test flow::record_delta::tests::readonly_registry_snapshots_clone_no_records ... ok
Native owner (macos-15)	Test reusable native owner packages	2026-10-05T02:04:37.9360800Z test flow::record_delta::tests::reads_through_and_writes_are_boundary_local ... ok
Native owner (macos-15)	Test reusable native owner packages	2026-10-05T02:04:37.9361300Z test flow::same_tick_budget_private::arithmetic_injections_preserve_real_head_and_all_admission_state ... ok
Native owner (macos-15)	Test reusable native owner packages	2026-10-05T02:04:37.9361840Z test flow::same_tick_budget_private::cleanup_and_budget_add_overflow_preserve_head ... ok
Native owner (macos-15)	Test reusable native owner packages	2026-10-05T02:04:37.9362770Z test flow::same_tick_budget_private::cleanup_missing_typed_context_or_dead_work_is_rejected_before_consume ... ok
Native owner (macos-15)	Test reusable native owner packages	2026-10-05T02:04:37.9363410Z test flow::same_tick_budget_private::missing_owner_context_or_handler_notification_is_zero_cost_at_limit ... ok
Native owner (macos-15)	Test reusable native owner packages	2026-10-05T02:04:37.9364040Z test flow::same_tick_budget_private::private_release_due_boundary_budget_is_atomic_in_both_dispositions ... ok
Native owner (macos-15)	Test reusable native owner packages	2026-10-05T02:04:37.9364600Z test flow::same_tick_budget_private::restart_factory_is_not_called_for_budget_rejected_resume ... ok
Native owner (macos-15)	Test reusable native owner packages	2026-10-05T02:04:37.9365160Z test flow::same_tick_budget_private::zero_duration_admission_is_one_three_row_plan_or_retains_pending_command ... ok
Native owner (macos-15)	Test reusable native owner packages	2026-10-05T02:04:37.9365670Z test flow::tests::admission_counter_overflow_preserves_pending_request ... ok
Native owner (macos-15)	Test reusable native owner packages	2026-10-05T02:04:37.9366240Z test flow::q52_record_staging_tests::despawn_plan_stages_only_affected_records_with_many_unrelated_rows ... ok
Native owner (macos-15)	Test reusable native owner packages	2026-10-05T02:04:37.9366750Z test flow::tests::capacity_growth_cannot_grant_at_deadline_in_either_token_order ... ok
Native owner (macos-15)	Test reusable native owner packages	2026-10-05T02:04:37.9367530Z test flow::tests::cleanup_preflights_all_owned_work_before_mutation ... ok
Native owner (macos-15)	Test reusable native owner packages	2026-10-05T02:04:37.9368580Z test flow::tests::counter_admission_rejection_has_no_partial_spawn ... ok
Native owner (macos-15)	Test reusable native owner packages	2026-10-05T02:04:37.9369920Z test flow::tests::deadline_admission_reserves_both_tokens_before_work_association ... ok
Native owner (macos-15)	Test reusable native owner packages	2026-10-05T02:04:37.9371180Z test flow::tests::failed_release_preflight_preserves_lease_head_and_reservation ... ok
Native owner (macos-15)	Test reusable native owner packages	2026-10-05T02:04:37.9372380Z test flow::tests::grant_overflow_rejects_the_entire_capacity_command ... ok
Native owner (macos-15)	Test reusable native owner packages	2026-10-05T02:04:37.9373640Z test flow::tests::invalid_timed_capabilities_reject_before_any_request_or_work_association ... ok
Native owner (macos-15)	Test reusable native owner packages	2026-10-05T02:04:37.9375260Z test flow::tests::notification_budget_is_atomic_and_consumption_and_removed_context_are_once_only ... ok
Native owner (macos-15)	Test reusable native owner packages	2026-10-05T02:04:37.9376490Z test flow::tests::overflow_rejects_even_due_completion_boundary ... ok
Native owner (macos-15)	Test reusable native owner packages	2026-10-05T02:04:37.9377860Z test flow::tests::rejected_release_preserves_due_completion_and_replacement_boundary ... ok
Native owner (macos-15)	Test reusable native owner packages	2026-10-05T02:04:37.9379180Z test flow::tests::repeated_interruption_grid_preserves_effort_and_terminal_uniqueness ... ok
Native owner (macos-15)	Test reusable native owner packages	2026-10-05T02:04:37.9380570Z test flow::tests::restart_factory_waits_for_aggregate_preflight_and_attempt_overflow_is_atomic ... ok
Native owner (macos-15)	Test reusable native owner packages	2026-10-05T02:04:37.9381870Z test flow::tests::second_replacement_overflow_rolls_back_first_eviction ... ok
Native owner (macos-15)	Test reusable native owner packages	2026-10-05T02:04:37.9383240Z test flow::tests::stale_completion_cannot_process_same_tick_neighbor_or_mismatched_future_boundary ... ok
Native owner (macos-15)	Test reusable native owner packages	2026-10-05T02:04:37.9385130Z test flow::tests::timed_owner_cleanup_overflow_preserves_all_live_context_and_progress ... ok
Native owner (macos-15)	Test reusable native owner packages	2026-10-05T02:04:37.9386500Z test flow::tests::timed_preflight_failures_leave_holder_request_progress_and_queue_unchanged ... ok
Native owner (macos-15)	Test reusable native owner packages	2026-10-05T02:04:37.9387680Z test flow::tests::transition_ordinal_is_checked_uint32 ... ok
Native owner (macos-15)	Test reusable native owner packages	2026-10-05T02:04:37.9388880Z test flow::tests::work_admission_counter_failure_preserves_both_associations ... ok
Native owner (macos-15)	Test reusable native owner packages	2026-10-05T02:04:37.9390450Z test preemption::tests::chooses_worst_priority_then_latest_original_admission_then_largest_id ... ok
Native owner (macos-15)	Test reusable native owner packages	2026-10-05T02:04:37.9391920Z test preemption::tests::each_replacement_reselects_from_the_remaining_holder_projection ... ok
Native owner (macos-15)	Test reusable native owner packages	2026-10-05T02:04:37.9393630Z test preemption::tests::excludes_untimed_nonpreemptible_zero_due_and_missing_completion_holders ... ok
Native owner (macos-15)	Test reusable native owner packages	2026-10-05T02:04:37.9394590Z test preemption::tests::holder_iteration_permutations_select_the_same_victim ... ok
Native owner (macos-15)	Test reusable native owner packages	2026-10-05T02:04:37.9395300Z test preemption::tests::ordered_selector_does_not_consume_waiters_without_eligible_holders ... ok
Native owner (macos-15)	Test reusable native owner packages	2026-10-05T02:04:37.9395840Z test preemption::tests::ordered_selector_keeps_first_eligible_waiter_tie_and_worst_holder_tie ... ok
Native owner (macos-15)	Test reusable native owner packages	2026-10-05T02:04:37.9396370Z test preemption::tests::ordered_selector_matches_sorting_reference_over_deterministic_grid ... ok
Native owner (macos-15)	Test reusable native owner packages	2026-10-05T02:04:37.9396860Z test preemption::tests::ordered_selector_stops_at_equal_or_worse_priority_cutoff ... ok
Native owner (macos-15)	Test reusable native owner packages	2026-10-05T02:04:37.9397320Z test preemption::tests::priority_extremes_do_not_require_negation_or_overflow ... ok
Native owner (macos-15)	Test reusable native owner packages	2026-10-05T02:04:37.9397780Z test preemption::tests::replacement_search_returns_none_when_no_waiter_has_a_victim ... ok
Native owner (macos-15)	Test reusable native owner packages	2026-10-05T02:04:37.9398260Z test preemption::tests::requires_preempting_incoming_claim_and_strictly_worse_holder ... ok
Native owner (macos-15)	Test reusable native owner packages	2026-10-05T02:04:37.9398760Z test preemption::tests::scans_past_earlier_nonpreempting_waiter_and_sorts_waiter_order ... ok
Native owner (macos-15)	Test reusable native owner packages	2026-10-05T02:04:37.9399160Z test tests::des_context_creates ... ok
Native owner (macos-15)	Test reusable native owner packages	2026-10-05T02:04:37.9399380Z test tests::resource_request_blocks ... ok
Native owner (macos-15)	Test reusable native owner packages	2026-10-05T02:04:37.9399600Z test tests::schedule_and_step ... ok
Native owner (macos-15)	Test reusable native owner packages	2026-10-05T02:04:37.9399850Z test tests::trajectory_records_scheduler_order ... ok
Native owner (macos-15)	Test reusable native owner packages	2026-10-05T02:04:37.9400140Z test tests::trajectory_reports_event_budget_limit ... ok
Native owner (macos-15)	Test reusable native owner packages	2026-10-05T02:04:37.9400570Z test flow::q52_queue_staging_tests::reprioritize_stages_one_large_target_queue_and_keeps_priority_order ... ok
Native owner (macos-15)	Test reusable native owner packages	2026-10-05T02:04:37.9401090Z test flow::tests::bounded_generated_operations_preserve_capacity_and_membership ... ok
Native owner (macos-15)	Test reusable native owner packages	2026-10-05T02:04:37.9401370Z 
Native owner (macos-15)	Test reusable native owner packages	2026-10-05T02:04:37.9401570Z test result: ok. 124 passed; 0 failed; 1 ignored; 0 measured; 0 filtered out; finished in 0.19s
Native owner (macos-15)	Test reusable native owner packages	2026-10-05T02:04:37.9401900Z 
Native owner (macos-15)	Test reusable native owner packages	2026-10-05T02:04:37.9402160Z      Running tests/des_integration.rs (target/debug/deps/des_integration-11ba20983e4a5cca)
Native owner (macos-15)	Test reusable native owner packages	2026-10-05T02:04:37.9402490Z 
Native owner (macos-15)	Test reusable native owner packages	2026-10-05T02:04:37.9402560Z running 4 tests
Native owner (macos-15)	Test reusable native owner packages	2026-10-05T02:04:37.9402780Z test parallel_resources ... ok
Native owner (macos-15)	Test reusable native owner packages	2026-10-05T02:04:37.9402970Z test resource_not_found ... ok
Native owner (macos-15)	Test reusable native owner packages	2026-10-05T02:04:37.9403160Z test factory_bottleneck_smoke ... ok
Native owner (macos-15)	Test reusable native owner packages	2026-10-05T02:04:37.9403360Z test resource_queue_fifo ... ok
Native owner (macos-15)	Test reusable native owner packages	2026-10-05T02:04:37.9403480Z 
Native owner (macos-15)	Test reusable native owner packages	2026-10-05T02:04:37.9403670Z test result: ok. 4 passed; 0 failed; 0 ignored; 0 measured; 0 filtered out; finished in 0.00s
Native owner (macos-15)	Test reusable native owner packages	2026-10-05T02:04:37.9403950Z 
Native owner (macos-15)	Test reusable native owner packages	2026-10-05T02:04:37.9404180Z      Running tests/des_resource_queue_v1.rs (target/debug/deps/des_resource_queue_v1-9bef130afb4bfb3e)
Native owner (macos-15)	Test reusable native owner packages	2026-10-05T02:04:37.9404480Z 
Native owner (macos-15)	Test reusable native owner packages	2026-10-05T02:04:37.9404530Z running 2 tests
Native owner (macos-15)	Test reusable native owner packages	2026-10-05T02:04:37.9404750Z test des_resource_queue_v1_preserves_fifo_admission ... ok
Native owner (macos-15)	Test reusable native owner packages	2026-10-05T02:04:37.9405100Z test des_resource_queue_v1_replays_fixed_tick_trajectory_order ... ok
Native owner (macos-15)	Test reusable native owner packages	2026-10-05T02:04:37.9405370Z 
Native owner (macos-15)	Test reusable native owner packages	2026-10-05T02:04:37.9405600Z test result: ok. 2 passed; 0 failed; 0 ignored; 0 measured; 0 filtered out; finished in 0.00s
Native owner (macos-15)	Test reusable native owner packages	2026-10-05T02:04:37.9405870Z 
Native owner (macos-15)	Test reusable native owner packages	2026-10-05T02:04:37.9406090Z      Running tests/fidelity_lineage_v1.rs (target/debug/deps/fidelity_lineage_v1-774726fb07627e8d)
Native owner (macos-15)	Test reusable native owner packages	2026-10-05T02:04:37.9406380Z 
Native owner (macos-15)	Test reusable native owner packages	2026-10-05T02:04:37.9406430Z running 3 tests
Native owner (macos-15)	Test reusable native owner packages	2026-10-05T02:04:37.9406740Z test opaque_identity_survives_moves_and_clone_but_distinguishes_instances ... ok
Native owner (macos-15)	Test reusable native owner packages	2026-10-05T02:04:37.9407200Z test failed_initial_admission_does_not_bind_a_runtime ... ok
Native owner (macos-15)	Test reusable native owner packages	2026-10-05T02:04:37.9407530Z test foreign_terminal_work_never_bypasses_bound_live_work ... ok
Native owner (macos-15)	Test reusable native owner packages	2026-10-05T02:04:37.9407740Z 
Native owner (macos-15)	Test reusable native owner packages	2026-10-05T02:04:37.9407930Z test result: ok. 3 passed; 0 failed; 0 ignored; 0 measured; 0 filtered out; finished in 0.01s
Native owner (macos-15)	Test reusable native owner packages	2026-10-05T02:04:37.9408200Z 
Native owner (macos-15)	Test reusable native owner packages	2026-10-05T02:04:37.9408450Z      Running tests/fidelity_mode_c21.rs (target/debug/deps/fidelity_mode_c21-f313f71d5f027f42)
Native owner (macos-15)	Test reusable native owner packages	2026-10-05T02:04:37.9494190Z 
Native owner (macos-15)	Test reusable native owner packages	2026-10-05T02:04:37.9494700Z running 10 tests
Native owner (macos-15)	Test reusable native owner packages	2026-10-05T02:04:37.9566520Z test boundary_checks_every_admitted_work_even_when_the_first_is_terminal ... ok
Native owner (macos-15)	Test reusable native owner packages	2026-10-05T02:04:37.9569840Z test active_and_suspended_work_cannot_be_admitted_and_failed_admission_does_not_bind ... ok
Native owner (macos-15)	Test reusable native owner packages	2026-10-05T02:04:37.9570760Z test colliding_work_ids_cannot_cross_flow_runtime_instances ... ok
Native owner (macos-15)	Test reusable native owner packages	2026-10-05T02:04:37.9571420Z test actual_pending_active_and_suspended_work_block_policy_application ... ok
Native owner (macos-15)	Test reusable native owner packages	2026-10-05T02:04:37.9571880Z test despawned_bound_work_fails_closed_without_consuming_pending_policy ... ok
Native owner (macos-15)	Test reusable native owner packages	2026-10-05T02:04:37.9573140Z test entity_overrides_use_live_generational_flow_identities ... ok
Native owner (macos-15)	Test reusable native owner packages	2026-10-05T02:04:37.9575140Z test failed_missing_or_duplicate_admission_preserves_the_first_decision ... ok
Native owner (macos-15)	Test reusable native owner packages	2026-10-05T02:04:37.9576500Z test policy_resolves_all_sixteen_scope_presence_masks ... ok
Native owner (macos-15)	Test reusable native owner packages	2026-10-05T02:04:37.9578130Z test version_missing_policy_and_subsystem_identity_are_checked ... ok
Native owner (macos-15)	Test reusable native owner packages	2026-10-05T02:04:37.9579850Z test every_terminal_state_preserves_old_work_and_uses_replaced_policy_for_future_work ... ok
Native owner (macos-15)	Test reusable native owner packages	2026-10-05T02:04:37.9580270Z 
Native owner (macos-15)	Test reusable native owner packages	2026-10-05T02:04:37.9580480Z test result: ok. 10 passed; 0 failed; 0 ignored; 0 measured; 0 filtered out; finished in 0.01s
Native owner (macos-15)	Test reusable native owner packages	2026-10-05T02:04:37.9580820Z 
Native owner (macos-15)	Test reusable native owner packages	2026-10-05T02:04:37.9581260Z      Running tests/flow_actor_domain_context_v1.rs (target/debug/deps/flow_actor_domain_context_v1-1dac25c95495bc9b)
Native owner (macos-15)	Test reusable native owner packages	2026-10-05T02:04:37.9639990Z 
Native owner (macos-15)	Test reusable native owner packages	2026-10-05T02:04:37.9640740Z running 6 tests
Native owner (macos-15)	Test reusable native owner packages	2026-10-05T02:04:37.9655930Z test carrier_is_pending_zero_duration_and_unique_across_registered_keys_and_kinds ... ok
Native owner (macos-15)	Test reusable native owner packages	2026-10-05T02:04:37.9656490Z test batch_manual_and_timed_carrier_acquire_reject_whole_batch_at_issued_ticket ... ok
Native owner (macos-15)	Test reusable native owner packages	2026-10-05T02:04:37.9658350Z test carrier_manual_and_timed_acquire_reject_but_normal_zero_duration_task_completes ... ok
Native owner (macos-15)	Test reusable native owner packages	2026-10-05T02:04:37.9659020Z test carrier_requires_exact_view_registration_and_type_without_partial_association ... ok
Native owner (macos-15)	Test reusable native owner packages	2026-10-05T02:04:37.9659490Z test direct_and_batch_carrier_domain_kind_is_bound_and_atomic ... ok
Native owner (macos-15)	Test reusable native owner packages	2026-10-05T02:04:37.9661150Z test ordinary_actor_cleanup_removes_carrier_index_and_old_update_is_stale ... ok
Native owner (macos-15)	Test reusable native owner packages	2026-10-05T02:04:37.9661470Z 
Native owner (macos-15)	Test reusable native owner packages	2026-10-05T02:04:37.9661660Z test result: ok. 6 passed; 0 failed; 0 ignored; 0 measured; 0 filtered out; finished in 0.00s
Native owner (macos-15)	Test reusable native owner packages	2026-10-05T02:04:37.9661950Z 
Native owner (macos-15)	Test reusable native owner packages	2026-10-05T02:04:37.9662250Z      Running tests/flow_builder_migration_v1.rs (target/debug/deps/flow_builder_migration_v1-ff454ab82e8c24dc)
Native owner (macos-15)	Test reusable native owner packages	2026-10-05T02:04:37.9699920Z 
Native owner (macos-15)	Test reusable native owner packages	2026-10-05T02:04:37.9701730Z running 6 tests
Native owner (macos-15)	Test reusable native owner packages	2026-10-05T02:04:37.9717670Z test defaults_and_explicit_policy_translate_to_request ... ok
Native owner (macos-15)	Test reusable native owner packages	2026-10-05T02:04:37.9718570Z test failed_admission_preserves_association_and_full_public_scheduler_stats ... ok
Native owner (macos-15)	Test reusable native owner packages	2026-10-05T02:04:37.9719650Z test fifo_migration_keeps_label_order_and_teaches_buffered_lease_release ... ok
Native owner (macos-15)	Test reusable native owner packages	2026-10-05T02:04:37.9720120Z test deadline_at_completion_expires_without_replacement_grant_in_both_insertions ... ok
Native owner (macos-15)	Test reusable native owner packages	2026-10-05T02:04:37.9720580Z test boundary_pause_retains_context_and_matches_uninterrupted_causal_records ... ok
Native owner (macos-15)	Test reusable native owner packages	2026-10-05T02:04:37.9722530Z test scheduler_admission_priority_is_distinct_from_resource_queue_priority ... ok
Native owner (macos-15)	Test reusable native owner packages	2026-10-05T02:04:37.9723620Z 
Native owner (macos-15)	Test reusable native owner packages	2026-10-05T02:04:37.9724350Z test result: ok. 6 passed; 0 failed; 0 ignored; 0 measured; 0 filtered out; finished in 0.00s
Native owner (macos-15)	Test reusable native owner packages	2026-10-05T02:04:37.9725220Z 
Native owner (macos-15)	Test reusable native owner packages	2026-10-05T02:04:37.9725840Z      Running tests/flow_capacity_v1.rs (target/debug/deps/flow_capacity_v1-8a791a0f1473f0a8)
Native owner (macos-15)	Test reusable native owner packages	2026-10-05T02:04:37.9839750Z 
Native owner (macos-15)	Test reusable native owner packages	2026-10-05T02:04:37.9840370Z running 5 tests
Native owner (macos-15)	Test reusable native owner packages	2026-10-05T02:04:37.9915490Z test partial_builder_rejects_before_allocating_request_or_event ... ok
Native owner (macos-15)	Test reusable native owner packages	2026-10-05T02:04:37.9916800Z test dispatch_revalidates_capacity_change_without_partial_mutation ... ok
Native owner (macos-15)	Test reusable native owner packages	2026-10-05T02:04:37.9917860Z test closed_resource_waits_then_capacity_growth_grants ... ok
Native owner (macos-15)	Test reusable native owner packages	2026-10-05T02:04:37.9918870Z test past_submission_has_no_partial_state_and_run_budget_preserves_work ... ok
Native owner (macos-15)	Test reusable native owner packages	2026-10-05T02:04:37.9919840Z test shrink_and_busy_removal_are_transactional ... ok
Native owner (macos-15)	Test reusable native owner packages	2026-10-05T02:04:37.9920320Z 
Native owner (macos-15)	Test reusable native owner packages	2026-10-05T02:04:37.9920850Z test result: ok. 5 passed; 0 failed; 0 ignored; 0 measured; 0 filtered out; finished in 0.01s
Native owner (macos-15)	Test reusable native owner packages	2026-10-05T02:04:37.9922420Z 
Native owner (macos-15)	Test reusable native owner packages	2026-10-05T02:04:37.9923340Z      Running tests/flow_continuations_v1.rs (target/debug/deps/flow_continuations_v1-3b032d3aead56dc5)
Native owner (macos-15)	Test reusable native owner packages	2026-10-05T02:04:38.0041010Z 
Native owner (macos-15)	Test reusable native owner packages	2026-10-05T02:04:38.0041700Z running 8 tests
Native owner (macos-15)	Test reusable native owner packages	2026-10-05T02:04:38.0069610Z test defaults_preserve_flow_config_shape_and_require_no_context_default ... ok
Native owner (macos-15)	Test reusable native owner packages	2026-10-05T02:04:38.0102510Z test domain_context_and_reserved_ingress_are_explicit ... ok
Native owner (macos-15)	Test reusable native owner packages	2026-10-05T02:04:38.0104710Z test callback_emitted_zero_duration_is_charged_on_its_later_dispatch ... ok
Native owner (macos-15)	Test reusable native owner packages	2026-10-05T02:04:38.0105290Z test completion_stages_existing_b_work_with_real_receipts_and_causal_snapshot ... ok
Native owner (macos-15)	Test reusable native owner packages	2026-10-05T02:04:38.0105850Z test local_ticket_resolves_pending_cancel_and_foreign_or_non_acquire_reject ... ok
Native owner (macos-15)	Test reusable native owner packages	2026-10-05T02:04:38.0106380Z test legacy_first_coexistence_type_checks_and_exact_delivery_budget ... ok
Native owner (macos-15)	Test reusable native owner packages	2026-10-05T02:04:38.0106900Z test rejected_batch_has_no_partial_association_but_keeps_context_effect ... ok
Native owner (macos-15)	Test reusable native owner packages	2026-10-05T02:04:38.0132630Z test ignored_poison_is_atomic_for_every_kind_and_default_cap_is_1024 ... ok
Native owner (macos-15)	Test reusable native owner packages	2026-10-05T02:04:38.0133450Z 
Native owner (macos-15)	Test reusable native owner packages	2026-10-05T02:04:38.0133980Z test result: ok. 8 passed; 0 failed; 0 ignored; 0 measured; 0 filtered out; finished in 0.01s
Native owner (macos-15)	Test reusable native owner packages	2026-10-05T02:04:38.0134740Z 
Native owner (macos-15)	Test reusable native owner packages	2026-10-05T02:04:38.0135530Z      Running tests/flow_determinism_conformance_v1.rs (target/debug/deps/flow_determinism_conformance_v1-228023fd93454e6d)
Native owner (macos-15)	Test reusable native owner packages	2026-10-05T02:04:38.0176510Z 
Native owner (macos-15)	Test reusable native owner packages	2026-10-05T02:04:38.0176810Z running 1 test
Native owner (macos-15)	Test reusable native owner packages	2026-10-05T02:04:38.0710760Z test independent_replications_match_across_repeat_and_worker_schedules ... ok
Native owner (macos-15)	Test reusable native owner packages	2026-10-05T02:04:38.0711230Z 
Native owner (macos-15)	Test reusable native owner packages	2026-10-05T02:04:38.0711580Z test result: ok. 1 passed; 0 failed; 0 ignored; 0 measured; 0 filtered out; finished in 0.05s
Native owner (macos-15)	Test reusable native owner packages	2026-10-05T02:04:38.0711980Z 
Native owner (macos-15)	Test reusable native owner packages	2026-10-05T02:04:38.0715240Z      Running tests/flow_errors_v1.rs (target/debug/deps/flow_errors_v1-0338210f61dcfe0d)
Native owner (macos-15)	Test reusable native owner packages	2026-10-05T02:04:38.0823670Z 
Native owner (macos-15)	Test reusable native owner packages	2026-10-05T02:04:38.0825120Z running 1 test
Native owner (macos-15)	Test reusable native owner packages	2026-10-05T02:04:38.0826050Z test flow_errors_implement_standard_error_without_hidden_sources ... ok
Native owner (macos-15)	Test reusable native owner packages	2026-10-05T02:04:38.0826790Z 
Native owner (macos-15)	Test reusable native owner packages	2026-10-05T02:04:38.0827400Z test result: ok. 1 passed; 0 failed; 0 ignored; 0 measured; 0 filtered out; finished in 0.00s
Native owner (macos-15)	Test reusable native owner packages	2026-10-05T02:04:38.0828160Z 
Native owner (macos-15)	Test reusable native owner packages	2026-10-05T02:04:38.0828860Z      Running tests/flow_lifecycle_snapshot_v1.rs (target/debug/deps/flow_lifecycle_snapshot_v1-773ae633ea32a927)
Native owner (macos-15)	Test reusable native owner packages	2026-10-05T02:04:38.0859120Z 
Native owner (macos-15)	Test reusable native owner packages	2026-10-05T02:04:38.0863830Z running 8 tests
Native owner (macos-15)	Test reusable native owner packages	2026-10-05T02:04:38.0869850Z test abort_emits_preempted_removal_then_aborted_state_with_same_causal_lease ... ok
Native owner (macos-15)	Test reusable native owner packages	2026-10-05T02:04:38.0870620Z test manual_and_actor_cleanup_rows_keep_null_work_or_pre_despawn_work_identity ... ok
Native owner (macos-15)	Test reusable native owner packages	2026-10-05T02:04:38.0871190Z test public_handle_getters_and_zero_duration_rows_capture_each_mutation ... ok
Native owner (macos-15)	Test reusable native owner packages	2026-10-05T02:04:38.0871720Z test rejected_same_tick_plan_emits_no_partial_rows_or_state_changes ... ok
Native owner (macos-15)	Test reusable native owner packages	2026-10-05T02:04:38.0872570Z test release_and_cancel_snapshot_checkpointed_progress_and_removed_lease ... ok
Native owner (macos-15)	Test reusable native owner packages	2026-10-05T02:04:38.0873240Z test restart_snapshot_preserves_pre_reset_progress_and_records_new_attempt ... ok
Native owner (macos-15)	Test reusable native owner packages	2026-10-05T02:04:38.0873700Z test same_runtime_pause_preserves_canonical_lifecycle_snapshots ... ok
Native owner (macos-15)	Test reusable native owner packages	2026-10-05T02:04:38.0874580Z test suspend_snapshot_keeps_victim_lease_progress_and_preemptor_before_requeue ... ok
Native owner (macos-15)	Test reusable native owner packages	2026-10-05T02:04:38.0874950Z 
Native owner (macos-15)	Test reusable native owner packages	2026-10-05T02:04:38.0875180Z test result: ok. 8 passed; 0 failed; 0 ignored; 0 measured; 0 filtered out; finished in 0.00s
Native owner (macos-15)	Test reusable native owner packages	2026-10-05T02:04:38.0875460Z 
Native owner (macos-15)	Test reusable native owner packages	2026-10-05T02:04:38.0875670Z      Running tests/flow_lifecycle_v1.rs (target/debug/deps/flow_lifecycle_v1-8c2594ef2b20d12e)
Native owner (macos-15)	Test reusable native owner packages	2026-10-05T02:04:38.0967330Z 
Native owner (macos-15)	Test reusable native owner packages	2026-10-05T02:04:38.0967660Z running 4 tests
Native owner (macos-15)	Test reusable native owner packages	2026-10-05T02:04:38.1019780Z test admission_is_buffered_and_duplicate_release_cannot_free_twice ... ok
Native owner (macos-15)	Test reusable native owner packages	2026-10-05T02:04:38.1020980Z test recycled_owner_never_releases_a_new_lease ... ok
Native owner (macos-15)	Test reusable native owner packages	2026-10-05T02:04:38.1021620Z test despawn_cancels_all_owned_work_before_granting_other_actors ... ok
Native owner (macos-15)	Test reusable native owner packages	2026-10-05T02:04:38.1022370Z test stale_pending_admission_is_not_mistaken_for_idle ... ok
Native owner (macos-15)	Test reusable native owner packages	2026-10-05T02:04:38.1023430Z 
Native owner (macos-15)	Test reusable native owner packages	2026-10-05T02:04:38.1023960Z test result: ok. 4 passed; 0 failed; 0 ignored; 0 measured; 0 filtered out; finished in 0.01s
Native owner (macos-15)	Test reusable native owner packages	2026-10-05T02:04:38.1024370Z 
Native owner (macos-15)	Test reusable native owner packages	2026-10-05T02:04:38.1024980Z      Running tests/flow_preemption_eligibility_v1.rs (target/debug/deps/flow_preemption_eligibility_v1-36f438578919255d)
Native owner (macos-15)	Test reusable native owner packages	2026-10-05T02:04:38.1128700Z 
Native owner (macos-15)	Test reusable native owner packages	2026-10-05T02:04:38.1129000Z running 8 tests
Native owner (macos-15)	Test reusable native owner packages	2026-10-05T02:04:38.1199910Z test active_inspection_at_due_tick_caps_effort_without_committing_completion ... ok
Native owner (macos-15)	Test reusable native owner packages	2026-10-05T02:04:38.1203070Z test completion_at_interruption_tick_wins_both_token_insertion_orders ... ok
Native owner (macos-15)	Test reusable native owner packages	2026-10-05T02:04:38.1203890Z test capacity_two_selects_latest_equal_priority_victim_then_next ... ok
Native owner (macos-15)	Test reusable native owner packages	2026-10-05T02:04:38.1204480Z test eligible_waiter_scan_skips_a_then_b_preempts_and_a_gets_next_unit ... ok
Native owner (macos-15)	Test reusable native owner packages	2026-10-05T02:04:38.1205260Z test equal_priority_missing_capability_and_nonpreemptible_holder_are_ineligible ... ok
Native owner (macos-15)	Test reusable native owner packages	2026-10-05T02:04:38.1205700Z test nested_suspend_cycles_and_live_progress_inspection ... ok
Native owner (macos-15)	Test reusable native owner packages	2026-10-05T02:04:38.1206110Z test zero_duration_work_completes_at_grant_without_duplicate_terminal ... ok
Native owner (macos-15)	Test reusable native owner packages	2026-10-05T02:04:38.1206610Z test suspended_work_can_be_cancelled_without_later_resume ... ok
Native owner (macos-15)	Test reusable native owner packages	2026-10-05T02:04:38.1206840Z 
Native owner (macos-15)	Test reusable native owner packages	2026-10-05T02:04:38.1207040Z test result: ok. 8 passed; 0 failed; 0 ignored; 0 measured; 0 filtered out; finished in 0.01s
Native owner (macos-15)	Test reusable native owner packages	2026-10-05T02:04:38.1207320Z 
Native owner (macos-15)	Test reusable native owner packages	2026-10-05T02:04:38.1207570Z      Running tests/flow_preemption_primary_v1.rs (target/debug/deps/flow_preemption_primary_v1-c648b8e8a7b3cc9d)
Native owner (macos-15)	Test reusable native owner packages	2026-10-05T02:04:38.1319130Z 
Native owner (macos-15)	Test reusable native owner packages	2026-10-05T02:04:38.1319480Z running 1 test
Native owner (macos-15)	Test reusable native owner packages	2026-10-05T02:04:38.1397380Z test timed_work_preemption_primary_oracle_for_all_strategies ... ok
Native owner (macos-15)	Test reusable native owner packages	2026-10-05T02:04:38.1397830Z 
Native owner (macos-15)	Test reusable native owner packages	2026-10-05T02:04:38.1398230Z test result: ok. 1 passed; 0 failed; 0 ignored; 0 measured; 0 filtered out; finished in 0.01s
Native owner (macos-15)	Test reusable native owner packages	2026-10-05T02:04:38.1398630Z 
Native owner (macos-15)	Test reusable native owner packages	2026-10-05T02:04:38.1399030Z      Running tests/flow_preemption_property_v1.rs (target/debug/deps/flow_preemption_property_v1-585cf6f3466aa18c)
Native owner (macos-15)	Test reusable native owner packages	2026-10-05T02:04:38.1425720Z 
Native owner (macos-15)	Test reusable native owner packages	2026-10-05T02:04:38.1426670Z running 1 test
Native owner (macos-15)	Test reusable native owner packages	2026-10-05T02:04:38.4528250Z test seeded_timed_cycles_match_independent_interval_model_v1 ... ok
Native owner (macos-15)	Test reusable native owner packages	2026-10-05T02:04:38.4629160Z 
Native owner (macos-15)	Test reusable native owner packages	2026-10-05T02:04:38.4729970Z test result: ok. 1 passed; 0 failed; 0 ignored; 0 measured; 0 filtered out; finished in 0.31s
Native owner (macos-15)	Test reusable native owner packages	2026-10-05T02:04:38.4830620Z 
Native owner (macos-15)	Test reusable native owner packages	2026-10-05T02:04:38.4931610Z      Running tests/flow_preemption_secondary_v1.rs (target/debug/deps/flow_preemption_secondary_v1-d58384a6142700a8)
Native owner (macos-15)	Test reusable native owner packages	2026-10-05T02:04:38.5033610Z 
Native owner (macos-15)	Test reusable native owner packages	2026-10-05T02:04:38.5135380Z running 1 test
Native owner (macos-15)	Test reusable native owner packages	2026-10-05T02:04:38.5152980Z test independent_timed_preemption_timeline_0_4_7 ... ok
Native owner (macos-15)	Test reusable native owner packages	2026-10-05T02:04:38.5154000Z 
Native owner (macos-15)	Test reusable native owner packages	2026-10-05T02:04:38.5154320Z test result: ok. 1 passed; 0 failed; 0 ignored; 0 measured; 0 filtered out; finished in 0.01s
Native owner (macos-15)	Test reusable native owner packages	2026-10-05T02:04:38.5155160Z 
Native owner (macos-15)	Test reusable native owner packages	2026-10-05T02:04:38.5155510Z      Running tests/flow_queue_v1.rs (target/debug/deps/flow_queue_v1-cc46f5b855dc0f7a)
Native owner (macos-15)	Test reusable native owner packages	2026-10-05T02:04:38.5155920Z 
Native owner (macos-15)	Test reusable native owner packages	2026-10-05T02:04:38.5156070Z running 8 tests
Native owner (macos-15)	Test reusable native owner packages	2026-10-05T02:04:38.5156490Z test equal_priority_reverse_command_insertion_and_active_rekey ... ok
Native owner (macos-15)	Test reusable native owner packages	2026-10-05T02:04:38.5157020Z test deadline_expires_before_release_in_both_insertion_orders ... ok
Native owner (macos-15)	Test reusable native owner packages	2026-10-05T02:04:38.5157510Z test grant_clears_deadline_and_immediate_expiry_never_grants ... ok
Native owner (macos-15)	Test reusable native owner packages	2026-10-05T02:04:38.5159240Z test pending_cancel_has_one_terminal_transition_and_stale_tokens ... ok
Native owner (macos-15)	Test reusable native owner packages	2026-10-05T02:04:38.5159850Z test cancellation_and_rekey_follow_scheduler_order_and_resubmission_is_new ... ok
Native owner (macos-15)	Test reusable native owner packages	2026-10-05T02:04:38.5160350Z test priority_fifo_and_rekey_preserve_admission_sequence ... ok
Native owner (macos-15)	Test reusable native owner packages	2026-10-05T02:04:38.5160820Z test unrelated_resource_command_cannot_steal_timeout_causality ... ok
Native owner (macos-15)	Test reusable native owner packages	2026-10-05T02:04:38.5161260Z test timeout_evidence_survives_rejected_rekey_at_boundary ... ok
Native owner (macos-15)	Test reusable native owner packages	2026-10-05T02:04:38.5164860Z 
Native owner (macos-15)	Test reusable native owner packages	2026-10-05T02:04:38.5165640Z test result: ok. 8 passed; 0 failed; 0 ignored; 0 measured; 0 filtered out; finished in 0.01s
Native owner (macos-15)	Test reusable native owner packages	2026-10-05T02:04:38.5166540Z 
Native owner (macos-15)	Test reusable native owner packages	2026-10-05T02:04:38.5166960Z      Running tests/flow_registration_phase_v1.rs (target/debug/deps/flow_registration_phase_v1-37ec118de842cb28)
Native owner (macos-15)	Test reusable native owner packages	2026-10-05T02:04:38.5169560Z 
Native owner (macos-15)	Test reusable native owner packages	2026-10-05T02:04:38.5169720Z running 5 tests
Native owner (macos-15)	Test reusable native owner packages	2026-10-05T02:04:38.5197270Z test actors_and_resources_do_not_close_registration_phase ... ok
Native owner (macos-15)	Test reusable native owner packages	2026-10-05T02:04:38.5204460Z test existing_domain_registration_semantics_remain_available ... ok
Native owner (macos-15)	Test reusable native owner packages	2026-10-05T02:04:38.5204840Z test failed_creation_does_not_close_registration_phase ... ok
Native owner (macos-15)	Test reusable native owner packages	2026-10-05T02:04:38.5205160Z test successful_task_closes_global_registration_phase ... ok
Native owner (macos-15)	Test reusable native owner packages	2026-10-05T02:04:38.5205900Z test cleanup_does_not_reopen_registration_phase ... ok
Native owner (macos-15)	Test reusable native owner packages	2026-10-05T02:04:38.5206620Z 
Native owner (macos-15)	Test reusable native owner packages	2026-10-05T02:04:38.5206850Z test result: ok. 5 passed; 0 failed; 0 ignored; 0 measured; 0 filtered out; finished in 0.01s
Native owner (macos-15)	Test reusable native owner packages	2026-10-05T02:04:38.5207140Z 
Native owner (macos-15)	Test reusable native owner packages	2026-10-05T02:04:38.5207380Z      Running tests/flow_same_tick_budget_v1.rs (target/debug/deps/flow_same_tick_budget_v1-5c918298bd98f573)
Native owner (macos-15)	Test reusable native owner packages	2026-10-05T02:04:38.5325390Z 
Native owner (macos-15)	Test reusable native owner packages	2026-10-05T02:04:38.5325990Z running 9 tests
Native owner (macos-15)	Test reusable native owner packages	2026-10-05T02:04:38.5358300Z test defaults_and_constructor_only_override ... ok
Native owner (macos-15)	Test reusable native owner packages	2026-10-05T02:04:38.5390700Z test delivered_cancel_notification_counts_once_after_terminal_commit ... ok
Native owner (macos-15)	Test reusable native owner packages	2026-10-05T02:04:38.5395620Z test blocked_notification_preserves_context_and_pending_token ... ok
Native owner (macos-15)	Test reusable native owner packages	2026-10-05T02:04:38.5396670Z test exact_limit_and_normal_later_tick_reset_respect_max_events ... ok
Native owner (macos-15)	Test reusable native owner packages	2026-10-05T02:04:38.5398290Z test first_admission_overflow_retains_head_and_permanently_halts ... ok
Native owner (macos-15)	Test reusable native owner packages	2026-10-05T02:04:38.5399640Z test due_boundary_and_rejected_cancel_eight_independent_ordering_cases ... ok
Native owner (macos-15)	Test reusable native owner packages	2026-10-05T02:04:38.5400210Z test timed_admission_uses_effective_dispatch_timestamp ... ok
Native owner (macos-15)	Test reusable native owner packages	2026-10-05T02:04:38.5400600Z test predicted_obsolete_completion_has_zero_cost_and_natural_tick_reset ... ok
Native owner (macos-15)	Test reusable native owner packages	2026-10-05T02:04:38.5401000Z test release_and_replacement_are_one_atomic_budget_plan ... ok
Native owner (macos-15)	Test reusable native owner packages	2026-10-05T02:04:38.5401210Z 
Native owner (macos-15)	Test reusable native owner packages	2026-10-05T02:04:38.5401900Z test result: ok. 9 passed; 0 failed; 0 ignored; 0 measured; 0 filtered out; finished in 0.01s
Native owner (macos-15)	Test reusable native owner packages	2026-10-05T02:04:38.5402350Z 
Native owner (macos-15)	Test reusable native owner packages	2026-10-05T02:04:38.5405010Z      Running tests/flow_shared_domain_v1.rs (target/debug/deps/flow_shared_domain_v1-4cfa8d3f2b7b093a)
Native owner (macos-15)	Test reusable native owner packages	2026-10-05T02:04:38.5443700Z 
Native owner (macos-15)	Test reusable native owner packages	2026-10-05T02:04:38.5453060Z running 7 tests
Native owner (macos-15)	Test reusable native owner packages	2026-10-05T02:04:38.5454400Z test carrier_creation_registration_type_and_actor_failures_leave_no_association ... ok
Native owner (macos-15)	Test reusable native owner packages	2026-10-05T02:04:38.5455020Z test callback_actor_despawn_is_buffered_and_cleans_task_carrier_and_stale_update ... ok
Native owner (macos-15)	Test reusable native owner packages	2026-10-05T02:04:38.5455620Z test carrier_role_rejects_manual_and_timed_acquire_without_association ... ok
Native owner (macos-15)	Test reusable native owner packages	2026-10-05T02:04:38.5456370Z test duplicate_pending_despawn_is_explicit_while_actor_still_live ... ok
Native owner (macos-15)	Test reusable native owner packages	2026-10-05T02:04:38.5458010Z test explicitly_registered_carrier_is_unique_per_actor_and_kind_bound ... ok
Native owner (macos-15)	Test reusable native owner packages	2026-10-05T02:04:38.5459470Z test same_batch_duplicate_despawn_rejects_atomically_at_second_ticket_but_context_changes_once ... ok
Native owner (macos-15)	Test reusable native owner packages	2026-10-05T02:04:38.5461640Z test same_tick_update_and_despawn_priority_controls_live_delivery_without_competing_time ... ok
Native owner (macos-15)	Test reusable native owner packages	2026-10-05T02:04:38.5462520Z 
Native owner (macos-15)	Test reusable native owner packages	2026-10-05T02:04:38.5463220Z test result: ok. 7 passed; 0 failed; 0 ignored; 0 measured; 0 filtered out; finished in 0.00s
Native owner (macos-15)	Test reusable native owner packages	2026-10-05T02:04:38.5463990Z 
Native owner (macos-15)	Test reusable native owner packages	2026-10-05T02:04:38.5464690Z      Running tests/flow_staff_bed_cleaning_v1.rs (target/debug/deps/flow_staff_bed_cleaning_v1-0d1601227737a2d7)
Native owner (macos-15)	Test reusable native owner packages	2026-10-05T02:04:38.5588500Z 
Native owner (macos-15)	Test reusable native owner packages	2026-10-05T02:04:38.5588930Z running 6 tests
Native owner (macos-15)	Test reusable native owner packages	2026-10-05T02:04:38.5680450Z test named_staff_context_and_terminal_values_remain_typed ... ok
Native owner (macos-15)	Test reusable native owner packages	2026-10-05T02:04:38.5681790Z test bed_capacity_context_terminal_state_and_paused_raw_parity_are_preserved ... ok
Native owner (macos-15)	Test reusable native owner packages	2026-10-05T02:04:38.5682470Z test named_staff_lifecycle_keeps_exact_urgent_suspend_timeline ... ok
Native owner (macos-15)	Test reusable native owner packages	2026-10-05T02:04:38.5682970Z test staff_boundaries_preserve_capacity_and_finish_drained ... ok
Native owner (macos-15)	Test reusable native owner packages	2026-10-05T02:04:38.5683420Z test continuous_and_paused_modes_match_raw_lifecycle_records ... ok
Native owner (macos-15)	Test reusable native owner packages	2026-10-05T02:04:38.5694070Z test staged_bed_cleaning_keeps_patient_a_lease_until_ordered_release ... ok
Native owner (macos-15)	Test reusable native owner packages	2026-10-05T02:04:38.5694630Z 
Native owner (macos-15)	Test reusable native owner packages	2026-10-05T02:04:38.5694940Z test result: ok. 6 passed; 0 failed; 0 ignored; 0 measured; 0 filtered out; finished in 0.01s
Native owner (macos-15)	Test reusable native owner packages	2026-10-05T02:04:38.5695380Z 
Native owner (macos-15)	Test reusable native owner packages	2026-10-05T02:04:38.5697750Z      Running tests/flow_work_v1.rs (target/debug/deps/flow_work_v1-d367dee1a6bc7a31)
Native owner (macos-15)	Test reusable native owner packages	2026-10-05T02:04:38.5861150Z 
Native owner (macos-15)	Test reusable native owner packages	2026-10-05T02:04:38.5862100Z running 4 tests
Native owner (macos-15)	Test reusable native owner packages	2026-10-05T02:04:38.5923380Z test actor_cleanup_drops_context_and_recycled_work_id_is_stale ... ok
Native owner (macos-15)	Test reusable native owner packages	2026-10-05T02:04:38.5926020Z test manual_allocation_inspection_preserves_owner_work_and_grant_time ... ok
Native owner (macos-15)	Test reusable native owner packages	2026-10-05T02:04:38.5926610Z test work_association_is_checked_and_not_implicitly_reused ... ok
Native owner (macos-15)	Test reusable native owner packages	2026-10-05T02:04:38.5928050Z test work_owns_typed_context_and_rejects_wrong_types ... ok
Native owner (macos-15)	Test reusable native owner packages	2026-10-05T02:04:38.5928350Z 
Native owner (macos-15)	Test reusable native owner packages	2026-10-05T02:04:38.5928630Z test result: ok. 4 passed; 0 failed; 0 ignored; 0 measured; 0 filtered out; finished in 0.01s
Native owner (macos-15)	Test reusable native owner packages	2026-10-05T02:04:38.5929010Z 
Native owner (macos-15)	Test reusable native owner packages	2026-10-05T02:04:38.5929390Z      Running tests/flow_world_view_v1.rs (target/debug/deps/flow_world_view_v1-fef8461f17a70ff7)
Native owner (macos-15)	Test reusable native owner packages	2026-10-05T02:04:38.6047480Z 
Native owner (macos-15)	Test reusable native owner packages	2026-10-05T02:04:38.6048650Z running 6 tests
Native owner (macos-15)	Test reusable native owner packages	2026-10-05T02:04:38.6103180Z test real_view_callback_preserves_atomic_batch_rejection_and_nonrollback_context ... ok
Native owner (macos-15)	Test reusable native owner packages	2026-10-05T02:04:38.6105840Z test legacy_view_descriptor_duplicates_both_orders_and_compatible_kind_coexistence ... ok
Native owner (macos-15)	Test reusable native owner packages	2026-10-05T02:04:38.6107070Z test real_world_time_hrtb_and_deferred_command_delivery ... ok
Native owner (macos-15)	Test reusable native owner packages	2026-10-05T02:04:38.6107550Z test removed_work_view_event_is_consumed_stale_without_callback ... ok
Native owner (macos-15)	Test reusable native owner packages	2026-10-05T02:04:38.6108060Z test reserved_kinds_and_public_wrong_context_reject_without_scheduling ... ok
Native owner (macos-15)	Test reusable native owner packages	2026-10-05T02:04:38.6108580Z test view_registration_after_same_key_work_preserves_existing_gate ... ok
Native owner (macos-15)	Test reusable native owner packages	2026-10-05T02:04:38.6109560Z 
Native owner (macos-15)	Test reusable native owner packages	2026-10-05T02:04:38.6109860Z test result: ok. 6 passed; 0 failed; 0 ignored; 0 measured; 0 filtered out; finished in 0.01s
Native owner (macos-15)	Test reusable native owner packages	2026-10-05T02:04:38.6110230Z 
Native owner (macos-15)	Test reusable native owner packages	2026-10-05T02:04:38.6110640Z      Running tests/q53_legacy_public_surface_v1.rs (target/debug/deps/q53_legacy_public_surface_v1-85e4dfcf57b7769e)
Native owner (macos-15)	Test reusable native owner packages	2026-10-05T02:04:38.6213690Z 
Native owner (macos-15)	Test reusable native owner packages	2026-10-05T02:04:38.6216120Z running 3 tests
Native owner (macos-15)	Test reusable native owner packages	2026-10-05T02:04:38.6219930Z test legacy_resource_capacity_two_fifo_release_conserves_capacity ... ok
Native owner (macos-15)	Test reusable native owner packages	2026-10-05T02:04:38.6221240Z test legacy_context_public_fields_and_methods_remain_usable ... ok
Native owner (macos-15)	Test reusable native owner packages	2026-10-05T02:04:38.6222470Z test legacy_trajectory_accessors_preserve_dispatch_order_and_event_limit ... ok
Native owner (macos-15)	Test reusable native owner packages	2026-10-05T02:04:38.6227430Z 
Native owner (macos-15)	Test reusable native owner packages	2026-10-05T02:04:38.6255080Z test result: ok. 3 passed; 0 failed; 0 ignored; 0 measured; 0 filtered out; finished in 0.00s
Native owner (macos-15)	Test reusable native owner packages	2026-10-05T02:04:38.6257020Z 
Native owner (macos-15)	Test reusable native owner packages	2026-10-05T02:04:38.6259380Z      Running unittests src/lib.rs (target/debug/deps/kairo_ecs_rng-6a6b8929c2d30691)
Native owner (macos-15)	Test reusable native owner packages	2026-10-05T02:04:38.6285070Z 
Native owner (macos-15)	Test reusable native owner packages	2026-10-05T02:04:38.6285730Z running 5 tests
Native owner (macos-15)	Test reusable native owner packages	2026-10-05T02:04:38.6289050Z test tests::different_run_seeds_diverge ... ok
Native owner (macos-15)	Test reusable native owner packages	2026-10-05T02:04:38.6300000Z test tests::distinct_entity_inputs_diverge ... ok
Native owner (macos-15)	Test reusable native owner packages	2026-10-05T02:04:38.6300420Z test tests::entity_seed_is_reproducible ... ok
Native owner (macos-15)	Test reusable native owner packages	2026-10-05T02:04:38.6300780Z test tests::entity_stream_replays_exactly ... ok
Native owner (macos-15)	Test reusable native owner packages	2026-10-05T02:04:38.6301130Z test tests::stream_replays_from_run_seed ... ok
Native owner (macos-15)	Test reusable native owner packages	2026-10-05T02:04:38.6301440Z 
Native owner (macos-15)	Test reusable native owner packages	2026-10-05T02:04:38.6301730Z test result: ok. 5 passed; 0 failed; 0 ignored; 0 measured; 0 filtered out; finished in 0.00s
Native owner (macos-15)	Test reusable native owner packages	2026-10-05T02:04:38.6302140Z 
Native owner (macos-15)	Test reusable native owner packages	2026-10-05T02:04:38.6302480Z      Running unittests src/lib.rs (target/debug/deps/kairo_ecs_state-5ee47f3dc0f17de4)
Native owner (macos-15)	Test reusable native owner packages	2026-10-05T02:04:38.6302840Z 
Native owner (macos-15)	Test reusable native owner packages	2026-10-05T02:04:38.6303000Z running 0 tests
Native owner (macos-15)	Test reusable native owner packages	2026-10-05T02:04:38.6303210Z 
Native owner (macos-15)	Test reusable native owner packages	2026-10-05T02:04:38.6303500Z test result: ok. 0 passed; 0 failed; 0 ignored; 0 measured; 0 filtered out; finished in 0.00s
Native owner (macos-15)	Test reusable native owner packages	2026-10-05T02:04:38.6303850Z 
Native owner (macos-15)	Test reusable native owner packages	2026-10-05T02:04:38.6304820Z      Running tests/component_storage.rs (target/debug/deps/component_storage-efe2db5afdb3a654)
Native owner (macos-15)	Test reusable native owner packages	2026-10-05T02:04:38.6310970Z 
Native owner (macos-15)	Test reusable native owner packages	2026-10-05T02:04:38.6312810Z running 6 tests
Native owner (macos-15)	Test reusable native owner packages	2026-10-05T02:04:38.6313980Z test component_store_newer_generation_supersedes_stale_row ... ok
Native owner (macos-15)	Test reusable native owner packages	2026-10-05T02:04:38.6314810Z test component_registry_multi_type_and_remove ... ok
Native owner (macos-15)	Test reusable native owner packages	2026-10-05T02:04:38.6315140Z test component_store_rejects_stale_generation_for_same_index ... ok
Native owner (macos-15)	Test reusable native owner packages	2026-10-05T02:04:38.6315520Z test component_store_replaces_same_entity_without_duplicate_row ... ok
Native owner (macos-15)	Test reusable native owner packages	2026-10-05T02:04:38.6315870Z test world_snapshot_is_deterministic_across_repeated_reads ... ok
Native owner (macos-15)	Test reusable native owner packages	2026-10-05T02:04:38.6316240Z test world_entity_lifecycle_recycles_indices_and_rejects_stale_handles ... ok
Native owner (macos-15)	Test reusable native owner packages	2026-10-05T02:04:38.6316490Z 
Native owner (macos-15)	Test reusable native owner packages	2026-10-05T02:04:38.6316680Z test result: ok. 6 passed; 0 failed; 0 ignored; 0 measured; 0 filtered out; finished in 0.00s
Native owner (macos-15)	Test reusable native owner packages	2026-10-05T02:04:38.6317020Z 
Native owner (macos-15)	Test reusable native owner packages	2026-10-05T02:04:38.6317270Z      Running unittests src/lib.rs (target/debug/deps/kairo_ecs_types-4bf3cb2d8902b999)
Native owner (macos-15)	Test reusable native owner packages	2026-10-05T02:04:38.6343770Z 
Native owner (macos-15)	Test reusable native owner packages	2026-10-05T02:04:38.6346380Z running 8 tests
Native owner (macos-15)	Test reusable native owner packages	2026-10-05T02:04:38.6348160Z test tests::constructors_validate_wide_inputs ... ok
Native owner (macos-15)	Test reusable native owner packages	2026-10-05T02:04:38.6348710Z test tests::request_construction_validates_priority_range ... ok
Native owner (macos-15)	Test reusable native owner packages	2026-10-05T02:04:38.6349070Z test tests::handles_are_deterministically_ordered ... ok
Native owner (macos-15)	Test reusable native owner packages	2026-10-05T02:04:38.6349440Z test tests::sim_time_checked_add_overflow_is_none ... ok
Native owner (macos-15)	Test reusable native owner packages	2026-10-05T02:04:38.6350550Z test tests::schedule_request_and_dispatch_are_stable_and_ordered ... ok
Native owner (macos-15)	Test reusable native owner packages	2026-10-05T02:04:38.6350900Z test tests::sim_time_uses_fixed_ticks ... ok
Native owner (macos-15)	Test reusable native owner packages	2026-10-05T02:04:38.6351210Z test tests::versioned_wrapper_carries_version_and_value ... ok
Native owner (macos-15)	Test reusable native owner packages	2026-10-05T02:04:38.6351500Z test tests::step_outcome_accessors_work ... ok
Native owner (macos-15)	Test reusable native owner packages	2026-10-05T02:04:38.6351670Z 
Native owner (macos-15)	Test reusable native owner packages	2026-10-05T02:04:38.6351880Z test result: ok. 8 passed; 0 failed; 0 ignored; 0 measured; 0 filtered out; finished in 0.00s
Native owner (macos-15)	Test reusable native owner packages	2026-10-05T02:04:38.6352170Z 
Native owner (macos-15)	Test reusable native owner packages	2026-10-05T02:04:38.6352240Z    Doc-tests kairo_ecs_abm
Native owner (macos-15)	Test reusable native owner packages	2026-10-05T02:04:38.7136670Z 
Native owner (macos-15)	Test reusable native owner packages	2026-10-05T02:04:38.7140560Z running 0 tests
Native owner (macos-15)	Test reusable native owner packages	2026-10-05T02:04:38.7145110Z 
Native owner (macos-15)	Test reusable native owner packages	2026-10-05T02:04:38.7145450Z test result: ok. 0 passed; 0 failed; 0 ignored; 0 measured; 0 filtered out; finished in 0.00s
Native owner (macos-15)	Test reusable native owner packages	2026-10-05T02:04:38.7145880Z 
Native owner (macos-15)	Test reusable native owner packages	2026-10-05T02:04:38.7150200Z    Doc-tests kairo_ecs_arrow
Native owner (macos-15)	Test reusable native owner packages	2026-10-05T02:04:38.7506860Z 
Native owner (macos-15)	Test reusable native owner packages	2026-10-05T02:04:38.7526520Z running 0 tests
Native owner (macos-15)	Test reusable native owner packages	2026-10-05T02:04:38.7528910Z 
Native owner (macos-15)	Test reusable native owner packages	2026-10-05T02:04:38.7541050Z test result: ok. 0 passed; 0 failed; 0 ignored; 0 measured; 0 filtered out; finished in 0.00s
Native owner (macos-15)	Test reusable native owner packages	2026-10-05T02:04:38.7572810Z 
Native owner (macos-15)	Test reusable native owner packages	2026-10-05T02:04:38.7576760Z    Doc-tests kairo_ecs_calibration
Native owner (macos-15)	Test reusable native owner packages	2026-10-05T02:04:38.8307820Z 
Native owner (macos-15)	Test reusable native owner packages	2026-10-05T02:04:38.8308550Z running 0 tests
Native owner (macos-15)	Test reusable native owner packages	2026-10-05T02:04:38.8308920Z 
Native owner (macos-15)	Test reusable native owner packages	2026-10-05T02:04:38.8309470Z test result: ok. 0 passed; 0 failed; 0 ignored; 0 measured; 0 filtered out; finished in 0.00s
Native owner (macos-15)	Test reusable native owner packages	2026-10-05T02:04:38.8310240Z 
Native owner (macos-15)	Test reusable native owner packages	2026-10-05T02:04:38.8316260Z    Doc-tests kairo_ecs_core
Native owner (macos-15)	Test reusable native owner packages	2026-10-05T02:04:38.8606430Z 
Native owner (macos-15)	Test reusable native owner packages	2026-10-05T02:04:38.8607530Z running 0 tests
Native owner (macos-15)	Test reusable native owner packages	2026-10-05T02:04:38.8608080Z 
Native owner (macos-15)	Test reusable native owner packages	2026-10-05T02:04:38.8608670Z test result: ok. 0 passed; 0 failed; 0 ignored; 0 measured; 0 filtered out; finished in 0.00s
Native owner (macos-15)	Test reusable native owner packages	2026-10-05T02:04:38.8609070Z 
Native owner (macos-15)	Test reusable native owner packages	2026-10-05T02:04:38.8625590Z    Doc-tests kairo_ecs_des
Native owner (macos-15)	Test reusable native owner packages	2026-10-05T02:04:38.9273740Z 
Native owner (macos-15)	Test reusable native owner packages	2026-10-05T02:04:38.9274700Z running 0 tests
Native owner (macos-15)	Test reusable native owner packages	2026-10-05T02:04:38.9275060Z 
Native owner (macos-15)	Test reusable native owner packages	2026-10-05T02:04:38.9275610Z test result: ok. 0 passed; 0 failed; 0 ignored; 0 measured; 0 filtered out; finished in 0.00s
Native owner (macos-15)	Test reusable native owner packages	2026-10-05T02:04:38.9276360Z 
Native owner (macos-15)	Test reusable native owner packages	2026-10-05T02:04:38.9283080Z    Doc-tests kairo_ecs_rng
Native owner (macos-15)	Test reusable native owner packages	2026-10-05T02:04:38.9515080Z 
Native owner (macos-15)	Test reusable native owner packages	2026-10-05T02:04:38.9515580Z running 0 tests
Native owner (macos-15)	Test reusable native owner packages	2026-10-05T02:04:38.9515880Z 
Native owner (macos-15)	Test reusable native owner packages	2026-10-05T02:04:38.9516410Z test result: ok. 0 passed; 0 failed; 0 ignored; 0 measured; 0 filtered out; finished in 0.00s
Native owner (macos-15)	Test reusable native owner packages	2026-10-05T02:04:38.9517160Z 
Native owner (macos-15)	Test reusable native owner packages	2026-10-05T02:04:38.9522630Z    Doc-tests kairo_ecs_state
Native owner (macos-15)	Test reusable native owner packages	2026-10-05T02:04:38.9779010Z 
Native owner (macos-15)	Test reusable native owner packages	2026-10-05T02:04:38.9779480Z running 0 tests
Native owner (macos-15)	Test reusable native owner packages	2026-10-05T02:04:38.9779810Z 
Native owner (macos-15)	Test reusable native owner packages	2026-10-05T02:04:38.9780210Z test result: ok. 0 passed; 0 failed; 0 ignored; 0 measured; 0 filtered out; finished in 0.00s
Native owner (macos-15)	Test reusable native owner packages	2026-10-05T02:04:38.9780680Z 
Native owner (macos-15)	Test reusable native owner packages	2026-10-05T02:04:38.9787660Z    Doc-tests kairo_ecs_types
Native owner (macos-15)	Test reusable native owner packages	2026-10-05T02:04:39.0051510Z 
Native owner (macos-15)	Test reusable native owner packages	2026-10-05T02:04:39.0052650Z running 0 tests
Native owner (macos-15)	Test reusable native owner packages	2026-10-05T02:04:39.0052970Z 
Native owner (macos-15)	Test reusable native owner packages	2026-10-05T02:04:39.0053450Z test result: ok. 0 passed; 0 failed; 0 ignored; 0 measured; 0 filtered out; finished in 0.00s
Native owner (macos-15)	Test reusable native owner packages	2026-10-05T02:04:39.0053740Z 
Native owner (macos-15)	Test optional calibration package floor	﻿2026-10-05T02:04:39.0410450Z ##[group]Run set -o pipefail
Native owner (macos-15)	Test optional calibration package floor	2026-10-05T02:04:39.0410700Z ^[[36;1mset -o pipefail^[[0m
Native owner (macos-15)	Test optional calibration package floor	2026-10-05T02:04:39.0411090Z ^[[36;1mrustup toolchain install 1.88.0 --profile minimal 2>&1 | tee .artifacts/ci/native/calibration-install.log^[[0m
Native owner (macos-15)	Test optional calibration package floor	2026-10-05T02:04:39.0411640Z ^[[36;1mtask_rustc="$(rustup which --toolchain 1.88.0 rustc)"^[[0m
Native owner (macos-15)	Test optional calibration package floor	2026-10-05T02:04:39.0411920Z ^[[36;1mtask_bin="$(dirname "$task_rustc")"^[[0m
Native owner (macos-15)	Test optional calibration package floor	2026-10-05T02:04:39.0412250Z ^[[36;1mexport RUSTC="$task_rustc" RUSTDOC="$task_bin/rustdoc" PATH="$task_bin:$PATH"^[[0m
Native owner (macos-15)	Test optional calibration package floor	2026-10-05T02:04:39.0412640Z ^[[36;1mrustc -vV | tee .artifacts/ci/native/calibration-floor.log^[[0m
Native owner (macos-15)	Test optional calibration package floor	2026-10-05T02:04:39.0413010Z ^[[36;1mgrep -Fx 'release: 1.88.0' .artifacts/ci/native/calibration-floor.log^[[0m
Native owner (macos-15)	Test optional calibration package floor	2026-10-05T02:04:39.0413360Z ^[[36;1mif [ "$EXPECTED_OS" = macos-15 ]; then^[[0m
Native owner (macos-15)	Test optional calibration package floor	2026-10-05T02:04:39.0413790Z ^[[36;1m  grep -Fx 'host: aarch64-apple-darwin' .artifacts/ci/native/calibration-floor.log^[[0m
Native owner (macos-15)	Test optional calibration package floor	2026-10-05T02:04:39.0414130Z ^[[36;1melse^[[0m
Native owner (macos-15)	Test optional calibration package floor	2026-10-05T02:04:39.0414420Z ^[[36;1m  grep -Fx 'host: x86_64-unknown-linux-gnu' .artifacts/ci/native/calibration-floor.log^[[0m
Native owner (macos-15)	Test optional calibration package floor	2026-10-05T02:04:39.0414780Z ^[[36;1mfi^[[0m
Native owner (macos-15)	Test optional calibration package floor	2026-10-05T02:04:39.0415110Z ^[[36;1mcargo test --locked -p kairo-ecs-calibration 2>&1 | tee -a .artifacts/ci/native/calibration-floor.log^[[0m
Native owner (macos-15)	Test optional calibration package floor	2026-10-05T02:04:39.0415670Z ^[[36;1mrustc -vV | tee .artifacts/ci/native/resource-lifecycle-floor.log^[[0m
Native owner (macos-15)	Test optional calibration package floor	2026-10-05T02:04:39.0416260Z ^[[36;1mcargo test --locked -p kairo-ecs-arrow --features resource-lifecycle-io 2>&1 | tee -a .artifacts/ci/native/resource-lifecycle-floor.log^[[0m
Native owner (macos-15)	Test optional calibration package floor	2026-10-05T02:04:39.0454060Z shell: /bin/bash -e {0}
Native owner (macos-15)	Test optional calibration package floor	2026-10-05T02:04:39.0454250Z env:
Native owner (macos-15)	Test optional calibration package floor	2026-10-05T02:04:39.0454400Z   EXPECTED_OS: macos-15
Native owner (macos-15)	Test optional calibration package floor	2026-10-05T02:04:39.0454550Z ##[endgroup]
Native owner (macos-15)	Test optional calibration package floor	2026-10-05T02:04:39.1327010Z info: syncing channel updates for 1.88.0-aarch64-apple-darwin
Native owner (macos-15)	Test optional calibration package floor	2026-10-05T02:04:39.2304660Z info: latest update on 2025-06-26 for version 1.88.0 (6b00bc388 2025-06-23)
Native owner (macos-15)	Test optional calibration package floor	2026-10-05T02:04:39.2318350Z info: downloading 3 components
Native owner (macos-15)	Test optional calibration package floor	2026-10-05T02:04:45.2737190Z 
Native owner (macos-15)	Test optional calibration package floor	2026-10-05T02:04:45.5566700Z   1.88.0-aarch64-apple-darwin installed - rustc 1.88.0 (6b00bc388 2025-06-23)
Native owner (macos-15)	Test optional calibration package floor	2026-10-05T02:04:45.5567240Z 
Native owner (macos-15)	Test optional calibration package floor	2026-10-05T02:04:45.5567410Z info: self-update is disabled for this build of rustup
Native owner (macos-15)	Test optional calibration package floor	2026-10-05T02:04:45.5567810Z info: any updates to rustup will need to be fetched with your system package manager
Native owner (macos-15)	Test optional calibration package floor	2026-10-05T02:04:45.6153260Z rustc 1.88.0 (6b00bc388 2025-06-23)
Native owner (macos-15)	Test optional calibration package floor	2026-10-05T02:04:45.6153650Z binary: rustc
Native owner (macos-15)	Test optional calibration package floor	2026-10-05T02:04:45.6153890Z commit-hash: 6b00bc3880198600130e1cf62b8f8a93494488cc
Native owner (macos-15)	Test optional calibration package floor	2026-10-05T02:04:45.6154150Z commit-date: 2025-06-23
Native owner (macos-15)	Test optional calibration package floor	2026-10-05T02:04:45.6154350Z host: aarch64-apple-darwin
Native owner (macos-15)	Test optional calibration package floor	2026-10-05T02:04:45.6154530Z release: 1.88.0
Native owner (macos-15)	Test optional calibration package floor	2026-10-05T02:04:45.6251330Z LLVM version: 20.1.5
Native owner (macos-15)	Test optional calibration package floor	2026-10-05T02:04:45.6483820Z release: 1.88.0
Native owner (macos-15)	Test optional calibration package floor	2026-10-05T02:04:45.6538020Z host: aarch64-apple-darwin
Native owner (macos-15)	Test optional calibration package floor	2026-10-05T02:04:46.1668360Z    Compiling proc-macro2 v1.0.106
Native owner (macos-15)	Test optional calibration package floor	2026-10-05T02:04:46.1671350Z    Compiling quote v1.0.45
Native owner (macos-15)	Test optional calibration package floor	2026-10-05T02:04:46.1671820Z    Compiling unicode-ident v1.0.24
Native owner (macos-15)	Test optional calibration package floor	2026-10-05T02:04:46.5356550Z    Compiling typenum v1.20.1
Native owner (macos-15)	Test optional calibration package floor	2026-10-05T02:04:47.8108290Z    Compiling hybrid-array v0.4.15
Native owner (macos-15)	Test optional calibration package floor	2026-10-05T02:04:47.8598720Z    Compiling libc v0.2.186
Native owner (macos-15)	Test optional calibration package floor	2026-10-05T02:04:48.1138180Z    Compiling autocfg v1.5.0
Native owner (macos-15)	Test optional calibration package floor	2026-10-05T02:04:48.7818330Z    Compiling num-traits v0.2.19
Native owner (macos-15)	Test optional calibration package floor	2026-10-05T02:04:48.9316850Z    Compiling syn v3.0.6
Native owner (macos-15)	Test optional calibration package floor	2026-10-05T02:04:49.0403990Z    Compiling thiserror v2.0.20
Native owner (macos-15)	Test optional calibration package floor	2026-10-05T02:04:49.0849870Z    Compiling zmij v1.0.21
Native owner (macos-15)	Test optional calibration package floor	2026-10-05T02:04:49.2726040Z    Compiling serde_core v1.0.228
Native owner (macos-15)	Test optional calibration package floor	2026-10-05T02:04:49.6139850Z    Compiling crypto-common v0.2.2
Native owner (macos-15)	Test optional calibration package floor	2026-10-05T02:04:50.1483290Z    Compiling block-buffer v0.12.1
Native owner (macos-15)	Test optional calibration package floor	2026-10-05T02:04:50.2409890Z    Compiling const-oid v0.10.2
Native owner (macos-15)	Test optional calibration package floor	2026-10-05T02:04:50.3851390Z    Compiling kairo-ecs-types v0.0.0 (/Users/runner/work/kairos/kairos/crates/kairo-ecs-types)
Native owner (macos-15)	Test optional calibration package floor	2026-10-05T02:04:50.8905050Z    Compiling serde_json v1.0.149
Native owner (macos-15)	Test optional calibration package floor	2026-10-05T02:04:51.0507100Z    Compiling digest v0.11.3
Native owner (macos-15)	Test optional calibration package floor	2026-10-05T02:04:51.0845730Z    Compiling cpufeatures v0.3.1
Native owner (macos-15)	Test optional calibration package floor	2026-10-05T02:04:51.6972950Z    Compiling thiserror-impl v2.0.20
Native owner (macos-15)	Test optional calibration package floor	2026-10-05T02:04:51.9524410Z    Compiling cfg-if v1.0.4
Native owner (macos-15)	Test optional calibration package floor	2026-10-05T02:04:51.9891280Z    Compiling memchr v2.8.0
Native owner (macos-15)	Test optional calibration package floor	2026-10-05T02:04:52.3989310Z    Compiling itoa v1.0.18
Native owner (macos-15)	Test optional calibration package floor	2026-10-05T02:04:52.5125080Z    Compiling sha2 v0.11.0
Native owner (macos-15)	Test optional calibration package floor	2026-10-05T02:04:52.6870580Z    Compiling kairo-ecs-arrow v0.1.0 (/Users/runner/work/kairos/kairos/crates/kairo-ecs-arrow)
Native owner (macos-15)	Test optional calibration package floor	2026-10-05T02:04:53.2319500Z    Compiling chrono v0.4.45
Native owner (macos-15)	Test optional calibration package floor	2026-10-05T02:04:53.2726810Z    Compiling kairo-ecs-rng v0.0.0 (/Users/runner/work/kairos/kairos/crates/kairo-ecs-rng)
Native owner (macos-15)	Test optional calibration package floor	2026-10-05T02:04:53.8701790Z    Compiling kairo-ecs-calibration v0.1.0 (/Users/runner/work/kairos/kairos/crates/kairo-ecs-calibration)
Native owner (macos-15)	Test optional calibration package floor	2026-10-05T02:04:54.7035790Z warning: this lint expectation is unfulfilled
Native owner (macos-15)	Test optional calibration package floor	2026-10-05T02:04:54.7139240Z   --> crates/kairo-ecs-calibration/src/lib.rs:33:9
Native owner (macos-15)	Test optional calibration package floor	2026-10-05T02:04:54.7239870Z    |
Native owner (macos-15)	Test optional calibration package floor	2026-10-05T02:04:54.7368490Z 33 |         dead_code,
Native owner (macos-15)	Test optional calibration package floor	2026-10-05T02:04:54.7469720Z    |         ^^^^^^^^^
Native owner (macos-15)	Test optional calibration package floor	2026-10-05T02:04:54.7566110Z    |
Native owner (macos-15)	Test optional calibration package floor	2026-10-05T02:04:54.7566940Z    = note: Private C1 adapters are exercised by conformance tests; public API review is pending
Native owner (macos-15)	Test optional calibration package floor	2026-10-05T02:04:54.7567620Z    = note: `#[warn(unfulfilled_lint_expectations)]` on by default
Native owner (macos-15)	Test optional calibration package floor	2026-10-05T02:04:54.7568020Z 
Native owner (macos-15)	Test optional calibration package floor	2026-10-05T02:04:54.7568220Z warning: this lint expectation is unfulfilled
Native owner (macos-15)	Test optional calibration package floor	2026-10-05T02:04:54.7568660Z   --> crates/kairo-ecs-calibration/src/lib.rs:43:9
Native owner (macos-15)	Test optional calibration package floor	2026-10-05T02:04:54.7569130Z    |
Native owner (macos-15)	Test optional calibration package floor	2026-10-05T02:04:54.7569450Z 43 |         dead_code,
Native owner (macos-15)	Test optional calibration package floor	2026-10-05T02:04:54.7569840Z    |         ^^^^^^^^^
Native owner (macos-15)	Test optional calibration package floor	2026-10-05T02:04:54.7570230Z    |
Native owner (macos-15)	Test optional calibration package floor	2026-10-05T02:04:54.7570680Z    = note: Private C1 adapters are exercised by conformance tests; public API review is pending
Native owner (macos-15)	Test optional calibration package floor	2026-10-05T02:04:54.7571150Z 
Native owner (macos-15)	Test optional calibration package floor	2026-10-05T02:04:54.7571400Z warning: this lint expectation is unfulfilled
Native owner (macos-15)	Test optional calibration package floor	2026-10-05T02:04:54.7571800Z   --> crates/kairo-ecs-calibration/src/lib.rs:71:9
Native owner (macos-15)	Test optional calibration package floor	2026-10-05T02:04:54.7572260Z    |
Native owner (macos-15)	Test optional calibration package floor	2026-10-05T02:04:54.7572570Z 71 |         dead_code,
Native owner (macos-15)	Test optional calibration package floor	2026-10-05T02:04:54.7572960Z    |         ^^^^^^^^^
Native owner (macos-15)	Test optional calibration package floor	2026-10-05T02:04:54.7573340Z    |
Native owner (macos-15)	Test optional calibration package floor	2026-10-05T02:04:54.7573940Z    = note: Private C1 adapters are exercised by conformance tests; public API review is pending
Native owner (macos-15)	Test optional calibration package floor	2026-10-05T02:04:54.7574370Z 
Native owner (macos-15)	Test optional calibration package floor	2026-10-05T02:04:55.0832290Z warning: `kairo-ecs-calibration` (lib) generated 3 warnings
Native owner (macos-15)	Test optional calibration package floor	2026-10-05T02:05:01.0200240Z     Finished `test` profile [unoptimized + debuginfo] target(s) in 15.27s
Native owner (macos-15)	Test optional calibration package floor	2026-10-05T02:05:01.0253570Z      Running unittests src/lib.rs (target/debug/deps/kairo_ecs_calibration-88a464e49943ace7)
Native owner (macos-15)	Test optional calibration package floor	2026-10-05T02:05:01.0312170Z 
Native owner (macos-15)	Test optional calibration package floor	2026-10-05T02:05:01.0318110Z running 61 tests
Native owner (macos-15)	Test optional calibration package floor	2026-10-05T02:05:01.0355470Z test ingestion_c01::actual_transport_matrix ... ignored, requires exact physical transport source index and result directory
Native owner (macos-15)	Test optional calibration package floor	2026-10-05T02:05:01.0458990Z test ingestion_normalize::tests::enforces_nonzero_limits_fanout_and_actual_serialized_bytes ... ok
Native owner (macos-15)	Test optional calibration package floor	2026-10-05T02:05:01.0460650Z test ingestion_normalize::tests::order_key_projects_full_records_and_unbounded_decimal_rank ... ok
Native owner (macos-15)	Test optional calibration package floor	2026-10-05T02:05:01.0463370Z test ingestion_normalize::tests::preserves_mapper_values_and_cumulative_partition_across_chunks ... ok
Native owner (macos-15)	Test optional calibration package floor	2026-10-05T02:05:01.0467570Z test ingestion_normalize::tests::rejects_cross_chunk_duplicates_even_when_first_candidate_was_excluded ... ok
Native owner (macos-15)	Test optional calibration package floor	2026-10-05T02:05:01.0468560Z test ingestion_normalize::tests::unknown_long_kind_and_outcome_duplicate_reject_transactionally ... ok
Native owner (macos-15)	Test optional calibration package floor	2026-10-05T02:05:01.2459440Z test ingestion_c01::schema_valid_raw_marker_mutation_is_detected_by_exact_population_oracle ... ok
Native owner (macos-15)	Test optional calibration package floor	2026-10-05T02:05:01.2676680Z test ingestion_pipeline::tests::actual_source_pipeline_hashes_survive_chunks_spills_permutations_and_counts_reconcile ... ok
Native owner (macos-15)	Test optional calibration package floor	2026-10-05T02:05:01.3090950Z test ingestion_pipeline::tests::rejects_duplicate_top_level_and_nested_json_members_before_value_collapse ... ok
Native owner (macos-15)	Test optional calibration package floor	2026-10-05T02:05:01.3094730Z test ingestion_pipeline::tests::transported_source_rows_use_the_same_actual_pipeline ... ignored, requires actual transported source rows and original manifest
Native owner (macos-15)	Test optional calibration package floor	2026-10-05T02:05:01.3484410Z test ingestion_sort::tests::actual_normalized_values_are_hash_identical_across_orders_and_run_layouts ... ok
Native owner (macos-15)	Test optional calibration package floor	2026-10-05T02:05:01.3492260Z test ingestion_sort::tests::bounded_fanin_requires_multiple_merge_passes_and_handles_large_rank ... ok
Native owner (macos-15)	Test optional calibration package floor	2026-10-05T02:05:01.3592820Z test ingestion_sort::tests::iterator_sink_oversize_invalid_key_and_temp_corruption_fail_with_cleanup ... ok
Native owner (macos-15)	Test optional calibration package floor	2026-10-05T02:05:01.3599860Z test ingestion_sort::tests::sink_failure_and_bad_limits_cleanup_workspace ... ok
Native owner (macos-15)	Test optional calibration package floor	2026-10-05T02:05:01.3601560Z test ingestion_validate::tests::bad_policy_caps_cycles_and_oversize_records_reject_without_outputs ... ok
Native owner (macos-15)	Test optional calibration package floor	2026-10-05T02:05:01.3607120Z test ingestion_validate::tests::finalization_work_limit_rejects_before_materializing_occurrence_edge_violations ... ok
Native owner (macos-15)	Test optional calibration package floor	2026-10-05T02:05:01.3669050Z test ingestion_pipeline::tests::errors_remove_only_new_bundle_and_missing_evidence_never_succeeds ... ok
Native owner (macos-15)	Test optional calibration package floor	2026-10-05T02:05:01.3771170Z test ingestion_validate::tests::interleaved_cases_and_equal_precedence_are_valid ... ok
Native owner (macos-15)	Test optional calibration package floor	2026-10-05T02:05:01.3773620Z test ingestion_validate::tests::runtime_case_state_and_partial_line_bounds_fail_closed ... ok
Native owner (macos-15)	Test optional calibration package floor	2026-10-05T02:05:01.3774310Z test ingestion_validate::tests::reversed_precedence_quarantines_whole_interleaved_case ... ok
Native owner (macos-15)	Test optional calibration package floor	2026-10-05T02:05:01.3775180Z test ingestion_validate::tests::same_tick_exit_releases_before_c0_earlier_admission ... ok
Native owner (macos-15)	Test optional calibration package floor	2026-10-05T02:05:01.3775760Z test ingestion_validate::tests::strict_never_publishes_and_window_quarantines_whole_case ... ok
Native owner (macos-15)	Test optional calibration package floor	2026-10-05T02:05:01.3776430Z test ingestion_validate::tests::zero_duration_occupancy_is_allowed_and_does_not_consume_capacity ... ok
Native owner (macos-15)	Test optional calibration package floor	2026-10-05T02:05:01.3777070Z test seed_map::tests::every_identity_field_and_root_seed_change_the_frame_and_derived_seed ... ok
Native owner (macos-15)	Test optional calibration package floor	2026-10-05T02:05:01.3777700Z test seed_map::tests::finite_registry_is_idempotent_for_same_identity_and_rejects_collision ... ok
Native owner (macos-15)	Test optional calibration package floor	2026-10-05T02:05:01.3778250Z test seed_map::tests::identity_validation_rejects_invalid_and_oversized_ids ... ok
Native owner (macos-15)	Test optional calibration package floor	2026-10-05T02:05:01.3778850Z test seed_map::tests::length_framing_separates_ambiguous_concatenations ... ok
Native owner (macos-15)	Test optional calibration package floor	2026-10-05T02:05:01.3779460Z test seed_map::tests::normative_golden_bytes_digest_seed_and_draws_match ... ok
Native owner (macos-15)	Test optional calibration package floor	2026-10-05T02:05:01.3780020Z test seed_map::tests::overflow_does_not_advance_rng_or_draw_position ... ok
Native owner (macos-15)	Test optional calibration package floor	2026-10-05T02:05:01.3780500Z test seed_map::tests::purpose_tags_are_exact_u32_little_endian_values ... ok
Native owner (macos-15)	Test optional calibration package floor	2026-10-05T02:05:01.3781040Z test seed_map::tests::unknown_snapshot_versions_and_seed_mismatch_fail_closed ... ok
Native owner (macos-15)	Test optional calibration package floor	2026-10-05T02:05:01.3781560Z test trace_mapping::tests::addition_and_calendar_overflow_preserve_declared_clock_evidence ... ok
Native owner (macos-15)	Test optional calibration package floor	2026-10-05T02:05:01.3782210Z test trace_mapping::tests::classified_and_subnanosecond_reasons_are_c0_exclusions ... ok
Native owner (macos-15)	Test optional calibration package floor	2026-10-05T02:05:01.3782800Z test ingestion_validate::tests::touching_intervals_are_feasible_and_overlaps_quarantine_both ... ok
Native owner (macos-15)	Test optional calibration package floor	2026-10-05T02:05:01.3783350Z test trace_mapping::tests::duplicate_and_missing_keys_fail_dataset ... ok
Native owner (macos-15)	Test optional calibration package floor	2026-10-05T02:05:01.3783890Z test trace_mapping::tests::derived_lineage_is_retained_and_bad_lineage_becomes_safe_exclusion ... ok
Native owner (macos-15)	Test optional calibration package floor	2026-10-05T02:05:01.3784450Z test trace_mapping::tests::four_semantic_guards_are_unresolved_without_fabricated_events ... ok
Native owner (macos-15)	Test optional calibration package floor	2026-10-05T02:05:01.3785150Z test trace_mapping::tests::fixture_file_executes_raw_requests_and_exact_goldens_only ... ok
Native owner (macos-15)	Test optional calibration package floor	2026-10-05T02:05:01.3785700Z test trace_mapping::tests::integer_clock_preorigin_and_overflow_are_exclusions ... ok
Native owner (macos-15)	Test optional calibration package floor	2026-10-05T02:05:01.3786370Z test trace_mapping::tests::identities_keep_exact_unicode_case_and_ties_ignore_input_row_permutation ... ok
Native owner (macos-15)	Test optional calibration package floor	2026-10-05T02:05:01.3786910Z test trace_mapping::tests::integer_units_are_exactly_equivalent_for_one_second ... ok
Native owner (macos-15)	Test optional calibration package floor	2026-10-05T02:05:01.3787460Z test trace_mapping::tests::missing_occurrence_keeps_available_at_raw_time_c0_safe ... ok
Native owner (macos-15)	Test optional calibration package floor	2026-10-05T02:05:01.3788030Z test trace_mapping::tests::knowledge_cutoff_equality_future_and_unknown_are_reported ... ok
Native owner (macos-15)	Test optional calibration package floor	2026-10-05T02:05:01.3788730Z test trace_mapping::tests::optional_clocks_are_role_normalized_and_distinct ... ok
Native owner (macos-15)	Test optional calibration package floor	2026-10-05T02:05:01.3789460Z test trace_mapping::tests::outputs_full_c0_and_raw_mutation_changes_clock ... ok
Native owner (macos-15)	Test optional calibration package floor	2026-10-05T02:05:01.3790020Z test trace_mapping::tests::observed_task_started_survives_and_future_outcome_cannot_change_knowledge ... ok
Native owner (macos-15)	Test optional calibration package floor	2026-10-05T02:05:01.3790590Z test trace_mapping::tests::ranks_above_u64_sort_numerically ... ok
Native owner (macos-15)	Test optional calibration package floor	2026-10-05T02:05:01.3791090Z test trace_mapping::tests::reversed_open_intervals_and_cohort_denominator_are_diagnostic_only ... ok
Native owner (macos-15)	Test optional calibration package floor	2026-10-05T02:05:01.3791630Z test trace_mapping::tests::semantic_guards_emit_no_c0_records ... ok
Native owner (macos-15)	Test optional calibration package floor	2026-10-05T02:05:01.3792160Z test trace_mapping::tests::signed_relative_helper_covers_full_i128_u128_domain ... ok
Native owner (macos-15)	Test optional calibration package floor	2026-10-05T02:05:01.3792720Z test trace_mapping::tests::right_censored_outcome_keeps_last_observed_separate ... ok
Native owner (macos-15)	Test optional calibration package floor	2026-10-05T02:05:01.3793360Z test trace_mapping::tests::source_order_and_occurrence_limits_are_validated_before_clocks ... ok
Native owner (macos-15)	Test optional calibration package floor	2026-10-05T02:05:01.3794080Z test trace_mapping::tests::timestamp_mutations_reject_unknown_offset_naive_and_noncanonical_but_allow_zero_tail ... ok
Native owner (macos-15)	Test optional calibration package floor	2026-10-05T02:05:01.3794750Z test trace_mapping::tests::wide_episode_end_does_not_infer_later_boarding_departure ... ok
Native owner (macos-15)	Test optional calibration package floor	2026-10-05T02:05:01.3795330Z test trace_order::tests::equal_keys_compare_equal_and_sorting_is_independent_of_all_permutations ... ok
Native owner (macos-15)	Test optional calibration package floor	2026-10-05T02:05:01.3795930Z test trace_order::tests::order_tuple_uses_each_component_in_declared_precedence ... ok
Native owner (macos-15)	Test optional calibration package floor	2026-10-05T02:05:01.3796490Z test trace_order::tests::rank_comparison_is_numeric_without_fixed_width_conversion ... ok
Native owner (macos-15)	Test optional calibration package floor	2026-10-05T02:05:01.3797000Z test trace_order::tests::rank_requires_canonical_ascii_unsigned_decimal ... ok
Native owner (macos-15)	Test optional calibration package floor	2026-10-05T02:05:01.3797590Z test trace_order::tests::text_order_is_unsigned_utf8_bytewise_without_normalization ... ok
Native owner (macos-15)	Test optional calibration package floor	2026-10-05T02:05:01.3798110Z test trace_mapping::tests::wide_row_emits_one_outcome_even_if_event_is_excluded ... ok
Native owner (macos-15)	Test optional calibration package floor	2026-10-05T02:05:04.5619660Z test ingestion_c01::self_contained_three_profile_cartesian_matrix_has_exact_population_bytes ... ok
Native owner (macos-15)	Test optional calibration package floor	2026-10-05T02:05:04.5620270Z 
Native owner (macos-15)	Test optional calibration package floor	2026-10-05T02:05:04.5620580Z test result: ok. 59 passed; 0 failed; 2 ignored; 0 measured; 0 filtered out; finished in 3.53s
Native owner (macos-15)	Test optional calibration package floor	2026-10-05T02:05:04.5620940Z 
Native owner (macos-15)	Test optional calibration package floor	2026-10-05T02:05:04.5622390Z      Running tests/arrow_output_c43.rs (target/debug/deps/arrow_output_c43-a9e7bc6282e72fd2)
Native owner (macos-15)	Test optional calibration package floor	2026-10-05T02:05:04.5650970Z 
Native owner (macos-15)	Test optional calibration package floor	2026-10-05T02:05:04.5651240Z running 0 tests
Native owner (macos-15)	Test optional calibration package floor	2026-10-05T02:05:04.5651580Z 
Native owner (macos-15)	Test optional calibration package floor	2026-10-05T02:05:04.5651920Z test result: ok. 0 passed; 0 failed; 0 ignored; 0 measured; 0 filtered out; finished in 0.00s
Native owner (macos-15)	Test optional calibration package floor	2026-10-05T02:05:04.5652240Z 
Native owner (macos-15)	Test optional calibration package floor	2026-10-05T02:05:04.5652430Z      Running tests/cohorts_c42.rs (target/debug/deps/cohorts_c42-cc6ed2e3384af9a7)
Native owner (macos-15)	Test optional calibration package floor	2026-10-05T02:05:04.5677580Z 
Native owner (macos-15)	Test optional calibration package floor	2026-10-05T02:05:04.5678060Z running 4 tests
Native owner (macos-15)	Test optional calibration package floor	2026-10-05T02:05:04.5678500Z test nonpoint_outcomes_remain_counted_with_overlap ... ok
Native owner (macos-15)	Test optional calibration package floor	2026-10-05T02:05:04.5679080Z test identities_duplicates_and_unknown_groups_fail_without_losing_attempts ... ok
Native owner (macos-15)	Test optional calibration package floor	2026-10-05T02:05:04.5679610Z test permutation_provenance_weight_and_window_negatives ... ok
Native owner (macos-15)	Test optional calibration package floor	2026-10-05T02:05:04.5680050Z test source_window_and_empty_stratum_preserve_coverage ... ok
Native owner (macos-15)	Test optional calibration package floor	2026-10-05T02:05:04.5680380Z 
Native owner (macos-15)	Test optional calibration package floor	2026-10-05T02:05:04.5680570Z test result: ok. 4 passed; 0 failed; 0 ignored; 0 measured; 0 filtered out; finished in 0.00s
Native owner (macos-15)	Test optional calibration package floor	2026-10-05T02:05:04.5680890Z 
Native owner (macos-15)	Test optional calibration package floor	2026-10-05T02:05:04.5681230Z      Running tests/distance_c42.rs (target/debug/deps/distance_c42-9a9e454a6010f5c8)
Native owner (macos-15)	Test optional calibration package floor	2026-10-05T02:05:04.5704280Z 
Native owner (macos-15)	Test optional calibration package floor	2026-10-05T02:05:04.5704560Z running 14 tests
Native owner (macos-15)	Test optional calibration package floor	2026-10-05T02:05:04.5705890Z test deterministic_100k_point_shift_timing ... ignored, bounded synthetic distance timing receipt; coordinator executes once
Native owner (macos-15)	Test optional calibration package floor	2026-10-05T02:05:04.5707090Z test both_empty_populations_are_empty ... ok
Native owner (macos-15)	Test optional calibration package floor	2026-10-05T02:05:04.5707640Z test exact_common_origin_offsets_are_checked_before_conversion ... ok
Native owner (macos-15)	Test optional calibration package floor	2026-10-05T02:05:04.5708020Z test checked_arithmetic_overflow_is_invalid ... ok
Native owner (macos-15)	Test optional calibration package floor	2026-10-05T02:05:04.5708720Z test identical_populations_compute_zero_distances ... ok
Native owner (macos-15)	Test optional calibration package floor	2026-10-05T02:05:04.5709130Z test malformed_weight_with_valid_origin_is_ordinary_invalid_precision ... ok
Native owner (macos-15)	Test optional calibration package floor	2026-10-05T02:05:04.5709920Z test null_aligned_zero_weight_stays_in_count_and_adds_no_mass ... ok
Native owner (macos-15)	Test optional calibration package floor	2026-10-05T02:05:04.5710440Z test positive_rational_tick_scale_is_supported_exactly ... ok
Native owner (macos-15)	Test optional calibration package floor	2026-10-05T02:05:04.5710830Z test scale_and_algorithm_weight_contract_are_enforced ... ok
Native owner (macos-15)	Test optional calibration package floor	2026-10-05T02:05:04.5711200Z test tick_overflow_remains_rejected_precision ... ok
Native owner (macos-15)	Test optional calibration package floor	2026-10-05T02:05:04.5711550Z test signed_rational_supports_are_exactly_ordered ... ok
Native owner (macos-15)	Test optional calibration package floor	2026-10-05T02:05:04.5712040Z test tied_weighted_support_permutation_is_bitwise_stable ... ok
Native owner (macos-15)	Test optional calibration package floor	2026-10-05T02:05:04.5712420Z test ties_are_aggregated_before_cdf_updates ... ok
Native owner (macos-15)	Test optional calibration package floor	2026-10-05T02:05:04.5712980Z test weighted_descriptive_uses_exact_per_side_normalization ... ok
Native owner (macos-15)	Test optional calibration package floor	2026-10-05T02:05:04.5713300Z 
Native owner (macos-15)	Test optional calibration package floor	2026-10-05T02:05:04.5713500Z test result: ok. 13 passed; 0 failed; 1 ignored; 0 measured; 0 filtered out; finished in 0.00s
Native owner (macos-15)	Test optional calibration package floor	2026-10-05T02:05:04.5713850Z 
Native owner (macos-15)	Test optional calibration package floor	2026-10-05T02:05:04.5714110Z      Running tests/metrics_c41.rs (target/debug/deps/metrics_c41-b00c7c7f5a4f0add)
Native owner (macos-15)	Test optional calibration package floor	2026-10-05T02:05:04.5733260Z 
Native owner (macos-15)	Test optional calibration package floor	2026-10-05T02:05:04.5734710Z running 9 tests
Native owner (macos-15)	Test optional calibration package floor	2026-10-05T02:05:04.5735140Z test c42_candidate_report ... ignored, C4.2 runtime producer is not implemented; candidate report required
Native owner (macos-15)	Test optional calibration package floor	2026-10-05T02:05:04.5846600Z test comparator_accepts_explicitly_labeled_mock_only ... ok
Native owner (macos-15)	Test optional calibration package floor	2026-10-05T02:05:04.5898210Z test comparator_enforces_numeric_tolerance_boundaries_and_domains ... ok
Native owner (macos-15)	Test optional calibration package floor	2026-10-05T02:05:04.5898890Z test comparator_rejects_fixture_mutations ... ok
Native owner (macos-15)	Test optional calibration package floor	2026-10-05T02:05:04.5899360Z test fixture_protocol_and_coverage ... ok
Native owner (macos-15)	Test optional calibration package floor	2026-10-05T02:05:04.5899850Z test reference_expected_values_are_exact_rationals_and_protocol_coherent ... ok
Native owner (macos-15)	Test optional calibration package floor	2026-10-05T02:05:04.5900840Z test comparator_rejects_contract_mutations ... ok
Native owner (macos-15)	Test optional calibration package floor	2026-10-05T02:05:04.5946490Z test runtime_gate_rejects_mock_and_missing_producer_binding ... ok
Native owner (macos-15)	Test optional calibration package floor	2026-10-05T02:05:04.5947890Z test comparator_rejects_omitted_metadata_and_wrong_algorithm_set ... ok
Native owner (macos-15)	Test optional calibration package floor	2026-10-05T02:05:04.5948220Z 
Native owner (macos-15)	Test optional calibration package floor	2026-10-05T02:05:04.5948480Z test result: ok. 8 passed; 0 failed; 1 ignored; 0 measured; 0 filtered out; finished in 0.02s
Native owner (macos-15)	Test optional calibration package floor	2026-10-05T02:05:04.5948850Z 
Native owner (macos-15)	Test optional calibration package floor	2026-10-05T02:05:04.5950870Z      Running tests/metrics_c42.rs (target/debug/deps/metrics_c42-2f65e60172188a9f)
Native owner (macos-15)	Test optional calibration package floor	2026-10-05T02:05:04.5976330Z 
Native owner (macos-15)	Test optional calibration package floor	2026-10-05T02:05:04.6013490Z running 7 tests
Native owner (macos-15)	Test optional calibration package floor	2026-10-05T02:05:04.6014200Z test nulls_remain_missing_while_malformed_and_weight_errors_are_rejected ... ok
Native owner (macos-15)	Test optional calibration package floor	2026-10-05T02:05:04.6014860Z test optional_report_requires_committed_source_binding ... ok
Native owner (macos-15)	Test optional calibration package floor	2026-10-05T02:05:04.6015470Z test actual_conditional_metric_exposes_opposite_dependence_and_keeps_empty_group ... ok
Native owner (macos-15)	Test optional calibration package floor	2026-10-05T02:05:04.6016150Z test unrelated_or_absent_commit_claim_cannot_bind_written_report ... ok
Native owner (macos-15)	Test optional calibration package floor	2026-10-05T02:05:04.6016630Z test unrelated_toolchain_claim_is_rejected ... ok
Native owner (macos-15)	Test optional calibration package floor	2026-10-05T02:05:04.6206830Z test default_actual_producer_executes_all_frozen_cases ... ok
Native owner (macos-15)	Test optional calibration package floor	2026-10-05T02:05:04.6527670Z test producer_output_is_invariant_to_removed_or_mutated_expected_values ... ok
Native owner (macos-15)	Test optional calibration package floor	2026-10-05T02:05:04.6528260Z 
Native owner (macos-15)	Test optional calibration package floor	2026-10-05T02:05:04.6528500Z test result: ok. 7 passed; 0 failed; 0 ignored; 0 measured; 0 filtered out; finished in 0.06s
Native owner (macos-15)	Test optional calibration package floor	2026-10-05T02:05:04.6529000Z 
Native owner (macos-15)	Test optional calibration package floor	2026-10-05T02:05:04.6529540Z      Running tests/residuals_c42.rs (target/debug/deps/residuals_c42-3db2f08ed713689c)
Native owner (macos-15)	Test optional calibration package floor	2026-10-05T02:05:04.6556150Z 
Native owner (macos-15)	Test optional calibration package floor	2026-10-05T02:05:04.6557960Z running 23 tests
Native owner (macos-15)	Test optional calibration package floor	2026-10-05T02:05:04.6564650Z test contradictory_status_and_tick_inputs_are_invalid_and_retained ... ok
Native owner (macos-15)	Test optional calibration package floor	2026-10-05T02:05:04.6571670Z test cohort_mismatch_is_invalid_across_prespecified_groups ... ok
Native owner (macos-15)	Test optional calibration package floor	2026-10-05T02:05:04.6572210Z test duplicate_logical_side_key_is_invalid_not_deduplicated ... ok
Native owner (macos-15)	Test optional calibration package floor	2026-10-05T02:05:04.6572750Z test exact_float_values_above_two_to_53_do_not_raise_rounding_flag ... ok
Native owner (macos-15)	Test optional calibration package floor	2026-10-05T02:05:04.6573130Z test exact_residual_covers_full_u128_range ... ok
Native owner (macos-15)	Test optional calibration package floor	2026-10-05T02:05:04.6574090Z test infeasible_valid_prediction_remains_in_error_summary ... ok
Native owner (macos-15)	Test optional calibration package floor	2026-10-05T02:05:04.6574500Z test invalid_grouping_retains_raw_rows_and_counts ... ok
Native owner (macos-15)	Test optional calibration package floor	2026-10-05T02:05:04.6575230Z test invalid_window_is_reported ... ok
Native owner (macos-15)	Test optional calibration package floor	2026-10-05T02:05:04.6575660Z test invalid_middle_pair_retains_full_batch_rows_counts_and_order ... ok
Native owner (macos-15)	Test optional calibration package floor	2026-10-05T02:05:04.6576180Z test logical_key_requires_all_identity_strings_and_known_purpose ... ok
Native owner (macos-15)	Test optional calibration package floor	2026-10-05T02:05:04.6576650Z test matched_rows_are_prediction_minus_observation_and_order_invariant ... ok
Native owner (macos-15)	Test optional calibration package floor	2026-10-05T02:05:04.6577190Z test missing_censored_failed_and_infeasible_attempts_keep_diagnostics ... ok
Native owner (macos-15)	Test optional calibration package floor	2026-10-05T02:05:04.6577640Z test missing_selection_time_does_not_fall_back_to_prediction ... ok
Native owner (macos-15)	Test optional calibration package floor	2026-10-05T02:05:04.6578090Z test prespecified_empty_group_is_emitted ... ok
Native owner (macos-15)	Test optional calibration package floor	2026-10-05T02:05:04.6578490Z test same_logical_key_in_different_groups_is_invalid_and_retained ... ok
Native owner (macos-15)	Test optional calibration package floor	2026-10-05T02:05:04.6579000Z test simulation_failed_or_infeasible_rows_cannot_carry_observed_ticks ... ok
Native owner (macos-15)	Test optional calibration package floor	2026-10-05T02:05:04.6579490Z test source_selection_times_must_match_within_pair ... ok
Native owner (macos-15)	Test optional calibration package floor	2026-10-05T02:05:04.6579870Z test statuses_and_diagnostics_are_preserved_and_overlap ... ok
Native owner (macos-15)	Test optional calibration package floor	2026-10-05T02:05:04.6580360Z test unknown_row_group_is_retained_when_other_groups_are_declared ... ok
Native owner (macos-15)	Test optional calibration package floor	2026-10-05T02:05:04.6580810Z test unclamped_attestation_and_tick_unit_are_required ... ok
Native owner (macos-15)	Test optional calibration package floor	2026-10-05T02:05:04.6581430Z test unsupported_provenance_is_unverified_and_retained ... ok
Native owner (macos-15)	Test optional calibration package floor	2026-10-05T02:05:04.6581870Z test window_is_half_open_on_selection_time ... ok
Native owner (macos-15)	Test optional calibration package floor	2026-10-05T02:05:04.6718470Z test bounded_large_paired_cohort_keeps_complete_counts ... ok
Native owner (macos-15)	Test optional calibration package floor	2026-10-05T02:05:04.6718800Z 
Native owner (macos-15)	Test optional calibration package floor	2026-10-05T02:05:04.6719130Z test result: ok. 23 passed; 0 failed; 0 ignored; 0 measured; 0 filtered out; finished in 0.02s
Native owner (macos-15)	Test optional calibration package floor	2026-10-05T02:05:04.6719410Z 
Native owner (macos-15)	Test optional calibration package floor	2026-10-05T02:05:04.6720450Z      Running tests/seed_map.rs (target/debug/deps/seed_map-c060a40adf8248db)
Native owner (macos-15)	Test optional calibration package floor	2026-10-05T02:05:04.6748390Z 
Native owner (macos-15)	Test optional calibration package floor	2026-10-05T02:05:04.6749600Z running 5 tests
Native owner (macos-15)	Test optional calibration package floor	2026-10-05T02:05:04.6750140Z test owned_snapshots_resume_at_positions_zero_and_one ... ok
Native owner (macos-15)	Test optional calibration package floor	2026-10-05T02:05:04.6750760Z test paired_candidates_share_schedule_streams_and_independent_schedules_diverge ... ok
Native owner (macos-15)	Test optional calibration package floor	2026-10-05T02:05:04.6766490Z test independent_python_golden_seed_and_draws_match ... ok
Native owner (macos-15)	Test optional calibration package floor	2026-10-05T02:05:04.6766900Z test reordered_registration_and_interleaved_draws_preserve_purpose_sequences ... ok
Native owner (macos-15)	Test optional calibration package floor	2026-10-05T02:05:04.6767370Z test unknown_seed_map_version_fails_explicitly ... ok
Native owner (macos-15)	Test optional calibration package floor	2026-10-05T02:05:04.6767560Z 
Native owner (macos-15)	Test optional calibration package floor	2026-10-05T02:05:04.6767750Z test result: ok. 5 passed; 0 failed; 0 ignored; 0 measured; 0 filtered out; finished in 0.00s
Native owner (macos-15)	Test optional calibration package floor	2026-10-05T02:05:04.6768020Z 
Native owner (macos-15)	Test optional calibration package floor	2026-10-05T02:05:04.6768310Z      Running tests/sidecar_adapter_c43.rs (target/debug/deps/sidecar_adapter_c43-49088239de95d89a)
Native owner (macos-15)	Test optional calibration package floor	2026-10-05T02:05:04.6796640Z 
Native owner (macos-15)	Test optional calibration package floor	2026-10-05T02:05:04.6797210Z running 12 tests
Native owner (macos-15)	Test optional calibration package floor	2026-10-05T02:05:04.6908300Z test c43_contradictory_source_clocks_fail_and_retain_both_raw_sides ... ok
Native owner (macos-15)	Test optional calibration package floor	2026-10-05T02:05:04.7009070Z test c43_emits_c0_sidecars_from_kernels_and_joins_explicit_event ... ok
Native owner (macos-15)	Test optional calibration package floor	2026-10-05T02:05:04.7080400Z test c43_empty_residual_population_still_emits_declared_empty_metric_summaries ... ok
Native owner (macos-15)	Test optional calibration package floor	2026-10-05T02:05:04.7101880Z test c43_in_window_nonpoint_is_ineligible_but_not_window_excluded ... ok
Native owner (macos-15)	Test optional calibration package floor	2026-10-05T02:05:04.7102470Z test c43_failed_prediction_preserves_reference_censor_and_missing_lineage ... ok
Native owner (macos-15)	Test optional calibration package floor	2026-10-05T02:05:04.7104080Z test c43_input_permutation_preserves_logical_records_and_metric_bits ... ok
Native owner (macos-15)	Test optional calibration package floor	2026-10-05T02:05:04.7104570Z test c43_max_u128_is_exact_and_window_exclusion_does_not_rewrite_point_residual ... ok
Native owner (macos-15)	Test optional calibration package floor	2026-10-05T02:05:04.7105050Z test c43_invalid_run_event_hash_and_duplicate_key_fail_with_raw_diagnostics ... ok
Native owner (macos-15)	Test optional calibration package floor	2026-10-05T02:05:04.7105640Z test c43_noncomputed_statuses_keep_null_contract_and_overlapping_counts ... ok
Native owner (macos-15)	Test optional calibration package floor	2026-10-05T02:05:04.7106090Z test c43_structurally_invalid_metric_rows_fail_with_both_raw_cohorts ... ok
Native owner (macos-15)	Test optional calibration package floor	2026-10-05T02:05:04.7106570Z test c43_paired_metric_denominator_is_matched_pairs_and_manifest_keeps_cohort_counts ... ok
Native owner (macos-15)	Test optional calibration package floor	2026-10-05T02:05:04.7107890Z test c43_unmatched_missing_failed_and_infeasible_pairs_keep_schema_statuses ... ok
Native owner (macos-15)	Test optional calibration package floor	2026-10-05T02:05:04.7108790Z 
Native owner (macos-15)	Test optional calibration package floor	2026-10-05T02:05:04.7109480Z test result: ok. 12 passed; 0 failed; 0 ignored; 0 measured; 0 filtered out; finished in 0.01s
Native owner (macos-15)	Test optional calibration package floor	2026-10-05T02:05:04.7109860Z 
Native owner (macos-15)	Test optional calibration package floor	2026-10-05T02:05:04.7110200Z      Running tests/sidecar_pipeline_c43.rs (target/debug/deps/sidecar_pipeline_c43-84880b17d7372c4b)
Native owner (macos-15)	Test optional calibration package floor	2026-10-05T02:05:04.7110590Z 
Native owner (macos-15)	Test optional calibration package floor	2026-10-05T02:05:04.7110690Z running 0 tests
Native owner (macos-15)	Test optional calibration package floor	2026-10-05T02:05:04.7110830Z 
Native owner (macos-15)	Test optional calibration package floor	2026-10-05T02:05:04.7111030Z test result: ok. 0 passed; 0 failed; 0 ignored; 0 measured; 0 filtered out; finished in 0.00s
Native owner (macos-15)	Test optional calibration package floor	2026-10-05T02:05:04.7111300Z 
Native owner (macos-15)	Test optional calibration package floor	2026-10-05T02:05:04.7111410Z    Doc-tests kairo_ecs_calibration
Native owner (macos-15)	Test optional calibration package floor	2026-10-05T02:05:04.8304010Z 
Native owner (macos-15)	Test optional calibration package floor	2026-10-05T02:05:04.8304700Z running 0 tests
Native owner (macos-15)	Test optional calibration package floor	2026-10-05T02:05:04.8305040Z 
Native owner (macos-15)	Test optional calibration package floor	2026-10-05T02:05:04.8305680Z test result: ok. 0 passed; 0 failed; 0 ignored; 0 measured; 0 filtered out; finished in 0.00s
Native owner (macos-15)	Test optional calibration package floor	2026-10-05T02:05:04.8306620Z 
Native owner (macos-15)	Test optional calibration package floor	2026-10-05T02:05:04.8451020Z rustc 1.88.0 (6b00bc388 2025-06-23)
Native owner (macos-15)	Test optional calibration package floor	2026-10-05T02:05:04.8452150Z binary: rustc
Native owner (macos-15)	Test optional calibration package floor	2026-10-05T02:05:04.8453600Z commit-hash: 6b00bc3880198600130e1cf62b8f8a93494488cc
Native owner (macos-15)	Test optional calibration package floor	2026-10-05T02:05:04.8454550Z commit-date: 2025-06-23
Native owner (macos-15)	Test optional calibration package floor	2026-10-05T02:05:04.8455080Z host: aarch64-apple-darwin
Native owner (macos-15)	Test optional calibration package floor	2026-10-05T02:05:04.8455550Z release: 1.88.0
Native owner (macos-15)	Test optional calibration package floor	2026-10-05T02:05:04.8456040Z LLVM version: 20.1.5
Native owner (macos-15)	Test optional calibration package floor	2026-10-05T02:05:04.9779210Z  Downloading crates ...
Native owner (macos-15)	Test optional calibration package floor	2026-10-05T02:05:05.0336930Z   Downloaded flatbuffers v25.12.19
Native owner (macos-15)	Test optional calibration package floor	2026-10-05T02:05:05.0490810Z   Downloaded version_check v0.9.5
Native owner (macos-15)	Test optional calibration package floor	2026-10-05T02:05:05.0592330Z   Downloaded semver v1.0.28
Native owner (macos-15)	Test optional calibration package floor	2026-10-05T02:05:05.0688470Z   Downloaded tiny-keccak v2.0.2
Native owner (macos-15)	Test optional calibration package floor	2026-10-05T02:05:05.0751760Z   Downloaded num-complex v0.4.6
Native owner (macos-15)	Test optional calibration package floor	2026-10-05T02:05:05.0787780Z   Downloaded libm v0.2.16
Native owner (macos-15)	Test optional calibration package floor	2026-10-05T02:05:05.1033840Z   Downloaded zerocopy-derive v0.8.48
Native owner (macos-15)	Test optional calibration package floor	2026-10-05T02:05:05.1279860Z   Downloaded arrow-select v60.0.0
Native owner (macos-15)	Test optional calibration package floor	2026-10-05T02:05:05.1354370Z   Downloaded arrow-schema v60.0.0
Native owner (macos-15)	Test optional calibration package floor	2026-10-05T02:05:05.1409790Z   Downloaded num-bigint v0.5.1
Native owner (macos-15)	Test optional calibration package floor	2026-10-05T02:05:05.1516680Z   Downloaded arrow-cmp v60.0.0
Native owner (macos-15)	Test optional calibration package floor	2026-10-05T02:05:05.1534520Z   Downloaded arrow-buffer v60.0.0
Native owner (macos-15)	Test optional calibration package floor	2026-10-05T02:05:05.1612970Z   Downloaded arrow-array v60.0.0
Native owner (macos-15)	Test optional calibration package floor	2026-10-05T02:05:05.1757530Z   Downloaded bytes v1.12.1
Native owner (macos-15)	Test optional calibration package floor	2026-10-05T02:05:05.1815240Z   Downloaded ahash v0.8.12
Native owner (macos-15)	Test optional calibration package floor	2026-10-05T02:05:05.1880280Z   Downloaded once_cell v1.21.4
Native owner (macos-15)	Test optional calibration package floor	2026-10-05T02:05:05.1950740Z   Downloaded num-integer v0.1.47
Native owner (macos-15)	Test optional calibration package floor	2026-10-05T02:05:05.1982240Z   Downloaded half v2.7.1
Native owner (macos-15)	Test optional calibration package floor	2026-10-05T02:05:05.2027260Z   Downloaded getrandom v0.2.17
Native owner (macos-15)	Test optional calibration package floor	2026-10-05T02:05:05.2085950Z   Downloaded core-foundation-sys v0.8.7
Native owner (macos-15)	Test optional calibration package floor	2026-10-05T02:05:05.2144430Z   Downloaded rustc_version v0.4.1
Native owner (macos-15)	Test optional calibration package floor	2026-10-05T02:05:05.2165070Z   Downloaded hashbrown v0.17.1
Native owner (macos-15)	Test optional calibration package floor	2026-10-05T02:05:05.2253510Z   Downloaded crunchy v0.2.4
Native owner (macos-15)	Test optional calibration package floor	2026-10-05T02:05:05.2267460Z   Downloaded const-random-macro v0.1.16
Native owner (macos-15)	Test optional calibration package floor	2026-10-05T02:05:05.2278100Z   Downloaded const-random v0.1.18
Native owner (macos-15)	Test optional calibration package floor	2026-10-05T02:05:05.2295210Z   Downloaded arrow-ipc v60.0.0
Native owner (macos-15)	Test optional calibration package floor	2026-10-05T02:05:05.2354730Z   Downloaded arrow-data v60.0.0
Native owner (macos-15)	Test optional calibration package floor	2026-10-05T02:05:05.2759690Z   Downloaded iana-time-zone v0.1.65
Native owner (macos-15)	Test optional calibration package floor	2026-10-05T02:05:05.3005100Z    Compiling libm v0.2.16
Native owner (macos-15)	Test optional calibration package floor	2026-10-05T02:05:05.3005440Z    Compiling num-traits v0.2.19
Native owner (macos-15)	Test optional calibration package floor	2026-10-05T02:05:05.3005640Z    Compiling syn v2.0.117
Native owner (macos-15)	Test optional calibration package floor	2026-10-05T02:05:05.4904080Z    Compiling zerocopy v0.8.48
Native owner (macos-15)	Test optional calibration package floor	2026-10-05T02:05:05.7708250Z    Compiling getrandom v0.3.4
Native owner (macos-15)	Test optional calibration package floor	2026-10-05T02:05:05.9867060Z    Compiling version_check v0.9.5
Native owner (macos-15)	Test optional calibration package floor	2026-10-05T02:05:06.2329710Z    Compiling ahash v0.8.12
Native owner (macos-15)	Test optional calibration package floor	2026-10-05T02:05:06.7308480Z    Compiling core-foundation-sys v0.8.7
Native owner (macos-15)	Test optional calibration package floor	2026-10-05T02:05:06.8833870Z    Compiling bytes v1.12.1
Native owner (macos-15)	Test optional calibration package floor	2026-10-05T02:05:06.9313910Z    Compiling num-integer v0.1.47
Native owner (macos-15)	Test optional calibration package floor	2026-10-05T02:05:07.1778450Z    Compiling num-bigint v0.5.1
Native owner (macos-15)	Test optional calibration package floor	2026-10-05T02:05:07.3742210Z    Compiling iana-time-zone v0.1.65
Native owner (macos-15)	Test optional calibration package floor	2026-10-05T02:05:07.5769040Z    Compiling arrow-schema v60.0.0
Native owner (macos-15)	Test optional calibration package floor	2026-10-05T02:05:08.3815540Z    Compiling once_cell v1.21.4
Native owner (macos-15)	Test optional calibration package floor	2026-10-05T02:05:08.4685460Z    Compiling semver v1.0.28
Native owner (macos-15)	Test optional calibration package floor	2026-10-05T02:05:08.4752830Z    Compiling zerocopy-derive v0.8.48
Native owner (macos-15)	Test optional calibration package floor	2026-10-05T02:05:08.7009090Z    Compiling rustc_version v0.4.1
Native owner (macos-15)	Test optional calibration package floor	2026-10-05T02:05:08.9145210Z    Compiling chrono v0.4.45
Native owner (macos-15)	Test optional calibration package floor	2026-10-05T02:05:08.9651800Z    Compiling num-complex v0.4.6
Native owner (macos-15)	Test optional calibration package floor	2026-10-05T02:05:09.3014870Z    Compiling hashbrown v0.17.1
Native owner (macos-15)	Test optional calibration package floor	2026-10-05T02:05:09.7769210Z    Compiling flatbuffers v25.12.19
Native owner (macos-15)	Test optional calibration package floor	2026-10-05T02:05:09.8999160Z    Compiling bitflags v2.13.2
Native owner (macos-15)	Test optional calibration package floor	2026-10-05T02:05:10.3462440Z    Compiling kairo-ecs-core v0.0.0 (/Users/runner/work/kairos/kairos/crates/kairo-ecs-core)
Native owner (macos-15)	Test optional calibration package floor	2026-10-05T02:05:10.3864970Z    Compiling kairo-ecs-state v0.0.0 (/Users/runner/work/kairos/kairos/crates/kairo-ecs-state)
Native owner (macos-15)	Test optional calibration package floor	2026-10-05T02:05:10.6076520Z    Compiling kairo-ecs-des v0.1.0 (/Users/runner/work/kairos/kairos/crates/kairo-ecs-des)
Native owner (macos-15)	Test optional calibration package floor	2026-10-05T02:05:12.8281800Z    Compiling half v2.7.1
Native owner (macos-15)	Test optional calibration package floor	2026-10-05T02:05:13.0661240Z    Compiling arrow-buffer v60.0.0
Native owner (macos-15)	Test optional calibration package floor	2026-10-05T02:05:13.7407660Z    Compiling arrow-data v60.0.0
Native owner (macos-15)	Test optional calibration package floor	2026-10-05T02:05:14.4109580Z    Compiling arrow-array v60.0.0
Native owner (macos-15)	Test optional calibration package floor	2026-10-05T02:05:16.2363720Z    Compiling arrow-cmp v60.0.0
Native owner (macos-15)	Test optional calibration package floor	2026-10-05T02:05:16.8620870Z    Compiling arrow-select v60.0.0
Native owner (macos-15)	Test optional calibration package floor	2026-10-05T02:05:18.4117960Z    Compiling arrow-ipc v60.0.0
Native owner (macos-15)	Test optional calibration package floor	2026-10-05T02:05:19.5052880Z    Compiling kairo-ecs-arrow-io v0.1.0 (/Users/runner/work/kairos/kairos/crates/kairo-ecs-arrow-io)
Native owner (macos-15)	Test optional calibration package floor	2026-10-05T02:05:20.1037050Z    Compiling kairo-ecs-arrow v0.1.0 (/Users/runner/work/kairos/kairos/crates/kairo-ecs-arrow)
Native owner (macos-15)	Test optional calibration package floor	2026-10-05T02:05:22.8892250Z     Finished `test` profile [unoptimized + debuginfo] target(s) in 18.01s
Native owner (macos-15)	Test optional calibration package floor	2026-10-05T02:05:22.9299790Z      Running unittests src/lib.rs (target/debug/deps/kairo_ecs_arrow-f117649c79976dc5)
Native owner (macos-15)	Test optional calibration package floor	2026-10-05T02:05:22.9401860Z 
Native owner (macos-15)	Test optional calibration package floor	2026-10-05T02:05:22.9506180Z running 7 tests
Native owner (macos-15)	Test optional calibration package floor	2026-10-05T02:05:22.9609100Z test resource_lifecycle::tests::ordinal_validation_does_not_saturate_at_u32_max ... ok
Native owner (macos-15)	Test optional calibration package floor	2026-10-05T02:05:22.9708930Z test tests::dispatched_record_maps_core_event_fields ... ok
Native owner (macos-15)	Test optional calibration package floor	2026-10-05T02:05:22.9810680Z test tests::event_log_batch_round_trips_smoke_bytes ... ok
Native owner (macos-15)	Test optional calibration package floor	2026-10-05T02:05:22.9913420Z test tests::event_log_schema_matches_track_04_order ... ok
Native owner (macos-15)	Test optional calibration package floor	2026-10-05T02:05:23.0016250Z test tests::previous_facade_still_flushes_records ... ok
Native owner (macos-15)	Test optional calibration package floor	2026-10-05T02:05:23.0118340Z test tests::validation_rejects_incompatible_schema_version ... ok
Native owner (macos-15)	Test optional calibration package floor	2026-10-05T02:05:23.0220010Z test tests::smoke_bytes_preserve_escaped_strings_and_payload_ref ... ok
Native owner (macos-15)	Test optional calibration package floor	2026-10-05T02:05:23.0319870Z 
Native owner (macos-15)	Test optional calibration package floor	2026-10-05T02:05:23.0421060Z test result: ok. 7 passed; 0 failed; 0 ignored; 0 measured; 0 filtered out; finished in 0.00s
Native owner (macos-15)	Test optional calibration package floor	2026-10-05T02:05:23.0522200Z 
Native owner (macos-15)	Test optional calibration package floor	2026-10-05T02:05:23.0623380Z      Running tests/legacy_smoke_bytes_v1.rs (target/debug/deps/legacy_smoke_bytes_v1-04acd6682133399e)
Native owner (macos-15)	Test optional calibration package floor	2026-10-05T02:05:23.0723200Z 
Native owner (macos-15)	Test optional calibration package floor	2026-10-05T02:05:23.0824240Z running 1 test
Native owner (macos-15)	Test optional calibration package floor	2026-10-05T02:05:23.0925170Z test legacy_smoke_bytes_match_frozen_custom_format_and_roundtrip ... ok
Native owner (macos-15)	Test optional calibration package floor	2026-10-05T02:05:23.1025440Z 
Native owner (macos-15)	Test optional calibration package floor	2026-10-05T02:05:23.1126700Z test result: ok. 1 passed; 0 failed; 0 ignored; 0 measured; 0 filtered out; finished in 0.00s
Native owner (macos-15)	Test optional calibration package floor	2026-10-05T02:05:23.1184450Z 
Native owner (macos-15)	Test optional calibration package floor	2026-10-05T02:05:23.1185310Z      Running tests/resource_lifecycle_v1.rs (target/debug/deps/resource_lifecycle_v1-0cb6db426836d39f)
Native owner (macos-15)	Test optional calibration package floor	2026-10-05T02:05:23.1185860Z 
Native owner (macos-15)	Test optional calibration package floor	2026-10-05T02:05:23.1186320Z running 6 tests
Native owner (macos-15)	Test optional calibration package floor	2026-10-05T02:05:23.1186890Z test engine_records_cover_every_enum_token_and_full_width_values ... ok
Native owner (macos-15)	Test optional calibration package floor	2026-10-05T02:05:23.1187680Z test empty_batch_and_manual_work_nulls_are_typed_and_distinct_from_zero ... ok
Native owner (macos-15)	Test optional calibration package floor	2026-10-05T02:05:23.1188430Z test every_column_maps_the_expected_source_value ... ok
Native owner (macos-15)	Test optional calibration package floor	2026-10-05T02:05:23.1188990Z test frozen_schema_order_types_nullability_and_metadata_match_contract ... ok
Native owner (macos-15)	Test optional calibration package floor	2026-10-05T02:05:23.1189690Z test rejects_malformed_event_order_run_ids_and_snapshot_references ... ok
Native owner (macos-15)	Test optional calibration package floor	2026-10-05T02:05:23.1190300Z test bounded_arrowio_stream_and_file_roundtrip_preserve_all_columns_and_metadata ... ok
Native owner (macos-15)	Test optional calibration package floor	2026-10-05T02:05:23.1190760Z 
Native owner (macos-15)	Test optional calibration package floor	2026-10-05T02:05:23.1191330Z test result: ok. 6 passed; 0 failed; 0 ignored; 0 measured; 0 filtered out; finished in 0.01s
Native owner (macos-15)	Test optional calibration package floor	2026-10-05T02:05:23.1195080Z 
Native owner (macos-15)	Test optional calibration package floor	2026-10-05T02:05:23.1195400Z      Running tests/schema_compatibility.rs (target/debug/deps/schema_compatibility-d630aa07f6e4ddb9)
Native owner (macos-15)	Test optional calibration package floor	2026-10-05T02:05:23.1195720Z 
Native owner (macos-15)	Test optional calibration package floor	2026-10-05T02:05:23.1202170Z running 4 tests
Native owner (macos-15)	Test optional calibration package floor	2026-10-05T02:05:23.1202580Z test checked_in_schema_json_matches_runtime_contract ... ok
Native owner (macos-15)	Test optional calibration package floor	2026-10-05T02:05:23.1202980Z test event_log_schema_is_stable_for_binding_consumers ... ok
Native owner (macos-15)	Test optional calibration package floor	2026-10-05T02:05:23.1203430Z test event_log_schema_fingerprint_is_stable ... ok
Native owner (macos-15)	Test optional calibration package floor	2026-10-05T02:05:23.1204230Z test event_log_smoke_roundtrip_preserves_ordering_fields ... ok
Native owner (macos-15)	Test optional calibration package floor	2026-10-05T02:05:23.1204510Z 
Native owner (macos-15)	Test optional calibration package floor	2026-10-05T02:05:23.1204790Z test result: ok. 4 passed; 0 failed; 0 ignored; 0 measured; 0 filtered out; finished in 0.00s
Native owner (macos-15)	Test optional calibration package floor	2026-10-05T02:05:23.1205150Z 
Native owner (macos-15)	Test optional calibration package floor	2026-10-05T02:05:23.1205380Z      Running tests/trace_time.rs (target/debug/deps/trace_time-9075d01ff06bd397)
Native owner (macos-15)	Test optional calibration package floor	2026-10-05T02:05:23.1205620Z 
Native owner (macos-15)	Test optional calibration package floor	2026-10-05T02:05:23.1205720Z running 6 tests
Native owner (macos-15)	Test optional calibration package floor	2026-10-05T02:05:23.1206100Z test exclusions_and_explicit_lineage_have_standard_error_and_preserve_meaning ... ok
Native owner (macos-15)	Test optional calibration package floor	2026-10-05T02:05:23.1206630Z test minute_precision_is_retained_and_episode_end_does_not_imply_departure ... ok
Native owner (macos-15)	Test optional calibration package floor	2026-10-05T02:05:23.1207150Z test occurrence_requires_the_right_clock_role_and_present_lineage ... ok
Native owner (macos-15)	Test optional calibration package floor	2026-10-05T02:05:23.1207550Z test relative_ticks_are_exact_and_reject_pre_origin ... ok
Native owner (macos-15)	Test optional calibration package floor	2026-10-05T02:05:23.1208020Z test unresolved_or_coarse_timestamps_are_exclusions_not_fabricated_ticks ... ok
Native owner (macos-15)	Test optional calibration package floor	2026-10-05T02:05:23.1208640Z test valid_boarding_after_episode_end_is_not_rejected_as_reversed_location_time ... ok
Native owner (macos-15)	Test optional calibration package floor	2026-10-05T02:05:23.1208950Z 
Native owner (macos-15)	Test optional calibration package floor	2026-10-05T02:05:23.1209220Z test result: ok. 6 passed; 0 failed; 0 ignored; 0 measured; 0 filtered out; finished in 0.00s
Native owner (macos-15)	Test optional calibration package floor	2026-10-05T02:05:23.1209560Z 
Native owner (macos-15)	Test optional calibration package floor	2026-10-05T02:05:23.1209830Z      Running tests/trace_time_roles_v1.rs (target/debug/deps/trace_time_roles_v1-f8256a5a743180fb)
Native owner (macos-15)	Test optional calibration package floor	2026-10-05T02:05:23.1210140Z 
Native owner (macos-15)	Test optional calibration package floor	2026-10-05T02:05:23.1210240Z running 6 tests
Native owner (macos-15)	Test optional calibration package floor	2026-10-05T02:05:23.1210650Z test each_role_retains_existing_exclusion_classification ... ok
Native owner (macos-15)	Test optional calibration package floor	2026-10-05T02:05:23.1211040Z test every_role_has_exact_full_signed_span_and_origin ... ok
Native owner (macos-15)	Test optional calibration package floor	2026-10-05T02:05:23.1211540Z test accepted_occurrence_projects_to_unchanged_wrapper_fields ... ok
Native owner (macos-15)	Test optional calibration package floor	2026-10-05T02:05:23.1211990Z test every_role_precision_and_lineage_is_preserved ... ok
Native owner (macos-15)	Test optional calibration package floor	2026-10-05T02:05:23.1212450Z test occurrence_wrapper_preserves_missing_and_role_precedence ... ok
Native owner (macos-15)	Test optional calibration package floor	2026-10-05T02:05:23.1212950Z test shared_error_precedence_is_not_reordered ... ok
Native owner (macos-15)	Test optional calibration package floor	2026-10-05T02:05:23.1213140Z 
Native owner (macos-15)	Test optional calibration package floor	2026-10-05T02:05:23.1213380Z test result: ok. 6 passed; 0 failed; 0 ignored; 0 measured; 0 filtered out; finished in 0.00s
Native owner (macos-15)	Test optional calibration package floor	2026-10-05T02:05:23.1213750Z 
Native owner (macos-15)	Test optional calibration package floor	2026-10-05T02:05:23.1214110Z      Running tests/trace_time_signed_span.rs (target/debug/deps/trace_time_signed_span-e1503e990bd6ed70)
Native owner (macos-15)	Test optional calibration package floor	2026-10-05T02:05:23.1214490Z 
Native owner (macos-15)	Test optional calibration package floor	2026-10-05T02:05:23.1214540Z running 1 test
Native owner (macos-15)	Test optional calibration package floor	2026-10-05T02:05:23.1214860Z test relative_ticks_accepts_full_ordered_signed_domain ... ok
Native owner (macos-15)	Test optional calibration package floor	2026-10-05T02:05:23.1215130Z 
Native owner (macos-15)	Test optional calibration package floor	2026-10-05T02:05:23.1215320Z test result: ok. 1 passed; 0 failed; 0 ignored; 0 measured; 0 filtered out; finished in 0.00s
Native owner (macos-15)	Test optional calibration package floor	2026-10-05T02:05:23.1215710Z 
Native owner (macos-15)	Test optional calibration package floor	2026-10-05T02:05:23.1215860Z    Doc-tests kairo_ecs_arrow
Native owner (macos-15)	Test optional calibration package floor	2026-10-05T02:05:23.1216080Z 
Native owner (macos-15)	Test optional calibration package floor	2026-10-05T02:05:23.1216260Z running 0 tests
Native owner (macos-15)	Test optional calibration package floor	2026-10-05T02:05:23.1216340Z 
Native owner (macos-15)	Test optional calibration package floor	2026-10-05T02:05:23.1216580Z test result: ok. 0 passed; 0 failed; 0 ignored; 0 measured; 0 filtered out; finished in 0.00s
Native owner (macos-15)	Test optional calibration package floor	2026-10-05T02:05:23.1216900Z 
Native owner (macos-15)	Initialize Arrow IO Rust 1.99.0 evidence directory	﻿2026-10-05T02:05:23.1334070Z ##[group]Run mkdir -p ".artifacts/ci/arrow-io/1.99.0/macos-15"
Native owner (macos-15)	Initialize Arrow IO Rust 1.99.0 evidence directory	2026-10-05T02:05:23.1334650Z ^[[36;1mmkdir -p ".artifacts/ci/arrow-io/1.99.0/macos-15"^[[0m
Native owner (macos-15)	Initialize Arrow IO Rust 1.99.0 evidence directory	2026-10-05T02:05:23.1394220Z shell: /bin/bash -e {0}
Native owner (macos-15)	Initialize Arrow IO Rust 1.99.0 evidence directory	2026-10-05T02:05:23.1394520Z ##[endgroup]
Native owner (macos-15)	Install pinned Python for Arrow IO interoperability	﻿2026-10-05T02:05:23.2039460Z ##[group]Run actions/setup-python@a309ff8b426b58ec0e2a45f0f869d46889d02405
Native owner (macos-15)	Install pinned Python for Arrow IO interoperability	2026-10-05T02:05:23.2040020Z with:
Native owner (macos-15)	Install pinned Python for Arrow IO interoperability	2026-10-05T02:05:23.2040280Z   python-version: 3.14.8
Native owner (macos-15)	Install pinned Python for Arrow IO interoperability	2026-10-05T02:05:23.2040550Z   check-latest: false
Native owner (macos-15)	Install pinned Python for Arrow IO interoperability	2026-10-05T02:05:23.2042780Z   token: ***
Native owner (macos-15)	Install pinned Python for Arrow IO interoperability	2026-10-05T02:05:23.2043070Z   update-environment: true
Native owner (macos-15)	Install pinned Python for Arrow IO interoperability	2026-10-05T02:05:23.2044050Z   allow-prereleases: false
Native owner (macos-15)	Install pinned Python for Arrow IO interoperability	2026-10-05T02:05:23.2044320Z   freethreaded: false
Native owner (macos-15)	Install pinned Python for Arrow IO interoperability	2026-10-05T02:05:23.2044670Z ##[endgroup]
Native owner (macos-15)	Install pinned Python for Arrow IO interoperability	2026-10-05T02:05:23.5228960Z ##[group]Installed versions
Native owner (macos-15)	Install pinned Python for Arrow IO interoperability	2026-10-05T02:05:23.5237320Z Version 3.14.8 was not found in the local cache
Native owner (macos-15)	Install pinned Python for Arrow IO interoperability	2026-10-05T02:05:24.5815500Z Version 3.14.8 is available for downloading
Native owner (macos-15)	Install pinned Python for Arrow IO interoperability	2026-10-05T02:05:24.5816210Z Download from "https://github.com/actions/python-versions/releases/download/3.14.8-36806082737/python-3.14.8-darwin-arm64.tar.gz"
Native owner (macos-15)	Install pinned Python for Arrow IO interoperability	2026-10-05T02:05:25.7344690Z Extract downloaded archive
Native owner (macos-15)	Install pinned Python for Arrow IO interoperability	2026-10-05T02:05:25.7545920Z [command]/usr/bin/tar xz -C /Users/runner/work/_temp/01e336b8-cbf8-44e9-957e-3514308637a6 -f /Users/runner/work/_temp/12a48e97-ef6a-4752-ac2c-3f918fe5aaf7
Native owner (macos-15)	Install pinned Python for Arrow IO interoperability	2026-10-05T02:05:25.8964320Z Execute installation script
Native owner (macos-15)	Install pinned Python for Arrow IO interoperability	2026-10-05T02:05:25.9210490Z Check if Python hostedtoolcache folder exist...
Native owner (macos-15)	Install pinned Python for Arrow IO interoperability	2026-10-05T02:05:25.9265250Z Deleting Python /Users/runner/hostedtoolcache/Python/3.14.7/arm64
Native owner (macos-15)	Install pinned Python for Arrow IO interoperability	2026-10-05T02:05:25.9365290Z Install Python binaries from prebuilt package
Native owner (macos-15)	Install pinned Python for Arrow IO interoperability	2026-10-05T02:05:40.7969760Z installer: Package name is Python
Native owner (macos-15)	Install pinned Python for Arrow IO interoperability	2026-10-05T02:05:40.7971090Z installer: choices changes file '/var/folders/nj/vtw8zd2j31d1gdrtntc5y4600000gn/T/tmp.MRkWeH8g6L' applied
Native owner (macos-15)	Install pinned Python for Arrow IO interoperability	2026-10-05T02:05:40.7971910Z installer: Upgrading at base path /
Native owner (macos-15)	Install pinned Python for Arrow IO interoperability	2026-10-05T02:05:40.7972380Z installer: The upgrade was successful.
Native owner (macos-15)	Install pinned Python for Arrow IO interoperability	2026-10-05T02:05:40.7978040Z Create hostedtoolcach symlinks (Required for the backward compatibility)
Native owner (macos-15)	Install pinned Python for Arrow IO interoperability	2026-10-05T02:05:40.7979000Z Create Python 3.14.8 folder
Native owner (macos-15)	Install pinned Python for Arrow IO interoperability	2026-10-05T02:05:40.8083520Z Create additional symlinks (Required for the UsePythonVersion Azure Pipelines task and the setup-python GitHub Action)
Native owner (macos-15)	Install pinned Python for Arrow IO interoperability	2026-10-05T02:05:40.8137850Z Upgrading pip...
Native owner (macos-15)	Install pinned Python for Arrow IO interoperability	2026-10-05T02:05:41.3667420Z Collecting pip
Native owner (macos-15)	Install pinned Python for Arrow IO interoperability	2026-10-05T02:05:41.3686630Z Using cached pip-26.2.1-py3-none-any.whl.metadata (4.6 kB)
Native owner (macos-15)	Install pinned Python for Arrow IO interoperability	2026-10-05T02:05:41.3721610Z Using cached pip-26.2.1-py3-none-any.whl (1.8 MB)
Native owner (macos-15)	Install pinned Python for Arrow IO interoperability	2026-10-05T02:05:41.3967340Z Installing collected packages: pip
Native owner (macos-15)	Install pinned Python for Arrow IO interoperability	2026-10-05T02:05:41.3967800Z Attempting uninstall: pip
Native owner (macos-15)	Install pinned Python for Arrow IO interoperability	2026-10-05T02:05:41.3977390Z Found existing installation: pip 26.2.1
Native owner (macos-15)	Install pinned Python for Arrow IO interoperability	2026-10-05T02:05:41.4172090Z Uninstalling pip-26.2.1:
Native owner (macos-15)	Install pinned Python for Arrow IO interoperability	2026-10-05T02:05:41.5099220Z Successfully uninstalled pip-26.2.1
Native owner (macos-15)	Install pinned Python for Arrow IO interoperability	2026-10-05T02:05:42.2092360Z Successfully installed pip-26.2.1
Native owner (macos-15)	Install pinned Python for Arrow IO interoperability	2026-10-05T02:05:42.2451430Z Install OpenSSL certificates
Native owner (macos-15)	Install pinned Python for Arrow IO interoperability	2026-10-05T02:05:42.4660220Z Requirement already satisfied: certifi in /Library/Frameworks/Python.framework/Versions/3.14/lib/python3.14/site-packages (2026.7.22)
Native owner (macos-15)	Install pinned Python for Arrow IO interoperability	2026-10-05T02:05:42.5584760Z -- pip install --upgrade certifi
Native owner (macos-15)	Install pinned Python for Arrow IO interoperability	2026-10-05T02:05:42.5585170Z  -- removing any existing file or link
Native owner (macos-15)	Install pinned Python for Arrow IO interoperability	2026-10-05T02:05:42.5585660Z  -- creating symlink to certifi certificate bundle
Native owner (macos-15)	Install pinned Python for Arrow IO interoperability	2026-10-05T02:05:42.5586010Z  -- setting permissions
Native owner (macos-15)	Install pinned Python for Arrow IO interoperability	2026-10-05T02:05:42.5586320Z  -- update complete
Native owner (macos-15)	Install pinned Python for Arrow IO interoperability	2026-10-05T02:05:42.5638620Z Create complete file
Native owner (macos-15)	Install pinned Python for Arrow IO interoperability	2026-10-05T02:05:42.5695140Z Successfully set up CPython (3.14.8)
Native owner (macos-15)	Install pinned Python for Arrow IO interoperability	2026-10-05T02:05:42.5696410Z ##[endgroup]
Native owner (macos-15)	Q5.1 deterministic queues and bounded SimPy reference	﻿2026-10-05T02:05:42.5872060Z ##[group]Run set -euo pipefail
Native owner (macos-15)	Q5.1 deterministic queues and bounded SimPy reference	2026-10-05T02:05:42.5872430Z ^[[36;1mset -euo pipefail^[[0m
Native owner (macos-15)	Q5.1 deterministic queues and bounded SimPy reference	2026-10-05T02:05:42.5872790Z ^[[36;1m# Only declared generated CI outputs are ignored; source changes remain visible.^[[0m
Native owner (macos-15)	Q5.1 deterministic queues and bounded SimPy reference	2026-10-05T02:05:42.5873220Z ^[[36;1mprintf '%s\n' '/.artifacts/ci/' >> "$(git rev-parse --git-path info/exclude)"^[[0m
Native owner (macos-15)	Q5.1 deterministic queues and bounded SimPy reference	2026-10-05T02:05:42.5873520Z ^[[36;1mlog_dir=".artifacts/ci/q51"^[[0m
Native owner (macos-15)	Q5.1 deterministic queues and bounded SimPy reference	2026-10-05T02:05:42.5873760Z ^[[36;1mmkdir -p "$log_dir"^[[0m
Native owner (macos-15)	Q5.1 deterministic queues and bounded SimPy reference	2026-10-05T02:05:42.5873960Z ^[[36;1mgit rev-parse HEAD | tee "$log_dir/source.log"^[[0m
Native owner (macos-15)	Q5.1 deterministic queues and bounded SimPy reference	2026-10-05T02:05:42.5874350Z ^[[36;1mrustup run 1.99.0 cargo -V | tee -a "$log_dir/source.log"^[[0m
Native owner (macos-15)	Q5.1 deterministic queues and bounded SimPy reference	2026-10-05T02:05:42.5874670Z ^[[36;1mrustup run 1.99.0 rustc -vV | tee -a "$log_dir/source.log"^[[0m
Native owner (macos-15)	Q5.1 deterministic queues and bounded SimPy reference	2026-10-05T02:05:42.5875330Z ^[[36;1mrustup run 1.99.0 cargo test --locked -p kairo-ecs-des --test flow_determinism_conformance_v1 --test flow_preemption_property_v1 -- --nocapture 2>&1 | tee "$log_dir/debug.log"^[[0m
Native owner (macos-15)	Q5.1 deterministic queues and bounded SimPy reference	2026-10-05T02:05:42.5876170Z ^[[36;1mrustup run 1.99.0 cargo test --locked -p kairo-ecs-des --release -- --nocapture 2>&1 | tee "$log_dir/release.log"^[[0m
Native owner (macos-15)	Q5.1 deterministic queues and bounded SimPy reference	2026-10-05T02:05:42.5882310Z ^[[36;1mrustup run 1.99.0 cargo run --locked -p kairo-ecs-des --example flow_simpy_shared_v1 > "$log_dir/rust.json" 2> "$log_dir/rust-emitter.log"^[[0m
Native owner (macos-15)	Q5.1 deterministic queues and bounded SimPy reference	2026-10-05T02:05:42.5883030Z ^[[36;1mpython -m unittest discover -s tests/conformance -p queue_simpy_v1_test.py -v 2>&1 | tee "$log_dir/comparator-tests.log"^[[0m
Native owner (macos-15)	Q5.1 deterministic queues and bounded SimPy reference	2026-10-05T02:05:42.5883640Z ^[[36;1mreference_dir="$RUNNER_TEMP/q51-reference-python"^[[0m
Native owner (macos-15)	Q5.1 deterministic queues and bounded SimPy reference	2026-10-05T02:05:42.5884010Z ^[[36;1mpython -m venv "$reference_dir"^[[0m
Native owner (macos-15)	Q5.1 deterministic queues and bounded SimPy reference	2026-10-05T02:05:42.5884390Z ^[[36;1m"$reference_dir/bin/python" --version | tee "$log_dir/reference-install.log"^[[0m
Native owner (macos-15)	Q5.1 deterministic queues and bounded SimPy reference	2026-10-05T02:05:42.5885330Z ^[[36;1m"$reference_dir/bin/python" -m pip install --disable-pip-version-check --no-input --only-binary=:all: --no-deps --require-hashes -r tests/conformance/queue_simpy_v1_requirements.txt 2>&1 | tee -a "$log_dir/reference-install.log"^[[0m
Native owner (macos-15)	Q5.1 deterministic queues and bounded SimPy reference	2026-10-05T02:05:42.5886470Z ^[[36;1m"$reference_dir/bin/python" tests/conformance/queue_simpy_v1.py --rust-trace "$log_dir/rust.json" --output "$log_dir/comparison.json" 2>&1 | tee "$log_dir/reference.log"^[[0m
Native owner (macos-15)	Q5.1 deterministic queues and bounded SimPy reference	2026-10-05T02:05:42.5925020Z shell: /bin/bash -e {0}
Native owner (macos-15)	Q5.1 deterministic queues and bounded SimPy reference	2026-10-05T02:05:42.5925190Z env:
Native owner (macos-15)	Q5.1 deterministic queues and bounded SimPy reference	2026-10-05T02:05:42.5925480Z   pythonLocation: /Users/runner/hostedtoolcache/Python/3.14.8/arm64
Native owner (macos-15)	Q5.1 deterministic queues and bounded SimPy reference	2026-10-05T02:05:42.5926110Z   PKG_CONFIG_PATH: /Users/runner/hostedtoolcache/Python/3.14.8/arm64/lib/pkgconfig
Native owner (macos-15)	Q5.1 deterministic queues and bounded SimPy reference	2026-10-05T02:05:42.5926620Z   Python_ROOT_DIR: /Users/runner/hostedtoolcache/Python/3.14.8/arm64
Native owner (macos-15)	Q5.1 deterministic queues and bounded SimPy reference	2026-10-05T02:05:42.5927140Z   Python2_ROOT_DIR: /Users/runner/hostedtoolcache/Python/3.14.8/arm64
Native owner (macos-15)	Q5.1 deterministic queues and bounded SimPy reference	2026-10-05T02:05:42.5927640Z   Python3_ROOT_DIR: /Users/runner/hostedtoolcache/Python/3.14.8/arm64
Native owner (macos-15)	Q5.1 deterministic queues and bounded SimPy reference	2026-10-05T02:05:42.5928020Z ##[endgroup]
Native owner (macos-15)	Q5.1 deterministic queues and bounded SimPy reference	2026-10-05T02:05:42.6472930Z 6f9560c3092325e26d6bb8c156c842577caabd9c
Native owner (macos-15)	Q5.1 deterministic queues and bounded SimPy reference	2026-10-05T02:05:42.7242830Z cargo 1.99.0 (5f94df478 2026-08-27)
Native owner (macos-15)	Q5.1 deterministic queues and bounded SimPy reference	2026-10-05T02:05:42.9867730Z rustc 1.99.0 (b940084d7 2026-09-28)
Native owner (macos-15)	Q5.1 deterministic queues and bounded SimPy reference	2026-10-05T02:05:42.9868050Z binary: rustc
Native owner (macos-15)	Q5.1 deterministic queues and bounded SimPy reference	2026-10-05T02:05:42.9868460Z commit-hash: b940084d7eb6a299eb4bfeb8e34901bc051e7ac4
Native owner (macos-15)	Q5.1 deterministic queues and bounded SimPy reference	2026-10-05T02:05:42.9868830Z commit-date: 2026-09-28
Native owner (macos-15)	Q5.1 deterministic queues and bounded SimPy reference	2026-10-05T02:05:42.9869100Z host: aarch64-apple-darwin
Native owner (macos-15)	Q5.1 deterministic queues and bounded SimPy reference	2026-10-05T02:05:42.9869480Z release: 1.99.0
Native owner (macos-15)	Q5.1 deterministic queues and bounded SimPy reference	2026-10-05T02:05:42.9995780Z LLVM version: 23.1.1
Native owner (macos-15)	Q5.1 deterministic queues and bounded SimPy reference	2026-10-05T02:05:43.2617220Z     Finished `test` profile [unoptimized + debuginfo] target(s) in 0.23s
Native owner (macos-15)	Q5.1 deterministic queues and bounded SimPy reference	2026-10-05T02:05:43.2634770Z      Running tests/flow_determinism_conformance_v1.rs (target/debug/deps/flow_determinism_conformance_v1-228023fd93454e6d)
Native owner (macos-15)	Q5.1 deterministic queues and bounded SimPy reference	2026-10-05T02:05:43.2742180Z 
Native owner (macos-15)	Q5.1 deterministic queues and bounded SimPy reference	2026-10-05T02:05:43.2742570Z running 1 test
Native owner (macos-15)	Q5.1 deterministic queues and bounded SimPy reference	2026-10-05T02:05:43.2841600Z Q51_BATCH workers=1 assignment=ordered traces=24 completion_order=[0] aggregate_fnv1a64=47cfb7dca4211252
Native owner (macos-15)	Q5.1 deterministic queues and bounded SimPy reference	2026-10-05T02:05:43.2877680Z Q51_BATCH workers=1 assignment=ordered traces=24 completion_order=[0] aggregate_fnv1a64=47cfb7dca4211252
Native owner (macos-15)	Q5.1 deterministic queues and bounded SimPy reference	2026-10-05T02:05:43.2918910Z Q51_BATCH workers=1 assignment=reversed traces=24 completion_order=[0] aggregate_fnv1a64=47cfb7dca4211252
Native owner (macos-15)	Q5.1 deterministic queues and bounded SimPy reference	2026-10-05T02:05:43.2963630Z Q51_BATCH workers=1 assignment=ordered traces=24 completion_order=[0] aggregate_fnv1a64=47cfb7dca4211252
Native owner (macos-15)	Q5.1 deterministic queues and bounded SimPy reference	2026-10-05T02:05:43.3004020Z Q51_BATCH workers=1 assignment=reversed traces=24 completion_order=[0] aggregate_fnv1a64=47cfb7dca4211252
Native owner (macos-15)	Q5.1 deterministic queues and bounded SimPy reference	2026-10-05T02:05:43.3044680Z Q51_BATCH workers=1 assignment=permuted traces=24 completion_order=[0] aggregate_fnv1a64=47cfb7dca4211252
Native owner (macos-15)	Q5.1 deterministic queues and bounded SimPy reference	2026-10-05T02:05:43.3072920Z Q51_BATCH workers=2 assignment=ordered traces=24 completion_order=[0, 1] aggregate_fnv1a64=47cfb7dca4211252
Native owner (macos-15)	Q5.1 deterministic queues and bounded SimPy reference	2026-10-05T02:05:43.3099760Z Q51_BATCH workers=2 assignment=reversed traces=24 completion_order=[1, 0] aggregate_fnv1a64=47cfb7dca4211252
Native owner (macos-15)	Q5.1 deterministic queues and bounded SimPy reference	2026-10-05T02:05:43.3127040Z Q51_BATCH workers=2 assignment=permuted traces=24 completion_order=[1, 0] aggregate_fnv1a64=47cfb7dca4211252
Native owner (macos-15)	Q5.1 deterministic queues and bounded SimPy reference	2026-10-05T02:05:43.3154060Z Q51_BATCH workers=4 assignment=ordered traces=24 completion_order=[0, 1, 2, 3] aggregate_fnv1a64=47cfb7dca4211252
Native owner (macos-15)	Q5.1 deterministic queues and bounded SimPy reference	2026-10-05T02:05:43.3180910Z Q51_BATCH workers=4 assignment=reversed traces=24 completion_order=[3, 2, 1, 0] aggregate_fnv1a64=47cfb7dca4211252
Native owner (macos-15)	Q5.1 deterministic queues and bounded SimPy reference	2026-10-05T02:05:43.3208120Z Q51_BATCH workers=4 assignment=permuted traces=24 completion_order=[1, 0, 3, 2] aggregate_fnv1a64=47cfb7dca4211252
Native owner (macos-15)	Q5.1 deterministic queues and bounded SimPy reference	2026-10-05T02:05:43.3213160Z test independent_replications_match_across_repeat_and_worker_schedules ... ok
Native owner (macos-15)	Q5.1 deterministic queues and bounded SimPy reference	2026-10-05T02:05:43.3213490Z 
Native owner (macos-15)	Q5.1 deterministic queues and bounded SimPy reference	2026-10-05T02:05:43.3218490Z test result: ok. 1 passed; 0 failed; 0 ignored; 0 measured; 0 filtered out; finished in 0.05s
Native owner (macos-15)	Q5.1 deterministic queues and bounded SimPy reference	2026-10-05T02:05:43.3219010Z 
Native owner (macos-15)	Q5.1 deterministic queues and bounded SimPy reference	2026-10-05T02:05:43.3220800Z      Running tests/flow_preemption_property_v1.rs (target/debug/deps/flow_preemption_property_v1-585cf6f3466aa18c)
Native owner (macos-15)	Q5.1 deterministic queues and bounded SimPy reference	2026-10-05T02:05:43.3312600Z 
Native owner (macos-15)	Q5.1 deterministic queues and bounded SimPy reference	2026-10-05T02:05:43.3313420Z running 1 test
Native owner (macos-15)	Q5.1 deterministic queues and bounded SimPy reference	2026-10-05T02:05:43.6066400Z test seeded_timed_cycles_match_independent_interval_model_v1 ... ok
Native owner (macos-15)	Q5.1 deterministic queues and bounded SimPy reference	2026-10-05T02:05:43.6167230Z 
Native owner (macos-15)	Q5.1 deterministic queues and bounded SimPy reference	2026-10-05T02:05:43.6268120Z test result: ok. 1 passed; 0 failed; 0 ignored; 0 measured; 0 filtered out; finished in 0.27s
Native owner (macos-15)	Q5.1 deterministic queues and bounded SimPy reference	2026-10-05T02:05:43.6368960Z 
Native owner (macos-15)	Q5.1 deterministic queues and bounded SimPy reference	2026-10-05T02:05:43.6562620Z    Compiling proc-macro2 v1.0.106
Native owner (macos-15)	Q5.1 deterministic queues and bounded SimPy reference	2026-10-05T02:05:43.6563050Z    Compiling unicode-ident v1.0.24
Native owner (macos-15)	Q5.1 deterministic queues and bounded SimPy reference	2026-10-05T02:05:43.6563340Z    Compiling quote v1.0.45
Native owner (macos-15)	Q5.1 deterministic queues and bounded SimPy reference	2026-10-05T02:05:43.9428870Z    Compiling kairo-ecs-types v0.0.0 (/Users/runner/work/kairos/kairos/crates/kairo-ecs-types)
Native owner (macos-15)	Q5.1 deterministic queues and bounded SimPy reference	2026-10-05T02:05:44.1080580Z    Compiling thiserror v2.0.20
Native owner (macos-15)	Q5.1 deterministic queues and bounded SimPy reference	2026-10-05T02:05:44.1286120Z    Compiling kairo-ecs-rng v0.0.0 (/Users/runner/work/kairos/kairos/crates/kairo-ecs-rng)
Native owner (macos-15)	Q5.1 deterministic queues and bounded SimPy reference	2026-10-05T02:05:44.1873940Z    Compiling kairo-ecs-state v0.0.0 (/Users/runner/work/kairos/kairos/crates/kairo-ecs-state)
Native owner (macos-15)	Q5.1 deterministic queues and bounded SimPy reference	2026-10-05T02:05:44.3803720Z    Compiling kairo-ecs-core v0.0.0 (/Users/runner/work/kairos/kairos/crates/kairo-ecs-core)
Native owner (macos-15)	Q5.1 deterministic queues and bounded SimPy reference	2026-10-05T02:05:44.7318480Z    Compiling syn v3.0.6
Native owner (macos-15)	Q5.1 deterministic queues and bounded SimPy reference	2026-10-05T02:05:45.6135970Z    Compiling thiserror-impl v2.0.20
Native owner (macos-15)	Q5.1 deterministic queues and bounded SimPy reference	2026-10-05T02:05:46.0464910Z    Compiling kairo-ecs-des v0.1.0 (/Users/runner/work/kairos/kairos/crates/kairo-ecs-des)
Native owner (macos-15)	Q5.1 deterministic queues and bounded SimPy reference	2026-10-05T02:06:06.9602470Z     Finished `release` profile [optimized] target(s) in 23.32s
Native owner (macos-15)	Q5.1 deterministic queues and bounded SimPy reference	2026-10-05T02:06:06.9652760Z      Running unittests src/lib.rs (target/release/deps/kairo_ecs_des-767104a1f4cc45d0)
Native owner (macos-15)	Q5.1 deterministic queues and bounded SimPy reference	2026-10-05T02:06:06.9678770Z 
Native owner (macos-15)	Q5.1 deterministic queues and bounded SimPy reference	2026-10-05T02:06:06.9681720Z running 125 tests
Native owner (macos-15)	Q5.1 deterministic queues and bounded SimPy reference	2026-10-05T02:06:06.9684550Z test flow::actor_domain_private_tests::carrier_aggregate_cleanup_overflow_retains_exact_head ... ok
Native owner (macos-15)	Q5.1 deterministic queues and bounded SimPy reference	2026-10-05T02:06:06.9691730Z test flow::actor_domain_private_tests::carrier_batch_counter_overflow_reserves_nothing ... ok
Native owner (macos-15)	Q5.1 deterministic queues and bounded SimPy reference	2026-10-05T02:06:06.9732500Z test flow::actor_domain_private_tests::carrier_active_resource_cleanup_overflow_retains_allocation_queue_and_progress ... ok
Native owner (macos-15)	Q5.1 deterministic queues and bounded SimPy reference	2026-10-05T02:06:06.9733520Z test flow::actor_domain_private_tests::carrier_cleanup_corruption_retains_despawn_head_and_context ... ok
Native owner (macos-15)	Q5.1 deterministic queues and bounded SimPy reference	2026-10-05T02:06:06.9734340Z test flow::actor_domain_private_tests::carrier_cleanup_counts_actor_and_each_owned_work_once ... ok
Native owner (macos-15)	Q5.1 deterministic queues and bounded SimPy reference	2026-10-05T02:06:06.9734990Z test flow::actor_domain_private_tests::carrier_creation_counter_overflow_has_no_partial_entity_or_index ... ok
Native owner (macos-15)	Q5.1 deterministic queues and bounded SimPy reference	2026-10-05T02:06:06.9738780Z test flow::actor_domain_private_tests::carrier_corrupt_role_index_and_metadata_retain_domain_head ... ok
Native owner (macos-15)	Q5.1 deterministic queues and bounded SimPy reference	2026-10-05T02:06:06.9739470Z test flow::actor_domain_private_tests::carrier_creation_orphan_and_task_index_reject_atomically ... ok
Native owner (macos-15)	Q5.1 deterministic queues and bounded SimPy reference	2026-10-05T02:06:06.9745210Z test flow::actor_domain_private_tests::carrier_missing_context_is_consumed_stale_not_structural_error ... ok
Native owner (macos-15)	Q5.1 deterministic queues and bounded SimPy reference	2026-10-05T02:06:06.9745990Z test flow::actor_domain_private_tests::carrier_missing_spec_with_either_ownership_witness_retains_exact_head ... ok
Native owner (macos-15)	Q5.1 deterministic queues and bounded SimPy reference	2026-10-05T02:06:06.9746680Z test flow::actor_domain_private_tests::task_missing_spec_remains_consumed_stale ... ok
Native owner (macos-15)	Q5.1 deterministic queues and bounded SimPy reference	2026-10-05T02:06:06.9747480Z test flow::buffered_despawn_private_tests::despawn_batch_acquire_then_despawn_and_reverse_admit_atomically ... ok
Native owner (macos-15)	Q5.1 deterministic queues and bounded SimPy reference	2026-10-05T02:06:06.9748330Z test flow::buffered_despawn_private_tests::despawn_aggregate_cleanup_overflow_retains_pending_reservation_and_exact_head ... ok
Native owner (macos-15)	Q5.1 deterministic queues and bounded SimPy reference	2026-10-05T02:06:06.9750120Z test flow::buffered_despawn_private_tests::despawn_batch_release_then_duplicate_rolls_back_all_reservations ... ok
Native owner (macos-15)	Q5.1 deterministic queues and bounded SimPy reference	2026-10-05T02:06:06.9751980Z test flow::buffered_despawn_private_tests::despawn_batch_time_counter_and_cap_failures_roll_back ... ok
Native owner (macos-15)	Q5.1 deterministic queues and bounded SimPy reference	2026-10-05T02:06:06.9752690Z test flow::buffered_despawn_private_tests::despawn_budget_fail_stop_retains_pending_head ... ok
Native owner (macos-15)	Q5.1 deterministic queues and bounded SimPy reference	2026-10-05T02:06:06.9753490Z test flow::buffered_despawn_private_tests::despawn_direct_duplicate_reservation_preserves_first_event_and_actor ... ok
Native owner (macos-15)	Q5.1 deterministic queues and bounded SimPy reference	2026-10-05T02:06:06.9754370Z test flow::buffered_despawn_private_tests::despawn_cleanup_invalidates_old_domain_completion_and_notification_without_callbacks ... ok
Native owner (macos-15)	Q5.1 deterministic queues and bounded SimPy reference	2026-10-05T02:06:06.9755100Z test flow::continuation_private::batch_identity_overflow_retains_head_context_and_budget ... ok
Native owner (macos-15)	Q5.1 deterministic queues and bounded SimPy reference	2026-10-05T02:06:06.9755860Z test flow::buffered_despawn_private_tests::despawn_metadata_and_notification_token_overflow_retains_pending_head ... ok
Native owner (macos-15)	Q5.1 deterministic queues and bounded SimPy reference	2026-10-05T02:06:06.9756680Z test flow::continuation_private::batch_time_and_foreign_forward_non_acquire_ticket_rejection_is_atomic ... ok
Native owner (macos-15)	Q5.1 deterministic queues and bounded SimPy reference	2026-10-05T02:06:06.9757550Z test flow::continuation_private::cap_poison_overrides_later_validation_and_never_grows_vector ... ok
Native owner (macos-15)	Q5.1 deterministic queues and bounded SimPy reference	2026-10-05T02:06:06.9758330Z test flow::continuation_private::committed_batch_receipt_actual_event_and_deadline_order ... ok
Native owner (macos-15)	Q5.1 deterministic queues and bounded SimPy reference	2026-10-05T02:06:06.9759040Z test flow::continuation_private::completed_context_snapshot_and_restart_factory_nonrollback_delivery ... ok
Native owner (macos-15)	Q5.1 deterministic queues and bounded SimPy reference	2026-10-05T02:06:06.9759980Z test flow::continuation_private::legacy_and_continuation_tokens_aggregate_overflow_before_factory_or_cleanup ... ok
Native owner (macos-15)	Q5.1 deterministic queues and bounded SimPy reference	2026-10-05T02:06:06.9760840Z test flow::continuation_private::second_acquire_entity_counter_overflow_rolls_back_every_reservation ... ok
Native owner (macos-15)	Q5.1 deterministic queues and bounded SimPy reference	2026-10-05T02:06:06.9761680Z test flow::continuation_private::second_command_scheduler_and_deadline_counter_overflow_has_no_partial_ids ... ok
Native owner (macos-15)	Q5.1 deterministic queues and bounded SimPy reference	2026-10-05T02:06:06.9762510Z test flow::continuation_private::second_release_duplicate_reservation_rejection_restores_pending_set ... ok
Native owner (macos-15)	Q5.1 deterministic queues and bounded SimPy reference	2026-10-05T02:06:06.9763530Z test flow::domain_view_private_tests::view_batch_identity_overflow_retains_exact_head_and_live_context ... ok
Native owner (macos-15)	Q5.1 deterministic queues and bounded SimPy reference	2026-10-05T02:06:06.9764380Z test flow::domain_view_private_tests::view_budget_arithmetic_overflow_retains_exact_head_and_live_context ... ok
Native owner (macos-15)	Q5.1 deterministic queues and bounded SimPy reference	2026-10-05T02:06:06.9765210Z test flow::continuation_private::stale_context_or_work_delivery_zero_cost_and_unregistered_domain_defensive_error ... ok
Native owner (macos-15)	Q5.1 deterministic queues and bounded SimPy reference	2026-10-05T02:06:06.9766110Z test flow::domain_view_private_tests::view_missing_context_inspection_is_nonmutating_then_consumed_stale ... ok
Native owner (macos-15)	Q5.1 deterministic queues and bounded SimPy reference	2026-10-05T02:06:06.9766930Z test flow::domain_view_private_tests::view_missing_descriptor_preserves_consumed_semantic_error ... ok
Native owner (macos-15)	Q5.1 deterministic queues and bounded SimPy reference	2026-10-05T02:06:06.9767950Z test flow::q52_bench::benchmark_q52_measurements ... ignored, explicit Q5.2 release measurement; emits supplementary raw rows
Native owner (macos-15)	Q5.1 deterministic queues and bounded SimPy reference	2026-10-05T02:06:06.9768780Z test flow::domain_view_private_tests::view_wrong_context_inspection_is_nonmutating_then_consumed_stale ... ok
Native owner (macos-15)	Q5.1 deterministic queues and bounded SimPy reference	2026-10-05T02:06:06.9769510Z test flow::q52_deadline_index_tests::deadline_command_checks_future_tuple_and_component_witness ... ok
Native owner (macos-15)	Q5.1 deterministic queues and bounded SimPy reference	2026-10-05T02:06:06.9770480Z test flow::q52_deadline_index_tests::due_prefix_restores_resource_then_priority_order_across_deadlines ... ok
Native owner (macos-15)	Q5.1 deterministic queues and bounded SimPy reference	2026-10-05T02:06:06.9771120Z test flow::q52_deadline_index_tests::grant_and_preemption_do_not_restore_a_cleared_deadline ... ok
Native owner (macos-15)	Q5.1 deterministic queues and bounded SimPy reference	2026-10-05T02:06:06.9771770Z test flow::q52_deadline_index_tests::multi_resource_due_failure_keeps_authoritative_indexes_unchanged ... ok
Native owner (macos-15)	Q5.1 deterministic queues and bounded SimPy reference	2026-10-05T02:06:06.9772450Z test flow::q52_deadline_index_tests::pending_and_terminal_deadlines_are_not_indexed_or_rejected ... ok
Native owner (macos-15)	Q5.1 deterministic queues and bounded SimPy reference	2026-10-05T02:06:06.9773090Z test flow::q52_deadline_index_tests::queued_deadline_tracks_rekey_cancel_and_inclusive_expiration ... ok
Native owner (macos-15)	Q5.1 deterministic queues and bounded SimPy reference	2026-10-05T02:06:06.9773720Z test flow::q52_deadline_index_tests::resource_removal_checks_deadline_index_and_cleans_component ... ok
Native owner (macos-15)	Q5.1 deterministic queues and bounded SimPy reference	2026-10-05T02:06:06.9774370Z test flow::q52_deadline_index_tests::touched_active_deadline_is_invalid_and_removal_requires_empty_indexes ... ok
Native owner (macos-15)	Q5.1 deterministic queues and bounded SimPy reference	2026-10-05T02:06:06.9775150Z test flow::q52_key_removal_tests::active_reprioritize_updates_lease_without_queue_membership ... ok
Native owner (macos-15)	Q5.1 deterministic queues and bounded SimPy reference	2026-10-05T02:06:06.9775650Z test flow::q52_bench::q52_kernel_correctness_small ... ok
Native owner (macos-15)	Q5.1 deterministic queues and bounded SimPy reference	2026-10-05T02:06:06.9776170Z test flow::q52_key_removal_tests::despawn_rolls_back_earlier_resource_when_later_waiting_key_is_corrupt ... ok
Native owner (macos-15)	Q5.1 deterministic queues and bounded SimPy reference	2026-10-05T02:06:06.9776800Z test flow::q52_key_removal_tests::despawn_directly_removes_all_owned_waiters_across_resources ... ok
Native owner (macos-15)	Q5.1 deterministic queues and bounded SimPy reference	2026-10-05T02:06:06.9777370Z test flow::q52_key_removal_tests::pending_cancel_does_not_require_waiting_key ... ok
Native owner (macos-15)	Q5.1 deterministic queues and bounded SimPy reference	2026-10-05T02:06:06.9777970Z test flow::q52_key_removal_tests::missing_or_wrong_waiting_keys_fail_cancel_reprioritize_and_despawn_atomically ... ok
Native owner (macos-15)	Q5.1 deterministic queues and bounded SimPy reference	2026-10-05T02:06:06.9778680Z test flow::q52_key_removal_tests::queued_cancel_removes_exact_key_and_preserves_tied_peer_order ... ok
Native owner (macos-15)	Q5.1 deterministic queues and bounded SimPy reference	2026-10-05T02:06:06.9779710Z test flow::q52_key_removal_tests::queued_reprioritize_preserves_admission_sequence_and_tie_order ... ok
Native owner (macos-15)	Q5.1 deterministic queues and bounded SimPy reference	2026-10-05T02:06:06.9780580Z test flow::q52_key_removal_tests::suspended_cancel_removes_its_key_and_preserves_urgent_lease ... ok
Native owner (macos-15)	Q5.1 deterministic queues and bounded SimPy reference	2026-10-05T02:06:06.9782280Z test flow::q52_key_removal_tests::suspended_reprioritize_uses_original_admission_sequence_for_ties ... ok
Native owner (macos-15)	Q5.1 deterministic queues and bounded SimPy reference	2026-10-05T02:06:06.9782960Z test flow::q52_key_removal_tests::wrong_waiting_key_fails_replacement_atomically ... ok
Native owner (macos-15)	Q5.1 deterministic queues and bounded SimPy reference	2026-10-05T02:06:06.9783730Z test flow::q52_preempting_index_tests::active_reprioritization_keeps_the_request_out_of_the_waiter_index ... ok
Native owner (macos-15)	Q5.1 deterministic queues and bounded SimPy reference	2026-10-05T02:06:06.9784530Z test flow::q52_preempting_index_tests::component_count_and_deadline_pair_corruption_fail_before_head_mutation ... ok
Native owner (macos-15)	Q5.1 deterministic queues and bounded SimPy reference	2026-10-05T02:06:06.9785170Z test flow::q52_preempting_index_tests::empty_cache_returns_before_poisoned_holder_projection_on_ordinary_submit ... ok
Native owner (macos-15)	Q5.1 deterministic queues and bounded SimPy reference	2026-10-05T02:06:06.9785890Z test flow::q52_preempting_index_tests::first_cached_key_is_validated_against_request_and_primary_queue ... ok
Native owner (macos-15)	Q5.1 deterministic queues and bounded SimPy reference	2026-10-05T02:06:06.9786520Z test flow::q52_preempting_index_tests::first_cached_key_rejects_request_and_queue_corruption_matrix ... ok
Native owner (macos-15)	Q5.1 deterministic queues and bounded SimPy reference	2026-10-05T02:06:06.9787140Z test flow::q52_preempting_index_tests::multi_resource_failure_rolls_back_earlier_preempting_index_changes ... ok
Native owner (macos-15)	Q5.1 deterministic queues and bounded SimPy reference	2026-10-05T02:06:06.9787780Z test flow::q52_preempting_index_tests::runtime_cache_tracks_waiting_preemptors_and_excludes_active_requests ... ok
Native owner (macos-15)	Q5.1 deterministic queues and bounded SimPy reference	2026-10-05T02:06:06.9788410Z test flow::q52_preempting_index_tests::resource_creation_removal_and_pending_admission_track_exact_cache_membership ... ok
Native owner (macos-15)	Q5.1 deterministic queues and bounded SimPy reference	2026-10-05T02:06:06.9789000Z test flow::q52_preempting_index_tests::timeout_despawn_and_grant_remove_waiting_preemptors ... ok
Native owner (macos-15)	Q5.1 deterministic queues and bounded SimPy reference	2026-10-05T02:06:06.9789550Z test flow::q52_queue_staging_tests::absent_remove_target_keeps_explicit_invalid_resource_error_order ... ok
Native owner (macos-15)	Q5.1 deterministic queues and bounded SimPy reference	2026-10-05T02:06:06.9790150Z test flow::q52_queue_staging_tests::despawn_corrupt_second_queue_rejects_without_mutating_first_or_runtime ... ok
Native owner (macos-15)	Q5.1 deterministic queues and bounded SimPy reference	2026-10-05T02:06:06.9790760Z test flow::q52_queue_staging_tests::missing_component_on_registered_target_is_structural_before_planning ... ok
Native owner (macos-15)	Q5.1 deterministic queues and bounded SimPy reference	2026-10-05T02:06:06.9791500Z test flow::q52_preempting_index_tests::victim_strategy_requeues_only_suspend_and_restart_preemptors ... ok
Native owner (macos-15)	Q5.1 deterministic queues and bounded SimPy reference	2026-10-05T02:06:06.9792030Z test flow::queue_delta::tests::equal_key_insert_remove_and_reinsert_cancel_the_delta ... ok
Native owner (macos-15)	Q5.1 deterministic queues and bounded SimPy reference	2026-10-05T02:06:06.9792510Z test flow::queue_delta::tests::export_preflight_and_apply_match_independent_baseline ... ok
Native owner (macos-15)	Q5.1 deterministic queues and bounded SimPy reference	2026-10-05T02:06:06.9793010Z test flow::queue_delta::tests::failed_apply_is_atomic_for_missing_remove_and_present_addition ... ok
Native owner (macos-15)	Q5.1 deterministic queues and bounded SimPy reference	2026-10-05T02:06:06.9793560Z test flow::queue_delta::tests::mixed_operations_match_independent_btree_baseline_and_keep_base_unchanged ... ok
Native owner (macos-15)	Q5.1 deterministic queues and bounded SimPy reference	2026-10-05T02:06:06.9794100Z test flow::queue_delta::tests::ordered_iterator_and_cloned_snapshot_are_independent ... ok
Native owner (macos-15)	Q5.1 deterministic queues and bounded SimPy reference	2026-10-05T02:06:06.9794570Z test flow::queue_delta::tests::snapshot_clone_cost_scales_with_delta_not_large_base ... ok
Native owner (macos-15)	Q5.1 deterministic queues and bounded SimPy reference	2026-10-05T02:06:06.9795020Z test flow::queue_delta::tests::tuple_key_rekey_preserves_tie_order_and_applies_export ... ok
Native owner (macos-15)	Q5.1 deterministic queues and bounded SimPy reference	2026-10-05T02:06:06.9795610Z test flow::record_delta::tests::clone_is_an_independent_snapshot_and_export_owns_exact_writes ... ok
Native owner (macos-15)	Q5.1 deterministic queues and bounded SimPy reference	2026-10-05T02:06:06.9796130Z test flow::record_delta::tests::insert_replaces_an_existing_base_key_without_mutating_the_base ... ok
Native owner (macos-15)	Q5.1 deterministic queues and bounded SimPy reference	2026-10-05T02:06:06.9796720Z test flow::record_delta::tests::mutable_lookup_clones_only_once_and_reads_clone_nothing ... ok
Native owner (macos-15)	Q5.1 deterministic queues and bounded SimPy reference	2026-10-05T02:06:06.9797180Z test flow::record_delta::tests::readonly_registry_snapshots_clone_no_records ... ok
Native owner (macos-15)	Q5.1 deterministic queues and bounded SimPy reference	2026-10-05T02:06:06.9797610Z test flow::record_delta::tests::reads_through_and_writes_are_boundary_local ... ok
Native owner (macos-15)	Q5.1 deterministic queues and bounded SimPy reference	2026-10-05T02:06:06.9798110Z test flow::same_tick_budget_private::arithmetic_injections_preserve_real_head_and_all_admission_state ... ok
Native owner (macos-15)	Q5.1 deterministic queues and bounded SimPy reference	2026-10-05T02:06:06.9798630Z test flow::same_tick_budget_private::cleanup_and_budget_add_overflow_preserve_head ... ok
Native owner (macos-15)	Q5.1 deterministic queues and bounded SimPy reference	2026-10-05T02:06:06.9799160Z test flow::same_tick_budget_private::cleanup_missing_typed_context_or_dead_work_is_rejected_before_consume ... ok
Native owner (macos-15)	Q5.1 deterministic queues and bounded SimPy reference	2026-10-05T02:06:06.9799740Z test flow::q52_record_staging_tests::despawn_plan_stages_only_affected_records_with_many_unrelated_rows ... ok
Native owner (macos-15)	Q5.1 deterministic queues and bounded SimPy reference	2026-10-05T02:06:06.9800350Z test flow::same_tick_budget_private::missing_owner_context_or_handler_notification_is_zero_cost_at_limit ... ok
Native owner (macos-15)	Q5.1 deterministic queues and bounded SimPy reference	2026-10-05T02:06:06.9800960Z test flow::same_tick_budget_private::private_release_due_boundary_budget_is_atomic_in_both_dispositions ... ok
Native owner (macos-15)	Q5.1 deterministic queues and bounded SimPy reference	2026-10-05T02:06:06.9801630Z test flow::same_tick_budget_private::restart_factory_is_not_called_for_budget_rejected_resume ... ok
Native owner (macos-15)	Q5.1 deterministic queues and bounded SimPy reference	2026-10-05T02:06:06.9802090Z test flow::tests::admission_counter_overflow_preserves_pending_request ... ok
Native owner (macos-15)	Q5.1 deterministic queues and bounded SimPy reference	2026-10-05T02:06:06.9802600Z test flow::same_tick_budget_private::zero_duration_admission_is_one_three_row_plan_or_retains_pending_command ... ok
Native owner (macos-15)	Q5.1 deterministic queues and bounded SimPy reference	2026-10-05T02:06:06.9803130Z test flow::tests::capacity_growth_cannot_grant_at_deadline_in_either_token_order ... ok
Native owner (macos-15)	Q5.1 deterministic queues and bounded SimPy reference	2026-10-05T02:06:06.9812340Z test flow::tests::cleanup_preflights_all_owned_work_before_mutation ... ok
Native owner (macos-15)	Q5.1 deterministic queues and bounded SimPy reference	2026-10-05T02:06:06.9812890Z test flow::tests::counter_admission_rejection_has_no_partial_spawn ... ok
Native owner (macos-15)	Q5.1 deterministic queues and bounded SimPy reference	2026-10-05T02:06:06.9813400Z test flow::tests::deadline_admission_reserves_both_tokens_before_work_association ... ok
Native owner (macos-15)	Q5.1 deterministic queues and bounded SimPy reference	2026-10-05T02:06:06.9813980Z test flow::tests::failed_release_preflight_preserves_lease_head_and_reservation ... ok
Native owner (macos-15)	Q5.1 deterministic queues and bounded SimPy reference	2026-10-05T02:06:06.9814490Z test flow::tests::grant_overflow_rejects_the_entire_capacity_command ... ok
Native owner (macos-15)	Q5.1 deterministic queues and bounded SimPy reference	2026-10-05T02:06:06.9814940Z test flow::tests::invalid_timed_capabilities_reject_before_any_request_or_work_association ... ok
Native owner (macos-15)	Q5.1 deterministic queues and bounded SimPy reference	2026-10-05T02:06:06.9815480Z test flow::tests::notification_budget_is_atomic_and_consumption_and_removed_context_are_once_only ... ok
Native owner (macos-15)	Q5.1 deterministic queues and bounded SimPy reference	2026-10-05T02:06:06.9815940Z test flow::tests::overflow_rejects_even_due_completion_boundary ... ok
Native owner (macos-15)	Q5.1 deterministic queues and bounded SimPy reference	2026-10-05T02:06:06.9816360Z test flow::tests::rejected_release_preserves_due_completion_and_replacement_boundary ... ok
Native owner (macos-15)	Q5.1 deterministic queues and bounded SimPy reference	2026-10-05T02:06:06.9816850Z test flow::tests::repeated_interruption_grid_preserves_effort_and_terminal_uniqueness ... ok
Native owner (macos-15)	Q5.1 deterministic queues and bounded SimPy reference	2026-10-05T02:06:06.9817580Z test flow::tests::restart_factory_waits_for_aggregate_preflight_and_attempt_overflow_is_atomic ... ok
Native owner (macos-15)	Q5.1 deterministic queues and bounded SimPy reference	2026-10-05T02:06:06.9818100Z test flow::tests::second_replacement_overflow_rolls_back_first_eviction ... ok
Native owner (macos-15)	Q5.1 deterministic queues and bounded SimPy reference	2026-10-05T02:06:06.9818610Z test flow::tests::stale_completion_cannot_process_same_tick_neighbor_or_mismatched_future_boundary ... ok
Native owner (macos-15)	Q5.1 deterministic queues and bounded SimPy reference	2026-10-05T02:06:06.9819150Z test flow::tests::timed_owner_cleanup_overflow_preserves_all_live_context_and_progress ... ok
Native owner (macos-15)	Q5.1 deterministic queues and bounded SimPy reference	2026-10-05T02:06:06.9819660Z test flow::tests::timed_preflight_failures_leave_holder_request_progress_and_queue_unchanged ... ok
Native owner (macos-15)	Q5.1 deterministic queues and bounded SimPy reference	2026-10-05T02:06:06.9820080Z test flow::tests::transition_ordinal_is_checked_uint32 ... ok
Native owner (macos-15)	Q5.1 deterministic queues and bounded SimPy reference	2026-10-05T02:06:06.9820470Z test flow::tests::work_admission_counter_failure_preserves_both_associations ... ok
Native owner (macos-15)	Q5.1 deterministic queues and bounded SimPy reference	2026-10-05T02:06:06.9820960Z test preemption::tests::chooses_worst_priority_then_latest_original_admission_then_largest_id ... ok
Native owner (macos-15)	Q5.1 deterministic queues and bounded SimPy reference	2026-10-05T02:06:06.9821480Z test preemption::tests::each_replacement_reselects_from_the_remaining_holder_projection ... ok
Native owner (macos-15)	Q5.1 deterministic queues and bounded SimPy reference	2026-10-05T02:06:06.9822160Z test preemption::tests::excludes_untimed_nonpreemptible_zero_due_and_missing_completion_holders ... ok
Native owner (macos-15)	Q5.1 deterministic queues and bounded SimPy reference	2026-10-05T02:06:06.9822710Z test preemption::tests::holder_iteration_permutations_select_the_same_victim ... ok
Native owner (macos-15)	Q5.1 deterministic queues and bounded SimPy reference	2026-10-05T02:06:06.9823200Z test preemption::tests::ordered_selector_does_not_consume_waiters_without_eligible_holders ... ok
Native owner (macos-15)	Q5.1 deterministic queues and bounded SimPy reference	2026-10-05T02:06:06.9823790Z test preemption::tests::ordered_selector_keeps_first_eligible_waiter_tie_and_worst_holder_tie ... ok
Native owner (macos-15)	Q5.1 deterministic queues and bounded SimPy reference	2026-10-05T02:06:06.9824450Z test preemption::tests::ordered_selector_matches_sorting_reference_over_deterministic_grid ... ok
Native owner (macos-15)	Q5.1 deterministic queues and bounded SimPy reference	2026-10-05T02:06:06.9824940Z test preemption::tests::ordered_selector_stops_at_equal_or_worse_priority_cutoff ... ok
Native owner (macos-15)	Q5.1 deterministic queues and bounded SimPy reference	2026-10-05T02:06:06.9825390Z test preemption::tests::priority_extremes_do_not_require_negation_or_overflow ... ok
Native owner (macos-15)	Q5.1 deterministic queues and bounded SimPy reference	2026-10-05T02:06:06.9825870Z test preemption::tests::replacement_search_returns_none_when_no_waiter_has_a_victim ... ok
Native owner (macos-15)	Q5.1 deterministic queues and bounded SimPy reference	2026-10-05T02:06:06.9826350Z test preemption::tests::requires_preempting_incoming_claim_and_strictly_worse_holder ... ok
Native owner (macos-15)	Q5.1 deterministic queues and bounded SimPy reference	2026-10-05T02:06:06.9826850Z test preemption::tests::scans_past_earlier_nonpreempting_waiter_and_sorts_waiter_order ... ok
Native owner (macos-15)	Q5.1 deterministic queues and bounded SimPy reference	2026-10-05T02:06:06.9827220Z test tests::des_context_creates ... ok
Native owner (macos-15)	Q5.1 deterministic queues and bounded SimPy reference	2026-10-05T02:06:06.9827620Z test flow::q52_queue_staging_tests::reprioritize_stages_one_large_target_queue_and_keeps_priority_order ... ok
Native owner (macos-15)	Q5.1 deterministic queues and bounded SimPy reference	2026-10-05T02:06:06.9828030Z test tests::resource_request_blocks ... ok
Native owner (macos-15)	Q5.1 deterministic queues and bounded SimPy reference	2026-10-05T02:06:06.9828250Z test tests::schedule_and_step ... ok
Native owner (macos-15)	Q5.1 deterministic queues and bounded SimPy reference	2026-10-05T02:06:06.9828500Z test tests::trajectory_records_scheduler_order ... ok
Native owner (macos-15)	Q5.1 deterministic queues and bounded SimPy reference	2026-10-05T02:06:06.9828790Z test tests::trajectory_reports_event_budget_limit ... ok
Native owner (macos-15)	Q5.1 deterministic queues and bounded SimPy reference	2026-10-05T02:06:06.9829160Z test flow::tests::bounded_generated_operations_preserve_capacity_and_membership ... ok
Native owner (macos-15)	Q5.1 deterministic queues and bounded SimPy reference	2026-10-05T02:06:06.9829430Z 
Native owner (macos-15)	Q5.1 deterministic queues and bounded SimPy reference	2026-10-05T02:06:06.9829630Z test result: ok. 124 passed; 0 failed; 1 ignored; 0 measured; 0 filtered out; finished in 0.01s
Native owner (macos-15)	Q5.1 deterministic queues and bounded SimPy reference	2026-10-05T02:06:06.9829920Z 
Native owner (macos-15)	Q5.1 deterministic queues and bounded SimPy reference	2026-10-05T02:06:06.9830130Z      Running tests/des_integration.rs (target/release/deps/des_integration-d8ab1b95140aaad3)
Native owner (macos-15)	Q5.1 deterministic queues and bounded SimPy reference	2026-10-05T02:06:06.9844790Z 
Native owner (macos-15)	Q5.1 deterministic queues and bounded SimPy reference	2026-10-05T02:06:06.9844970Z running 4 tests
Native owner (macos-15)	Q5.1 deterministic queues and bounded SimPy reference	2026-10-05T02:06:06.9845510Z test parallel_resources ... ok
Native owner (macos-15)	Q5.1 deterministic queues and bounded SimPy reference	2026-10-05T02:06:06.9845750Z test resource_not_found ... ok
Native owner (macos-15)	Q5.1 deterministic queues and bounded SimPy reference	2026-10-05T02:06:06.9845970Z test factory_bottleneck_smoke ... ok
Native owner (macos-15)	Q5.1 deterministic queues and bounded SimPy reference	2026-10-05T02:06:06.9846220Z test resource_queue_fifo ... ok
Native owner (macos-15)	Q5.1 deterministic queues and bounded SimPy reference	2026-10-05T02:06:06.9846370Z 
Native owner (macos-15)	Q5.1 deterministic queues and bounded SimPy reference	2026-10-05T02:06:06.9846610Z test result: ok. 4 passed; 0 failed; 0 ignored; 0 measured; 0 filtered out; finished in 0.00s
Native owner (macos-15)	Q5.1 deterministic queues and bounded SimPy reference	2026-10-05T02:06:06.9846900Z 
Native owner (macos-15)	Q5.1 deterministic queues and bounded SimPy reference	2026-10-05T02:06:06.9847230Z      Running tests/des_resource_queue_v1.rs (target/release/deps/des_resource_queue_v1-1446b754086a77b0)
Native owner (macos-15)	Q5.1 deterministic queues and bounded SimPy reference	2026-10-05T02:06:06.9869680Z 
Native owner (macos-15)	Q5.1 deterministic queues and bounded SimPy reference	2026-10-05T02:06:06.9869880Z running 2 tests
Native owner (macos-15)	Q5.1 deterministic queues and bounded SimPy reference	2026-10-05T02:06:06.9870470Z test des_resource_queue_v1_preserves_fifo_admission ... ok
Native owner (macos-15)	Q5.1 deterministic queues and bounded SimPy reference	2026-10-05T02:06:06.9871240Z test des_resource_queue_v1_replays_fixed_tick_trajectory_order ... ok
Native owner (macos-15)	Q5.1 deterministic queues and bounded SimPy reference	2026-10-05T02:06:06.9871530Z 
Native owner (macos-15)	Q5.1 deterministic queues and bounded SimPy reference	2026-10-05T02:06:06.9871790Z test result: ok. 2 passed; 0 failed; 0 ignored; 0 measured; 0 filtered out; finished in 0.00s
Native owner (macos-15)	Q5.1 deterministic queues and bounded SimPy reference	2026-10-05T02:06:06.9872160Z 
Native owner (macos-15)	Q5.1 deterministic queues and bounded SimPy reference	2026-10-05T02:06:06.9872400Z      Running tests/fidelity_lineage_v1.rs (target/release/deps/fidelity_lineage_v1-4b4e7ec97f856f9f)
Native owner (macos-15)	Q5.1 deterministic queues and bounded SimPy reference	2026-10-05T02:06:06.9893940Z 
Native owner (macos-15)	Q5.1 deterministic queues and bounded SimPy reference	2026-10-05T02:06:06.9894270Z running 3 tests
Native owner (macos-15)	Q5.1 deterministic queues and bounded SimPy reference	2026-10-05T02:06:06.9895520Z test opaque_identity_survives_moves_and_clone_but_distinguishes_instances ... ok
Native owner (macos-15)	Q5.1 deterministic queues and bounded SimPy reference	2026-10-05T02:06:06.9895920Z test failed_initial_admission_does_not_bind_a_runtime ... ok
Native owner (macos-15)	Q5.1 deterministic queues and bounded SimPy reference	2026-10-05T02:06:06.9896540Z test foreign_terminal_work_never_bypasses_bound_live_work ... ok
Native owner (macos-15)	Q5.1 deterministic queues and bounded SimPy reference	2026-10-05T02:06:06.9896870Z 
Native owner (macos-15)	Q5.1 deterministic queues and bounded SimPy reference	2026-10-05T02:06:06.9897240Z test result: ok. 3 passed; 0 failed; 0 ignored; 0 measured; 0 filtered out; finished in 0.00s
Native owner (macos-15)	Q5.1 deterministic queues and bounded SimPy reference	2026-10-05T02:06:06.9897600Z 
Native owner (macos-15)	Q5.1 deterministic queues and bounded SimPy reference	2026-10-05T02:06:06.9897870Z      Running tests/fidelity_mode_c21.rs (target/release/deps/fidelity_mode_c21-931bd16c2aebbad7)
Native owner (macos-15)	Q5.1 deterministic queues and bounded SimPy reference	2026-10-05T02:06:06.9919560Z 
Native owner (macos-15)	Q5.1 deterministic queues and bounded SimPy reference	2026-10-05T02:06:06.9920880Z running 10 tests
Native owner (macos-15)	Q5.1 deterministic queues and bounded SimPy reference	2026-10-05T02:06:06.9922700Z test boundary_checks_every_admitted_work_even_when_the_first_is_terminal ... ok
Native owner (macos-15)	Q5.1 deterministic queues and bounded SimPy reference	2026-10-05T02:06:06.9923890Z test actual_pending_active_and_suspended_work_block_policy_application ... ok
Native owner (macos-15)	Q5.1 deterministic queues and bounded SimPy reference	2026-10-05T02:06:06.9925320Z test active_and_suspended_work_cannot_be_admitted_and_failed_admission_does_not_bind ... ok
Native owner (macos-15)	Q5.1 deterministic queues and bounded SimPy reference	2026-10-05T02:06:06.9925810Z test colliding_work_ids_cannot_cross_flow_runtime_instances ... ok
Native owner (macos-15)	Q5.1 deterministic queues and bounded SimPy reference	2026-10-05T02:06:06.9926260Z test despawned_bound_work_fails_closed_without_consuming_pending_policy ... ok
Native owner (macos-15)	Q5.1 deterministic queues and bounded SimPy reference	2026-10-05T02:06:06.9926690Z test entity_overrides_use_live_generational_flow_identities ... ok
Native owner (macos-15)	Q5.1 deterministic queues and bounded SimPy reference	2026-10-05T02:06:06.9927160Z test failed_missing_or_duplicate_admission_preserves_the_first_decision ... ok
Native owner (macos-15)	Q5.1 deterministic queues and bounded SimPy reference	2026-10-05T02:06:06.9927550Z test policy_resolves_all_sixteen_scope_presence_masks ... ok
Native owner (macos-15)	Q5.1 deterministic queues and bounded SimPy reference	2026-10-05T02:06:06.9927960Z test every_terminal_state_preserves_old_work_and_uses_replaced_policy_for_future_work ... ok
Native owner (macos-15)	Q5.1 deterministic queues and bounded SimPy reference	2026-10-05T02:06:06.9928460Z test version_missing_policy_and_subsystem_identity_are_checked ... ok
Native owner (macos-15)	Q5.1 deterministic queues and bounded SimPy reference	2026-10-05T02:06:06.9928720Z 
Native owner (macos-15)	Q5.1 deterministic queues and bounded SimPy reference	2026-10-05T02:06:06.9928970Z test result: ok. 10 passed; 0 failed; 0 ignored; 0 measured; 0 filtered out; finished in 0.00s
Native owner (macos-15)	Q5.1 deterministic queues and bounded SimPy reference	2026-10-05T02:06:06.9929280Z 
Native owner (macos-15)	Q5.1 deterministic queues and bounded SimPy reference	2026-10-05T02:06:06.9929580Z      Running tests/flow_actor_domain_context_v1.rs (target/release/deps/flow_actor_domain_context_v1-d42df5ef5be47294)
Native owner (macos-15)	Q5.1 deterministic queues and bounded SimPy reference	2026-10-05T02:06:06.9949400Z 
Native owner (macos-15)	Q5.1 deterministic queues and bounded SimPy reference	2026-10-05T02:06:06.9951050Z running 6 tests
Native owner (macos-15)	Q5.1 deterministic queues and bounded SimPy reference	2026-10-05T02:06:06.9952500Z test carrier_is_pending_zero_duration_and_unique_across_registered_keys_and_kinds ... ok
Native owner (macos-15)	Q5.1 deterministic queues and bounded SimPy reference	2026-10-05T02:06:06.9953320Z test carrier_manual_and_timed_acquire_reject_but_normal_zero_duration_task_completes ... ok
Native owner (macos-15)	Q5.1 deterministic queues and bounded SimPy reference	2026-10-05T02:06:06.9953870Z test batch_manual_and_timed_carrier_acquire_reject_whole_batch_at_issued_ticket ... ok
Native owner (macos-15)	Q5.1 deterministic queues and bounded SimPy reference	2026-10-05T02:06:06.9954370Z test carrier_requires_exact_view_registration_and_type_without_partial_association ... ok
Native owner (macos-15)	Q5.1 deterministic queues and bounded SimPy reference	2026-10-05T02:06:06.9954840Z test direct_and_batch_carrier_domain_kind_is_bound_and_atomic ... ok
Native owner (macos-15)	Q5.1 deterministic queues and bounded SimPy reference	2026-10-05T02:06:06.9955230Z test ordinary_actor_cleanup_removes_carrier_index_and_old_update_is_stale ... ok
Native owner (macos-15)	Q5.1 deterministic queues and bounded SimPy reference	2026-10-05T02:06:06.9955480Z 
Native owner (macos-15)	Q5.1 deterministic queues and bounded SimPy reference	2026-10-05T02:06:06.9955680Z test result: ok. 6 passed; 0 failed; 0 ignored; 0 measured; 0 filtered out; finished in 0.00s
Native owner (macos-15)	Q5.1 deterministic queues and bounded SimPy reference	2026-10-05T02:06:06.9955960Z 
Native owner (macos-15)	Q5.1 deterministic queues and bounded SimPy reference	2026-10-05T02:06:06.9956260Z      Running tests/flow_builder_migration_v1.rs (target/release/deps/flow_builder_migration_v1-5241ec5af0f6f50c)
Native owner (macos-15)	Q5.1 deterministic queues and bounded SimPy reference	2026-10-05T02:06:06.9975820Z 
Native owner (macos-15)	Q5.1 deterministic queues and bounded SimPy reference	2026-10-05T02:06:06.9978180Z running 6 tests
Native owner (macos-15)	Q5.1 deterministic queues and bounded SimPy reference	2026-10-05T02:06:06.9979240Z test defaults_and_explicit_policy_translate_to_request ... ok
Native owner (macos-15)	Q5.1 deterministic queues and bounded SimPy reference	2026-10-05T02:06:06.9979820Z test deadline_at_completion_expires_without_replacement_grant_in_both_insertions ... ok
Native owner (macos-15)	Q5.1 deterministic queues and bounded SimPy reference	2026-10-05T02:06:06.9980350Z test boundary_pause_retains_context_and_matches_uninterrupted_causal_records ... ok
Native owner (macos-15)	Q5.1 deterministic queues and bounded SimPy reference	2026-10-05T02:06:06.9980800Z test failed_admission_preserves_association_and_full_public_scheduler_stats ... ok
Native owner (macos-15)	Q5.1 deterministic queues and bounded SimPy reference	2026-10-05T02:06:06.9981490Z test scheduler_admission_priority_is_distinct_from_resource_queue_priority ... ok
Native owner (macos-15)	Q5.1 deterministic queues and bounded SimPy reference	2026-10-05T02:06:06.9981910Z test fifo_migration_keeps_label_order_and_teaches_buffered_lease_release ... ok
Native owner (macos-15)	Q5.1 deterministic queues and bounded SimPy reference	2026-10-05T02:06:06.9982210Z 
Native owner (macos-15)	Q5.1 deterministic queues and bounded SimPy reference	2026-10-05T02:06:06.9982410Z test result: ok. 6 passed; 0 failed; 0 ignored; 0 measured; 0 filtered out; finished in 0.00s
Native owner (macos-15)	Q5.1 deterministic queues and bounded SimPy reference	2026-10-05T02:06:06.9982690Z 
Native owner (macos-15)	Q5.1 deterministic queues and bounded SimPy reference	2026-10-05T02:06:06.9982930Z      Running tests/flow_capacity_v1.rs (target/release/deps/flow_capacity_v1-a0e6e77deae74a6f)
Native owner (macos-15)	Q5.1 deterministic queues and bounded SimPy reference	2026-10-05T02:06:07.0002740Z 
Native owner (macos-15)	Q5.1 deterministic queues and bounded SimPy reference	2026-10-05T02:06:07.0003360Z running 5 tests
Native owner (macos-15)	Q5.1 deterministic queues and bounded SimPy reference	2026-10-05T02:06:07.0003670Z test partial_builder_rejects_before_allocating_request_or_event ... ok
Native owner (macos-15)	Q5.1 deterministic queues and bounded SimPy reference	2026-10-05T02:06:07.0004140Z test dispatch_revalidates_capacity_change_without_partial_mutation ... ok
Native owner (macos-15)	Q5.1 deterministic queues and bounded SimPy reference	2026-10-05T02:06:07.0004510Z test closed_resource_waits_then_capacity_growth_grants ... ok
Native owner (macos-15)	Q5.1 deterministic queues and bounded SimPy reference	2026-10-05T02:06:07.0004880Z test past_submission_has_no_partial_state_and_run_budget_preserves_work ... ok
Native owner (macos-15)	Q5.1 deterministic queues and bounded SimPy reference	2026-10-05T02:06:07.0005480Z test shrink_and_busy_removal_are_transactional ... ok
Native owner (macos-15)	Q5.1 deterministic queues and bounded SimPy reference	2026-10-05T02:06:07.0005660Z 
Native owner (macos-15)	Q5.1 deterministic queues and bounded SimPy reference	2026-10-05T02:06:07.0005850Z test result: ok. 5 passed; 0 failed; 0 ignored; 0 measured; 0 filtered out; finished in 0.00s
Native owner (macos-15)	Q5.1 deterministic queues and bounded SimPy reference	2026-10-05T02:06:07.0006120Z 
Native owner (macos-15)	Q5.1 deterministic queues and bounded SimPy reference	2026-10-05T02:06:07.0006360Z      Running tests/flow_continuations_v1.rs (target/release/deps/flow_continuations_v1-918ba3b4156fde3e)
Native owner (macos-15)	Q5.1 deterministic queues and bounded SimPy reference	2026-10-05T02:06:07.0026270Z 
Native owner (macos-15)	Q5.1 deterministic queues and bounded SimPy reference	2026-10-05T02:06:07.0027630Z running 8 tests
Native owner (macos-15)	Q5.1 deterministic queues and bounded SimPy reference	2026-10-05T02:06:07.0030480Z test defaults_preserve_flow_config_shape_and_require_no_context_default ... ok
Native owner (macos-15)	Q5.1 deterministic queues and bounded SimPy reference	2026-10-05T02:06:07.0030960Z test completion_stages_existing_b_work_with_real_receipts_and_causal_snapshot ... ok
Native owner (macos-15)	Q5.1 deterministic queues and bounded SimPy reference	2026-10-05T02:06:07.0031440Z test callback_emitted_zero_duration_is_charged_on_its_later_dispatch ... ok
Native owner (macos-15)	Q5.1 deterministic queues and bounded SimPy reference	2026-10-05T02:06:07.0031860Z test domain_context_and_reserved_ingress_are_explicit ... ok
Native owner (macos-15)	Q5.1 deterministic queues and bounded SimPy reference	2026-10-05T02:06:07.0032270Z test legacy_first_coexistence_type_checks_and_exact_delivery_budget ... ok
Native owner (macos-15)	Q5.1 deterministic queues and bounded SimPy reference	2026-10-05T02:06:07.0032800Z test local_ticket_resolves_pending_cancel_and_foreign_or_non_acquire_reject ... ok
Native owner (macos-15)	Q5.1 deterministic queues and bounded SimPy reference	2026-10-05T02:06:07.0033290Z test rejected_batch_has_no_partial_association_but_keeps_context_effect ... ok
Native owner (macos-15)	Q5.1 deterministic queues and bounded SimPy reference	2026-10-05T02:06:07.0033990Z test ignored_poison_is_atomic_for_every_kind_and_default_cap_is_1024 ... ok
Native owner (macos-15)	Q5.1 deterministic queues and bounded SimPy reference	2026-10-05T02:06:07.0034340Z 
Native owner (macos-15)	Q5.1 deterministic queues and bounded SimPy reference	2026-10-05T02:06:07.0034640Z test result: ok. 8 passed; 0 failed; 0 ignored; 0 measured; 0 filtered out; finished in 0.00s
Native owner (macos-15)	Q5.1 deterministic queues and bounded SimPy reference	2026-10-05T02:06:07.0034970Z 
Native owner (macos-15)	Q5.1 deterministic queues and bounded SimPy reference	2026-10-05T02:06:07.0035350Z      Running tests/flow_determinism_conformance_v1.rs (target/release/deps/flow_determinism_conformance_v1-a7005796dd44d949)
Native owner (macos-15)	Q5.1 deterministic queues and bounded SimPy reference	2026-10-05T02:06:07.0055840Z 
Native owner (macos-15)	Q5.1 deterministic queues and bounded SimPy reference	2026-10-05T02:06:07.0056010Z running 1 test
Native owner (macos-15)	Q5.1 deterministic queues and bounded SimPy reference	2026-10-05T02:06:07.0065020Z Q51_BATCH workers=1 assignment=ordered traces=24 completion_order=[0] aggregate_fnv1a64=47cfb7dca4211252
Native owner (macos-15)	Q5.1 deterministic queues and bounded SimPy reference	2026-10-05T02:06:07.0070940Z Q51_BATCH workers=1 assignment=ordered traces=24 completion_order=[0] aggregate_fnv1a64=47cfb7dca4211252
Native owner (macos-15)	Q5.1 deterministic queues and bounded SimPy reference	2026-10-05T02:06:07.0078100Z Q51_BATCH workers=1 assignment=reversed traces=24 completion_order=[0] aggregate_fnv1a64=47cfb7dca4211252
Native owner (macos-15)	Q5.1 deterministic queues and bounded SimPy reference	2026-10-05T02:06:07.0084940Z Q51_BATCH workers=1 assignment=ordered traces=24 completion_order=[0] aggregate_fnv1a64=47cfb7dca4211252
Native owner (macos-15)	Q5.1 deterministic queues and bounded SimPy reference	2026-10-05T02:06:07.0091760Z Q51_BATCH workers=1 assignment=reversed traces=24 completion_order=[0] aggregate_fnv1a64=47cfb7dca4211252
Native owner (macos-15)	Q5.1 deterministic queues and bounded SimPy reference	2026-10-05T02:06:07.0098590Z Q51_BATCH workers=1 assignment=permuted traces=24 completion_order=[0] aggregate_fnv1a64=47cfb7dca4211252
Native owner (macos-15)	Q5.1 deterministic queues and bounded SimPy reference	2026-10-05T02:06:07.0103260Z Q51_BATCH workers=2 assignment=ordered traces=24 completion_order=[0, 1] aggregate_fnv1a64=47cfb7dca4211252
Native owner (macos-15)	Q5.1 deterministic queues and bounded SimPy reference	2026-10-05T02:06:07.0108570Z Q51_BATCH workers=2 assignment=reversed traces=24 completion_order=[1, 0] aggregate_fnv1a64=47cfb7dca4211252
Native owner (macos-15)	Q5.1 deterministic queues and bounded SimPy reference	2026-10-05T02:06:07.0113190Z Q51_BATCH workers=2 assignment=permuted traces=24 completion_order=[1, 0] aggregate_fnv1a64=47cfb7dca4211252
Native owner (macos-15)	Q5.1 deterministic queues and bounded SimPy reference	2026-10-05T02:06:07.0119300Z Q51_BATCH workers=4 assignment=ordered traces=24 completion_order=[0, 1, 2, 3] aggregate_fnv1a64=47cfb7dca4211252
Native owner (macos-15)	Q5.1 deterministic queues and bounded SimPy reference	2026-10-05T02:06:07.0124580Z Q51_BATCH workers=4 assignment=reversed traces=24 completion_order=[3, 2, 1, 0] aggregate_fnv1a64=47cfb7dca4211252
Native owner (macos-15)	Q5.1 deterministic queues and bounded SimPy reference	2026-10-05T02:06:07.0129950Z Q51_BATCH workers=4 assignment=permuted traces=24 completion_order=[1, 0, 3, 2] aggregate_fnv1a64=47cfb7dca4211252
Native owner (macos-15)	Q5.1 deterministic queues and bounded SimPy reference	2026-10-05T02:06:07.0131230Z test independent_replications_match_across_repeat_and_worker_schedules ... ok
Native owner (macos-15)	Q5.1 deterministic queues and bounded SimPy reference	2026-10-05T02:06:07.0131560Z 
Native owner (macos-15)	Q5.1 deterministic queues and bounded SimPy reference	2026-10-05T02:06:07.0131830Z test result: ok. 1 passed; 0 failed; 0 ignored; 0 measured; 0 filtered out; finished in 0.01s
Native owner (macos-15)	Q5.1 deterministic queues and bounded SimPy reference	2026-10-05T02:06:07.0132410Z 
Native owner (macos-15)	Q5.1 deterministic queues and bounded SimPy reference	2026-10-05T02:06:07.0132870Z      Running tests/flow_errors_v1.rs (target/release/deps/flow_errors_v1-f596d74beec0753c)
Native owner (macos-15)	Q5.1 deterministic queues and bounded SimPy reference	2026-10-05T02:06:07.0154680Z 
Native owner (macos-15)	Q5.1 deterministic queues and bounded SimPy reference	2026-10-05T02:06:07.0154910Z running 1 test
Native owner (macos-15)	Q5.1 deterministic queues and bounded SimPy reference	2026-10-05T02:06:07.0155700Z test flow_errors_implement_standard_error_without_hidden_sources ... ok
Native owner (macos-15)	Q5.1 deterministic queues and bounded SimPy reference	2026-10-05T02:06:07.0155960Z 
Native owner (macos-15)	Q5.1 deterministic queues and bounded SimPy reference	2026-10-05T02:06:07.0156180Z test result: ok. 1 passed; 0 failed; 0 ignored; 0 measured; 0 filtered out; finished in 0.00s
Native owner (macos-15)	Q5.1 deterministic queues and bounded SimPy reference	2026-10-05T02:06:07.0156710Z 
Native owner (macos-15)	Q5.1 deterministic queues and bounded SimPy reference	2026-10-05T02:06:07.0157030Z      Running tests/flow_lifecycle_snapshot_v1.rs (target/release/deps/flow_lifecycle_snapshot_v1-13c03e36069106f4)
Native owner (macos-15)	Q5.1 deterministic queues and bounded SimPy reference	2026-10-05T02:06:07.0180230Z 
Native owner (macos-15)	Q5.1 deterministic queues and bounded SimPy reference	2026-10-05T02:06:07.0180470Z running 8 tests
Native owner (macos-15)	Q5.1 deterministic queues and bounded SimPy reference	2026-10-05T02:06:07.0181850Z test public_handle_getters_and_zero_duration_rows_capture_each_mutation ... ok
Native owner (macos-15)	Q5.1 deterministic queues and bounded SimPy reference	2026-10-05T02:06:07.0182400Z test abort_emits_preempted_removal_then_aborted_state_with_same_causal_lease ... ok
Native owner (macos-15)	Q5.1 deterministic queues and bounded SimPy reference	2026-10-05T02:06:07.0182920Z test manual_and_actor_cleanup_rows_keep_null_work_or_pre_despawn_work_identity ... ok
Native owner (macos-15)	Q5.1 deterministic queues and bounded SimPy reference	2026-10-05T02:06:07.0183340Z test rejected_same_tick_plan_emits_no_partial_rows_or_state_changes ... ok
Native owner (macos-15)	Q5.1 deterministic queues and bounded SimPy reference	2026-10-05T02:06:07.0183770Z test release_and_cancel_snapshot_checkpointed_progress_and_removed_lease ... ok
Native owner (macos-15)	Q5.1 deterministic queues and bounded SimPy reference	2026-10-05T02:06:07.0184200Z test restart_snapshot_preserves_pre_reset_progress_and_records_new_attempt ... ok
Native owner (macos-15)	Q5.1 deterministic queues and bounded SimPy reference	2026-10-05T02:06:07.0184600Z test same_runtime_pause_preserves_canonical_lifecycle_snapshots ... ok
Native owner (macos-15)	Q5.1 deterministic queues and bounded SimPy reference	2026-10-05T02:06:07.0185070Z test suspend_snapshot_keeps_victim_lease_progress_and_preemptor_before_requeue ... ok
Native owner (macos-15)	Q5.1 deterministic queues and bounded SimPy reference	2026-10-05T02:06:07.0185340Z 
Native owner (macos-15)	Q5.1 deterministic queues and bounded SimPy reference	2026-10-05T02:06:07.0185550Z test result: ok. 8 passed; 0 failed; 0 ignored; 0 measured; 0 filtered out; finished in 0.00s
Native owner (macos-15)	Q5.1 deterministic queues and bounded SimPy reference	2026-10-05T02:06:07.0185880Z 
Native owner (macos-15)	Q5.1 deterministic queues and bounded SimPy reference	2026-10-05T02:06:07.0186090Z      Running tests/flow_lifecycle_v1.rs (target/release/deps/flow_lifecycle_v1-162d4a2b813aedf8)
Native owner (macos-15)	Q5.1 deterministic queues and bounded SimPy reference	2026-10-05T02:06:07.0204830Z 
Native owner (macos-15)	Q5.1 deterministic queues and bounded SimPy reference	2026-10-05T02:06:07.0205160Z running 4 tests
Native owner (macos-15)	Q5.1 deterministic queues and bounded SimPy reference	2026-10-05T02:06:07.0208620Z test admission_is_buffered_and_duplicate_release_cannot_free_twice ... ok
Native owner (macos-15)	Q5.1 deterministic queues and bounded SimPy reference	2026-10-05T02:06:07.0209100Z test recycled_owner_never_releases_a_new_lease ... ok
Native owner (macos-15)	Q5.1 deterministic queues and bounded SimPy reference	2026-10-05T02:06:07.0209500Z test despawn_cancels_all_owned_work_before_granting_other_actors ... ok
Native owner (macos-15)	Q5.1 deterministic queues and bounded SimPy reference	2026-10-05T02:06:07.0210190Z test stale_pending_admission_is_not_mistaken_for_idle ... ok
Native owner (macos-15)	Q5.1 deterministic queues and bounded SimPy reference	2026-10-05T02:06:07.0210440Z 
Native owner (macos-15)	Q5.1 deterministic queues and bounded SimPy reference	2026-10-05T02:06:07.0210640Z test result: ok. 4 passed; 0 failed; 0 ignored; 0 measured; 0 filtered out; finished in 0.00s
Native owner (macos-15)	Q5.1 deterministic queues and bounded SimPy reference	2026-10-05T02:06:07.0210950Z 
Native owner (macos-15)	Q5.1 deterministic queues and bounded SimPy reference	2026-10-05T02:06:07.0211250Z      Running tests/flow_preemption_eligibility_v1.rs (target/release/deps/flow_preemption_eligibility_v1-f6d588f5a3fe7d84)
Native owner (macos-15)	Q5.1 deterministic queues and bounded SimPy reference	2026-10-05T02:06:07.0233130Z 
Native owner (macos-15)	Q5.1 deterministic queues and bounded SimPy reference	2026-10-05T02:06:07.0233780Z running 8 tests
Native owner (macos-15)	Q5.1 deterministic queues and bounded SimPy reference	2026-10-05T02:06:07.0236750Z test active_inspection_at_due_tick_caps_effort_without_committing_completion ... ok
Native owner (macos-15)	Q5.1 deterministic queues and bounded SimPy reference	2026-10-05T02:06:07.0237400Z test capacity_two_selects_latest_equal_priority_victim_then_next ... ok
Native owner (macos-15)	Q5.1 deterministic queues and bounded SimPy reference	2026-10-05T02:06:07.0237910Z test completion_at_interruption_tick_wins_both_token_insertion_orders ... ok
Native owner (macos-15)	Q5.1 deterministic queues and bounded SimPy reference	2026-10-05T02:06:07.0238400Z test eligible_waiter_scan_skips_a_then_b_preempts_and_a_gets_next_unit ... ok
Native owner (macos-15)	Q5.1 deterministic queues and bounded SimPy reference	2026-10-05T02:06:07.0238820Z test nested_suspend_cycles_and_live_progress_inspection ... ok
Native owner (macos-15)	Q5.1 deterministic queues and bounded SimPy reference	2026-10-05T02:06:07.0239230Z test equal_priority_missing_capability_and_nonpreemptible_holder_are_ineligible ... ok
Native owner (macos-15)	Q5.1 deterministic queues and bounded SimPy reference	2026-10-05T02:06:07.0239630Z test suspended_work_can_be_cancelled_without_later_resume ... ok
Native owner (macos-15)	Q5.1 deterministic queues and bounded SimPy reference	2026-10-05T02:06:07.0240300Z test zero_duration_work_completes_at_grant_without_duplicate_terminal ... ok
Native owner (macos-15)	Q5.1 deterministic queues and bounded SimPy reference	2026-10-05T02:06:07.0240570Z 
Native owner (macos-15)	Q5.1 deterministic queues and bounded SimPy reference	2026-10-05T02:06:07.0240800Z test result: ok. 8 passed; 0 failed; 0 ignored; 0 measured; 0 filtered out; finished in 0.00s
Native owner (macos-15)	Q5.1 deterministic queues and bounded SimPy reference	2026-10-05T02:06:07.0241090Z 
Native owner (macos-15)	Q5.1 deterministic queues and bounded SimPy reference	2026-10-05T02:06:07.0241390Z      Running tests/flow_preemption_primary_v1.rs (target/release/deps/flow_preemption_primary_v1-4a3abd088c94d675)
Native owner (macos-15)	Q5.1 deterministic queues and bounded SimPy reference	2026-10-05T02:06:07.0260820Z 
Native owner (macos-15)	Q5.1 deterministic queues and bounded SimPy reference	2026-10-05T02:06:07.0260940Z running 1 test
Native owner (macos-15)	Q5.1 deterministic queues and bounded SimPy reference	2026-10-05T02:06:07.0263730Z test timed_work_preemption_primary_oracle_for_all_strategies ... ok
Native owner (macos-15)	Q5.1 deterministic queues and bounded SimPy reference	2026-10-05T02:06:07.0264000Z 
Native owner (macos-15)	Q5.1 deterministic queues and bounded SimPy reference	2026-10-05T02:06:07.0264190Z test result: ok. 1 passed; 0 failed; 0 ignored; 0 measured; 0 filtered out; finished in 0.00s
Native owner (macos-15)	Q5.1 deterministic queues and bounded SimPy reference	2026-10-05T02:06:07.0264470Z 
Native owner (macos-15)	Q5.1 deterministic queues and bounded SimPy reference	2026-10-05T02:06:07.0265000Z      Running tests/flow_preemption_property_v1.rs (target/release/deps/flow_preemption_property_v1-0ad463bf5add7b51)
Native owner (macos-15)	Q5.1 deterministic queues and bounded SimPy reference	2026-10-05T02:06:07.0285300Z 
Native owner (macos-15)	Q5.1 deterministic queues and bounded SimPy reference	2026-10-05T02:06:07.0285450Z running 1 test
Native owner (macos-15)	Q5.1 deterministic queues and bounded SimPy reference	2026-10-05T02:06:07.0519730Z test seeded_timed_cycles_match_independent_interval_model_v1 ... ok
Native owner (macos-15)	Q5.1 deterministic queues and bounded SimPy reference	2026-10-05T02:06:07.0520250Z 
Native owner (macos-15)	Q5.1 deterministic queues and bounded SimPy reference	2026-10-05T02:06:07.0520460Z test result: ok. 1 passed; 0 failed; 0 ignored; 0 measured; 0 filtered out; finished in 0.02s
Native owner (macos-15)	Q5.1 deterministic queues and bounded SimPy reference	2026-10-05T02:06:07.0520780Z 
Native owner (macos-15)	Q5.1 deterministic queues and bounded SimPy reference	2026-10-05T02:06:07.0521130Z      Running tests/flow_preemption_secondary_v1.rs (target/release/deps/flow_preemption_secondary_v1-ef56a1164e1120b2)
Native owner (macos-15)	Q5.1 deterministic queues and bounded SimPy reference	2026-10-05T02:06:07.0544090Z 
Native owner (macos-15)	Q5.1 deterministic queues and bounded SimPy reference	2026-10-05T02:06:07.0544180Z running 1 test
Native owner (macos-15)	Q5.1 deterministic queues and bounded SimPy reference	2026-10-05T02:06:07.0547350Z test independent_timed_preemption_timeline_0_4_7 ... ok
Native owner (macos-15)	Q5.1 deterministic queues and bounded SimPy reference	2026-10-05T02:06:07.0547590Z 
Native owner (macos-15)	Q5.1 deterministic queues and bounded SimPy reference	2026-10-05T02:06:07.0547930Z test result: ok. 1 passed; 0 failed; 0 ignored; 0 measured; 0 filtered out; finished in 0.00s
Native owner (macos-15)	Q5.1 deterministic queues and bounded SimPy reference	2026-10-05T02:06:07.0548250Z 
Native owner (macos-15)	Q5.1 deterministic queues and bounded SimPy reference	2026-10-05T02:06:07.0548460Z      Running tests/flow_queue_v1.rs (target/release/deps/flow_queue_v1-d7e48d754c246c4d)
Native owner (macos-15)	Q5.1 deterministic queues and bounded SimPy reference	2026-10-05T02:06:07.0568960Z 
Native owner (macos-15)	Q5.1 deterministic queues and bounded SimPy reference	2026-10-05T02:06:07.0571260Z running 8 tests
Native owner (macos-15)	Q5.1 deterministic queues and bounded SimPy reference	2026-10-05T02:06:07.0572100Z test equal_priority_reverse_command_insertion_and_active_rekey ... ok
Native owner (macos-15)	Q5.1 deterministic queues and bounded SimPy reference	2026-10-05T02:06:07.0572790Z test deadline_expires_before_release_in_both_insertion_orders ... ok
Native owner (macos-15)	Q5.1 deterministic queues and bounded SimPy reference	2026-10-05T02:06:07.0573520Z test cancellation_and_rekey_follow_scheduler_order_and_resubmission_is_new ... ok
Native owner (macos-15)	Q5.1 deterministic queues and bounded SimPy reference	2026-10-05T02:06:07.0573930Z test grant_clears_deadline_and_immediate_expiry_never_grants ... ok
Native owner (macos-15)	Q5.1 deterministic queues and bounded SimPy reference	2026-10-05T02:06:07.0574300Z test pending_cancel_has_one_terminal_transition_and_stale_tokens ... ok
Native owner (macos-15)	Q5.1 deterministic queues and bounded SimPy reference	2026-10-05T02:06:07.0574670Z test priority_fifo_and_rekey_preserve_admission_sequence ... ok
Native owner (macos-15)	Q5.1 deterministic queues and bounded SimPy reference	2026-10-05T02:06:07.0575150Z test timeout_evidence_survives_rejected_rekey_at_boundary ... ok
Native owner (macos-15)	Q5.1 deterministic queues and bounded SimPy reference	2026-10-05T02:06:07.0575600Z test unrelated_resource_command_cannot_steal_timeout_causality ... ok
Native owner (macos-15)	Q5.1 deterministic queues and bounded SimPy reference	2026-10-05T02:06:07.0576440Z 
Native owner (macos-15)	Q5.1 deterministic queues and bounded SimPy reference	2026-10-05T02:06:07.0576690Z test result: ok. 8 passed; 0 failed; 0 ignored; 0 measured; 0 filtered out; finished in 0.00s
Native owner (macos-15)	Q5.1 deterministic queues and bounded SimPy reference	2026-10-05T02:06:07.0577060Z 
Native owner (macos-15)	Q5.1 deterministic queues and bounded SimPy reference	2026-10-05T02:06:07.0577410Z      Running tests/flow_registration_phase_v1.rs (target/release/deps/flow_registration_phase_v1-a80502c7d39f3270)
Native owner (macos-15)	Q5.1 deterministic queues and bounded SimPy reference	2026-10-05T02:06:07.0598140Z 
Native owner (macos-15)	Q5.1 deterministic queues and bounded SimPy reference	2026-10-05T02:06:07.0599790Z running 5 tests
Native owner (macos-15)	Q5.1 deterministic queues and bounded SimPy reference	2026-10-05T02:06:07.0601120Z test existing_domain_registration_semantics_remain_available ... ok
Native owner (macos-15)	Q5.1 deterministic queues and bounded SimPy reference	2026-10-05T02:06:07.0601580Z test actors_and_resources_do_not_close_registration_phase ... ok
Native owner (macos-15)	Q5.1 deterministic queues and bounded SimPy reference	2026-10-05T02:06:07.0601960Z test cleanup_does_not_reopen_registration_phase ... ok
Native owner (macos-15)	Q5.1 deterministic queues and bounded SimPy reference	2026-10-05T02:06:07.0602370Z test failed_creation_does_not_close_registration_phase ... ok
Native owner (macos-15)	Q5.1 deterministic queues and bounded SimPy reference	2026-10-05T02:06:07.0602770Z test successful_task_closes_global_registration_phase ... ok
Native owner (macos-15)	Q5.1 deterministic queues and bounded SimPy reference	2026-10-05T02:06:07.0602980Z 
Native owner (macos-15)	Q5.1 deterministic queues and bounded SimPy reference	2026-10-05T02:06:07.0603180Z test result: ok. 5 passed; 0 failed; 0 ignored; 0 measured; 0 filtered out; finished in 0.00s
Native owner (macos-15)	Q5.1 deterministic queues and bounded SimPy reference	2026-10-05T02:06:07.0603460Z 
Native owner (macos-15)	Q5.1 deterministic queues and bounded SimPy reference	2026-10-05T02:06:07.0603760Z      Running tests/flow_same_tick_budget_v1.rs (target/release/deps/flow_same_tick_budget_v1-ddf4f69392df71b0)
Native owner (macos-15)	Q5.1 deterministic queues and bounded SimPy reference	2026-10-05T02:06:07.0626330Z 
Native owner (macos-15)	Q5.1 deterministic queues and bounded SimPy reference	2026-10-05T02:06:07.0629770Z running 9 tests
Native owner (macos-15)	Q5.1 deterministic queues and bounded SimPy reference	2026-10-05T02:06:07.0630080Z test defaults_and_constructor_only_override ... ok
Native owner (macos-15)	Q5.1 deterministic queues and bounded SimPy reference	2026-10-05T02:06:07.0630960Z test delivered_cancel_notification_counts_once_after_terminal_commit ... ok
Native owner (macos-15)	Q5.1 deterministic queues and bounded SimPy reference	2026-10-05T02:06:07.0631430Z test blocked_notification_preserves_context_and_pending_token ... ok
Native owner (macos-15)	Q5.1 deterministic queues and bounded SimPy reference	2026-10-05T02:06:07.0631820Z test first_admission_overflow_retains_head_and_permanently_halts ... ok
Native owner (macos-15)	Q5.1 deterministic queues and bounded SimPy reference	2026-10-05T02:06:07.0632260Z test exact_limit_and_normal_later_tick_reset_respect_max_events ... ok
Native owner (macos-15)	Q5.1 deterministic queues and bounded SimPy reference	2026-10-05T02:06:07.0632700Z test due_boundary_and_rejected_cancel_eight_independent_ordering_cases ... ok
Native owner (macos-15)	Q5.1 deterministic queues and bounded SimPy reference	2026-10-05T02:06:07.0633620Z test predicted_obsolete_completion_has_zero_cost_and_natural_tick_reset ... ok
Native owner (macos-15)	Q5.1 deterministic queues and bounded SimPy reference	2026-10-05T02:06:07.0634100Z test release_and_replacement_are_one_atomic_budget_plan ... ok
Native owner (macos-15)	Q5.1 deterministic queues and bounded SimPy reference	2026-10-05T02:06:07.0634480Z test timed_admission_uses_effective_dispatch_timestamp ... ok
Native owner (macos-15)	Q5.1 deterministic queues and bounded SimPy reference	2026-10-05T02:06:07.0634740Z 
Native owner (macos-15)	Q5.1 deterministic queues and bounded SimPy reference	2026-10-05T02:06:07.0634980Z test result: ok. 9 passed; 0 failed; 0 ignored; 0 measured; 0 filtered out; finished in 0.00s
Native owner (macos-15)	Q5.1 deterministic queues and bounded SimPy reference	2026-10-05T02:06:07.0635300Z 
Native owner (macos-15)	Q5.1 deterministic queues and bounded SimPy reference	2026-10-05T02:06:07.0635610Z      Running tests/flow_shared_domain_v1.rs (target/release/deps/flow_shared_domain_v1-9668b8e55e235a28)
Native owner (macos-15)	Q5.1 deterministic queues and bounded SimPy reference	2026-10-05T02:06:07.0654590Z 
Native owner (macos-15)	Q5.1 deterministic queues and bounded SimPy reference	2026-10-05T02:06:07.0654730Z running 7 tests
Native owner (macos-15)	Q5.1 deterministic queues and bounded SimPy reference	2026-10-05T02:06:07.0658080Z test carrier_creation_registration_type_and_actor_failures_leave_no_association ... ok
Native owner (macos-15)	Q5.1 deterministic queues and bounded SimPy reference	2026-10-05T02:06:07.0658600Z test callback_actor_despawn_is_buffered_and_cleans_task_carrier_and_stale_update ... ok
Native owner (macos-15)	Q5.1 deterministic queues and bounded SimPy reference	2026-10-05T02:06:07.0659090Z test carrier_role_rejects_manual_and_timed_acquire_without_association ... ok
Native owner (macos-15)	Q5.1 deterministic queues and bounded SimPy reference	2026-10-05T02:06:07.0659540Z test duplicate_pending_despawn_is_explicit_while_actor_still_live ... ok
Native owner (macos-15)	Q5.1 deterministic queues and bounded SimPy reference	2026-10-05T02:06:07.0659960Z test explicitly_registered_carrier_is_unique_per_actor_and_kind_bound ... ok
Native owner (macos-15)	Q5.1 deterministic queues and bounded SimPy reference	2026-10-05T02:06:07.0660430Z test same_batch_duplicate_despawn_rejects_atomically_at_second_ticket_but_context_changes_once ... ok
Native owner (macos-15)	Q5.1 deterministic queues and bounded SimPy reference	2026-10-05T02:06:07.0660960Z test same_tick_update_and_despawn_priority_controls_live_delivery_without_competing_time ... ok
Native owner (macos-15)	Q5.1 deterministic queues and bounded SimPy reference	2026-10-05T02:06:07.0661270Z 
Native owner (macos-15)	Q5.1 deterministic queues and bounded SimPy reference	2026-10-05T02:06:07.0661500Z test result: ok. 7 passed; 0 failed; 0 ignored; 0 measured; 0 filtered out; finished in 0.00s
Native owner (macos-15)	Q5.1 deterministic queues and bounded SimPy reference	2026-10-05T02:06:07.0661870Z 
Native owner (macos-15)	Q5.1 deterministic queues and bounded SimPy reference	2026-10-05T02:06:07.0662160Z      Running tests/flow_staff_bed_cleaning_v1.rs (target/release/deps/flow_staff_bed_cleaning_v1-072e277e76c02fed)
Native owner (macos-15)	Q5.1 deterministic queues and bounded SimPy reference	2026-10-05T02:06:07.0683710Z 
Native owner (macos-15)	Q5.1 deterministic queues and bounded SimPy reference	2026-10-05T02:06:07.0684750Z running 6 tests
Native owner (macos-15)	Q5.1 deterministic queues and bounded SimPy reference	2026-10-05T02:06:07.0685150Z test named_staff_context_and_terminal_values_remain_typed ... ok
Native owner (macos-15)	Q5.1 deterministic queues and bounded SimPy reference	2026-10-05T02:06:07.0685610Z test continuous_and_paused_modes_match_raw_lifecycle_records ... ok
Native owner (macos-15)	Q5.1 deterministic queues and bounded SimPy reference	2026-10-05T02:06:07.0686030Z test bed_capacity_context_terminal_state_and_paused_raw_parity_are_preserved ... ok
Native owner (macos-15)	Q5.1 deterministic queues and bounded SimPy reference	2026-10-05T02:06:07.0686450Z test named_staff_lifecycle_keeps_exact_urgent_suspend_timeline ... ok
Native owner (macos-15)	Q5.1 deterministic queues and bounded SimPy reference	2026-10-05T02:06:07.0686810Z test staff_boundaries_preserve_capacity_and_finish_drained ... ok
Native owner (macos-15)	Q5.1 deterministic queues and bounded SimPy reference	2026-10-05T02:06:07.0687180Z test staged_bed_cleaning_keeps_patient_a_lease_until_ordered_release ... ok
Native owner (macos-15)	Q5.1 deterministic queues and bounded SimPy reference	2026-10-05T02:06:07.0687420Z 
Native owner (macos-15)	Q5.1 deterministic queues and bounded SimPy reference	2026-10-05T02:06:07.0687620Z test result: ok. 6 passed; 0 failed; 0 ignored; 0 measured; 0 filtered out; finished in 0.00s
Native owner (macos-15)	Q5.1 deterministic queues and bounded SimPy reference	2026-10-05T02:06:07.0687910Z 
Native owner (macos-15)	Q5.1 deterministic queues and bounded SimPy reference	2026-10-05T02:06:07.0688140Z      Running tests/flow_work_v1.rs (target/release/deps/flow_work_v1-952b010c048e72c5)
Native owner (macos-15)	Q5.1 deterministic queues and bounded SimPy reference	2026-10-05T02:06:07.0707550Z 
Native owner (macos-15)	Q5.1 deterministic queues and bounded SimPy reference	2026-10-05T02:06:07.0708340Z running 4 tests
Native owner (macos-15)	Q5.1 deterministic queues and bounded SimPy reference	2026-10-05T02:06:07.0709920Z test actor_cleanup_drops_context_and_recycled_work_id_is_stale ... ok
Native owner (macos-15)	Q5.1 deterministic queues and bounded SimPy reference	2026-10-05T02:06:07.0710310Z test work_association_is_checked_and_not_implicitly_reused ... ok
Native owner (macos-15)	Q5.1 deterministic queues and bounded SimPy reference	2026-10-05T02:06:07.0710740Z test manual_allocation_inspection_preserves_owner_work_and_grant_time ... ok
Native owner (macos-15)	Q5.1 deterministic queues and bounded SimPy reference	2026-10-05T02:06:07.0711130Z test work_owns_typed_context_and_rejects_wrong_types ... ok
Native owner (macos-15)	Q5.1 deterministic queues and bounded SimPy reference	2026-10-05T02:06:07.0711320Z 
Native owner (macos-15)	Q5.1 deterministic queues and bounded SimPy reference	2026-10-05T02:06:07.0711520Z test result: ok. 4 passed; 0 failed; 0 ignored; 0 measured; 0 filtered out; finished in 0.00s
Native owner (macos-15)	Q5.1 deterministic queues and bounded SimPy reference	2026-10-05T02:06:07.0711800Z 
Native owner (macos-15)	Q5.1 deterministic queues and bounded SimPy reference	2026-10-05T02:06:07.0712050Z      Running tests/flow_world_view_v1.rs (target/release/deps/flow_world_view_v1-e9d35f94f4d9ef46)
Native owner (macos-15)	Q5.1 deterministic queues and bounded SimPy reference	2026-10-05T02:06:07.0734690Z 
Native owner (macos-15)	Q5.1 deterministic queues and bounded SimPy reference	2026-10-05T02:06:07.0737120Z running 6 tests
Native owner (macos-15)	Q5.1 deterministic queues and bounded SimPy reference	2026-10-05T02:06:07.0738080Z test real_view_callback_preserves_atomic_batch_rejection_and_nonrollback_context ... ok
Native owner (macos-15)	Q5.1 deterministic queues and bounded SimPy reference	2026-10-05T02:06:07.0738630Z test legacy_view_descriptor_duplicates_both_orders_and_compatible_kind_coexistence ... ok
Native owner (macos-15)	Q5.1 deterministic queues and bounded SimPy reference	2026-10-05T02:06:07.0739200Z test real_world_time_hrtb_and_deferred_command_delivery ... ok
Native owner (macos-15)	Q5.1 deterministic queues and bounded SimPy reference	2026-10-05T02:06:07.0739640Z test removed_work_view_event_is_consumed_stale_without_callback ... ok
Native owner (macos-15)	Q5.1 deterministic queues and bounded SimPy reference	2026-10-05T02:06:07.0740080Z test reserved_kinds_and_public_wrong_context_reject_without_scheduling ... ok
Native owner (macos-15)	Q5.1 deterministic queues and bounded SimPy reference	2026-10-05T02:06:07.0740610Z test view_registration_after_same_key_work_preserves_existing_gate ... ok
Native owner (macos-15)	Q5.1 deterministic queues and bounded SimPy reference	2026-10-05T02:06:07.0740910Z 
Native owner (macos-15)	Q5.1 deterministic queues and bounded SimPy reference	2026-10-05T02:06:07.0741160Z test result: ok. 6 passed; 0 failed; 0 ignored; 0 measured; 0 filtered out; finished in 0.00s
Native owner (macos-15)	Q5.1 deterministic queues and bounded SimPy reference	2026-10-05T02:06:07.0741690Z 
Native owner (macos-15)	Q5.1 deterministic queues and bounded SimPy reference	2026-10-05T02:06:07.0742090Z      Running tests/q53_legacy_public_surface_v1.rs (target/release/deps/q53_legacy_public_surface_v1-5cfcfe97a38e5273)
Native owner (macos-15)	Q5.1 deterministic queues and bounded SimPy reference	2026-10-05T02:06:07.0762760Z 
Native owner (macos-15)	Q5.1 deterministic queues and bounded SimPy reference	2026-10-05T02:06:07.0763250Z running 3 tests
Native owner (macos-15)	Q5.1 deterministic queues and bounded SimPy reference	2026-10-05T02:06:07.0770790Z test legacy_resource_capacity_two_fifo_release_conserves_capacity ... ok
Native owner (macos-15)	Q5.1 deterministic queues and bounded SimPy reference	2026-10-05T02:06:07.0771190Z test legacy_context_public_fields_and_methods_remain_usable ... ok
Native owner (macos-15)	Q5.1 deterministic queues and bounded SimPy reference	2026-10-05T02:06:07.0771670Z test legacy_trajectory_accessors_preserve_dispatch_order_and_event_limit ... ok
Native owner (macos-15)	Q5.1 deterministic queues and bounded SimPy reference	2026-10-05T02:06:07.0772560Z 
Native owner (macos-15)	Q5.1 deterministic queues and bounded SimPy reference	2026-10-05T02:06:07.0772870Z test result: ok. 3 passed; 0 failed; 0 ignored; 0 measured; 0 filtered out; finished in 0.00s
Native owner (macos-15)	Q5.1 deterministic queues and bounded SimPy reference	2026-10-05T02:06:07.0773200Z 
Native owner (macos-15)	Q5.1 deterministic queues and bounded SimPy reference	2026-10-05T02:06:07.0773380Z    Doc-tests kairo_ecs_des
Native owner (macos-15)	Q5.1 deterministic queues and bounded SimPy reference	2026-10-05T02:06:07.1609570Z 
Native owner (macos-15)	Q5.1 deterministic queues and bounded SimPy reference	2026-10-05T02:06:07.1609850Z running 0 tests
Native owner (macos-15)	Q5.1 deterministic queues and bounded SimPy reference	2026-10-05T02:06:07.1610040Z 
Native owner (macos-15)	Q5.1 deterministic queues and bounded SimPy reference	2026-10-05T02:06:07.1611960Z test result: ok. 0 passed; 0 failed; 0 ignored; 0 measured; 0 filtered out; finished in 0.00s
Native owner (macos-15)	Q5.1 deterministic queues and bounded SimPy reference	2026-10-05T02:06:07.1612290Z 
Native owner (macos-15)	Q5.1 deterministic queues and bounded SimPy reference	2026-10-05T02:06:07.3192110Z test_altered_event_fails (queue_simpy_v1_test.ComparatorValidationTests.test_altered_event_fails) ... ok
Native owner (macos-15)	Q5.1 deterministic queues and bounded SimPy reference	2026-10-05T02:06:07.3192940Z test_bool_is_not_fixture_integer_version (queue_simpy_v1_test.ComparatorValidationTests.test_bool_is_not_fixture_integer_version) ... ok
Native owner (macos-15)	Q5.1 deterministic queues and bounded SimPy reference	2026-10-05T02:06:07.3193890Z test_duplicate_event_fails (queue_simpy_v1_test.ComparatorValidationTests.test_duplicate_event_fails) ... ok
Native owner (macos-15)	Q5.1 deterministic queues and bounded SimPy reference	2026-10-05T02:06:07.3195270Z test_hand_derived_rows_match (queue_simpy_v1_test.ComparatorValidationTests.test_hand_derived_rows_match) ... ok
Native owner (macos-15)	Q5.1 deterministic queues and bounded SimPy reference	2026-10-05T02:06:07.3196170Z test_missing_event_fails (queue_simpy_v1_test.ComparatorValidationTests.test_missing_event_fails) ... ok
Native owner (macos-15)	Q5.1 deterministic queues and bounded SimPy reference	2026-10-05T02:06:07.3197370Z test_unknown_case_or_operation_fails (queue_simpy_v1_test.ComparatorValidationTests.test_unknown_case_or_operation_fails) ... ok
Native owner (macos-15)	Q5.1 deterministic queues and bounded SimPy reference	2026-10-05T02:06:07.3198370Z test_wrong_kairos_version_fails (queue_simpy_v1_test.ComparatorValidationTests.test_wrong_kairos_version_fails) ... ok
Native owner (macos-15)	Q5.1 deterministic queues and bounded SimPy reference	2026-10-05T02:06:07.3199430Z test_wrong_simpy_version_fails (queue_simpy_v1_test.ComparatorValidationTests.test_wrong_simpy_version_fails) ... ok
Native owner (macos-15)	Q5.1 deterministic queues and bounded SimPy reference	2026-10-05T02:06:07.3199850Z 
Native owner (macos-15)	Q5.1 deterministic queues and bounded SimPy reference	2026-10-05T02:06:07.3200080Z ----------------------------------------------------------------------
Native owner (macos-15)	Q5.1 deterministic queues and bounded SimPy reference	2026-10-05T02:06:07.3200460Z Ran 8 tests in 0.001s
Native owner (macos-15)	Q5.1 deterministic queues and bounded SimPy reference	2026-10-05T02:06:07.3200610Z 
Native owner (macos-15)	Q5.1 deterministic queues and bounded SimPy reference	2026-10-05T02:06:07.3200720Z OK
Native owner (macos-15)	Q5.1 deterministic queues and bounded SimPy reference	2026-10-05T02:06:09.0754790Z Python 3.14.8
Native owner (macos-15)	Q5.1 deterministic queues and bounded SimPy reference	2026-10-05T02:06:09.8313360Z Collecting simpy==4.1.2 (from -r tests/conformance/queue_simpy_v1_requirements.txt (line 3))
Native owner (macos-15)	Q5.1 deterministic queues and bounded SimPy reference	2026-10-05T02:06:09.8591600Z   Downloading simpy-4.1.2-py3-none-any.whl (27 kB)
Native owner (macos-15)	Q5.1 deterministic queues and bounded SimPy reference	2026-10-05T02:06:09.8711510Z Installing collected packages: simpy
Native owner (macos-15)	Q5.1 deterministic queues and bounded SimPy reference	2026-10-05T02:06:09.8839390Z Successfully installed simpy-4.1.2
Native owner (macos-15)	Q5.1 deterministic queues and bounded SimPy reference	2026-10-05T02:06:10.3138200Z {"expected_events_sha256": "9574cd5f31ad7585a41bdede0aac74eacd907f32673e95a83082d662e2468016", "matched_hand_derived_rows": true, "output": ".artifacts/ci/q51/comparison.json"}
Native owner (macos-15)	Q5.2 supplementary queue benchmark checks	﻿2026-10-05T02:06:10.3492530Z ##[group]Run set -euo pipefail
Native owner (macos-15)	Q5.2 supplementary queue benchmark checks	2026-10-05T02:06:10.3492800Z ^[[36;1mset -euo pipefail^[[0m
Native owner (macos-15)	Q5.2 supplementary queue benchmark checks	2026-10-05T02:06:10.3492980Z ^[[36;1mlog_dir=".artifacts/ci/q52"^[[0m
Native owner (macos-15)	Q5.2 supplementary queue benchmark checks	2026-10-05T02:06:10.3493180Z ^[[36;1mmkdir -p "$log_dir"^[[0m
Native owner (macos-15)	Q5.2 supplementary queue benchmark checks	2026-10-05T02:06:10.3493420Z ^[[36;1mgit rev-parse HEAD | tee "$log_dir/source.log"^[[0m
Native owner (macos-15)	Q5.2 supplementary queue benchmark checks	2026-10-05T02:06:10.3493740Z ^[[36;1mrustup run 1.99.0 rustc -vV | tee -a "$log_dir/source.log"^[[0m
Native owner (macos-15)	Q5.2 supplementary queue benchmark checks	2026-10-05T02:06:10.3494220Z ^[[36;1mpython -m unittest discover -s benches/queue -p test_run_v1.py -v 2>&1 | tee "$log_dir/collector-tests.log"^[[0m
Native owner (macos-15)	Q5.2 supplementary queue benchmark checks	2026-10-05T02:06:10.3494940Z ^[[36;1mrustup run 1.99.0 cargo test --locked -p kairo-ecs-des --release benchmark_q52_measurements -- --ignored --nocapture 2>&1 | tee "$log_dir/kernel.log"^[[0m
Native owner (macos-15)	Q5.2 supplementary queue benchmark checks	2026-10-05T02:06:10.3496020Z ^[[36;1mpython benches/queue/run_v1.py --build --binary target/release/examples/flow_queue_benchmark_v1 --scenario churn --n 10 --resources 1 --capacity 1 --repeats 5 --timeout-seconds 30 --seed 42 --output-dir "$log_dir/runtime" 2>&1 | tee "$log_dir/runtime.log"^[[0m
Native owner (macos-15)	Q5.2 supplementary queue benchmark checks	2026-10-05T02:06:10.3497360Z ^[[36;1mpython -c 'import glob,json; paths=glob.glob(".artifacts/ci/q52/runtime/*/result.json"); assert len(paths)==1, paths; r=json.load(open(paths[0])); assert r["status"]=="complete" and r["bounded_measurement_provenance_qualified"], r["status"]'^[[0m
Native owner (macos-15)	Q5.2 supplementary queue benchmark checks	2026-10-05T02:06:10.3498420Z ^[[36;1m# This bounded smoke is correctness/provenance evidence; full local matrix^[[0m
Native owner (macos-15)	Q5.2 supplementary queue benchmark checks	2026-10-05T02:06:10.3498840Z ^[[36;1m# and canonical upstream regression comparisons remain separate gates.^[[0m
Native owner (macos-15)	Q5.2 supplementary queue benchmark checks	2026-10-05T02:06:10.3536290Z shell: /bin/bash -e {0}
Native owner (macos-15)	Q5.2 supplementary queue benchmark checks	2026-10-05T02:06:10.3536500Z env:
Native owner (macos-15)	Q5.2 supplementary queue benchmark checks	2026-10-05T02:06:10.3536730Z   pythonLocation: /Users/runner/hostedtoolcache/Python/3.14.8/arm64
Native owner (macos-15)	Q5.2 supplementary queue benchmark checks	2026-10-05T02:06:10.3537170Z   PKG_CONFIG_PATH: /Users/runner/hostedtoolcache/Python/3.14.8/arm64/lib/pkgconfig
Native owner (macos-15)	Q5.2 supplementary queue benchmark checks	2026-10-05T02:06:10.3537580Z   Python_ROOT_DIR: /Users/runner/hostedtoolcache/Python/3.14.8/arm64
Native owner (macos-15)	Q5.2 supplementary queue benchmark checks	2026-10-05T02:06:10.3537930Z   Python2_ROOT_DIR: /Users/runner/hostedtoolcache/Python/3.14.8/arm64
Native owner (macos-15)	Q5.2 supplementary queue benchmark checks	2026-10-05T02:06:10.3538280Z   Python3_ROOT_DIR: /Users/runner/hostedtoolcache/Python/3.14.8/arm64
Native owner (macos-15)	Q5.2 supplementary queue benchmark checks	2026-10-05T02:06:10.3538550Z ##[endgroup]
Native owner (macos-15)	Q5.2 supplementary queue benchmark checks	2026-10-05T02:06:10.3814280Z 6f9560c3092325e26d6bb8c156c842577caabd9c
Native owner (macos-15)	Q5.2 supplementary queue benchmark checks	2026-10-05T02:06:10.4052530Z rustc 1.99.0 (b940084d7 2026-09-28)
Native owner (macos-15)	Q5.2 supplementary queue benchmark checks	2026-10-05T02:06:10.4052960Z binary: rustc
Native owner (macos-15)	Q5.2 supplementary queue benchmark checks	2026-10-05T02:06:10.4053200Z commit-hash: b940084d7eb6a299eb4bfeb8e34901bc051e7ac4
Native owner (macos-15)	Q5.2 supplementary queue benchmark checks	2026-10-05T02:06:10.4053490Z commit-date: 2026-09-28
Native owner (macos-15)	Q5.2 supplementary queue benchmark checks	2026-10-05T02:06:10.4053730Z host: aarch64-apple-darwin
Native owner (macos-15)	Q5.2 supplementary queue benchmark checks	2026-10-05T02:06:10.4054340Z release: 1.99.0
Native owner (macos-15)	Q5.2 supplementary queue benchmark checks	2026-10-05T02:06:10.4056100Z LLVM version: 23.1.1
Native owner (macos-15)	Q5.2 supplementary queue benchmark checks	2026-10-05T02:06:10.5021430Z test_build_binary_path_must_match_reviewed_target_layout (test_run_v1.RuntimeCollectorTests.test_build_binary_path_must_match_reviewed_target_layout) ... ok
Native owner (macos-15)	Q5.2 supplementary queue benchmark checks	2026-10-05T02:06:10.5031730Z test_build_launch_failure_is_recorded_and_not_treated_as_a_binary (test_run_v1.RuntimeCollectorTests.test_build_launch_failure_is_recorded_and_not_treated_as_a_binary) ... ok
Native owner (macos-15)	Q5.2 supplementary queue benchmark checks	2026-10-05T02:06:10.5046970Z test_build_receipt_records_actual_argv_inputs_and_binary_hash (test_run_v1.RuntimeCollectorTests.test_build_receipt_records_actual_argv_inputs_and_binary_hash) ... ok
Native owner (macos-15)	Q5.2 supplementary queue benchmark checks	2026-10-05T02:06:10.5453720Z test_child_row_rejects_boolean_counts_nan_rates_and_inconsistent_totals (test_run_v1.RuntimeCollectorTests.test_child_row_rejects_boolean_counts_nan_rates_and_inconsistent_totals) ... ok
Native owner (macos-15)	Q5.2 supplementary queue benchmark checks	2026-10-05T02:06:10.5457210Z test_expected_counts_cover_each_scenario_and_interruption_work_lifecycle (test_run_v1.RuntimeCollectorTests.test_expected_counts_cover_each_scenario_and_interruption_work_lifecycle) ... ok
Native owner (macos-15)	Q5.2 supplementary queue benchmark checks	2026-10-05T02:06:10.5458330Z test_frozen_matrix_has_requested_runtime_dimensions (test_run_v1.RuntimeCollectorTests.test_frozen_matrix_has_requested_runtime_dimensions) ... ok
Native owner (macos-15)	Q5.2 supplementary queue benchmark checks	2026-10-05T02:06:10.5473680Z test_main_does_not_run_stale_binary_when_requested_build_fails (test_run_v1.RuntimeCollectorTests.test_main_does_not_run_stale_binary_when_requested_build_fails) ... ok
Native owner (macos-15)	Q5.2 supplementary queue benchmark checks	2026-10-05T02:06:10.5477490Z test_main_rejects_nan_timeout_before_launch (test_run_v1.RuntimeCollectorTests.test_main_rejects_nan_timeout_before_launch) ... ok
Native owner (macos-15)	Q5.2 supplementary queue benchmark checks	2026-10-05T02:06:10.5484740Z test_main_returns_nonzero_before_child_spawn_on_unsupported_platform (test_run_v1.RuntimeCollectorTests.test_main_returns_nonzero_before_child_spawn_on_unsupported_platform) ... ok
Native owner (macos-15)	Q5.2 supplementary queue benchmark checks	2026-10-05T02:06:11.2213970Z test_main_stops_repeats_for_timed_out_case_and_exits_nonzero (test_run_v1.RuntimeCollectorTests.test_main_stops_repeats_for_timed_out_case_and_exits_nonzero) ... ok
Native owner (macos-15)	Q5.2 supplementary queue benchmark checks	2026-10-05T02:06:11.4365640Z test_nonzero_or_invalid_child_output_is_failure (test_run_v1.RuntimeCollectorTests.test_nonzero_or_invalid_child_output_is_failure) ... ok
Native owner (macos-15)	Q5.2 supplementary queue benchmark checks	2026-10-05T02:06:11.4368870Z test_percentiles_use_nearest_rank_on_completed_samples (test_run_v1.RuntimeCollectorTests.test_percentiles_use_nearest_rank_on_completed_samples) ... ok
Native owner (macos-15)	Q5.2 supplementary queue benchmark checks	2026-10-05T02:06:11.5977670Z test_repeat_records_child_row_and_per_process_rss (test_run_v1.RuntimeCollectorTests.test_repeat_records_child_row_and_per_process_rss) ... ok
Native owner (macos-15)	Q5.2 supplementary queue benchmark checks	2026-10-05T02:06:11.6079580Z test_rss_units_are_normalized_by_host (test_run_v1.RuntimeCollectorTests.test_rss_units_are_normalized_by_host) ... ok
Native owner (macos-15)	Q5.2 supplementary queue benchmark checks	2026-10-05T02:06:11.6181370Z test_source_provenance_qualification_fails_closed_on_dirty_or_unverified_inputs (test_run_v1.RuntimeCollectorTests.test_source_provenance_qualification_fails_closed_on_dirty_or_unverified_inputs) ... ok
Native owner (macos-15)	Q5.2 supplementary queue benchmark checks	2026-10-05T02:06:11.6256940Z test_source_provenance_requires_complete_valid_runtime_and_build_hashes (test_run_v1.RuntimeCollectorTests.test_source_provenance_requires_complete_valid_runtime_and_build_hashes) ... ok
Native owner (macos-15)	Q5.2 supplementary queue benchmark checks	2026-10-05T02:06:12.1951880Z test_timeout_preserves_partial_output_and_is_not_a_pass (test_run_v1.RuntimeCollectorTests.test_timeout_preserves_partial_output_and_is_not_a_pass) ... ok
Native owner (macos-15)	Q5.2 supplementary queue benchmark checks	2026-10-05T02:06:12.1961930Z test_unsupported_rss_platform_is_explicitly_rejected (test_run_v1.RuntimeCollectorTests.test_unsupported_rss_platform_is_explicitly_rejected) ... ok
Native owner (macos-15)	Q5.2 supplementary queue benchmark checks	2026-10-05T02:06:12.1973650Z test_validator_accepts_expected_rows_for_every_frozen_case (test_run_v1.RuntimeCollectorTests.test_validator_accepts_expected_rows_for_every_frozen_case) ... ok
Native owner (macos-15)	Q5.2 supplementary queue benchmark checks	2026-10-05T02:06:12.1974560Z 
Native owner (macos-15)	Q5.2 supplementary queue benchmark checks	2026-10-05T02:06:12.1974830Z ----------------------------------------------------------------------
Native owner (macos-15)	Q5.2 supplementary queue benchmark checks	2026-10-05T02:06:12.1975310Z Ran 19 tests in 1.695s
Native owner (macos-15)	Q5.2 supplementary queue benchmark checks	2026-10-05T02:06:12.1975770Z 
Native owner (macos-15)	Q5.2 supplementary queue benchmark checks	2026-10-05T02:06:12.1976000Z OK
Native owner (macos-15)	Q5.2 supplementary queue benchmark checks	2026-10-05T02:06:12.2535910Z     Finished `release` profile [optimized] target(s) in 0.03s
Native owner (macos-15)	Q5.2 supplementary queue benchmark checks	2026-10-05T02:06:12.2555430Z      Running unittests src/lib.rs (target/release/deps/kairo_ecs_des-767104a1f4cc45d0)
Native owner (macos-15)	Q5.2 supplementary queue benchmark checks	2026-10-05T02:06:12.2576680Z 
Native owner (macos-15)	Q5.2 supplementary queue benchmark checks	2026-10-05T02:06:12.2576790Z running 1 test
Native owner (macos-15)	Q5.2 supplementary queue benchmark checks	2026-10-05T02:06:12.2579600Z Q52_META {"schema_version":1,"benchmark":"supplementary_queue_kernel","seed":20261004,"priority_generator":"splitmix64(seed + index * golden_ratio_constant) mod 101 minus 50","repeats":5,"queue_operation_mix":"one rekey plus one cancel per initial waiter; 50 percent rekey, 50 percent cancel requests","queue_sizes_are_waiters":true,"single_operation_removal_rows_are_exploratory":true,"batched_actual_cycles_per_repeat":50000,"batched_historical_cycles_n_100000":100,"ordered_selector_rows":true,"ordered_selector_modes":["matched","equal_priority_no_match","ineligible_holders","all_nonpreempting_waiters"],"ordered_selector_initial_calls":"clamp(1000000 / max(1,H+yielded_waiters),1,1000000)","ordered_selector_max_calibration_attempts":5,"ordered_selector_min_batch_ns":1000000,"ordered_selector_sorted_waiter_fixture_excluded":true,"setup_excluded":true,"canonical_thresholds_unchanged":true}
Native owner (macos-15)	Q5.2 supplementary queue benchmark checks	2026-10-05T02:06:12.2583020Z Q52_ROW {"scenario":"legacy_resource_fifo","n":10,"capacity":1,"comparison_class":"matched_fifo_primitive_only","repeat":1,"batches":1000,"elapsed_ns":59792,"ops":20000,"ns_per_op":2.9896,"ops_per_second":334492908.7503,"timed_operations":"request_waiter_and_release_waiter","comparisons":null,"setup_excluded":true,"fifo_order_checked_in_correctness_test":true,"final_queue_len":0}
Native owner (macos-15)	Q5.2 supplementary queue benchmark checks	2026-10-05T02:06:12.2584730Z Q52_ROW {"scenario":"priority_fifo","n":10,"priority_shape":"tied","legacy_fifo_comparable":true,"repeat":1,"batches":1000,"elapsed_ns":209375,"ops":20000,"ns_per_op":10.4688,"ops_per_second":95522388.0597,"timed_operations":"insert_and_remove_min","comparisons":null,"setup_excluded":true,"final_queue_len":0}
Native owner (macos-15)	Q5.2 supplementary queue benchmark checks	2026-10-05T02:06:12.2586480Z Q52_ROW {"scenario":"priority_fifo","n":10,"priority_shape":"mixed","legacy_fifo_comparable":false,"repeat":1,"batches":1000,"elapsed_ns":206042,"ops":20000,"ns_per_op":10.3021,"ops_per_second":97067588.1616,"timed_operations":"insert_and_remove_min","comparisons":null,"setup_excluded":true,"final_queue_len":0}
Native owner (macos-15)	Q5.2 supplementary queue benchmark checks	2026-10-05T02:06:12.2588560Z Q52_ROW {"scenario":"claim_queue_direct_tree_rekey_cancel_50_50","n":10,"priority_shape":"tied","repeat":1,"queue_occupancy_initial":10,"queue_occupancy_final":0,"queue_occupancy_mean_at_mutation_start":5.1667,"rekeys":10,"cancels":10,"tree_mutations":30,"elapsed_ns":1708,"ops":20,"ns_per_request":85.4000,"requests_per_second":11709601.8735,"ns_per_tree_mutation":56.9333,"mutations_per_second":17564402.8103,"timed_operations":"remove_insert_rekey_then_cancel","comparisons":null,"setup_excluded":true,"final_queue_len":0}
Native owner (macos-15)	Q5.2 supplementary queue benchmark checks	2026-10-05T02:06:12.2591180Z Q52_ROW {"scenario":"claim_queue_direct_tree_rekey_cancel_50_50","n":10,"priority_shape":"mixed","repeat":1,"queue_occupancy_initial":10,"queue_occupancy_final":0,"queue_occupancy_mean_at_mutation_start":5.1667,"rekeys":10,"cancels":10,"tree_mutations":30,"elapsed_ns":917,"ops":20,"ns_per_request":45.8500,"requests_per_second":21810250.8179,"ns_per_tree_mutation":30.5667,"mutations_per_second":32715376.2268,"timed_operations":"remove_insert_rekey_then_cancel","comparisons":null,"setup_excluded":true,"final_queue_len":0}
Native owner (macos-15)	Q5.2 supplementary queue benchmark checks	2026-10-05T02:06:12.2594590Z Q52_ROW {"scenario":"legacy_algorithm_baseline_bcb11cd_retain_rekey_cancel_50_50","algorithm_source_commit":"bcb11cd61bc38b4813815f574a6a051f3b9e8faf","n":10,"priority_shape":"tied","repeat":1,"occupancy_before_each_op":10,"commands_requested":10,"commands_completed":10,"reprioritize_commands":5,"cancel_commands":5,"derived_expected_retain_predicate_visits":100,"elapsed_ns_sum":2167,"ops":10,"ns_per_command_mean":216.7000,"ns_per_command_p50":125,"ns_per_command_p95":1334,"sample_elapsed_ns":[42,42,83,83,83,125,125,125,125,1334],"commands_per_second_mean":4614674.6654,"timed_operations":"historical_retain_predicate_plus_reprioritize_insert_or_cancel","setup_clone_excluded":true,"exploratory_timer_overhead_unadjusted":true,"contract_timing_evidence":false,"status":"complete"}
Native owner (macos-15)	Q5.2 supplementary queue benchmark checks	2026-10-05T02:06:12.2598630Z Q52_ROW {"scenario":"legacy_algorithm_baseline_bcb11cd_retain_rekey_cancel_50_50","algorithm_source_commit":"bcb11cd61bc38b4813815f574a6a051f3b9e8faf","n":10,"priority_shape":"mixed","repeat":1,"occupancy_before_each_op":10,"commands_requested":10,"commands_completed":10,"reprioritize_commands":5,"cancel_commands":5,"derived_expected_retain_predicate_visits":100,"elapsed_ns_sum":874,"ops":10,"ns_per_command_mean":87.4000,"ns_per_command_p50":84,"ns_per_command_p95":125,"sample_elapsed_ns":[41,41,42,83,83,84,125,125,125,125],"commands_per_second_mean":11441647.5973,"timed_operations":"historical_retain_predicate_plus_reprioritize_insert_or_cancel","setup_clone_excluded":true,"exploratory_timer_overhead_unadjusted":true,"contract_timing_evidence":false,"status":"complete"}
Native owner (macos-15)	Q5.2 supplementary queue benchmark checks	2026-10-05T02:06:12.2602400Z Q52_ROW {"scenario":"actual_remove_waiting_request_rekey_cancel_50_50","n":10,"priority_shape":"tied","repeat":1,"occupancy_before_each_op":10,"commands_requested":10,"commands_completed":10,"reprioritize_commands":5,"cancel_commands":5,"removed_keys":10,"reinserted_keys":5,"elapsed_ns_sum":626,"ops":10,"ns_per_command_mean":62.6000,"ns_per_command_p50":42,"ns_per_command_p95":125,"sample_elapsed_ns":[41,41,42,42,42,42,83,84,84,125],"commands_per_second_mean":15974440.8946,"timed_operations":"current_private_remove_waiting_request_plus_exact_rekey_insert_or_cancel_state","admission_sequence_preserved":true,"setup_clone_excluded":true,"exploratory_timer_overhead_unadjusted":true,"contract_timing_evidence":false,"status":"complete"}
Native owner (macos-15)	Q5.2 supplementary queue benchmark checks	2026-10-05T02:06:12.2606030Z Q52_ROW {"scenario":"actual_remove_waiting_request_rekey_cancel_50_50","n":10,"priority_shape":"mixed","repeat":1,"occupancy_before_each_op":10,"commands_requested":10,"commands_completed":10,"reprioritize_commands":5,"cancel_commands":5,"removed_keys":10,"reinserted_keys":5,"elapsed_ns_sum":667,"ops":10,"ns_per_command_mean":66.7000,"ns_per_command_p50":83,"ns_per_command_p95":125,"sample_elapsed_ns":[41,42,42,42,42,83,83,83,84,125],"commands_per_second_mean":14992503.7481,"timed_operations":"current_private_remove_waiting_request_plus_exact_rekey_insert_or_cancel_state","admission_sequence_preserved":true,"setup_clone_excluded":true,"exploratory_timer_overhead_unadjusted":true,"contract_timing_evidence":false,"status":"complete"}
Native owner (macos-15)	Q5.2 supplementary queue benchmark checks	2026-10-05T02:06:12.2615470Z Q52_ROW {"scenario":"actual_helper_batched_reversible_rekey","algorithm_source_commit":"05b7822f0c69b9d36549130e228c01689b908a13","n":10,"priority_shape":"tied","repeat":1,"cycles":50000,"operations":50000,"primitive_queue_mutations":200000,"queue_mutations_per_cycle":4,"restoration_insert_count":50000,"elapsed_ns":3042666,"ns_per_primitive_op":15.2133,"derived_expected_helper_removals":100000,"occupancy_at_cycle_boundaries":10,"final_queue_matches_initial":true,"setup_and_verification_excluded":true,"timed_operations":"two_current_remove_waiting_request_calls_with_success_checks_plus_rekey_insert_and_restore_insert; reversible helper cycle, not a Cancel or Reprioritize command","end_to_end_speedup_claim":false,"status":"complete"}
Native owner (macos-15)	Q5.2 supplementary queue benchmark checks	2026-10-05T02:06:12.2640470Z Q52_ROW {"scenario":"actual_helper_batched_reversible_rekey","algorithm_source_commit":"05b7822f0c69b9d36549130e228c01689b908a13","n":10,"priority_shape":"mixed","repeat":1,"cycles":50000,"operations":50000,"primitive_queue_mutations":200000,"queue_mutations_per_cycle":4,"restoration_insert_count":50000,"elapsed_ns":2478625,"ns_per_primitive_op":12.3931,"derived_expected_helper_removals":100000,"occupancy_at_cycle_boundaries":10,"final_queue_matches_initial":true,"setup_and_verification_excluded":true,"timed_operations":"two_current_remove_waiting_request_calls_with_success_checks_plus_rekey_insert_and_restore_insert; reversible helper cycle, not a Cancel or Reprioritize command","end_to_end_speedup_claim":false,"status":"complete"}
Native owner (macos-15)	Q5.2 supplementary queue benchmark checks	2026-10-05T02:06:12.2680250Z Q52_ROW {"scenario":"historical_retain_batched_reversible_rekey","algorithm_source_commit":"bcb11cd61bc38b4813815f574a6a051f3b9e8faf","n":10,"priority_shape":"tied","repeat":1,"cycles":50000,"operations":50000,"primitive_queue_mutations":200000,"queue_mutations_per_cycle":4,"restoration_insert_count":50000,"elapsed_ns":3923125,"ns_per_primitive_op":19.6156,"historical_retain_predicate_visits_exact":1000000,"historical_retain_predicate_visit_bound":"2*n*cycles","occupancy_at_cycle_boundaries":10,"final_queue_matches_initial":true,"setup_and_verification_excluded":true,"timed_operations":"two historical retain passes plus rekey insert and restore insert; reversible helper cycle, not a Cancel or Reprioritize command","end_to_end_speedup_claim":false,"status":"complete"}
Native owner (macos-15)	Q5.2 supplementary queue benchmark checks	2026-10-05T02:06:12.2715450Z Q52_ROW {"scenario":"historical_retain_batched_reversible_rekey","algorithm_source_commit":"bcb11cd61bc38b4813815f574a6a051f3b9e8faf","n":10,"priority_shape":"mixed","repeat":1,"cycles":50000,"operations":50000,"primitive_queue_mutations":200000,"queue_mutations_per_cycle":4,"restoration_insert_count":50000,"elapsed_ns":3496500,"ns_per_primitive_op":17.4825,"historical_retain_predicate_visits_exact":1000000,"historical_retain_predicate_visit_bound":"2*n*cycles","occupancy_at_cycle_boundaries":10,"final_queue_matches_initial":true,"setup_and_verification_excluded":true,"timed_operations":"two historical retain passes plus rekey insert and restore insert; reversible helper cycle, not a Cancel or Reprioritize command","end_to_end_speedup_claim":false,"status":"complete"}
Native owner (macos-15)	Q5.2 supplementary queue benchmark checks	2026-10-05T02:06:12.2718750Z Q52_ROW {"scenario":"legacy_resource_fifo","n":10,"capacity":1,"comparison_class":"matched_fifo_primitive_only","repeat":2,"batches":1000,"elapsed_ns":58333,"ops":20000,"ns_per_op":2.9167,"ops_per_second":342859102.0520,"timed_operations":"request_waiter_and_release_waiter","comparisons":null,"setup_excluded":true,"fifo_order_checked_in_correctness_test":true,"final_queue_len":0}
Native owner (macos-15)	Q5.2 supplementary queue benchmark checks	2026-10-05T02:06:12.2720690Z Q52_ROW {"scenario":"priority_fifo","n":10,"priority_shape":"tied","legacy_fifo_comparable":true,"repeat":2,"batches":1000,"elapsed_ns":204833,"ops":20000,"ns_per_op":10.2416,"ops_per_second":97640516.9089,"timed_operations":"insert_and_remove_min","comparisons":null,"setup_excluded":true,"final_queue_len":0}
Native owner (macos-15)	Q5.2 supplementary queue benchmark checks	2026-10-05T02:06:12.2722230Z Q52_ROW {"scenario":"priority_fifo","n":10,"priority_shape":"mixed","legacy_fifo_comparable":false,"repeat":2,"batches":1000,"elapsed_ns":211083,"ops":20000,"ns_per_op":10.5541,"ops_per_second":94749458.7437,"timed_operations":"insert_and_remove_min","comparisons":null,"setup_excluded":true,"final_queue_len":0}
Native owner (macos-15)	Q5.2 supplementary queue benchmark checks	2026-10-05T02:06:12.2724290Z Q52_ROW {"scenario":"claim_queue_direct_tree_rekey_cancel_50_50","n":10,"priority_shape":"tied","repeat":2,"queue_occupancy_initial":10,"queue_occupancy_final":0,"queue_occupancy_mean_at_mutation_start":5.1667,"rekeys":10,"cancels":10,"tree_mutations":30,"elapsed_ns":959,"ops":20,"ns_per_request":47.9500,"requests_per_second":20855057.3514,"ns_per_tree_mutation":31.9667,"mutations_per_second":31282586.0271,"timed_operations":"remove_insert_rekey_then_cancel","comparisons":null,"setup_excluded":true,"final_queue_len":0}
Native owner (macos-15)	Q5.2 supplementary queue benchmark checks	2026-10-05T02:06:12.2726930Z Q52_ROW {"scenario":"claim_queue_direct_tree_rekey_cancel_50_50","n":10,"priority_shape":"mixed","repeat":2,"queue_occupancy_initial":10,"queue_occupancy_final":0,"queue_occupancy_mean_at_mutation_start":5.1667,"rekeys":10,"cancels":10,"tree_mutations":30,"elapsed_ns":917,"ops":20,"ns_per_request":45.8500,"requests_per_second":21810250.8179,"ns_per_tree_mutation":30.5667,"mutations_per_second":32715376.2268,"timed_operations":"remove_insert_rekey_then_cancel","comparisons":null,"setup_excluded":true,"final_queue_len":0}
Native owner (macos-15)	Q5.2 supplementary queue benchmark checks	2026-10-05T02:06:12.2730240Z Q52_ROW {"scenario":"legacy_algorithm_baseline_bcb11cd_retain_rekey_cancel_50_50","algorithm_source_commit":"bcb11cd61bc38b4813815f574a6a051f3b9e8faf","n":10,"priority_shape":"tied","repeat":2,"occupancy_before_each_op":10,"commands_requested":10,"commands_completed":10,"reprioritize_commands":5,"cancel_commands":5,"derived_expected_retain_predicate_visits":100,"elapsed_ns_sum":959,"ops":10,"ns_per_command_mean":95.9000,"ns_per_command_p50":84,"ns_per_command_p95":208,"sample_elapsed_ns":[41,41,42,84,84,84,84,125,166,208],"commands_per_second_mean":10427528.6757,"timed_operations":"historical_retain_predicate_plus_reprioritize_insert_or_cancel","setup_clone_excluded":true,"exploratory_timer_overhead_unadjusted":true,"contract_timing_evidence":false,"status":"complete"}
Native owner (macos-15)	Q5.2 supplementary queue benchmark checks	2026-10-05T02:06:12.2734110Z Q52_ROW {"scenario":"legacy_algorithm_baseline_bcb11cd_retain_rekey_cancel_50_50","algorithm_source_commit":"bcb11cd61bc38b4813815f574a6a051f3b9e8faf","n":10,"priority_shape":"mixed","repeat":2,"occupancy_before_each_op":10,"commands_requested":10,"commands_completed":10,"reprioritize_commands":5,"cancel_commands":5,"derived_expected_retain_predicate_visits":100,"elapsed_ns_sum":1083,"ops":10,"ns_per_command_mean":108.3000,"ns_per_command_p50":84,"ns_per_command_p95":333,"sample_elapsed_ns":[41,42,42,83,83,84,125,125,125,333],"commands_per_second_mean":9233610.3416,"timed_operations":"historical_retain_predicate_plus_reprioritize_insert_or_cancel","setup_clone_excluded":true,"exploratory_timer_overhead_unadjusted":true,"contract_timing_evidence":false,"status":"complete"}
Native owner (macos-15)	Q5.2 supplementary queue benchmark checks	2026-10-05T02:06:12.2737760Z Q52_ROW {"scenario":"actual_remove_waiting_request_rekey_cancel_50_50","n":10,"priority_shape":"tied","repeat":2,"occupancy_before_each_op":10,"commands_requested":10,"commands_completed":10,"reprioritize_commands":5,"cancel_commands":5,"removed_keys":10,"reinserted_keys":5,"elapsed_ns_sum":709,"ops":10,"ns_per_command_mean":70.9000,"ns_per_command_p50":83,"ns_per_command_p95":125,"sample_elapsed_ns":[41,42,42,42,42,83,83,84,125,125],"commands_per_second_mean":14104372.3554,"timed_operations":"current_private_remove_waiting_request_plus_exact_rekey_insert_or_cancel_state","admission_sequence_preserved":true,"setup_clone_excluded":true,"exploratory_timer_overhead_unadjusted":true,"contract_timing_evidence":false,"status":"complete"}
Native owner (macos-15)	Q5.2 supplementary queue benchmark checks	2026-10-05T02:06:12.2741440Z Q52_ROW {"scenario":"actual_remove_waiting_request_rekey_cancel_50_50","n":10,"priority_shape":"mixed","repeat":2,"occupancy_before_each_op":10,"commands_requested":10,"commands_completed":10,"reprioritize_commands":5,"cancel_commands":5,"removed_keys":10,"reinserted_keys":5,"elapsed_ns_sum":748,"ops":10,"ns_per_command_mean":74.8000,"ns_per_command_p50":83,"ns_per_command_p95":125,"sample_elapsed_ns":[41,41,42,42,83,83,83,83,125,125],"commands_per_second_mean":13368983.9572,"timed_operations":"current_private_remove_waiting_request_plus_exact_rekey_insert_or_cancel_state","admission_sequence_preserved":true,"setup_clone_excluded":true,"exploratory_timer_overhead_unadjusted":true,"contract_timing_evidence":false,"status":"complete"}
Native owner (macos-15)	Q5.2 supplementary queue benchmark checks	2026-10-05T02:06:12.2750090Z Q52_ROW {"scenario":"actual_helper_batched_reversible_rekey","algorithm_source_commit":"05b7822f0c69b9d36549130e228c01689b908a13","n":10,"priority_shape":"tied","repeat":2,"cycles":50000,"operations":50000,"primitive_queue_mutations":200000,"queue_mutations_per_cycle":4,"restoration_insert_count":50000,"elapsed_ns":2971583,"ns_per_primitive_op":14.8579,"derived_expected_helper_removals":100000,"occupancy_at_cycle_boundaries":10,"final_queue_matches_initial":true,"setup_and_verification_excluded":true,"timed_operations":"two_current_remove_waiting_request_calls_with_success_checks_plus_rekey_insert_and_restore_insert; reversible helper cycle, not a Cancel or Reprioritize command","end_to_end_speedup_claim":false,"status":"complete"}
Native owner (macos-15)	Q5.2 supplementary queue benchmark checks	2026-10-05T02:06:12.2775010Z Q52_ROW {"scenario":"actual_helper_batched_reversible_rekey","algorithm_source_commit":"05b7822f0c69b9d36549130e228c01689b908a13","n":10,"priority_shape":"mixed","repeat":2,"cycles":50000,"operations":50000,"primitive_queue_mutations":200000,"queue_mutations_per_cycle":4,"restoration_insert_count":50000,"elapsed_ns":2457250,"ns_per_primitive_op":12.2863,"derived_expected_helper_removals":100000,"occupancy_at_cycle_boundaries":10,"final_queue_matches_initial":true,"setup_and_verification_excluded":true,"timed_operations":"two_current_remove_waiting_request_calls_with_success_checks_plus_rekey_insert_and_restore_insert; reversible helper cycle, not a Cancel or Reprioritize command","end_to_end_speedup_claim":false,"status":"complete"}
Native owner (macos-15)	Q5.2 supplementary queue benchmark checks	2026-10-05T02:06:12.2813350Z Q52_ROW {"scenario":"historical_retain_batched_reversible_rekey","algorithm_source_commit":"bcb11cd61bc38b4813815f574a6a051f3b9e8faf","n":10,"priority_shape":"tied","repeat":2,"cycles":50000,"operations":50000,"primitive_queue_mutations":200000,"queue_mutations_per_cycle":4,"restoration_insert_count":50000,"elapsed_ns":3807000,"ns_per_primitive_op":19.0350,"historical_retain_predicate_visits_exact":1000000,"historical_retain_predicate_visit_bound":"2*n*cycles","occupancy_at_cycle_boundaries":10,"final_queue_matches_initial":true,"setup_and_verification_excluded":true,"timed_operations":"two historical retain passes plus rekey insert and restore insert; reversible helper cycle, not a Cancel or Reprioritize command","end_to_end_speedup_claim":false,"status":"complete"}
Native owner (macos-15)	Q5.2 supplementary queue benchmark checks	2026-10-05T02:06:12.2847300Z Q52_ROW {"scenario":"historical_retain_batched_reversible_rekey","algorithm_source_commit":"bcb11cd61bc38b4813815f574a6a051f3b9e8faf","n":10,"priority_shape":"mixed","repeat":2,"cycles":50000,"operations":50000,"primitive_queue_mutations":200000,"queue_mutations_per_cycle":4,"restoration_insert_count":50000,"elapsed_ns":3402125,"ns_per_primitive_op":17.0106,"historical_retain_predicate_visits_exact":1000000,"historical_retain_predicate_visit_bound":"2*n*cycles","occupancy_at_cycle_boundaries":10,"final_queue_matches_initial":true,"setup_and_verification_excluded":true,"timed_operations":"two historical retain passes plus rekey insert and restore insert; reversible helper cycle, not a Cancel or Reprioritize command","end_to_end_speedup_claim":false,"status":"complete"}
Native owner (macos-15)	Q5.2 supplementary queue benchmark checks	2026-10-05T02:06:12.2850480Z Q52_ROW {"scenario":"legacy_resource_fifo","n":10,"capacity":1,"comparison_class":"matched_fifo_primitive_only","repeat":3,"batches":1000,"elapsed_ns":53041,"ops":20000,"ns_per_op":2.6521,"ops_per_second":377066797.3832,"timed_operations":"request_waiter_and_release_waiter","comparisons":null,"setup_excluded":true,"fifo_order_checked_in_correctness_test":true,"final_queue_len":0}
Native owner (macos-15)	Q5.2 supplementary queue benchmark checks	2026-10-05T02:06:12.2852210Z Q52_ROW {"scenario":"priority_fifo","n":10,"priority_shape":"tied","legacy_fifo_comparable":true,"repeat":3,"batches":1000,"elapsed_ns":207708,"ops":20000,"ns_per_op":10.3854,"ops_per_second":96289021.1258,"timed_operations":"insert_and_remove_min","comparisons":null,"setup_excluded":true,"final_queue_len":0}
Native owner (macos-15)	Q5.2 supplementary queue benchmark checks	2026-10-05T02:06:12.2853730Z Q52_ROW {"scenario":"priority_fifo","n":10,"priority_shape":"mixed","legacy_fifo_comparable":false,"repeat":3,"batches":1000,"elapsed_ns":210542,"ops":20000,"ns_per_op":10.5271,"ops_per_second":94992923.0272,"timed_operations":"insert_and_remove_min","comparisons":null,"setup_excluded":true,"final_queue_len":0}
Native owner (macos-15)	Q5.2 supplementary queue benchmark checks	2026-10-05T02:06:12.2855860Z Q52_ROW {"scenario":"claim_queue_direct_tree_rekey_cancel_50_50","n":10,"priority_shape":"tied","repeat":3,"queue_occupancy_initial":10,"queue_occupancy_final":0,"queue_occupancy_mean_at_mutation_start":5.1667,"rekeys":10,"cancels":10,"tree_mutations":30,"elapsed_ns":625,"ops":20,"ns_per_request":31.2500,"requests_per_second":32000000.0000,"ns_per_tree_mutation":20.8333,"mutations_per_second":48000000.0000,"timed_operations":"remove_insert_rekey_then_cancel","comparisons":null,"setup_excluded":true,"final_queue_len":0}
Native owner (macos-15)	Q5.2 supplementary queue benchmark checks	2026-10-05T02:06:12.2858500Z Q52_ROW {"scenario":"claim_queue_direct_tree_rekey_cancel_50_50","n":10,"priority_shape":"mixed","repeat":3,"queue_occupancy_initial":10,"queue_occupancy_final":0,"queue_occupancy_mean_at_mutation_start":5.1667,"rekeys":10,"cancels":10,"tree_mutations":30,"elapsed_ns":667,"ops":20,"ns_per_request":33.3500,"requests_per_second":29985007.4963,"ns_per_tree_mutation":22.2333,"mutations_per_second":44977511.2444,"timed_operations":"remove_insert_rekey_then_cancel","comparisons":null,"setup_excluded":true,"final_queue_len":0}
Native owner (macos-15)	Q5.2 supplementary queue benchmark checks	2026-10-05T02:06:12.2861630Z Q52_ROW {"scenario":"legacy_algorithm_baseline_bcb11cd_retain_rekey_cancel_50_50","algorithm_source_commit":"bcb11cd61bc38b4813815f574a6a051f3b9e8faf","n":10,"priority_shape":"tied","repeat":3,"occupancy_before_each_op":10,"commands_requested":10,"commands_completed":10,"reprioritize_commands":5,"cancel_commands":5,"derived_expected_retain_predicate_visits":100,"elapsed_ns_sum":708,"ops":10,"ns_per_command_mean":70.8000,"ns_per_command_p50":83,"ns_per_command_p95":125,"sample_elapsed_ns":[42,42,42,42,83,83,83,83,83,125],"commands_per_second_mean":14124293.7853,"timed_operations":"historical_retain_predicate_plus_reprioritize_insert_or_cancel","setup_clone_excluded":true,"exploratory_timer_overhead_unadjusted":true,"contract_timing_evidence":false,"status":"complete"}
Native owner (macos-15)	Q5.2 supplementary queue benchmark checks	2026-10-05T02:06:12.2865350Z Q52_ROW {"scenario":"legacy_algorithm_baseline_bcb11cd_retain_rekey_cancel_50_50","algorithm_source_commit":"bcb11cd61bc38b4813815f574a6a051f3b9e8faf","n":10,"priority_shape":"mixed","repeat":3,"occupancy_before_each_op":10,"commands_requested":10,"commands_completed":10,"reprioritize_commands":5,"cancel_commands":5,"derived_expected_retain_predicate_visits":100,"elapsed_ns_sum":709,"ops":10,"ns_per_command_mean":70.9000,"ns_per_command_p50":84,"ns_per_command_p95":84,"sample_elapsed_ns":[41,41,41,83,83,84,84,84,84,84],"commands_per_second_mean":14104372.3554,"timed_operations":"historical_retain_predicate_plus_reprioritize_insert_or_cancel","setup_clone_excluded":true,"exploratory_timer_overhead_unadjusted":true,"contract_timing_evidence":false,"status":"complete"}
Native owner (macos-15)	Q5.2 supplementary queue benchmark checks	2026-10-05T02:06:12.2868990Z Q52_ROW {"scenario":"actual_remove_waiting_request_rekey_cancel_50_50","n":10,"priority_shape":"tied","repeat":3,"occupancy_before_each_op":10,"commands_requested":10,"commands_completed":10,"reprioritize_commands":5,"cancel_commands":5,"removed_keys":10,"reinserted_keys":5,"elapsed_ns_sum":666,"ops":10,"ns_per_command_mean":66.6000,"ns_per_command_p50":83,"ns_per_command_p95":84,"sample_elapsed_ns":[41,42,42,42,83,83,83,83,83,84],"commands_per_second_mean":15015015.0150,"timed_operations":"current_private_remove_waiting_request_plus_exact_rekey_insert_or_cancel_state","admission_sequence_preserved":true,"setup_clone_excluded":true,"exploratory_timer_overhead_unadjusted":true,"contract_timing_evidence":false,"status":"complete"}
Native owner (macos-15)	Q5.2 supplementary queue benchmark checks	2026-10-05T02:06:12.2872630Z Q52_ROW {"scenario":"actual_remove_waiting_request_rekey_cancel_50_50","n":10,"priority_shape":"mixed","repeat":3,"occupancy_before_each_op":10,"commands_requested":10,"commands_completed":10,"reprioritize_commands":5,"cancel_commands":5,"removed_keys":10,"reinserted_keys":5,"elapsed_ns_sum":665,"ops":10,"ns_per_command_mean":66.5000,"ns_per_command_p50":83,"ns_per_command_p95":125,"sample_elapsed_ns":[41,41,42,42,42,83,83,83,83,125],"commands_per_second_mean":15037593.9850,"timed_operations":"current_private_remove_waiting_request_plus_exact_rekey_insert_or_cancel_state","admission_sequence_preserved":true,"setup_clone_excluded":true,"exploratory_timer_overhead_unadjusted":true,"contract_timing_evidence":false,"status":"complete"}
Native owner (macos-15)	Q5.2 supplementary queue benchmark checks	2026-10-05T02:06:12.2881280Z Q52_ROW {"scenario":"actual_helper_batched_reversible_rekey","algorithm_source_commit":"05b7822f0c69b9d36549130e228c01689b908a13","n":10,"priority_shape":"tied","repeat":3,"cycles":50000,"operations":50000,"primitive_queue_mutations":200000,"queue_mutations_per_cycle":4,"restoration_insert_count":50000,"elapsed_ns":2923208,"ns_per_primitive_op":14.6160,"derived_expected_helper_removals":100000,"occupancy_at_cycle_boundaries":10,"final_queue_matches_initial":true,"setup_and_verification_excluded":true,"timed_operations":"two_current_remove_waiting_request_calls_with_success_checks_plus_rekey_insert_and_restore_insert; reversible helper cycle, not a Cancel or Reprioritize command","end_to_end_speedup_claim":false,"status":"complete"}
Native owner (macos-15)	Q5.2 supplementary queue benchmark checks	2026-10-05T02:06:12.2906390Z Q52_ROW {"scenario":"actual_helper_batched_reversible_rekey","algorithm_source_commit":"05b7822f0c69b9d36549130e228c01689b908a13","n":10,"priority_shape":"mixed","repeat":3,"cycles":50000,"operations":50000,"primitive_queue_mutations":200000,"queue_mutations_per_cycle":4,"restoration_insert_count":50000,"elapsed_ns":2478458,"ns_per_primitive_op":12.3923,"derived_expected_helper_removals":100000,"occupancy_at_cycle_boundaries":10,"final_queue_matches_initial":true,"setup_and_verification_excluded":true,"timed_operations":"two_current_remove_waiting_request_calls_with_success_checks_plus_rekey_insert_and_restore_insert; reversible helper cycle, not a Cancel or Reprioritize command","end_to_end_speedup_claim":false,"status":"complete"}
Native owner (macos-15)	Q5.2 supplementary queue benchmark checks	2026-10-05T02:06:12.2945670Z Q52_ROW {"scenario":"historical_retain_batched_reversible_rekey","algorithm_source_commit":"bcb11cd61bc38b4813815f574a6a051f3b9e8faf","n":10,"priority_shape":"tied","repeat":3,"cycles":50000,"operations":50000,"primitive_queue_mutations":200000,"queue_mutations_per_cycle":4,"restoration_insert_count":50000,"elapsed_ns":3878875,"ns_per_primitive_op":19.3944,"historical_retain_predicate_visits_exact":1000000,"historical_retain_predicate_visit_bound":"2*n*cycles","occupancy_at_cycle_boundaries":10,"final_queue_matches_initial":true,"setup_and_verification_excluded":true,"timed_operations":"two historical retain passes plus rekey insert and restore insert; reversible helper cycle, not a Cancel or Reprioritize command","end_to_end_speedup_claim":false,"status":"complete"}
Native owner (macos-15)	Q5.2 supplementary queue benchmark checks	2026-10-05T02:06:12.2980080Z Q52_ROW {"scenario":"historical_retain_batched_reversible_rekey","algorithm_source_commit":"bcb11cd61bc38b4813815f574a6a051f3b9e8faf","n":10,"priority_shape":"mixed","repeat":3,"cycles":50000,"operations":50000,"primitive_queue_mutations":200000,"queue_mutations_per_cycle":4,"restoration_insert_count":50000,"elapsed_ns":3450000,"ns_per_primitive_op":17.2500,"historical_retain_predicate_visits_exact":1000000,"historical_retain_predicate_visit_bound":"2*n*cycles","occupancy_at_cycle_boundaries":10,"final_queue_matches_initial":true,"setup_and_verification_excluded":true,"timed_operations":"two historical retain passes plus rekey insert and restore insert; reversible helper cycle, not a Cancel or Reprioritize command","end_to_end_speedup_claim":false,"status":"complete"}
Native owner (macos-15)	Q5.2 supplementary queue benchmark checks	2026-10-05T02:06:12.2983280Z Q52_ROW {"scenario":"legacy_resource_fifo","n":10,"capacity":1,"comparison_class":"matched_fifo_primitive_only","repeat":4,"batches":1000,"elapsed_ns":57875,"ops":20000,"ns_per_op":2.8937,"ops_per_second":345572354.2117,"timed_operations":"request_waiter_and_release_waiter","comparisons":null,"setup_excluded":true,"fifo_order_checked_in_correctness_test":true,"final_queue_len":0}
Native owner (macos-15)	Q5.2 supplementary queue benchmark checks	2026-10-05T02:06:12.2985000Z Q52_ROW {"scenario":"priority_fifo","n":10,"priority_shape":"tied","legacy_fifo_comparable":true,"repeat":4,"batches":1000,"elapsed_ns":219042,"ops":20000,"ns_per_op":10.9521,"ops_per_second":91306690.0412,"timed_operations":"insert_and_remove_min","comparisons":null,"setup_excluded":true,"final_queue_len":0}
Native owner (macos-15)	Q5.2 supplementary queue benchmark checks	2026-10-05T02:06:12.2986550Z Q52_ROW {"scenario":"priority_fifo","n":10,"priority_shape":"mixed","legacy_fifo_comparable":false,"repeat":4,"batches":1000,"elapsed_ns":209959,"ops":20000,"ns_per_op":10.4979,"ops_per_second":95256692.9734,"timed_operations":"insert_and_remove_min","comparisons":null,"setup_excluded":true,"final_queue_len":0}
Native owner (macos-15)	Q5.2 supplementary queue benchmark checks	2026-10-05T02:06:12.2988560Z Q52_ROW {"scenario":"claim_queue_direct_tree_rekey_cancel_50_50","n":10,"priority_shape":"tied","repeat":4,"queue_occupancy_initial":10,"queue_occupancy_final":0,"queue_occupancy_mean_at_mutation_start":5.1667,"rekeys":10,"cancels":10,"tree_mutations":30,"elapsed_ns":917,"ops":20,"ns_per_request":45.8500,"requests_per_second":21810250.8179,"ns_per_tree_mutation":30.5667,"mutations_per_second":32715376.2268,"timed_operations":"remove_insert_rekey_then_cancel","comparisons":null,"setup_excluded":true,"final_queue_len":0}
Native owner (macos-15)	Q5.2 supplementary queue benchmark checks	2026-10-05T02:06:12.2991110Z Q52_ROW {"scenario":"claim_queue_direct_tree_rekey_cancel_50_50","n":10,"priority_shape":"mixed","repeat":4,"queue_occupancy_initial":10,"queue_occupancy_final":0,"queue_occupancy_mean_at_mutation_start":5.1667,"rekeys":10,"cancels":10,"tree_mutations":30,"elapsed_ns":958,"ops":20,"ns_per_request":47.9000,"requests_per_second":20876826.7223,"ns_per_tree_mutation":31.9333,"mutations_per_second":31315240.0835,"timed_operations":"remove_insert_rekey_then_cancel","comparisons":null,"setup_excluded":true,"final_queue_len":0}
Native owner (macos-15)	Q5.2 supplementary queue benchmark checks	2026-10-05T02:06:12.2994250Z Q52_ROW {"scenario":"legacy_algorithm_baseline_bcb11cd_retain_rekey_cancel_50_50","algorithm_source_commit":"bcb11cd61bc38b4813815f574a6a051f3b9e8faf","n":10,"priority_shape":"tied","repeat":4,"occupancy_before_each_op":10,"commands_requested":10,"commands_completed":10,"reprioritize_commands":5,"cancel_commands":5,"derived_expected_retain_predicate_visits":100,"elapsed_ns_sum":1082,"ops":10,"ns_per_command_mean":108.2000,"ns_per_command_p50":83,"ns_per_command_p95":250,"sample_elapsed_ns":[83,83,83,83,83,83,84,125,125,250],"commands_per_second_mean":9242144.1774,"timed_operations":"historical_retain_predicate_plus_reprioritize_insert_or_cancel","setup_clone_excluded":true,"exploratory_timer_overhead_unadjusted":true,"contract_timing_evidence":false,"status":"complete"}
Native owner (macos-15)	Q5.2 supplementary queue benchmark checks	2026-10-05T02:06:12.2998230Z Q52_ROW {"scenario":"legacy_algorithm_baseline_bcb11cd_retain_rekey_cancel_50_50","algorithm_source_commit":"bcb11cd61bc38b4813815f574a6a051f3b9e8faf","n":10,"priority_shape":"mixed","repeat":4,"occupancy_before_each_op":10,"commands_requested":10,"commands_completed":10,"reprioritize_commands":5,"cancel_commands":5,"derived_expected_retain_predicate_visits":100,"elapsed_ns_sum":832,"ops":10,"ns_per_command_mean":83.2000,"ns_per_command_p50":84,"ns_per_command_p95":125,"sample_elapsed_ns":[41,41,41,83,83,84,84,125,125,125],"commands_per_second_mean":12019230.7692,"timed_operations":"historical_retain_predicate_plus_reprioritize_insert_or_cancel","setup_clone_excluded":true,"exploratory_timer_overhead_unadjusted":true,"contract_timing_evidence":false,"status":"complete"}
Native owner (macos-15)	Q5.2 supplementary queue benchmark checks	2026-10-05T02:06:12.3002550Z Q52_ROW {"scenario":"actual_remove_waiting_request_rekey_cancel_50_50","n":10,"priority_shape":"tied","repeat":4,"occupancy_before_each_op":10,"commands_requested":10,"commands_completed":10,"reprioritize_commands":5,"cancel_commands":5,"removed_keys":10,"reinserted_keys":5,"elapsed_ns_sum":626,"ops":10,"ns_per_command_mean":62.6000,"ns_per_command_p50":42,"ns_per_command_p95":125,"sample_elapsed_ns":[41,41,42,42,42,42,83,84,84,125],"commands_per_second_mean":15974440.8946,"timed_operations":"current_private_remove_waiting_request_plus_exact_rekey_insert_or_cancel_state","admission_sequence_preserved":true,"setup_clone_excluded":true,"exploratory_timer_overhead_unadjusted":true,"contract_timing_evidence":false,"status":"complete"}
Native owner (macos-15)	Q5.2 supplementary queue benchmark checks	2026-10-05T02:06:12.3006300Z Q52_ROW {"scenario":"actual_remove_waiting_request_rekey_cancel_50_50","n":10,"priority_shape":"mixed","repeat":4,"occupancy_before_each_op":10,"commands_requested":10,"commands_completed":10,"reprioritize_commands":5,"cancel_commands":5,"removed_keys":10,"reinserted_keys":5,"elapsed_ns_sum":666,"ops":10,"ns_per_command_mean":66.6000,"ns_per_command_p50":83,"ns_per_command_p95":125,"sample_elapsed_ns":[41,41,41,42,42,83,83,84,84,125],"commands_per_second_mean":15015015.0150,"timed_operations":"current_private_remove_waiting_request_plus_exact_rekey_insert_or_cancel_state","admission_sequence_preserved":true,"setup_clone_excluded":true,"exploratory_timer_overhead_unadjusted":true,"contract_timing_evidence":false,"status":"complete"}
Native owner (macos-15)	Q5.2 supplementary queue benchmark checks	2026-10-05T02:06:12.3015330Z Q52_ROW {"scenario":"actual_helper_batched_reversible_rekey","algorithm_source_commit":"05b7822f0c69b9d36549130e228c01689b908a13","n":10,"priority_shape":"tied","repeat":4,"cycles":50000,"operations":50000,"primitive_queue_mutations":200000,"queue_mutations_per_cycle":4,"restoration_insert_count":50000,"elapsed_ns":2994625,"ns_per_primitive_op":14.9731,"derived_expected_helper_removals":100000,"occupancy_at_cycle_boundaries":10,"final_queue_matches_initial":true,"setup_and_verification_excluded":true,"timed_operations":"two_current_remove_waiting_request_calls_with_success_checks_plus_rekey_insert_and_restore_insert; reversible helper cycle, not a Cancel or Reprioritize command","end_to_end_speedup_claim":false,"status":"complete"}
Native owner (macos-15)	Q5.2 supplementary queue benchmark checks	2026-10-05T02:06:12.3041250Z Q52_ROW {"scenario":"actual_helper_batched_reversible_rekey","algorithm_source_commit":"05b7822f0c69b9d36549130e228c01689b908a13","n":10,"priority_shape":"mixed","repeat":4,"cycles":50000,"operations":50000,"primitive_queue_mutations":200000,"queue_mutations_per_cycle":4,"restoration_insert_count":50000,"elapsed_ns":2596583,"ns_per_primitive_op":12.9829,"derived_expected_helper_removals":100000,"occupancy_at_cycle_boundaries":10,"final_queue_matches_initial":true,"setup_and_verification_excluded":true,"timed_operations":"two_current_remove_waiting_request_calls_with_success_checks_plus_rekey_insert_and_restore_insert; reversible helper cycle, not a Cancel or Reprioritize command","end_to_end_speedup_claim":false,"status":"complete"}
Native owner (macos-15)	Q5.2 supplementary queue benchmark checks	2026-10-05T02:06:12.3079750Z Q52_ROW {"scenario":"historical_retain_batched_reversible_rekey","algorithm_source_commit":"bcb11cd61bc38b4813815f574a6a051f3b9e8faf","n":10,"priority_shape":"tied","repeat":4,"cycles":50000,"operations":50000,"primitive_queue_mutations":200000,"queue_mutations_per_cycle":4,"restoration_insert_count":50000,"elapsed_ns":3825209,"ns_per_primitive_op":19.1260,"historical_retain_predicate_visits_exact":1000000,"historical_retain_predicate_visit_bound":"2*n*cycles","occupancy_at_cycle_boundaries":10,"final_queue_matches_initial":true,"setup_and_verification_excluded":true,"timed_operations":"two historical retain passes plus rekey insert and restore insert; reversible helper cycle, not a Cancel or Reprioritize command","end_to_end_speedup_claim":false,"status":"complete"}
Native owner (macos-15)	Q5.2 supplementary queue benchmark checks	2026-10-05T02:06:12.3121350Z Q52_ROW {"scenario":"historical_retain_batched_reversible_rekey","algorithm_source_commit":"bcb11cd61bc38b4813815f574a6a051f3b9e8faf","n":10,"priority_shape":"mixed","repeat":4,"cycles":50000,"operations":50000,"primitive_queue_mutations":200000,"queue_mutations_per_cycle":4,"restoration_insert_count":50000,"elapsed_ns":3391292,"ns_per_primitive_op":16.9565,"historical_retain_predicate_visits_exact":1000000,"historical_retain_predicate_visit_bound":"2*n*cycles","occupancy_at_cycle_boundaries":10,"final_queue_matches_initial":true,"setup_and_verification_excluded":true,"timed_operations":"two historical retain passes plus rekey insert and restore insert; reversible helper cycle, not a Cancel or Reprioritize command","end_to_end_speedup_claim":false,"status":"complete"}
Native owner (macos-15)	Q5.2 supplementary queue benchmark checks	2026-10-05T02:06:12.3124340Z Q52_ROW {"scenario":"legacy_resource_fifo","n":10,"capacity":1,"comparison_class":"matched_fifo_primitive_only","repeat":5,"batches":1000,"elapsed_ns":53000,"ops":20000,"ns_per_op":2.6500,"ops_per_second":377358490.5660,"timed_operations":"request_waiter_and_release_waiter","comparisons":null,"setup_excluded":true,"fifo_order_checked_in_correctness_test":true,"final_queue_len":0}
Native owner (macos-15)	Q5.2 supplementary queue benchmark checks	2026-10-05T02:06:12.3126060Z Q52_ROW {"scenario":"priority_fifo","n":10,"priority_shape":"tied","legacy_fifo_comparable":true,"repeat":5,"batches":1000,"elapsed_ns":208708,"ops":20000,"ns_per_op":10.4354,"ops_per_second":95827663.5299,"timed_operations":"insert_and_remove_min","comparisons":null,"setup_excluded":true,"final_queue_len":0}
Native owner (macos-15)	Q5.2 supplementary queue benchmark checks	2026-10-05T02:06:12.3127540Z Q52_ROW {"scenario":"priority_fifo","n":10,"priority_shape":"mixed","legacy_fifo_comparable":false,"repeat":5,"batches":1000,"elapsed_ns":211083,"ops":20000,"ns_per_op":10.5541,"ops_per_second":94749458.7437,"timed_operations":"insert_and_remove_min","comparisons":null,"setup_excluded":true,"final_queue_len":0}
Native owner (macos-15)	Q5.2 supplementary queue benchmark checks	2026-10-05T02:06:12.3129520Z Q52_ROW {"scenario":"claim_queue_direct_tree_rekey_cancel_50_50","n":10,"priority_shape":"tied","repeat":5,"queue_occupancy_initial":10,"queue_occupancy_final":0,"queue_occupancy_mean_at_mutation_start":5.1667,"rekeys":10,"cancels":10,"tree_mutations":30,"elapsed_ns":709,"ops":20,"ns_per_request":35.4500,"requests_per_second":28208744.7109,"ns_per_tree_mutation":23.6333,"mutations_per_second":42313117.0663,"timed_operations":"remove_insert_rekey_then_cancel","comparisons":null,"setup_excluded":true,"final_queue_len":0}
Native owner (macos-15)	Q5.2 supplementary queue benchmark checks	2026-10-05T02:06:12.3132000Z Q52_ROW {"scenario":"claim_queue_direct_tree_rekey_cancel_50_50","n":10,"priority_shape":"mixed","repeat":5,"queue_occupancy_initial":10,"queue_occupancy_final":0,"queue_occupancy_mean_at_mutation_start":5.1667,"rekeys":10,"cancels":10,"tree_mutations":30,"elapsed_ns":708,"ops":20,"ns_per_request":35.4000,"requests_per_second":28248587.5706,"ns_per_tree_mutation":23.6000,"mutations_per_second":42372881.3559,"timed_operations":"remove_insert_rekey_then_cancel","comparisons":null,"setup_excluded":true,"final_queue_len":0}
Native owner (macos-15)	Q5.2 supplementary queue benchmark checks	2026-10-05T02:06:12.3135120Z Q52_ROW {"scenario":"legacy_algorithm_baseline_bcb11cd_retain_rekey_cancel_50_50","algorithm_source_commit":"bcb11cd61bc38b4813815f574a6a051f3b9e8faf","n":10,"priority_shape":"tied","repeat":5,"occupancy_before_each_op":10,"commands_requested":10,"commands_completed":10,"reprioritize_commands":5,"cancel_commands":5,"derived_expected_retain_predicate_visits":100,"elapsed_ns_sum":793,"ops":10,"ns_per_command_mean":79.3000,"ns_per_command_p50":84,"ns_per_command_p95":167,"sample_elapsed_ns":[41,41,42,83,83,84,84,84,84,167],"commands_per_second_mean":12610340.4792,"timed_operations":"historical_retain_predicate_plus_reprioritize_insert_or_cancel","setup_clone_excluded":true,"exploratory_timer_overhead_unadjusted":true,"contract_timing_evidence":false,"status":"complete"}
Native owner (macos-15)	Q5.2 supplementary queue benchmark checks	2026-10-05T02:06:12.3138890Z Q52_ROW {"scenario":"legacy_algorithm_baseline_bcb11cd_retain_rekey_cancel_50_50","algorithm_source_commit":"bcb11cd61bc38b4813815f574a6a051f3b9e8faf","n":10,"priority_shape":"mixed","repeat":5,"occupancy_before_each_op":10,"commands_requested":10,"commands_completed":10,"reprioritize_commands":5,"cancel_commands":5,"derived_expected_retain_predicate_visits":100,"elapsed_ns_sum":708,"ops":10,"ns_per_command_mean":70.8000,"ns_per_command_p50":83,"ns_per_command_p95":84,"sample_elapsed_ns":[41,42,42,83,83,83,83,83,84,84],"commands_per_second_mean":14124293.7853,"timed_operations":"historical_retain_predicate_plus_reprioritize_insert_or_cancel","setup_clone_excluded":true,"exploratory_timer_overhead_unadjusted":true,"contract_timing_evidence":false,"status":"complete"}
Native owner (macos-15)	Q5.2 supplementary queue benchmark checks	2026-10-05T02:06:12.3142620Z Q52_ROW {"scenario":"actual_remove_waiting_request_rekey_cancel_50_50","n":10,"priority_shape":"tied","repeat":5,"occupancy_before_each_op":10,"commands_requested":10,"commands_completed":10,"reprioritize_commands":5,"cancel_commands":5,"removed_keys":10,"reinserted_keys":5,"elapsed_ns_sum":583,"ops":10,"ns_per_command_mean":58.3000,"ns_per_command_p50":42,"ns_per_command_p95":84,"sample_elapsed_ns":[41,41,42,42,42,42,83,83,83,84],"commands_per_second_mean":17152658.6621,"timed_operations":"current_private_remove_waiting_request_plus_exact_rekey_insert_or_cancel_state","admission_sequence_preserved":true,"setup_clone_excluded":true,"exploratory_timer_overhead_unadjusted":true,"contract_timing_evidence":false,"status":"complete"}
Native owner (macos-15)	Q5.2 supplementary queue benchmark checks	2026-10-05T02:06:12.3146220Z Q52_ROW {"scenario":"actual_remove_waiting_request_rekey_cancel_50_50","n":10,"priority_shape":"mixed","repeat":5,"occupancy_before_each_op":10,"commands_requested":10,"commands_completed":10,"reprioritize_commands":5,"cancel_commands":5,"removed_keys":10,"reinserted_keys":5,"elapsed_ns_sum":625,"ops":10,"ns_per_command_mean":62.5000,"ns_per_command_p50":84,"ns_per_command_p95":84,"sample_elapsed_ns":[41,41,41,41,41,84,84,84,84,84],"commands_per_second_mean":16000000.0000,"timed_operations":"current_private_remove_waiting_request_plus_exact_rekey_insert_or_cancel_state","admission_sequence_preserved":true,"setup_clone_excluded":true,"exploratory_timer_overhead_unadjusted":true,"contract_timing_evidence":false,"status":"complete"}
Native owner (macos-15)	Q5.2 supplementary queue benchmark checks	2026-10-05T02:06:12.3149910Z Q52_ROW {"scenario":"actual_helper_batched_reversible_rekey","algorithm_source_commit":"05b7822f0c69b9d36549130e228c01689b908a13","n":10,"priority_shape":"tied","repeat":5,"cycles":50000,"operations":50000,"primitive_queue_mutations":200000,"queue_mutations_per_cycle":4,"restoration_insert_count":50000,"elapsed_ns":2911750,"ns_per_primitive_op":14.5587,"derived_expected_helper_removals":100000,"occupancy_at_cycle_boundaries":10,"final_queue_matches_initial":true,"setup_and_verification_excluded":true,"timed_operations":"two_current_remove_waiting_request_calls_with_success_checks_plus_rekey_insert_and_restore_insert; reversible helper cycle, not a Cancel or Reprioritize command","end_to_end_speedup_claim":false,"status":"complete"}
Native owner (macos-15)	Q5.2 supplementary queue benchmark checks	2026-10-05T02:06:12.3172710Z Q52_ROW {"scenario":"actual_helper_batched_reversible_rekey","algorithm_source_commit":"05b7822f0c69b9d36549130e228c01689b908a13","n":10,"priority_shape":"mixed","repeat":5,"cycles":50000,"operations":50000,"primitive_queue_mutations":200000,"queue_mutations_per_cycle":4,"restoration_insert_count":50000,"elapsed_ns":2472292,"ns_per_primitive_op":12.3615,"derived_expected_helper_removals":100000,"occupancy_at_cycle_boundaries":10,"final_queue_matches_initial":true,"setup_and_verification_excluded":true,"timed_operations":"two_current_remove_waiting_request_calls_with_success_checks_plus_rekey_insert_and_restore_insert; reversible helper cycle, not a Cancel or Reprioritize command","end_to_end_speedup_claim":false,"status":"complete"}
Native owner (macos-15)	Q5.2 supplementary queue benchmark checks	2026-10-05T02:06:12.3211480Z Q52_ROW {"scenario":"historical_retain_batched_reversible_rekey","algorithm_source_commit":"bcb11cd61bc38b4813815f574a6a051f3b9e8faf","n":10,"priority_shape":"tied","repeat":5,"cycles":50000,"operations":50000,"primitive_queue_mutations":200000,"queue_mutations_per_cycle":4,"restoration_insert_count":50000,"elapsed_ns":3855083,"ns_per_primitive_op":19.2754,"historical_retain_predicate_visits_exact":1000000,"historical_retain_predicate_visit_bound":"2*n*cycles","occupancy_at_cycle_boundaries":10,"final_queue_matches_initial":true,"setup_and_verification_excluded":true,"timed_operations":"two historical retain passes plus rekey insert and restore insert; reversible helper cycle, not a Cancel or Reprioritize command","end_to_end_speedup_claim":false,"status":"complete"}
Native owner (macos-15)	Q5.2 supplementary queue benchmark checks	2026-10-05T02:06:12.3245220Z Q52_ROW {"scenario":"historical_retain_batched_reversible_rekey","algorithm_source_commit":"bcb11cd61bc38b4813815f574a6a051f3b9e8faf","n":10,"priority_shape":"mixed","repeat":5,"cycles":50000,"operations":50000,"primitive_queue_mutations":200000,"queue_mutations_per_cycle":4,"restoration_insert_count":50000,"elapsed_ns":3356208,"ns_per_primitive_op":16.7810,"historical_retain_predicate_visits_exact":1000000,"historical_retain_predicate_visit_bound":"2*n*cycles","occupancy_at_cycle_boundaries":10,"final_queue_matches_initial":true,"setup_and_verification_excluded":true,"timed_operations":"two historical retain passes plus rekey insert and restore insert; reversible helper cycle, not a Cancel or Reprioritize command","end_to_end_speedup_claim":false,"status":"complete"}
Native owner (macos-15)	Q5.2 supplementary queue benchmark checks	2026-10-05T02:06:12.3247820Z Q52_ROW {"scenario":"counted_ord_structural_comparisons","n":10,"priority_shape":"tied","operations":30,"comparisons":110,"comparisons_per_operation":3.666667,"ceil_log2_n_plus_1":4,"structural_bound":1440,"elapsed_ns":null,"timing_claim":false,"setup_excluded":true}
Native owner (macos-15)	Q5.2 supplementary queue benchmark checks	2026-10-05T02:06:12.3249190Z Q52_ROW {"scenario":"counted_ord_structural_comparisons","n":10,"priority_shape":"mixed","operations":30,"comparisons":123,"comparisons_per_operation":4.100000,"ceil_log2_n_plus_1":4,"structural_bound":1440,"elapsed_ns":null,"timing_claim":false,"setup_excluded":true}
Native owner (macos-15)	Q5.2 supplementary queue benchmark checks	2026-10-05T02:06:12.3250770Z Q52_ROW {"scenario":"legacy_resource_fifo","n":1000,"capacity":1,"comparison_class":"matched_fifo_primitive_only","repeat":1,"batches":10,"elapsed_ns":48292,"ops":20000,"ns_per_op":2.4146,"ops_per_second":414147270.7695,"timed_operations":"request_waiter_and_release_waiter","comparisons":null,"setup_excluded":true,"fifo_order_checked_in_correctness_test":true,"final_queue_len":0}
Native owner (macos-15)	Q5.2 supplementary queue benchmark checks	2026-10-05T02:06:12.3252610Z Q52_ROW {"scenario":"priority_fifo","n":1000,"priority_shape":"tied","legacy_fifo_comparable":true,"repeat":1,"batches":10,"elapsed_ns":806333,"ops":20000,"ns_per_op":40.3167,"ops_per_second":24803648.1206,"timed_operations":"insert_and_remove_min","comparisons":null,"setup_excluded":true,"final_queue_len":0}
Native owner (macos-15)	Q5.2 supplementary queue benchmark checks	2026-10-05T02:06:12.3260610Z Q52_ROW {"scenario":"priority_fifo","n":1000,"priority_shape":"mixed","legacy_fifo_comparable":false,"repeat":1,"batches":10,"elapsed_ns":789500,"ops":20000,"ns_per_op":39.4750,"ops_per_second":25332488.9170,"timed_operations":"insert_and_remove_min","comparisons":null,"setup_excluded":true,"final_queue_len":0}
Native owner (macos-15)	Q5.2 supplementary queue benchmark checks	2026-10-05T02:06:12.3262830Z Q52_ROW {"scenario":"claim_queue_direct_tree_rekey_cancel_50_50","n":1000,"priority_shape":"tied","repeat":1,"queue_occupancy_initial":1000,"queue_occupancy_final":0,"queue_occupancy_mean_at_mutation_start":500.1667,"rekeys":1000,"cancels":1000,"tree_mutations":3000,"elapsed_ns":86333,"ops":2000,"ns_per_request":43.1665,"requests_per_second":23166112.6105,"ns_per_tree_mutation":28.7777,"mutations_per_second":34749168.9157,"timed_operations":"remove_insert_rekey_then_cancel","comparisons":null,"setup_excluded":true,"final_queue_len":0}
Native owner (macos-15)	Q5.2 supplementary queue benchmark checks	2026-10-05T02:06:12.3265580Z Q52_ROW {"scenario":"claim_queue_direct_tree_rekey_cancel_50_50","n":1000,"priority_shape":"mixed","repeat":1,"queue_occupancy_initial":1000,"queue_occupancy_final":0,"queue_occupancy_mean_at_mutation_start":500.1667,"rekeys":1000,"cancels":1000,"tree_mutations":3000,"elapsed_ns":187459,"ops":2000,"ns_per_request":93.7295,"requests_per_second":10668999.6213,"ns_per_tree_mutation":62.4863,"mutations_per_second":16003499.4319,"timed_operations":"remove_insert_rekey_then_cancel","comparisons":null,"setup_excluded":true,"final_queue_len":0}
Native owner (macos-15)	Q5.2 supplementary queue benchmark checks	2026-10-05T02:06:12.3280180Z Q52_ROW {"scenario":"legacy_algorithm_baseline_bcb11cd_retain_rekey_cancel_50_50","algorithm_source_commit":"bcb11cd61bc38b4813815f574a6a051f3b9e8faf","n":1000,"priority_shape":"tied","repeat":1,"occupancy_before_each_op":1000,"commands_requested":100,"commands_completed":100,"reprioritize_commands":50,"cancel_commands":50,"derived_expected_retain_predicate_visits":100000,"elapsed_ns_sum":138750,"ops":100,"ns_per_command_mean":1387.5000,"ns_per_command_p50":1375,"ns_per_command_p95":1666,"sample_elapsed_ns":[1291,1291,1291,1291,1291,1291,1291,1292,1292,1292,1292,1292,1292,1292,1292,1292,1292,1292,1292,1292,1292,1292,1333,1333,1333,1333,1333,1333,1333,1333,1333,1333,1333,1333,1334,1334,1334,1334,1334,1334,1334,1334,1334,1375,1375,1375,1375,1375,1375,1375,1375,1375,1375,1375,1375,1375,1375,1375,1375,1375,1375,1375,1375,1375,1375,1375,1375,1375,1375,1416,1416,1416,1416,1416,1416,1417,1417,1417,1417,1417,1417,1417,1417,1417,1417,1417,1417,1458,1458,1500,1500,1500,1500,1500,1666,1667,1708,1791,1875,1958],"commands_per_second_mean":720720.7207,"timed_operations":"historical_retain_predicate_plus_reprioritize_insert_or_cancel","setup_clone_excluded":true,"exploratory_timer_overhead_unadjusted":true,"contract_timing_evidence":false,"status":"complete"}
Native owner (macos-15)	Q5.2 supplementary queue benchmark checks	2026-10-05T02:06:12.3292030Z Q52_ROW {"scenario":"legacy_algorithm_baseline_bcb11cd_retain_rekey_cancel_50_50","algorithm_source_commit":"bcb11cd61bc38b4813815f574a6a051f3b9e8faf","n":1000,"priority_shape":"mixed","repeat":1,"occupancy_before_each_op":1000,"commands_requested":100,"commands_completed":100,"reprioritize_commands":50,"cancel_commands":50,"derived_expected_retain_predicate_visits":100000,"elapsed_ns_sum":148248,"ops":100,"ns_per_command_mean":1482.4800,"ns_per_command_p50":1458,"ns_per_command_p95":1625,"sample_elapsed_ns":[1333,1333,1333,1333,1333,1333,1333,1334,1334,1375,1375,1375,1375,1375,1375,1375,1375,1375,1375,1375,1375,1375,1375,1375,1416,1416,1416,1416,1416,1416,1416,1416,1417,1417,1417,1417,1417,1417,1417,1417,1417,1417,1417,1417,1417,1417,1417,1417,1417,1458,1458,1458,1458,1458,1458,1458,1458,1458,1458,1458,1458,1459,1459,1500,1500,1500,1500,1500,1500,1500,1500,1500,1500,1500,1500,1500,1500,1500,1500,1500,1500,1500,1541,1541,1542,1542,1542,1542,1542,1542,1583,1583,1584,1584,1625,1833,1958,2209,2333,2667],"commands_per_second_mean":674545.3564,"timed_operations":"historical_retain_predicate_plus_reprioritize_insert_or_cancel","setup_clone_excluded":true,"exploratory_timer_overhead_unadjusted":true,"contract_timing_evidence":false,"status":"complete"}
Native owner (macos-15)	Q5.2 supplementary queue benchmark checks	2026-10-05T02:06:12.3303150Z Q52_ROW {"scenario":"actual_remove_waiting_request_rekey_cancel_50_50","n":1000,"priority_shape":"tied","repeat":1,"occupancy_before_each_op":1000,"commands_requested":100,"commands_completed":100,"reprioritize_commands":50,"cancel_commands":50,"removed_keys":100,"reinserted_keys":50,"elapsed_ns_sum":7000,"ops":100,"ns_per_command_mean":70.0000,"ns_per_command_p50":83,"ns_per_command_p95":84,"sample_elapsed_ns":[41,41,41,41,41,41,41,41,41,41,41,41,42,42,42,42,42,42,42,42,42,42,42,42,42,42,42,42,42,42,42,42,42,42,42,42,42,42,83,83,83,83,83,83,83,83,83,83,83,83,83,83,83,83,83,83,83,83,83,83,83,83,83,83,83,83,83,83,83,83,83,83,83,83,83,83,84,84,84,84,84,84,84,84,84,84,84,84,84,84,84,84,84,84,84,84,125,125,166,166],"commands_per_second_mean":14285714.2857,"timed_operations":"current_private_remove_waiting_request_plus_exact_rekey_insert_or_cancel_state","admission_sequence_preserved":true,"setup_clone_excluded":true,"exploratory_timer_overhead_unadjusted":true,"contract_timing_evidence":false,"status":"complete"}
Native owner (macos-15)	Q5.2 supplementary queue benchmark checks	2026-10-05T02:06:12.3313580Z Q52_ROW {"scenario":"actual_remove_waiting_request_rekey_cancel_50_50","n":1000,"priority_shape":"mixed","repeat":1,"occupancy_before_each_op":1000,"commands_requested":100,"commands_completed":100,"reprioritize_commands":50,"cancel_commands":50,"removed_keys":100,"reinserted_keys":50,"elapsed_ns_sum":11301,"ops":100,"ns_per_command_mean":113.0100,"ns_per_command_p50":125,"ns_per_command_p95":208,"sample_elapsed_ns":[41,41,41,41,41,42,42,42,42,42,42,42,42,42,42,83,83,83,83,83,83,83,83,83,83,83,83,83,83,84,84,84,84,84,84,84,84,84,84,84,84,84,84,84,84,125,125,125,125,125,125,125,125,125,125,125,125,125,125,125,125,125,125,125,125,125,125,125,125,125,125,125,125,125,125,125,125,166,166,166,167,167,167,167,167,167,167,167,167,167,167,167,167,208,208,208,209,209,209,250],"commands_per_second_mean":8848774.4447,"timed_operations":"current_private_remove_waiting_request_plus_exact_rekey_insert_or_cancel_state","admission_sequence_preserved":true,"setup_clone_excluded":true,"exploratory_timer_overhead_unadjusted":true,"contract_timing_evidence":false,"status":"complete"}
Native owner (macos-15)	Q5.2 supplementary queue benchmark checks	2026-10-05T02:06:12.3390230Z Q52_ROW {"scenario":"actual_helper_batched_reversible_rekey","algorithm_source_commit":"05b7822f0c69b9d36549130e228c01689b908a13","n":1000,"priority_shape":"tied","repeat":1,"cycles":50000,"operations":50000,"primitive_queue_mutations":200000,"queue_mutations_per_cycle":4,"restoration_insert_count":50000,"elapsed_ns":7601875,"ns_per_primitive_op":38.0094,"derived_expected_helper_removals":100000,"occupancy_at_cycle_boundaries":1000,"final_queue_matches_initial":true,"setup_and_verification_excluded":true,"timed_operations":"two_current_remove_waiting_request_calls_with_success_checks_plus_rekey_insert_and_restore_insert; reversible helper cycle, not a Cancel or Reprioritize command","end_to_end_speedup_claim":false,"status":"complete"}
Native owner (macos-15)	Q5.2 supplementary queue benchmark checks	2026-10-05T02:06:12.3515710Z Q52_ROW {"scenario":"actual_helper_batched_reversible_rekey","algorithm_source_commit":"05b7822f0c69b9d36549130e228c01689b908a13","n":1000,"priority_shape":"mixed","repeat":1,"cycles":50000,"operations":50000,"primitive_queue_mutations":200000,"queue_mutations_per_cycle":4,"restoration_insert_count":50000,"elapsed_ns":12433292,"ns_per_primitive_op":62.1665,"derived_expected_helper_removals":100000,"occupancy_at_cycle_boundaries":1000,"final_queue_matches_initial":true,"setup_and_verification_excluded":true,"timed_operations":"two_current_remove_waiting_request_calls_with_success_checks_plus_rekey_insert_and_restore_insert; reversible helper cycle, not a Cancel or Reprioritize command","end_to_end_speedup_claim":false,"status":"complete"}
Native owner (macos-15)	Q5.2 supplementary queue benchmark checks	2026-10-05T02:06:12.5810090Z Q52_ROW {"scenario":"historical_retain_batched_reversible_rekey","algorithm_source_commit":"bcb11cd61bc38b4813815f574a6a051f3b9e8faf","n":1000,"priority_shape":"tied","repeat":1,"cycles":50000,"operations":50000,"primitive_queue_mutations":200000,"queue_mutations_per_cycle":4,"restoration_insert_count":50000,"elapsed_ns":229136166,"ns_per_primitive_op":1145.6808,"historical_retain_predicate_visits_exact":100000000,"historical_retain_predicate_visit_bound":"2*n*cycles","occupancy_at_cycle_boundaries":1000,"final_queue_matches_initial":true,"setup_and_verification_excluded":true,"timed_operations":"two historical retain passes plus rekey insert and restore insert; reversible helper cycle, not a Cancel or Reprioritize command","end_to_end_speedup_claim":false,"status":"complete"}
Native owner (macos-15)	Q5.2 supplementary queue benchmark checks	2026-10-05T02:06:12.7418950Z Q52_ROW {"scenario":"historical_retain_batched_reversible_rekey","algorithm_source_commit":"bcb11cd61bc38b4813815f574a6a051f3b9e8faf","n":1000,"priority_shape":"mixed","repeat":1,"cycles":50000,"operations":50000,"primitive_queue_mutations":200000,"queue_mutations_per_cycle":4,"restoration_insert_count":50000,"elapsed_ns":156671625,"ns_per_primitive_op":783.3581,"historical_retain_predicate_visits_exact":100000000,"historical_retain_predicate_visit_bound":"2*n*cycles","occupancy_at_cycle_boundaries":1000,"final_queue_matches_initial":true,"setup_and_verification_excluded":true,"timed_operations":"two historical retain passes plus rekey insert and restore insert; reversible helper cycle, not a Cancel or Reprioritize command","end_to_end_speedup_claim":false,"status":"complete"}
Native owner (macos-15)	Q5.2 supplementary queue benchmark checks	2026-10-05T02:06:12.7522720Z Q52_ROW {"scenario":"legacy_resource_fifo","n":1000,"capacity":1,"comparison_class":"matched_fifo_primitive_only","repeat":2,"batches":10,"elapsed_ns":51041,"ops":20000,"ns_per_op":2.5520,"ops_per_second":391841852.6283,"timed_operations":"request_waiter_and_release_waiter","comparisons":null,"setup_excluded":true,"fifo_order_checked_in_correctness_test":true,"final_queue_len":0}
Native owner (macos-15)	Q5.2 supplementary queue benchmark checks	2026-10-05T02:06:12.7625450Z Q52_ROW {"scenario":"priority_fifo","n":1000,"priority_shape":"tied","legacy_fifo_comparable":true,"repeat":2,"batches":10,"elapsed_ns":848208,"ops":20000,"ns_per_op":42.4104,"ops_per_second":23579122.1021,"timed_operations":"insert_and_remove_min","comparisons":null,"setup_excluded":true,"final_queue_len":0}
Native owner (macos-15)	Q5.2 supplementary queue benchmark checks	2026-10-05T02:06:12.7738480Z Q52_ROW {"scenario":"priority_fifo","n":1000,"priority_shape":"mixed","legacy_fifo_comparable":false,"repeat":2,"batches":10,"elapsed_ns":846250,"ops":20000,"ns_per_op":42.3125,"ops_per_second":23633677.9911,"timed_operations":"insert_and_remove_min","comparisons":null,"setup_excluded":true,"final_queue_len":0}
Native owner (macos-15)	Q5.2 supplementary queue benchmark checks	2026-10-05T02:06:12.7841610Z Q52_ROW {"scenario":"claim_queue_direct_tree_rekey_cancel_50_50","n":1000,"priority_shape":"tied","repeat":2,"queue_occupancy_initial":1000,"queue_occupancy_final":0,"queue_occupancy_mean_at_mutation_start":500.1667,"rekeys":1000,"cancels":1000,"tree_mutations":3000,"elapsed_ns":84292,"ops":2000,"ns_per_request":42.1460,"requests_per_second":23727044.0848,"ns_per_tree_mutation":28.0973,"mutations_per_second":35590566.1273,"timed_operations":"remove_insert_rekey_then_cancel","comparisons":null,"setup_excluded":true,"final_queue_len":0}
Native owner (macos-15)	Q5.2 supplementary queue benchmark checks	2026-10-05T02:06:12.7945880Z Q52_ROW {"scenario":"claim_queue_direct_tree_rekey_cancel_50_50","n":1000,"priority_shape":"mixed","repeat":2,"queue_occupancy_initial":1000,"queue_occupancy_final":0,"queue_occupancy_mean_at_mutation_start":500.1667,"rekeys":1000,"cancels":1000,"tree_mutations":3000,"elapsed_ns":185833,"ops":2000,"ns_per_request":92.9165,"requests_per_second":10762351.1432,"ns_per_tree_mutation":61.9443,"mutations_per_second":16143526.7148,"timed_operations":"remove_insert_rekey_then_cancel","comparisons":null,"setup_excluded":true,"final_queue_len":0}
Native owner (macos-15)	Q5.2 supplementary queue benchmark checks	2026-10-05T02:06:12.8051520Z Q52_ROW {"scenario":"legacy_algorithm_baseline_bcb11cd_retain_rekey_cancel_50_50","algorithm_source_commit":"bcb11cd61bc38b4813815f574a6a051f3b9e8faf","n":1000,"priority_shape":"tied","repeat":2,"occupancy_before_each_op":1000,"commands_requested":100,"commands_completed":100,"reprioritize_commands":50,"cancel_commands":50,"derived_expected_retain_predicate_visits":100000,"elapsed_ns_sum":147961,"ops":100,"ns_per_command_mean":1479.6100,"ns_per_command_p50":1459,"ns_per_command_p95":1583,"sample_elapsed_ns":[1333,1416,1416,1416,1416,1417,1417,1417,1417,1417,1417,1417,1417,1417,1417,1417,1417,1417,1417,1417,1417,1417,1417,1417,1458,1458,1458,1458,1458,1458,1458,1458,1458,1458,1458,1458,1458,1458,1458,1458,1458,1458,1458,1458,1458,1458,1458,1458,1458,1459,1459,1459,1459,1459,1459,1459,1459,1459,1459,1459,1459,1459,1459,1500,1500,1500,1500,1500,1500,1500,1500,1500,1500,1500,1500,1500,1500,1500,1500,1500,1500,1500,1500,1500,1500,1541,1541,1541,1542,1542,1542,1542,1542,1583,1583,1625,1625,1750,1833,1833],"commands_per_second_mean":675853.7723,"timed_operations":"historical_retain_predicate_plus_reprioritize_insert_or_cancel","setup_clone_excluded":true,"exploratory_timer_overhead_unadjusted":true,"contract_timing_evidence":false,"status":"complete"}
Native owner (macos-15)	Q5.2 supplementary queue benchmark checks	2026-10-05T02:06:12.8158740Z Q52_ROW {"scenario":"legacy_algorithm_baseline_bcb11cd_retain_rekey_cancel_50_50","algorithm_source_commit":"bcb11cd61bc38b4813815f574a6a051f3b9e8faf","n":1000,"priority_shape":"mixed","repeat":2,"occupancy_before_each_op":1000,"commands_requested":100,"commands_completed":100,"reprioritize_commands":50,"cancel_commands":50,"derived_expected_retain_predicate_visits":100000,"elapsed_ns_sum":156333,"ops":100,"ns_per_command_mean":1563.3300,"ns_per_command_p50":1541,"ns_per_command_p95":1792,"sample_elapsed_ns":[1416,1458,1458,1458,1458,1458,1458,1458,1458,1458,1458,1458,1458,1458,1458,1458,1458,1459,1459,1459,1459,1459,1459,1459,1459,1459,1500,1500,1500,1500,1500,1500,1500,1500,1500,1500,1500,1500,1500,1500,1500,1500,1500,1500,1541,1541,1541,1541,1541,1541,1541,1541,1541,1541,1542,1542,1542,1542,1542,1542,1542,1542,1542,1542,1542,1542,1542,1542,1542,1542,1542,1542,1583,1583,1583,1583,1583,1583,1583,1584,1584,1584,1584,1625,1625,1666,1666,1666,1667,1708,1709,1709,1750,1792,1792,1792,1833,1916,1917,3042],"commands_per_second_mean":639660.2125,"timed_operations":"historical_retain_predicate_plus_reprioritize_insert_or_cancel","setup_clone_excluded":true,"exploratory_timer_overhead_unadjusted":true,"contract_timing_evidence":false,"status":"complete"}
Native owner (macos-15)	Q5.2 supplementary queue benchmark checks	2026-10-05T02:06:12.8265490Z Q52_ROW {"scenario":"actual_remove_waiting_request_rekey_cancel_50_50","n":1000,"priority_shape":"tied","repeat":2,"occupancy_before_each_op":1000,"commands_requested":100,"commands_completed":100,"reprioritize_commands":50,"cancel_commands":50,"removed_keys":100,"reinserted_keys":50,"elapsed_ns_sum":8787,"ops":100,"ns_per_command_mean":87.8700,"ns_per_command_p50":83,"ns_per_command_p95":125,"sample_elapsed_ns":[41,41,41,41,41,41,41,41,41,41,41,42,42,42,42,42,42,42,42,42,42,42,42,42,42,42,42,42,42,42,42,42,42,83,83,83,83,83,83,83,83,83,83,83,83,83,83,83,83,83,83,83,83,83,83,83,83,83,83,83,83,83,83,83,83,83,83,83,84,84,84,84,84,84,84,84,84,84,84,84,125,125,125,125,125,125,125,125,125,125,125,125,125,125,125,166,166,333,375,584],"commands_per_second_mean":11380448.3897,"timed_operations":"current_private_remove_waiting_request_plus_exact_rekey_insert_or_cancel_state","admission_sequence_preserved":true,"setup_clone_excluded":true,"exploratory_timer_overhead_unadjusted":true,"contract_timing_evidence":false,"status":"complete"}
Native owner (macos-15)	Q5.2 supplementary queue benchmark checks	2026-10-05T02:06:12.8371600Z Q52_ROW {"scenario":"actual_remove_waiting_request_rekey_cancel_50_50","n":1000,"priority_shape":"mixed","repeat":2,"occupancy_before_each_op":1000,"commands_requested":100,"commands_completed":100,"reprioritize_commands":50,"cancel_commands":50,"removed_keys":100,"reinserted_keys":50,"elapsed_ns_sum":12702,"ops":100,"ns_per_command_mean":127.0200,"ns_per_command_p50":125,"ns_per_command_p95":208,"sample_elapsed_ns":[41,41,41,41,41,41,41,42,42,42,42,42,42,42,83,83,83,83,83,83,83,83,83,83,83,83,83,83,83,83,83,83,83,83,83,83,83,84,84,84,84,84,84,125,125,125,125,125,125,125,125,125,125,125,125,125,125,125,125,125,166,166,166,166,166,166,166,166,167,167,167,167,167,167,167,167,167,167,167,167,167,167,167,167,167,167,167,167,167,208,208,208,208,208,208,250,250,292,333,375],"commands_per_second_mean":7872775.9408,"timed_operations":"current_private_remove_waiting_request_plus_exact_rekey_insert_or_cancel_state","admission_sequence_preserved":true,"setup_clone_excluded":true,"exploratory_timer_overhead_unadjusted":true,"contract_timing_evidence":false,"status":"complete"}
Native owner (macos-15)	Q5.2 supplementary queue benchmark checks	2026-10-05T02:06:12.8476920Z Q52_ROW {"scenario":"actual_helper_batched_reversible_rekey","algorithm_source_commit":"05b7822f0c69b9d36549130e228c01689b908a13","n":1000,"priority_shape":"tied","repeat":2,"cycles":50000,"operations":50000,"primitive_queue_mutations":200000,"queue_mutations_per_cycle":4,"restoration_insert_count":50000,"elapsed_ns":8442250,"ns_per_primitive_op":42.2112,"derived_expected_helper_removals":100000,"occupancy_at_cycle_boundaries":1000,"final_queue_matches_initial":true,"setup_and_verification_excluded":true,"timed_operations":"two_current_remove_waiting_request_calls_with_success_checks_plus_rekey_insert_and_restore_insert; reversible helper cycle, not a Cancel or Reprioritize command","end_to_end_speedup_claim":false,"status":"complete"}
Native owner (macos-15)	Q5.2 supplementary queue benchmark checks	2026-10-05T02:06:12.8581610Z Q52_ROW {"scenario":"actual_helper_batched_reversible_rekey","algorithm_source_commit":"05b7822f0c69b9d36549130e228c01689b908a13","n":1000,"priority_shape":"mixed","repeat":2,"cycles":50000,"operations":50000,"primitive_queue_mutations":200000,"queue_mutations_per_cycle":4,"restoration_insert_count":50000,"elapsed_ns":13523541,"ns_per_primitive_op":67.6177,"derived_expected_helper_removals":100000,"occupancy_at_cycle_boundaries":1000,"final_queue_matches_initial":true,"setup_and_verification_excluded":true,"timed_operations":"two_current_remove_waiting_request_calls_with_success_checks_plus_rekey_insert_and_restore_insert; reversible helper cycle, not a Cancel or Reprioritize command","end_to_end_speedup_claim":false,"status":"complete"}
Native owner (macos-15)	Q5.2 supplementary queue benchmark checks	2026-10-05T02:06:12.9288800Z Q52_ROW {"scenario":"historical_retain_batched_reversible_rekey","algorithm_source_commit":"bcb11cd61bc38b4813815f574a6a051f3b9e8faf","n":1000,"priority_shape":"tied","repeat":2,"cycles":50000,"operations":50000,"primitive_queue_mutations":200000,"queue_mutations_per_cycle":4,"restoration_insert_count":50000,"elapsed_ns":153906500,"ns_per_primitive_op":769.5325,"historical_retain_predicate_visits_exact":100000000,"historical_retain_predicate_visit_bound":"2*n*cycles","occupancy_at_cycle_boundaries":1000,"final_queue_matches_initial":true,"setup_and_verification_excluded":true,"timed_operations":"two historical retain passes plus rekey insert and restore insert; reversible helper cycle, not a Cancel or Reprioritize command","end_to_end_speedup_claim":false,"status":"complete"}
Native owner (macos-15)	Q5.2 supplementary queue benchmark checks	2026-10-05T02:06:13.0781370Z Q52_ROW {"scenario":"historical_retain_batched_reversible_rekey","algorithm_source_commit":"bcb11cd61bc38b4813815f574a6a051f3b9e8faf","n":1000,"priority_shape":"mixed","repeat":2,"cycles":50000,"operations":50000,"primitive_queue_mutations":200000,"queue_mutations_per_cycle":4,"restoration_insert_count":50000,"elapsed_ns":156456417,"ns_per_primitive_op":782.2821,"historical_retain_predicate_visits_exact":100000000,"historical_retain_predicate_visit_bound":"2*n*cycles","occupancy_at_cycle_boundaries":1000,"final_queue_matches_initial":true,"setup_and_verification_excluded":true,"timed_operations":"two historical retain passes plus rekey insert and restore insert; reversible helper cycle, not a Cancel or Reprioritize command","end_to_end_speedup_claim":false,"status":"complete"}
Native owner (macos-15)	Q5.2 supplementary queue benchmark checks	2026-10-05T02:06:13.0784800Z Q52_ROW {"scenario":"legacy_resource_fifo","n":1000,"capacity":1,"comparison_class":"matched_fifo_primitive_only","repeat":3,"batches":10,"elapsed_ns":53125,"ops":20000,"ns_per_op":2.6562,"ops_per_second":376470588.2353,"timed_operations":"request_waiter_and_release_waiter","comparisons":null,"setup_excluded":true,"fifo_order_checked_in_correctness_test":true,"final_queue_len":0}
Native owner (macos-15)	Q5.2 supplementary queue benchmark checks	2026-10-05T02:06:13.0788340Z Q52_ROW {"scenario":"priority_fifo","n":1000,"priority_shape":"tied","legacy_fifo_comparable":true,"repeat":3,"batches":10,"elapsed_ns":837542,"ops":20000,"ns_per_op":41.8771,"ops_per_second":23879399.4809,"timed_operations":"insert_and_remove_min","comparisons":null,"setup_excluded":true,"final_queue_len":0}
Native owner (macos-15)	Q5.2 supplementary queue benchmark checks	2026-10-05T02:06:13.0796830Z Q52_ROW {"scenario":"priority_fifo","n":1000,"priority_shape":"mixed","legacy_fifo_comparable":false,"repeat":3,"batches":10,"elapsed_ns":841042,"ops":20000,"ns_per_op":42.0521,"ops_per_second":23780025.2544,"timed_operations":"insert_and_remove_min","comparisons":null,"setup_excluded":true,"final_queue_len":0}
Native owner (macos-15)	Q5.2 supplementary queue benchmark checks	2026-10-05T02:06:13.0799050Z Q52_ROW {"scenario":"claim_queue_direct_tree_rekey_cancel_50_50","n":1000,"priority_shape":"tied","repeat":3,"queue_occupancy_initial":1000,"queue_occupancy_final":0,"queue_occupancy_mean_at_mutation_start":500.1667,"rekeys":1000,"cancels":1000,"tree_mutations":3000,"elapsed_ns":106458,"ops":2000,"ns_per_request":53.2290,"requests_per_second":18786751.5828,"ns_per_tree_mutation":35.4860,"mutations_per_second":28180127.3742,"timed_operations":"remove_insert_rekey_then_cancel","comparisons":null,"setup_excluded":true,"final_queue_len":0}
Native owner (macos-15)	Q5.2 supplementary queue benchmark checks	2026-10-05T02:06:13.0801810Z Q52_ROW {"scenario":"claim_queue_direct_tree_rekey_cancel_50_50","n":1000,"priority_shape":"mixed","repeat":3,"queue_occupancy_initial":1000,"queue_occupancy_final":0,"queue_occupancy_mean_at_mutation_start":500.1667,"rekeys":1000,"cancels":1000,"tree_mutations":3000,"elapsed_ns":200125,"ops":2000,"ns_per_request":100.0625,"requests_per_second":9993753.9038,"ns_per_tree_mutation":66.7083,"mutations_per_second":14990630.8557,"timed_operations":"remove_insert_rekey_then_cancel","comparisons":null,"setup_excluded":true,"final_queue_len":0}
Native owner (macos-15)	Q5.2 supplementary queue benchmark checks	2026-10-05T02:06:13.0817780Z Q52_ROW {"scenario":"legacy_algorithm_baseline_bcb11cd_retain_rekey_cancel_50_50","algorithm_source_commit":"bcb11cd61bc38b4813815f574a6a051f3b9e8faf","n":1000,"priority_shape":"tied","repeat":3,"occupancy_before_each_op":1000,"commands_requested":100,"commands_completed":100,"reprioritize_commands":50,"cancel_commands":50,"derived_expected_retain_predicate_visits":100000,"elapsed_ns_sum":146459,"ops":100,"ns_per_command_mean":1464.5900,"ns_per_command_p50":1458,"ns_per_command_p95":1542,"sample_elapsed_ns":[1375,1375,1375,1375,1375,1375,1416,1416,1416,1416,1416,1416,1416,1416,1416,1416,1416,1417,1417,1417,1417,1417,1417,1417,1417,1417,1417,1417,1417,1417,1417,1417,1417,1417,1417,1417,1417,1417,1417,1417,1458,1458,1458,1458,1458,1458,1458,1458,1458,1458,1458,1458,1458,1458,1458,1458,1458,1458,1458,1459,1459,1459,1459,1459,1459,1459,1459,1459,1459,1459,1500,1500,1500,1500,1500,1500,1500,1500,1500,1500,1500,1500,1500,1500,1500,1500,1500,1500,1500,1500,1500,1500,1541,1541,1542,1542,1542,1542,1583,2458],"commands_per_second_mean":682784.9432,"timed_operations":"historical_retain_predicate_plus_reprioritize_insert_or_cancel","setup_clone_excluded":true,"exploratory_timer_overhead_unadjusted":true,"contract_timing_evidence":false,"status":"complete"}
Native owner (macos-15)	Q5.2 supplementary queue benchmark checks	2026-10-05T02:06:13.0830300Z Q52_ROW {"scenario":"legacy_algorithm_baseline_bcb11cd_retain_rekey_cancel_50_50","algorithm_source_commit":"bcb11cd61bc38b4813815f574a6a051f3b9e8faf","n":1000,"priority_shape":"mixed","repeat":3,"occupancy_before_each_op":1000,"commands_requested":100,"commands_completed":100,"reprioritize_commands":50,"cancel_commands":50,"derived_expected_retain_predicate_visits":100000,"elapsed_ns_sum":155408,"ops":100,"ns_per_command_mean":1554.0800,"ns_per_command_p50":1541,"ns_per_command_p95":1709,"sample_elapsed_ns":[1417,1458,1458,1458,1458,1458,1458,1458,1458,1458,1458,1458,1458,1458,1458,1458,1458,1458,1459,1459,1459,1459,1459,1459,1500,1500,1500,1500,1500,1500,1500,1500,1500,1500,1500,1500,1500,1500,1500,1500,1500,1500,1500,1500,1541,1541,1541,1541,1541,1541,1541,1541,1541,1541,1541,1542,1542,1542,1542,1542,1542,1542,1542,1542,1542,1542,1542,1542,1542,1583,1583,1583,1583,1583,1583,1583,1583,1583,1583,1583,1583,1583,1584,1625,1625,1625,1625,1625,1625,1666,1667,1667,1708,1708,1709,1709,1833,1916,2000,2416],"commands_per_second_mean":643467.5178,"timed_operations":"historical_retain_predicate_plus_reprioritize_insert_or_cancel","setup_clone_excluded":true,"exploratory_timer_overhead_unadjusted":true,"contract_timing_evidence":false,"status":"complete"}
Native owner (macos-15)	Q5.2 supplementary queue benchmark checks	2026-10-05T02:06:13.0841750Z Q52_ROW {"scenario":"actual_remove_waiting_request_rekey_cancel_50_50","n":1000,"priority_shape":"tied","repeat":3,"occupancy_before_each_op":1000,"commands_requested":100,"commands_completed":100,"reprioritize_commands":50,"cancel_commands":50,"removed_keys":100,"reinserted_keys":50,"elapsed_ns_sum":7501,"ops":100,"ns_per_command_mean":75.0100,"ns_per_command_p50":83,"ns_per_command_p95":125,"sample_elapsed_ns":[41,41,41,41,41,41,42,42,42,42,42,42,42,42,42,42,42,42,42,42,42,42,42,42,42,42,42,42,42,42,42,42,83,83,83,83,83,83,83,83,83,83,83,83,83,83,83,83,83,83,83,83,83,83,83,83,83,83,83,83,83,83,83,83,83,83,83,83,83,83,83,83,83,83,83,84,84,84,84,84,84,84,84,84,84,84,84,84,84,84,84,84,125,125,125,125,125,125,208,208],"commands_per_second_mean":13331555.7926,"timed_operations":"current_private_remove_waiting_request_plus_exact_rekey_insert_or_cancel_state","admission_sequence_preserved":true,"setup_clone_excluded":true,"exploratory_timer_overhead_unadjusted":true,"contract_timing_evidence":false,"status":"complete"}
Native owner (macos-15)	Q5.2 supplementary queue benchmark checks	2026-10-05T02:06:13.0852730Z Q52_ROW {"scenario":"actual_remove_waiting_request_rekey_cancel_50_50","n":1000,"priority_shape":"mixed","repeat":3,"occupancy_before_each_op":1000,"commands_requested":100,"commands_completed":100,"reprioritize_commands":50,"cancel_commands":50,"removed_keys":100,"reinserted_keys":50,"elapsed_ns_sum":11788,"ops":100,"ns_per_command_mean":117.8800,"ns_per_command_p50":125,"ns_per_command_p95":209,"sample_elapsed_ns":[41,41,41,41,41,42,42,42,42,42,42,83,83,83,83,83,83,83,83,83,83,83,83,83,83,83,83,83,83,83,83,83,83,83,83,83,83,84,84,84,84,84,84,84,84,84,84,84,125,125,125,125,125,125,125,125,125,125,125,125,125,125,125,125,125,125,125,125,125,125,125,125,166,166,166,166,166,166,166,166,167,167,167,167,167,167,167,167,167,167,167,167,208,208,209,250,250,250,250,292],"commands_per_second_mean":8483203.2576,"timed_operations":"current_private_remove_waiting_request_plus_exact_rekey_insert_or_cancel_state","admission_sequence_preserved":true,"setup_clone_excluded":true,"exploratory_timer_overhead_unadjusted":true,"contract_timing_evidence":false,"status":"complete"}
Native owner (macos-15)	Q5.2 supplementary queue benchmark checks	2026-10-05T02:06:13.0935160Z Q52_ROW {"scenario":"actual_helper_batched_reversible_rekey","algorithm_source_commit":"05b7822f0c69b9d36549130e228c01689b908a13","n":1000,"priority_shape":"tied","repeat":3,"cycles":50000,"operations":50000,"primitive_queue_mutations":200000,"queue_mutations_per_cycle":4,"restoration_insert_count":50000,"elapsed_ns":8112541,"ns_per_primitive_op":40.5627,"derived_expected_helper_removals":100000,"occupancy_at_cycle_boundaries":1000,"final_queue_matches_initial":true,"setup_and_verification_excluded":true,"timed_operations":"two_current_remove_waiting_request_calls_with_success_checks_plus_rekey_insert_and_restore_insert; reversible helper cycle, not a Cancel or Reprioritize command","end_to_end_speedup_claim":false,"status":"complete"}
Native owner (macos-15)	Q5.2 supplementary queue benchmark checks	2026-10-05T02:06:13.1071780Z Q52_ROW {"scenario":"actual_helper_batched_reversible_rekey","algorithm_source_commit":"05b7822f0c69b9d36549130e228c01689b908a13","n":1000,"priority_shape":"mixed","repeat":3,"cycles":50000,"operations":50000,"primitive_queue_mutations":200000,"queue_mutations_per_cycle":4,"restoration_insert_count":50000,"elapsed_ns":13520333,"ns_per_primitive_op":67.6017,"derived_expected_helper_removals":100000,"occupancy_at_cycle_boundaries":1000,"final_queue_matches_initial":true,"setup_and_verification_excluded":true,"timed_operations":"two_current_remove_waiting_request_calls_with_success_checks_plus_rekey_insert_and_restore_insert; reversible helper cycle, not a Cancel or Reprioritize command","end_to_end_speedup_claim":false,"status":"complete"}
Native owner (macos-15)	Q5.2 supplementary queue benchmark checks	2026-10-05T02:06:13.2570810Z Q52_ROW {"scenario":"historical_retain_batched_reversible_rekey","algorithm_source_commit":"bcb11cd61bc38b4813815f574a6a051f3b9e8faf","n":1000,"priority_shape":"tied","repeat":3,"cycles":50000,"operations":50000,"primitive_queue_mutations":200000,"queue_mutations_per_cycle":4,"restoration_insert_count":50000,"elapsed_ns":149715042,"ns_per_primitive_op":748.5752,"historical_retain_predicate_visits_exact":100000000,"historical_retain_predicate_visit_bound":"2*n*cycles","occupancy_at_cycle_boundaries":1000,"final_queue_matches_initial":true,"setup_and_verification_excluded":true,"timed_operations":"two historical retain passes plus rekey insert and restore insert; reversible helper cycle, not a Cancel or Reprioritize command","end_to_end_speedup_claim":false,"status":"complete"}
Native owner (macos-15)	Q5.2 supplementary queue benchmark checks	2026-10-05T02:06:13.4265530Z Q52_ROW {"scenario":"historical_retain_batched_reversible_rekey","algorithm_source_commit":"bcb11cd61bc38b4813815f574a6a051f3b9e8faf","n":1000,"priority_shape":"mixed","repeat":3,"cycles":50000,"operations":50000,"primitive_queue_mutations":200000,"queue_mutations_per_cycle":4,"restoration_insert_count":50000,"elapsed_ns":166400667,"ns_per_primitive_op":832.0033,"historical_retain_predicate_visits_exact":100000000,"historical_retain_predicate_visit_bound":"2*n*cycles","occupancy_at_cycle_boundaries":1000,"final_queue_matches_initial":true,"setup_and_verification_excluded":true,"timed_operations":"two historical retain passes plus rekey insert and restore insert; reversible helper cycle, not a Cancel or Reprioritize command","end_to_end_speedup_claim":false,"status":"complete"}
Native owner (macos-15)	Q5.2 supplementary queue benchmark checks	2026-10-05T02:06:13.4369620Z Q52_ROW {"scenario":"legacy_resource_fifo","n":1000,"capacity":1,"comparison_class":"matched_fifo_primitive_only","repeat":4,"batches":10,"elapsed_ns":48416,"ops":20000,"ns_per_op":2.4208,"ops_per_second":413086582.9478,"timed_operations":"request_waiter_and_release_waiter","comparisons":null,"setup_excluded":true,"fifo_order_checked_in_correctness_test":true,"final_queue_len":0}
Native owner (macos-15)	Q5.2 supplementary queue benchmark checks	2026-10-05T02:06:13.4427280Z Q52_ROW {"scenario":"priority_fifo","n":1000,"priority_shape":"tied","legacy_fifo_comparable":true,"repeat":4,"batches":10,"elapsed_ns":820042,"ops":20000,"ns_per_op":41.0021,"ops_per_second":24388994.7100,"timed_operations":"insert_and_remove_min","comparisons":null,"setup_excluded":true,"final_queue_len":0}
Native owner (macos-15)	Q5.2 supplementary queue benchmark checks	2026-10-05T02:06:13.4529940Z Q52_ROW {"scenario":"priority_fifo","n":1000,"priority_shape":"mixed","legacy_fifo_comparable":false,"repeat":4,"batches":10,"elapsed_ns":826416,"ops":20000,"ns_per_op":41.3208,"ops_per_second":24200886.7205,"timed_operations":"insert_and_remove_min","comparisons":null,"setup_excluded":true,"final_queue_len":0}
Native owner (macos-15)	Q5.2 supplementary queue benchmark checks	2026-10-05T02:06:13.4539190Z Q52_ROW {"scenario":"claim_queue_direct_tree_rekey_cancel_50_50","n":1000,"priority_shape":"tied","repeat":4,"queue_occupancy_initial":1000,"queue_occupancy_final":0,"queue_occupancy_mean_at_mutation_start":500.1667,"rekeys":1000,"cancels":1000,"tree_mutations":3000,"elapsed_ns":82250,"ops":2000,"ns_per_request":41.1250,"requests_per_second":24316109.4225,"ns_per_tree_mutation":27.4167,"mutations_per_second":36474164.1337,"timed_operations":"remove_insert_rekey_then_cancel","comparisons":null,"setup_excluded":true,"final_queue_len":0}
Native owner (macos-15)	Q5.2 supplementary queue benchmark checks	2026-10-05T02:06:13.4642910Z Q52_ROW {"scenario":"claim_queue_direct_tree_rekey_cancel_50_50","n":1000,"priority_shape":"mixed","repeat":4,"queue_occupancy_initial":1000,"queue_occupancy_final":0,"queue_occupancy_mean_at_mutation_start":500.1667,"rekeys":1000,"cancels":1000,"tree_mutations":3000,"elapsed_ns":182542,"ops":2000,"ns_per_request":91.2710,"requests_per_second":10956382.6407,"ns_per_tree_mutation":60.8473,"mutations_per_second":16434573.9611,"timed_operations":"remove_insert_rekey_then_cancel","comparisons":null,"setup_excluded":true,"final_queue_len":0}
Native owner (macos-15)	Q5.2 supplementary queue benchmark checks	2026-10-05T02:06:13.4747830Z Q52_ROW {"scenario":"legacy_algorithm_baseline_bcb11cd_retain_rekey_cancel_50_50","algorithm_source_commit":"bcb11cd61bc38b4813815f574a6a051f3b9e8faf","n":1000,"priority_shape":"tied","repeat":4,"occupancy_before_each_op":1000,"commands_requested":100,"commands_completed":100,"reprioritize_commands":50,"cancel_commands":50,"derived_expected_retain_predicate_visits":100000,"elapsed_ns_sum":150708,"ops":100,"ns_per_command_mean":1507.0800,"ns_per_command_p50":1458,"ns_per_command_p95":1541,"sample_elapsed_ns":[1375,1375,1375,1375,1416,1416,1416,1416,1416,1416,1416,1416,1416,1416,1416,1416,1416,1416,1416,1416,1416,1417,1417,1417,1417,1417,1417,1417,1417,1417,1417,1417,1417,1417,1417,1417,1417,1417,1417,1417,1417,1417,1417,1458,1458,1458,1458,1458,1458,1458,1458,1458,1458,1458,1458,1458,1458,1458,1459,1459,1459,1459,1459,1459,1459,1459,1459,1459,1459,1459,1459,1459,1500,1500,1500,1500,1500,1500,1500,1500,1500,1500,1500,1500,1500,1500,1500,1500,1500,1500,1500,1500,1541,1541,1541,1542,1584,2000,2708,5209],"commands_per_second_mean":663534.7825,"timed_operations":"historical_retain_predicate_plus_reprioritize_insert_or_cancel","setup_clone_excluded":true,"exploratory_timer_overhead_unadjusted":true,"contract_timing_evidence":false,"status":"complete"}
Native owner (macos-15)	Q5.2 supplementary queue benchmark checks	2026-10-05T02:06:13.4854880Z Q52_ROW {"scenario":"legacy_algorithm_baseline_bcb11cd_retain_rekey_cancel_50_50","algorithm_source_commit":"bcb11cd61bc38b4813815f574a6a051f3b9e8faf","n":1000,"priority_shape":"mixed","repeat":4,"occupancy_before_each_op":1000,"commands_requested":100,"commands_completed":100,"reprioritize_commands":50,"cancel_commands":50,"derived_expected_retain_predicate_visits":100000,"elapsed_ns_sum":165826,"ops":100,"ns_per_command_mean":1658.2600,"ns_per_command_p50":1542,"ns_per_command_p95":2291,"sample_elapsed_ns":[1416,1417,1458,1458,1458,1458,1458,1458,1458,1458,1458,1458,1458,1458,1458,1458,1458,1458,1458,1458,1459,1459,1459,1459,1500,1500,1500,1500,1500,1500,1500,1500,1500,1500,1500,1500,1500,1541,1541,1541,1541,1541,1541,1541,1541,1541,1541,1542,1542,1542,1542,1542,1542,1542,1542,1542,1542,1542,1583,1583,1583,1583,1583,1583,1583,1583,1583,1583,1584,1584,1625,1625,1625,1625,1625,1625,1625,1625,1625,1625,1667,1667,1667,1667,1667,1709,1709,1750,1750,1833,1833,1958,2000,2125,2291,2375,2459,2541,2542,6583],"commands_per_second_mean":603041.7425,"timed_operations":"historical_retain_predicate_plus_reprioritize_insert_or_cancel","setup_clone_excluded":true,"exploratory_timer_overhead_unadjusted":true,"contract_timing_evidence":false,"status":"complete"}
Native owner (macos-15)	Q5.2 supplementary queue benchmark checks	2026-10-05T02:06:13.4889050Z Q52_ROW {"scenario":"actual_remove_waiting_request_rekey_cancel_50_50","n":1000,"priority_shape":"tied","repeat":4,"occupancy_before_each_op":1000,"commands_requested":100,"commands_completed":100,"reprioritize_commands":50,"cancel_commands":50,"removed_keys":100,"reinserted_keys":50,"elapsed_ns_sum":7672,"ops":100,"ns_per_command_mean":76.7200,"ns_per_command_p50":83,"ns_per_command_p95":125,"sample_elapsed_ns":[41,41,41,41,41,41,41,41,41,41,41,41,41,41,41,41,42,42,42,42,42,42,42,42,42,42,42,42,42,42,42,42,42,42,42,42,42,42,42,42,83,83,83,83,83,83,83,83,83,83,83,83,83,83,83,83,83,83,83,83,83,83,83,83,83,84,84,84,84,84,84,84,84,84,84,84,84,84,84,84,84,84,84,84,84,84,84,84,125,125,125,125,125,125,125,125,125,167,292,417],"commands_per_second_mean":13034410.8446,"timed_operations":"current_private_remove_waiting_request_plus_exact_rekey_insert_or_cancel_state","admission_sequence_preserved":true,"setup_clone_excluded":true,"exploratory_timer_overhead_unadjusted":true,"contract_timing_evidence":false,"status":"complete"}
Native owner (macos-15)	Q5.2 supplementary queue benchmark checks	2026-10-05T02:06:13.4997010Z Q52_ROW {"scenario":"actual_remove_waiting_request_rekey_cancel_50_50","n":1000,"priority_shape":"mixed","repeat":4,"occupancy_before_each_op":1000,"commands_requested":100,"commands_completed":100,"reprioritize_commands":50,"cancel_commands":50,"removed_keys":100,"reinserted_keys":50,"elapsed_ns_sum":13457,"ops":100,"ns_per_command_mean":134.5700,"ns_per_command_p50":125,"ns_per_command_p95":291,"sample_elapsed_ns":[41,41,41,41,41,42,42,42,42,42,42,42,42,42,42,42,42,42,42,83,83,83,83,83,83,83,83,83,83,83,83,83,83,83,84,84,84,84,84,84,84,84,84,125,125,125,125,125,125,125,125,125,125,125,125,125,125,166,166,166,166,166,166,166,166,166,167,167,167,167,167,167,167,167,167,167,167,167,167,167,208,208,208,208,208,208,208,209,209,250,250,250,291,291,291,291,292,333,334,334],"commands_per_second_mean":7431076.7630,"timed_operations":"current_private_remove_waiting_request_plus_exact_rekey_insert_or_cancel_state","admission_sequence_preserved":true,"setup_clone_excluded":true,"exploratory_timer_overhead_unadjusted":true,"contract_timing_evidence":false,"status":"complete"}
Native owner (macos-15)	Q5.2 supplementary queue benchmark checks	2026-10-05T02:06:13.5192390Z Q52_ROW {"scenario":"actual_helper_batched_reversible_rekey","algorithm_source_commit":"05b7822f0c69b9d36549130e228c01689b908a13","n":1000,"priority_shape":"tied","repeat":4,"cycles":50000,"operations":50000,"primitive_queue_mutations":200000,"queue_mutations_per_cycle":4,"restoration_insert_count":50000,"elapsed_ns":8250916,"ns_per_primitive_op":41.2546,"derived_expected_helper_removals":100000,"occupancy_at_cycle_boundaries":1000,"final_queue_matches_initial":true,"setup_and_verification_excluded":true,"timed_operations":"two_current_remove_waiting_request_calls_with_success_checks_plus_rekey_insert_and_restore_insert; reversible helper cycle, not a Cancel or Reprioritize command","end_to_end_speedup_claim":false,"status":"complete"}
Native owner (macos-15)	Q5.2 supplementary queue benchmark checks	2026-10-05T02:06:13.5308560Z Q52_ROW {"scenario":"actual_helper_batched_reversible_rekey","algorithm_source_commit":"05b7822f0c69b9d36549130e228c01689b908a13","n":1000,"priority_shape":"mixed","repeat":4,"cycles":50000,"operations":50000,"primitive_queue_mutations":200000,"queue_mutations_per_cycle":4,"restoration_insert_count":50000,"elapsed_ns":13570167,"ns_per_primitive_op":67.8508,"derived_expected_helper_removals":100000,"occupancy_at_cycle_boundaries":1000,"final_queue_matches_initial":true,"setup_and_verification_excluded":true,"timed_operations":"two_current_remove_waiting_request_calls_with_success_checks_plus_rekey_insert_and_restore_insert; reversible helper cycle, not a Cancel or Reprioritize command","end_to_end_speedup_claim":false,"status":"complete"}
Native owner (macos-15)	Q5.2 supplementary queue benchmark checks	2026-10-05T02:06:13.6441370Z Q52_ROW {"scenario":"historical_retain_batched_reversible_rekey","algorithm_source_commit":"bcb11cd61bc38b4813815f574a6a051f3b9e8faf","n":1000,"priority_shape":"tied","repeat":4,"cycles":50000,"operations":50000,"primitive_queue_mutations":200000,"queue_mutations_per_cycle":4,"restoration_insert_count":50000,"elapsed_ns":188262084,"ns_per_primitive_op":941.3104,"historical_retain_predicate_visits_exact":100000000,"historical_retain_predicate_visit_bound":"2*n*cycles","occupancy_at_cycle_boundaries":1000,"final_queue_matches_initial":true,"setup_and_verification_excluded":true,"timed_operations":"two historical retain passes plus rekey insert and restore insert; reversible helper cycle, not a Cancel or Reprioritize command","end_to_end_speedup_claim":false,"status":"complete"}
Native owner (macos-15)	Q5.2 supplementary queue benchmark checks	2026-10-05T02:06:13.8045690Z Q52_ROW {"scenario":"historical_retain_batched_reversible_rekey","algorithm_source_commit":"bcb11cd61bc38b4813815f574a6a051f3b9e8faf","n":1000,"priority_shape":"mixed","repeat":4,"cycles":50000,"operations":50000,"primitive_queue_mutations":200000,"queue_mutations_per_cycle":4,"restoration_insert_count":50000,"elapsed_ns":159055125,"ns_per_primitive_op":795.2756,"historical_retain_predicate_visits_exact":100000000,"historical_retain_predicate_visit_bound":"2*n*cycles","occupancy_at_cycle_boundaries":1000,"final_queue_matches_initial":true,"setup_and_verification_excluded":true,"timed_operations":"two historical retain passes plus rekey insert and restore insert; reversible helper cycle, not a Cancel or Reprioritize command","end_to_end_speedup_claim":false,"status":"complete"}
Native owner (macos-15)	Q5.2 supplementary queue benchmark checks	2026-10-05T02:06:13.8144950Z Q52_ROW {"scenario":"legacy_resource_fifo","n":1000,"capacity":1,"comparison_class":"matched_fifo_primitive_only","repeat":5,"batches":10,"elapsed_ns":49541,"ops":20000,"ns_per_op":2.4771,"ops_per_second":403706021.2753,"timed_operations":"request_waiter_and_release_waiter","comparisons":null,"setup_excluded":true,"fifo_order_checked_in_correctness_test":true,"final_queue_len":0}
Native owner (macos-15)	Q5.2 supplementary queue benchmark checks	2026-10-05T02:06:13.8247730Z Q52_ROW {"scenario":"priority_fifo","n":1000,"priority_shape":"tied","legacy_fifo_comparable":true,"repeat":5,"batches":10,"elapsed_ns":854959,"ops":20000,"ns_per_op":42.7480,"ops_per_second":23392934.6320,"timed_operations":"insert_and_remove_min","comparisons":null,"setup_excluded":true,"final_queue_len":0}
Native owner (macos-15)	Q5.2 supplementary queue benchmark checks	2026-10-05T02:06:13.8349120Z Q52_ROW {"scenario":"priority_fifo","n":1000,"priority_shape":"mixed","legacy_fifo_comparable":false,"repeat":5,"batches":10,"elapsed_ns":850834,"ops":20000,"ns_per_op":42.5417,"ops_per_second":23506347.8892,"timed_operations":"insert_and_remove_min","comparisons":null,"setup_excluded":true,"final_queue_len":0}
Native owner (macos-15)	Q5.2 supplementary queue benchmark checks	2026-10-05T02:06:13.8450990Z Q52_ROW {"scenario":"claim_queue_direct_tree_rekey_cancel_50_50","n":1000,"priority_shape":"tied","repeat":5,"queue_occupancy_initial":1000,"queue_occupancy_final":0,"queue_occupancy_mean_at_mutation_start":500.1667,"rekeys":1000,"cancels":1000,"tree_mutations":3000,"elapsed_ns":84541,"ops":2000,"ns_per_request":42.2705,"requests_per_second":23657160.4310,"ns_per_tree_mutation":28.1803,"mutations_per_second":35485740.6466,"timed_operations":"remove_insert_rekey_then_cancel","comparisons":null,"setup_excluded":true,"final_queue_len":0}
Native owner (macos-15)	Q5.2 supplementary queue benchmark checks	2026-10-05T02:06:13.8551240Z Q52_ROW {"scenario":"claim_queue_direct_tree_rekey_cancel_50_50","n":1000,"priority_shape":"mixed","repeat":5,"queue_occupancy_initial":1000,"queue_occupancy_final":0,"queue_occupancy_mean_at_mutation_start":500.1667,"rekeys":1000,"cancels":1000,"tree_mutations":3000,"elapsed_ns":212208,"ops":2000,"ns_per_request":106.1040,"requests_per_second":9424715.3736,"ns_per_tree_mutation":70.7360,"mutations_per_second":14137073.0604,"timed_operations":"remove_insert_rekey_then_cancel","comparisons":null,"setup_excluded":true,"final_queue_len":0}
Native owner (macos-15)	Q5.2 supplementary queue benchmark checks	2026-10-05T02:06:13.8654340Z Q52_ROW {"scenario":"legacy_algorithm_baseline_bcb11cd_retain_rekey_cancel_50_50","algorithm_source_commit":"bcb11cd61bc38b4813815f574a6a051f3b9e8faf","n":1000,"priority_shape":"tied","repeat":5,"occupancy_before_each_op":1000,"commands_requested":100,"commands_completed":100,"reprioritize_commands":50,"cancel_commands":50,"derived_expected_retain_predicate_visits":100000,"elapsed_ns_sum":159338,"ops":100,"ns_per_command_mean":1593.3800,"ns_per_command_p50":1459,"ns_per_command_p95":1750,"sample_elapsed_ns":[1375,1375,1375,1375,1375,1375,1375,1375,1416,1416,1416,1416,1416,1416,1416,1416,1417,1417,1417,1417,1417,1417,1417,1417,1417,1417,1417,1417,1458,1458,1458,1458,1458,1458,1458,1458,1458,1458,1458,1458,1458,1458,1458,1458,1459,1459,1459,1459,1459,1459,1459,1459,1459,1459,1459,1459,1459,1459,1500,1500,1500,1500,1500,1500,1500,1500,1500,1500,1500,1500,1500,1500,1500,1500,1500,1500,1541,1541,1541,1541,1542,1542,1542,1542,1542,1542,1542,1542,1542,1542,1583,1584,1584,1709,1750,1875,1916,2375,3084,10208],"commands_per_second_mean":627596.6813,"timed_operations":"historical_retain_predicate_plus_reprioritize_insert_or_cancel","setup_clone_excluded":true,"exploratory_timer_overhead_unadjusted":true,"contract_timing_evidence":false,"status":"complete"}
Native owner (macos-15)	Q5.2 supplementary queue benchmark checks	2026-10-05T02:06:13.8757000Z Q52_ROW {"scenario":"legacy_algorithm_baseline_bcb11cd_retain_rekey_cancel_50_50","algorithm_source_commit":"bcb11cd61bc38b4813815f574a6a051f3b9e8faf","n":1000,"priority_shape":"mixed","repeat":5,"occupancy_before_each_op":1000,"commands_requested":100,"commands_completed":100,"reprioritize_commands":50,"cancel_commands":50,"derived_expected_retain_predicate_visits":100000,"elapsed_ns_sum":155587,"ops":100,"ns_per_command_mean":1555.8700,"ns_per_command_p50":1542,"ns_per_command_p95":1750,"sample_elapsed_ns":[1417,1417,1458,1458,1458,1458,1458,1458,1458,1458,1458,1458,1458,1458,1458,1458,1459,1459,1459,1459,1459,1459,1459,1459,1459,1459,1500,1500,1500,1500,1500,1500,1500,1500,1500,1500,1500,1500,1500,1500,1500,1500,1541,1541,1541,1541,1541,1541,1542,1542,1542,1542,1542,1542,1542,1542,1542,1542,1542,1542,1542,1542,1542,1542,1583,1583,1583,1583,1583,1583,1583,1583,1583,1583,1584,1584,1584,1584,1584,1584,1625,1625,1625,1625,1625,1625,1625,1625,1666,1666,1667,1667,1667,1708,1750,1791,1834,1916,1917,2250],"commands_per_second_mean":642727.2201,"timed_operations":"historical_retain_predicate_plus_reprioritize_insert_or_cancel","setup_clone_excluded":true,"exploratory_timer_overhead_unadjusted":true,"contract_timing_evidence":false,"status":"complete"}
Native owner (macos-15)	Q5.2 supplementary queue benchmark checks	2026-10-05T02:06:13.8861400Z Q52_ROW {"scenario":"actual_remove_waiting_request_rekey_cancel_50_50","n":1000,"priority_shape":"tied","repeat":5,"occupancy_before_each_op":1000,"commands_requested":100,"commands_completed":100,"reprioritize_commands":50,"cancel_commands":50,"removed_keys":100,"reinserted_keys":50,"elapsed_ns_sum":7381,"ops":100,"ns_per_command_mean":73.8100,"ns_per_command_p50":83,"ns_per_command_p95":125,"sample_elapsed_ns":[41,41,41,41,41,41,41,41,42,42,42,42,42,42,42,42,42,42,42,42,42,42,42,42,42,42,42,42,42,42,42,42,42,42,42,42,42,83,83,83,83,83,83,83,83,83,83,83,83,83,83,83,83,83,83,83,83,83,83,83,83,83,83,83,83,83,83,83,83,83,83,84,84,84,84,84,84,84,84,84,84,84,84,84,84,84,84,84,84,84,125,125,125,125,125,125,125,125,125,292],"commands_per_second_mean":13548299.6884,"timed_operations":"current_private_remove_waiting_request_plus_exact_rekey_insert_or_cancel_state","admission_sequence_preserved":true,"setup_clone_excluded":true,"exploratory_timer_overhead_unadjusted":true,"contract_timing_evidence":false,"status":"complete"}
Native owner (macos-15)	Q5.2 supplementary queue benchmark checks	2026-10-05T02:06:13.8905780Z Q52_ROW {"scenario":"actual_remove_waiting_request_rekey_cancel_50_50","n":1000,"priority_shape":"mixed","repeat":5,"occupancy_before_each_op":1000,"commands_requested":100,"commands_completed":100,"reprioritize_commands":50,"cancel_commands":50,"removed_keys":100,"reinserted_keys":50,"elapsed_ns_sum":12958,"ops":100,"ns_per_command_mean":129.5800,"ns_per_command_p50":125,"ns_per_command_p95":250,"sample_elapsed_ns":[41,41,41,41,41,42,42,42,42,42,42,42,42,42,42,42,42,42,83,83,83,83,83,83,83,83,83,83,83,83,83,83,83,83,83,83,84,84,84,84,84,84,84,84,84,125,125,125,125,125,125,125,125,125,125,125,125,125,125,125,125,125,125,125,125,125,166,166,166,166,166,166,166,166,167,167,167,167,167,167,167,167,167,167,167,167,208,208,208,208,209,209,250,250,250,250,292,292,333,833],"commands_per_second_mean":7717240.3149,"timed_operations":"current_private_remove_waiting_request_plus_exact_rekey_insert_or_cancel_state","admission_sequence_preserved":true,"setup_clone_excluded":true,"exploratory_timer_overhead_unadjusted":true,"contract_timing_evidence":false,"status":"complete"}
Native owner (macos-15)	Q5.2 supplementary queue benchmark checks	2026-10-05T02:06:13.8953840Z Q52_ROW {"scenario":"actual_helper_batched_reversible_rekey","algorithm_source_commit":"05b7822f0c69b9d36549130e228c01689b908a13","n":1000,"priority_shape":"tied","repeat":5,"cycles":50000,"operations":50000,"primitive_queue_mutations":200000,"queue_mutations_per_cycle":4,"restoration_insert_count":50000,"elapsed_ns":8243959,"ns_per_primitive_op":41.2198,"derived_expected_helper_removals":100000,"occupancy_at_cycle_boundaries":1000,"final_queue_matches_initial":true,"setup_and_verification_excluded":true,"timed_operations":"two_current_remove_waiting_request_calls_with_success_checks_plus_rekey_insert_and_restore_insert; reversible helper cycle, not a Cancel or Reprioritize command","end_to_end_speedup_claim":false,"status":"complete"}
Native owner (macos-15)	Q5.2 supplementary queue benchmark checks	2026-10-05T02:06:13.9020730Z Q52_ROW {"scenario":"actual_helper_batched_reversible_rekey","algorithm_source_commit":"05b7822f0c69b9d36549130e228c01689b908a13","n":1000,"priority_shape":"mixed","repeat":5,"cycles":50000,"operations":50000,"primitive_queue_mutations":200000,"queue_mutations_per_cycle":4,"restoration_insert_count":50000,"elapsed_ns":13672375,"ns_per_primitive_op":68.3619,"derived_expected_helper_removals":100000,"occupancy_at_cycle_boundaries":1000,"final_queue_matches_initial":true,"setup_and_verification_excluded":true,"timed_operations":"two_current_remove_waiting_request_calls_with_success_checks_plus_rekey_insert_and_restore_insert; reversible helper cycle, not a Cancel or Reprioritize command","end_to_end_speedup_claim":false,"status":"complete"}
Native owner (macos-15)	Q5.2 supplementary queue benchmark checks	2026-10-05T02:06:13.9819640Z Q52_ROW {"scenario":"historical_retain_batched_reversible_rekey","algorithm_source_commit":"bcb11cd61bc38b4813815f574a6a051f3b9e8faf","n":1000,"priority_shape":"tied","repeat":5,"cycles":50000,"operations":50000,"primitive_queue_mutations":200000,"queue_mutations_per_cycle":4,"restoration_insert_count":50000,"elapsed_ns":151172125,"ns_per_primitive_op":755.8606,"historical_retain_predicate_visits_exact":100000000,"historical_retain_predicate_visit_bound":"2*n*cycles","occupancy_at_cycle_boundaries":1000,"final_queue_matches_initial":true,"setup_and_verification_excluded":true,"timed_operations":"two historical retain passes plus rekey insert and restore insert; reversible helper cycle, not a Cancel or Reprioritize command","end_to_end_speedup_claim":false,"status":"complete"}
Native owner (macos-15)	Q5.2 supplementary queue benchmark checks	2026-10-05T02:06:14.1418390Z Q52_ROW {"scenario":"historical_retain_batched_reversible_rekey","algorithm_source_commit":"bcb11cd61bc38b4813815f574a6a051f3b9e8faf","n":1000,"priority_shape":"mixed","repeat":5,"cycles":50000,"operations":50000,"primitive_queue_mutations":200000,"queue_mutations_per_cycle":4,"restoration_insert_count":50000,"elapsed_ns":156926125,"ns_per_primitive_op":784.6306,"historical_retain_predicate_visits_exact":100000000,"historical_retain_predicate_visit_bound":"2*n*cycles","occupancy_at_cycle_boundaries":1000,"final_queue_matches_initial":true,"setup_and_verification_excluded":true,"timed_operations":"two historical retain passes plus rekey insert and restore insert; reversible helper cycle, not a Cancel or Reprioritize command","end_to_end_speedup_claim":false,"status":"complete"}
Native owner (macos-15)	Q5.2 supplementary queue benchmark checks	2026-10-05T02:06:14.1433550Z Q52_ROW {"scenario":"counted_ord_structural_comparisons","n":1000,"priority_shape":"tied","operations":3000,"comparisons":43868,"comparisons_per_operation":14.622667,"ceil_log2_n_plus_1":10,"structural_bound":288000,"elapsed_ns":null,"timing_claim":false,"setup_excluded":true}
Native owner (macos-15)	Q5.2 supplementary queue benchmark checks	2026-10-05T02:06:14.1443130Z Q52_ROW {"scenario":"counted_ord_structural_comparisons","n":1000,"priority_shape":"mixed","operations":3000,"comparisons":34884,"comparisons_per_operation":11.628000,"ceil_log2_n_plus_1":10,"structural_bound":288000,"elapsed_ns":null,"timing_claim":false,"setup_excluded":true}
Native owner (macos-15)	Q5.2 supplementary queue benchmark checks	2026-10-05T02:06:14.1546010Z Q52_ROW {"scenario":"legacy_resource_fifo","n":100000,"capacity":1,"comparison_class":"matched_fifo_primitive_only","repeat":1,"batches":1,"elapsed_ns":696208,"ops":200000,"ns_per_op":3.4810,"ops_per_second":287270470.8938,"timed_operations":"request_waiter_and_release_waiter","comparisons":null,"setup_excluded":true,"fifo_order_checked_in_correctness_test":true,"final_queue_len":0}
Native owner (macos-15)	Q5.2 supplementary queue benchmark checks	2026-10-05T02:06:14.1648910Z Q52_ROW {"scenario":"priority_fifo","n":100000,"priority_shape":"tied","legacy_fifo_comparable":true,"repeat":1,"batches":1,"elapsed_ns":12693417,"ops":200000,"ns_per_op":63.4671,"ops_per_second":15756198.6658,"timed_operations":"insert_and_remove_min","comparisons":null,"setup_excluded":true,"final_queue_len":0}
Native owner (macos-15)	Q5.2 supplementary queue benchmark checks	2026-10-05T02:06:14.1700140Z Q52_ROW {"scenario":"priority_fifo","n":100000,"priority_shape":"mixed","legacy_fifo_comparable":false,"repeat":1,"batches":1,"elapsed_ns":15659208,"ops":200000,"ns_per_op":78.2960,"ops_per_second":12772038.0239,"timed_operations":"insert_and_remove_min","comparisons":null,"setup_excluded":true,"final_queue_len":0}
Native owner (macos-15)	Q5.2 supplementary queue benchmark checks	2026-10-05T02:06:14.1909400Z Q52_ROW {"scenario":"claim_queue_direct_tree_rekey_cancel_50_50","n":100000,"priority_shape":"tied","repeat":1,"queue_occupancy_initial":100000,"queue_occupancy_final":0,"queue_occupancy_mean_at_mutation_start":50000.1667,"rekeys":100000,"cancels":100000,"tree_mutations":300000,"elapsed_ns":11968959,"ops":200000,"ns_per_request":59.8448,"requests_per_second":16709890.9772,"ns_per_tree_mutation":39.8965,"mutations_per_second":25064836.4657,"timed_operations":"remove_insert_rekey_then_cancel","comparisons":null,"setup_excluded":true,"final_queue_len":0}
Native owner (macos-15)	Q5.2 supplementary queue benchmark checks	2026-10-05T02:06:14.2267770Z Q52_ROW {"scenario":"claim_queue_direct_tree_rekey_cancel_50_50","n":100000,"priority_shape":"mixed","repeat":1,"queue_occupancy_initial":100000,"queue_occupancy_final":0,"queue_occupancy_mean_at_mutation_start":50000.1667,"rekeys":100000,"cancels":100000,"tree_mutations":300000,"elapsed_ns":24149792,"ops":200000,"ns_per_request":120.7490,"requests_per_second":8281644.8274,"ns_per_tree_mutation":80.4993,"mutations_per_second":12422467.2411,"timed_operations":"remove_insert_rekey_then_cancel","comparisons":null,"setup_excluded":true,"final_queue_len":0}
Native owner (macos-15)	Q5.2 supplementary queue benchmark checks	2026-10-05T02:06:14.4608350Z Q52_ROW {"scenario":"legacy_algorithm_baseline_bcb11cd_retain_rekey_cancel_50_50","algorithm_source_commit":"bcb11cd61bc38b4813815f574a6a051f3b9e8faf","n":100000,"priority_shape":"tied","repeat":1,"occupancy_before_each_op":100000,"commands_requested":100,"commands_completed":100,"reprioritize_commands":50,"cancel_commands":50,"derived_expected_retain_predicate_visits":10000000,"elapsed_ns_sum":20508043,"ops":100,"ns_per_command_mean":205080.4300,"ns_per_command_p50":198584,"ns_per_command_p95":277125,"sample_elapsed_ns":[151667,153458,154709,154792,155291,156125,156625,157292,157458,157584,158292,158792,158916,159167,159625,160000,160333,161209,161250,161417,161459,162000,162917,165000,165250,165375,165917,166291,169084,170000,170083,170208,171041,173875,175042,175791,176583,177750,182875,183250,183542,185208,185750,188166,191791,193084,193459,194250,194291,197917,198584,199459,199500,201542,203333,206333,207500,208625,209459,211584,212083,212458,212833,214250,214459,216125,216833,218000,218750,218792,220792,221750,224584,225166,225292,225708,225750,228125,228500,228958,232708,233708,234250,237083,242292,247000,247750,249667,249750,257792,262417,265375,273041,274666,277125,291958,296708,299584,330958,577833],"commands_per_second_mean":4876.1357,"timed_operations":"historical_retain_predicate_plus_reprioritize_insert_or_cancel","setup_clone_excluded":true,"exploratory_timer_overhead_unadjusted":true,"contract_timing_evidence":false,"status":"complete"}
Native owner (macos-15)	Q5.2 supplementary queue benchmark checks	2026-10-05T02:06:14.7723440Z Q52_ROW {"scenario":"legacy_algorithm_baseline_bcb11cd_retain_rekey_cancel_50_50","algorithm_source_commit":"bcb11cd61bc38b4813815f574a6a051f3b9e8faf","n":100000,"priority_shape":"mixed","repeat":1,"occupancy_before_each_op":100000,"commands_requested":100,"commands_completed":100,"reprioritize_commands":50,"cancel_commands":50,"derived_expected_retain_predicate_visits":10000000,"elapsed_ns_sum":22581000,"ops":100,"ns_per_command_mean":225810.0000,"ns_per_command_p50":222875,"ns_per_command_p95":292958,"sample_elapsed_ns":[162166,167833,169000,169166,169583,171916,172125,172916,173792,173958,173958,175542,176375,176375,177208,177291,178292,179459,183125,183417,186167,186792,188417,189166,189583,189792,190208,190333,194083,194292,195291,197000,197334,199417,199792,200250,200625,205125,205583,207584,209084,209958,211084,211166,213417,216917,217750,221500,222792,222875,222875,226583,229250,231334,235042,235792,236875,238084,238334,239125,239416,244375,246250,247125,247167,248458,251167,251334,252125,252666,252708,253417,255667,256250,257791,257875,258375,258875,259166,261125,261208,262000,263834,263959,264667,265458,269166,269750,274500,280917,281625,281792,285583,288875,292958,297917,301708,306083,307750,329750],"commands_per_second_mean":4428.5018,"timed_operations":"historical_retain_predicate_plus_reprioritize_insert_or_cancel","setup_clone_excluded":true,"exploratory_timer_overhead_unadjusted":true,"contract_timing_evidence":false,"status":"complete"}
Native owner (macos-15)	Q5.2 supplementary queue benchmark checks	2026-10-05T02:06:14.9776730Z Q52_ROW {"scenario":"actual_remove_waiting_request_rekey_cancel_50_50","n":100000,"priority_shape":"tied","repeat":1,"occupancy_before_each_op":100000,"commands_requested":100,"commands_completed":100,"reprioritize_commands":50,"cancel_commands":50,"removed_keys":100,"reinserted_keys":50,"elapsed_ns_sum":171585,"ops":100,"ns_per_command_mean":1715.8500,"ns_per_command_p50":1333,"ns_per_command_p95":4583,"sample_elapsed_ns":[250,291,291,292,333,375,416,417,417,417,417,417,458,458,459,459,500,500,500,541,542,542,583,583,583,584,584,625,625,625,666,667,667,750,750,750,750,792,792,875,916,917,1000,1042,1125,1125,1208,1250,1250,1291,1333,1334,1375,1416,1500,1542,1583,1583,1625,1666,1666,1750,1750,1833,1875,1875,1916,1959,1959,2042,2083,2083,2167,2208,2209,2417,2583,2584,2584,2625,2667,2708,2917,2958,3042,3084,3208,3500,3584,3708,3708,3875,4125,4459,4583,4709,4833,4875,6542,8708],"commands_per_second_mean":582801.5269,"timed_operations":"current_private_remove_waiting_request_plus_exact_rekey_insert_or_cancel_state","admission_sequence_preserved":true,"setup_clone_excluded":true,"exploratory_timer_overhead_unadjusted":true,"contract_timing_evidence":false,"status":"complete"}
Native owner (macos-15)	Q5.2 supplementary queue benchmark checks	2026-10-05T02:06:15.3048350Z Q52_ROW {"scenario":"actual_remove_waiting_request_rekey_cancel_50_50","n":100000,"priority_shape":"mixed","repeat":1,"occupancy_before_each_op":100000,"commands_requested":100,"commands_completed":100,"reprioritize_commands":50,"cancel_commands":50,"removed_keys":100,"reinserted_keys":50,"elapsed_ns_sum":243954,"ops":100,"ns_per_command_mean":2439.5400,"ns_per_command_p50":1667,"ns_per_command_p95":6458,"sample_elapsed_ns":[125,333,334,416,416,416,417,459,500,500,500,542,542,583,667,708,708,708,750,750,875,917,958,958,959,1000,1000,1041,1041,1083,1084,1125,1125,1125,1166,1250,1292,1334,1375,1375,1375,1375,1500,1500,1500,1541,1625,1625,1625,1625,1667,1708,1834,1916,1917,1958,1958,1958,2000,2042,2083,2083,2125,2166,2250,2250,2292,2292,2375,2375,2500,2500,2500,2709,2750,2791,2791,2833,2958,3000,3000,3084,3250,3292,3333,3375,3417,3417,3458,3667,4417,4459,5458,6375,6458,8041,8791,8833,8917,32583],"commands_per_second_mean":409913.3443,"timed_operations":"current_private_remove_waiting_request_plus_exact_rekey_insert_or_cancel_state","admission_sequence_preserved":true,"setup_clone_excluded":true,"exploratory_timer_overhead_unadjusted":true,"contract_timing_evidence":false,"status":"complete"}
Native owner (macos-15)	Q5.2 supplementary queue benchmark checks	2026-10-05T02:06:15.3489230Z Q52_ROW {"scenario":"actual_helper_batched_reversible_rekey","algorithm_source_commit":"05b7822f0c69b9d36549130e228c01689b908a13","n":100000,"priority_shape":"tied","repeat":1,"cycles":50000,"operations":50000,"primitive_queue_mutations":200000,"queue_mutations_per_cycle":4,"restoration_insert_count":50000,"elapsed_ns":28379000,"ns_per_primitive_op":141.8950,"derived_expected_helper_removals":100000,"occupancy_at_cycle_boundaries":100000,"final_queue_matches_initial":true,"setup_and_verification_excluded":true,"timed_operations":"two_current_remove_waiting_request_calls_with_success_checks_plus_rekey_insert_and_restore_insert; reversible helper cycle, not a Cancel or Reprioritize command","end_to_end_speedup_claim":false,"status":"complete"}
Native owner (macos-15)	Q5.2 supplementary queue benchmark checks	2026-10-05T02:06:15.3994110Z Q52_ROW {"scenario":"actual_helper_batched_reversible_rekey","algorithm_source_commit":"05b7822f0c69b9d36549130e228c01689b908a13","n":100000,"priority_shape":"mixed","repeat":1,"cycles":50000,"operations":50000,"primitive_queue_mutations":200000,"queue_mutations_per_cycle":4,"restoration_insert_count":50000,"elapsed_ns":32525750,"ns_per_primitive_op":162.6287,"derived_expected_helper_removals":100000,"occupancy_at_cycle_boundaries":100000,"final_queue_matches_initial":true,"setup_and_verification_excluded":true,"timed_operations":"two_current_remove_waiting_request_calls_with_success_checks_plus_rekey_insert_and_restore_insert; reversible helper cycle, not a Cancel or Reprioritize command","end_to_end_speedup_claim":false,"status":"complete"}
Native owner (macos-15)	Q5.2 supplementary queue benchmark checks	2026-10-05T02:06:15.4470160Z Q52_ROW {"scenario":"historical_retain_batched_reversible_rekey","algorithm_source_commit":"bcb11cd61bc38b4813815f574a6a051f3b9e8faf","n":100000,"priority_shape":"tied","repeat":1,"cycles":100,"operations":100,"primitive_queue_mutations":400,"queue_mutations_per_cycle":4,"restoration_insert_count":100,"elapsed_ns":33894042,"ns_per_primitive_op":84735.1050,"historical_retain_predicate_visits_exact":20000000,"historical_retain_predicate_visit_bound":"2*n*cycles","occupancy_at_cycle_boundaries":100000,"final_queue_matches_initial":true,"setup_and_verification_excluded":true,"timed_operations":"two historical retain passes plus rekey insert and restore insert; reversible helper cycle, not a Cancel or Reprioritize command","end_to_end_speedup_claim":false,"status":"complete"}
Native owner (macos-15)	Q5.2 supplementary queue benchmark checks	2026-10-05T02:06:15.5298460Z Q52_ROW {"scenario":"historical_retain_batched_reversible_rekey","algorithm_source_commit":"bcb11cd61bc38b4813815f574a6a051f3b9e8faf","n":100000,"priority_shape":"mixed","repeat":1,"cycles":100,"operations":100,"primitive_queue_mutations":400,"queue_mutations_per_cycle":4,"restoration_insert_count":100,"elapsed_ns":66588000,"ns_per_primitive_op":166470.0000,"historical_retain_predicate_visits_exact":20000000,"historical_retain_predicate_visit_bound":"2*n*cycles","occupancy_at_cycle_boundaries":100000,"final_queue_matches_initial":true,"setup_and_verification_excluded":true,"timed_operations":"two historical retain passes plus rekey insert and restore insert; reversible helper cycle, not a Cancel or Reprioritize command","end_to_end_speedup_claim":false,"status":"complete"}
Native owner (macos-15)	Q5.2 supplementary queue benchmark checks	2026-10-05T02:06:15.5402520Z Q52_ROW {"scenario":"legacy_resource_fifo","n":100000,"capacity":1,"comparison_class":"matched_fifo_primitive_only","repeat":2,"batches":1,"elapsed_ns":570291,"ops":200000,"ns_per_op":2.8515,"ops_per_second":350698152.3468,"timed_operations":"request_waiter_and_release_waiter","comparisons":null,"setup_excluded":true,"fifo_order_checked_in_correctness_test":true,"final_queue_len":0}
Native owner (macos-15)	Q5.2 supplementary queue benchmark checks	2026-10-05T02:06:15.5502700Z Q52_ROW {"scenario":"priority_fifo","n":100000,"priority_shape":"tied","legacy_fifo_comparable":true,"repeat":2,"batches":1,"elapsed_ns":12399209,"ops":200000,"ns_per_op":61.9960,"ops_per_second":16130061.1999,"timed_operations":"insert_and_remove_min","comparisons":null,"setup_excluded":true,"final_queue_len":0}
Native owner (macos-15)	Q5.2 supplementary queue benchmark checks	2026-10-05T02:06:15.5705430Z Q52_ROW {"scenario":"priority_fifo","n":100000,"priority_shape":"mixed","legacy_fifo_comparable":false,"repeat":2,"batches":1,"elapsed_ns":15803209,"ops":200000,"ns_per_op":79.0160,"ops_per_second":12655657.4680,"timed_operations":"insert_and_remove_min","comparisons":null,"setup_excluded":true,"final_queue_len":0}
Native owner (macos-15)	Q5.2 supplementary queue benchmark checks	2026-10-05T02:06:15.5906980Z Q52_ROW {"scenario":"claim_queue_direct_tree_rekey_cancel_50_50","n":100000,"priority_shape":"tied","repeat":2,"queue_occupancy_initial":100000,"queue_occupancy_final":0,"queue_occupancy_mean_at_mutation_start":50000.1667,"rekeys":100000,"cancels":100000,"tree_mutations":300000,"elapsed_ns":11950542,"ops":200000,"ns_per_request":59.7527,"requests_per_second":16735642.6177,"ns_per_tree_mutation":39.8351,"mutations_per_second":25103463.9266,"timed_operations":"remove_insert_rekey_then_cancel","comparisons":null,"setup_excluded":true,"final_queue_len":0}
Native owner (macos-15)	Q5.2 supplementary queue benchmark checks	2026-10-05T02:06:15.6208010Z Q52_ROW {"scenario":"claim_queue_direct_tree_rekey_cancel_50_50","n":100000,"priority_shape":"mixed","repeat":2,"queue_occupancy_initial":100000,"queue_occupancy_final":0,"queue_occupancy_mean_at_mutation_start":50000.1667,"rekeys":100000,"cancels":100000,"tree_mutations":300000,"elapsed_ns":24236667,"ops":200000,"ns_per_request":121.1833,"requests_per_second":8251959.7270,"ns_per_tree_mutation":80.7889,"mutations_per_second":12377939.5905,"timed_operations":"remove_insert_rekey_then_cancel","comparisons":null,"setup_excluded":true,"final_queue_len":0}
Native owner (macos-15)	Q5.2 supplementary queue benchmark checks	2026-10-05T02:06:15.8490020Z Q52_ROW {"scenario":"legacy_algorithm_baseline_bcb11cd_retain_rekey_cancel_50_50","algorithm_source_commit":"bcb11cd61bc38b4813815f574a6a051f3b9e8faf","n":100000,"priority_shape":"tied","repeat":2,"occupancy_before_each_op":100000,"commands_requested":100,"commands_completed":100,"reprioritize_commands":50,"cancel_commands":50,"derived_expected_retain_predicate_visits":10000000,"elapsed_ns_sum":19257124,"ops":100,"ns_per_command_mean":192571.2400,"ns_per_command_p50":177458,"ns_per_command_p95":267000,"sample_elapsed_ns":[154042,154833,154917,155875,156750,157125,157416,160333,160375,160417,161292,161292,161541,161625,161750,162500,163000,163167,164125,164500,164583,165625,165750,166000,166667,166750,167833,169792,170708,170750,171041,171209,171250,171417,171458,171542,171625,171709,172084,172416,172500,172500,172666,172708,172959,173917,174250,176417,177125,177209,177458,178083,180000,180875,181166,181167,181375,181459,182625,182791,182958,185750,186416,190416,190459,191209,191667,192333,192458,194333,197208,203167,203625,205125,205125,210083,213875,215042,216667,216875,223292,223708,231167,236750,246625,248417,252333,252500,254458,255375,259292,260958,263375,265541,267000,267667,269208,278000,280083,300250],"commands_per_second_mean":5192.8834,"timed_operations":"historical_retain_predicate_plus_reprioritize_insert_or_cancel","setup_clone_excluded":true,"exploratory_timer_overhead_unadjusted":true,"contract_timing_evidence":false,"status":"complete"}
Native owner (macos-15)	Q5.2 supplementary queue benchmark checks	2026-10-05T02:06:16.1511700Z Q52_ROW {"scenario":"legacy_algorithm_baseline_bcb11cd_retain_rekey_cancel_50_50","algorithm_source_commit":"bcb11cd61bc38b4813815f574a6a051f3b9e8faf","n":100000,"priority_shape":"mixed","repeat":2,"occupancy_before_each_op":100000,"commands_requested":100,"commands_completed":100,"reprioritize_commands":50,"cancel_commands":50,"derived_expected_retain_predicate_visits":10000000,"elapsed_ns_sum":19310545,"ops":100,"ns_per_command_mean":193105.4500,"ns_per_command_p50":181500,"ns_per_command_p95":272416,"sample_elapsed_ns":[144709,154042,155875,156291,156834,157292,158125,158417,158458,158792,160708,160916,162583,162916,164542,164917,165834,166417,166625,166834,167000,167500,168083,168125,168125,168667,169125,169542,169833,170375,171083,171459,171709,172166,172666,172792,173667,173833,175000,175542,176291,176750,177250,177458,177625,178583,178959,179000,179583,180083,181500,183208,184875,184875,187708,188958,189292,190417,192541,192625,192792,194333,196458,196542,196584,197000,200084,201291,203875,207334,208083,208292,210584,211792,211875,213042,213417,214292,214417,217541,219084,219125,220084,221333,221334,223250,225625,226333,232583,235833,237917,243583,265458,267417,272416,272875,274250,278792,283167,285458],"commands_per_second_mean":5178.5177,"timed_operations":"historical_retain_predicate_plus_reprioritize_insert_or_cancel","setup_clone_excluded":true,"exploratory_timer_overhead_unadjusted":true,"contract_timing_evidence":false,"status":"complete"}
Native owner (macos-15)	Q5.2 supplementary queue benchmark checks	2026-10-05T02:06:16.3631190Z Q52_ROW {"scenario":"actual_remove_waiting_request_rekey_cancel_50_50","n":100000,"priority_shape":"tied","repeat":2,"occupancy_before_each_op":100000,"commands_requested":100,"commands_completed":100,"reprioritize_commands":50,"cancel_commands":50,"removed_keys":100,"reinserted_keys":50,"elapsed_ns_sum":154121,"ops":100,"ns_per_command_mean":1541.2100,"ns_per_command_p50":1167,"ns_per_command_p95":3292,"sample_elapsed_ns":[375,375,375,458,458,500,500,541,542,583,584,667,708,708,708,708,709,750,750,750,750,750,750,791,792,792,792,792,833,875,916,916,917,917,917,958,958,958,958,958,959,1000,1000,1041,1083,1083,1084,1125,1125,1166,1167,1208,1209,1250,1250,1250,1250,1292,1292,1292,1333,1375,1417,1500,1500,1542,1583,1584,1667,1750,1750,1791,1791,1833,1875,1875,1916,1958,1958,2041,2083,2250,2250,2333,2334,2375,2542,2708,2708,3000,3083,3084,3167,3250,3292,3417,4125,4541,5375,10000],"commands_per_second_mean":648840.8458,"timed_operations":"current_private_remove_waiting_request_plus_exact_rekey_insert_or_cancel_state","admission_sequence_preserved":true,"setup_clone_excluded":true,"exploratory_timer_overhead_unadjusted":true,"contract_timing_evidence":false,"status":"complete"}
Native owner (macos-15)	Q5.2 supplementary queue benchmark checks	2026-10-05T02:06:16.6368470Z Q52_ROW {"scenario":"actual_remove_waiting_request_rekey_cancel_50_50","n":100000,"priority_shape":"mixed","repeat":2,"occupancy_before_each_op":100000,"commands_requested":100,"commands_completed":100,"reprioritize_commands":50,"cancel_commands":50,"removed_keys":100,"reinserted_keys":50,"elapsed_ns_sum":221041,"ops":100,"ns_per_command_mean":2210.4100,"ns_per_command_p50":1459,"ns_per_command_p95":5625,"sample_elapsed_ns":[125,167,208,250,250,291,333,333,375,375,417,417,417,459,500,542,542,583,583,625,625,667,667,667,708,708,708,709,709,750,750,791,792,792,875,917,1000,1083,1166,1166,1167,1250,1250,1291,1292,1333,1333,1333,1375,1375,1459,1500,1541,1542,1583,1625,1625,1708,1708,1792,1792,1917,1917,1917,2000,2125,2167,2250,2709,2750,3083,3084,3125,3125,3292,3292,3292,3333,3625,3792,3833,4000,4000,4041,4083,4125,4166,4291,4459,4625,4875,4916,4958,5125,5625,7083,7542,8291,9833,13459],"commands_per_second_mean":452404.7575,"timed_operations":"current_private_remove_waiting_request_plus_exact_rekey_insert_or_cancel_state","admission_sequence_preserved":true,"setup_clone_excluded":true,"exploratory_timer_overhead_unadjusted":true,"contract_timing_evidence":false,"status":"complete"}
Native owner (macos-15)	Q5.2 supplementary queue benchmark checks	2026-10-05T02:06:16.6688490Z Q52_ROW {"scenario":"actual_helper_batched_reversible_rekey","algorithm_source_commit":"05b7822f0c69b9d36549130e228c01689b908a13","n":100000,"priority_shape":"tied","repeat":2,"cycles":50000,"operations":50000,"primitive_queue_mutations":200000,"queue_mutations_per_cycle":4,"restoration_insert_count":50000,"elapsed_ns":20866333,"ns_per_primitive_op":104.3317,"derived_expected_helper_removals":100000,"occupancy_at_cycle_boundaries":100000,"final_queue_matches_initial":true,"setup_and_verification_excluded":true,"timed_operations":"two_current_remove_waiting_request_calls_with_success_checks_plus_rekey_insert_and_restore_insert; reversible helper cycle, not a Cancel or Reprioritize command","end_to_end_speedup_claim":false,"status":"complete"}
Native owner (macos-15)	Q5.2 supplementary queue benchmark checks	2026-10-05T02:06:16.7189850Z Q52_ROW {"scenario":"actual_helper_batched_reversible_rekey","algorithm_source_commit":"05b7822f0c69b9d36549130e228c01689b908a13","n":100000,"priority_shape":"mixed","repeat":2,"cycles":50000,"operations":50000,"primitive_queue_mutations":200000,"queue_mutations_per_cycle":4,"restoration_insert_count":50000,"elapsed_ns":32918333,"ns_per_primitive_op":164.5917,"derived_expected_helper_removals":100000,"occupancy_at_cycle_boundaries":100000,"final_queue_matches_initial":true,"setup_and_verification_excluded":true,"timed_operations":"two_current_remove_waiting_request_calls_with_success_checks_plus_rekey_insert_and_restore_insert; reversible helper cycle, not a Cancel or Reprioritize command","end_to_end_speedup_claim":false,"status":"complete"}
Native owner (macos-15)	Q5.2 supplementary queue benchmark checks	2026-10-05T02:06:16.7684310Z Q52_ROW {"scenario":"historical_retain_batched_reversible_rekey","algorithm_source_commit":"bcb11cd61bc38b4813815f574a6a051f3b9e8faf","n":100000,"priority_shape":"tied","repeat":2,"cycles":100,"operations":100,"primitive_queue_mutations":400,"queue_mutations_per_cycle":4,"restoration_insert_count":100,"elapsed_ns":33476916,"ns_per_primitive_op":83692.2900,"historical_retain_predicate_visits_exact":20000000,"historical_retain_predicate_visit_bound":"2*n*cycles","occupancy_at_cycle_boundaries":100000,"final_queue_matches_initial":true,"setup_and_verification_excluded":true,"timed_operations":"two historical retain passes plus rekey insert and restore insert; reversible helper cycle, not a Cancel or Reprioritize command","end_to_end_speedup_claim":false,"status":"complete"}
Native owner (macos-15)	Q5.2 supplementary queue benchmark checks	2026-10-05T02:06:16.8500760Z Q52_ROW {"scenario":"historical_retain_batched_reversible_rekey","algorithm_source_commit":"bcb11cd61bc38b4813815f574a6a051f3b9e8faf","n":100000,"priority_shape":"mixed","repeat":2,"cycles":100,"operations":100,"primitive_queue_mutations":400,"queue_mutations_per_cycle":4,"restoration_insert_count":100,"elapsed_ns":66868750,"ns_per_primitive_op":167171.8750,"historical_retain_predicate_visits_exact":20000000,"historical_retain_predicate_visit_bound":"2*n*cycles","occupancy_at_cycle_boundaries":100000,"final_queue_matches_initial":true,"setup_and_verification_excluded":true,"timed_operations":"two historical retain passes plus rekey insert and restore insert; reversible helper cycle, not a Cancel or Reprioritize command","end_to_end_speedup_claim":false,"status":"complete"}
Native owner (macos-15)	Q5.2 supplementary queue benchmark checks	2026-10-05T02:06:16.8543400Z Q52_ROW {"scenario":"legacy_resource_fifo","n":100000,"capacity":1,"comparison_class":"matched_fifo_primitive_only","repeat":3,"batches":1,"elapsed_ns":617208,"ops":200000,"ns_per_op":3.0860,"ops_per_second":324039869.8656,"timed_operations":"request_waiter_and_release_waiter","comparisons":null,"setup_excluded":true,"fifo_order_checked_in_correctness_test":true,"final_queue_len":0}
Native owner (macos-15)	Q5.2 supplementary queue benchmark checks	2026-10-05T02:06:16.8671570Z Q52_ROW {"scenario":"priority_fifo","n":100000,"priority_shape":"tied","legacy_fifo_comparable":true,"repeat":3,"batches":1,"elapsed_ns":12311750,"ops":200000,"ns_per_op":61.5588,"ops_per_second":16244644.3438,"timed_operations":"insert_and_remove_min","comparisons":null,"setup_excluded":true,"final_queue_len":0}
Native owner (macos-15)	Q5.2 supplementary queue benchmark checks	2026-10-05T02:06:16.8832560Z Q52_ROW {"scenario":"priority_fifo","n":100000,"priority_shape":"mixed","legacy_fifo_comparable":false,"repeat":3,"batches":1,"elapsed_ns":15528875,"ops":200000,"ns_per_op":77.6444,"ops_per_second":12879233.0417,"timed_operations":"insert_and_remove_min","comparisons":null,"setup_excluded":true,"final_queue_len":0}
Native owner (macos-15)	Q5.2 supplementary queue benchmark checks	2026-10-05T02:06:16.9040410Z Q52_ROW {"scenario":"claim_queue_direct_tree_rekey_cancel_50_50","n":100000,"priority_shape":"tied","repeat":3,"queue_occupancy_initial":100000,"queue_occupancy_final":0,"queue_occupancy_mean_at_mutation_start":50000.1667,"rekeys":100000,"cancels":100000,"tree_mutations":300000,"elapsed_ns":11996000,"ops":200000,"ns_per_request":59.9800,"requests_per_second":16672224.0747,"ns_per_tree_mutation":39.9867,"mutations_per_second":25008336.1120,"timed_operations":"remove_insert_rekey_then_cancel","comparisons":null,"setup_excluded":true,"final_queue_len":0}
Native owner (macos-15)	Q5.2 supplementary queue benchmark checks	2026-10-05T02:06:16.9395460Z Q52_ROW {"scenario":"claim_queue_direct_tree_rekey_cancel_50_50","n":100000,"priority_shape":"mixed","repeat":3,"queue_occupancy_initial":100000,"queue_occupancy_final":0,"queue_occupancy_mean_at_mutation_start":50000.1667,"rekeys":100000,"cancels":100000,"tree_mutations":300000,"elapsed_ns":24171125,"ops":200000,"ns_per_request":120.8556,"requests_per_second":8274335.5967,"ns_per_tree_mutation":80.5704,"mutations_per_second":12411503.3951,"timed_operations":"remove_insert_rekey_then_cancel","comparisons":null,"setup_excluded":true,"final_queue_len":0}
Native owner (macos-15)	Q5.2 supplementary queue benchmark checks	2026-10-05T02:06:17.1821610Z Q52_ROW {"scenario":"legacy_algorithm_baseline_bcb11cd_retain_rekey_cancel_50_50","algorithm_source_commit":"bcb11cd61bc38b4813815f574a6a051f3b9e8faf","n":100000,"priority_shape":"tied","repeat":3,"occupancy_before_each_op":100000,"commands_requested":100,"commands_completed":100,"reprioritize_commands":50,"cancel_commands":50,"derived_expected_retain_predicate_visits":10000000,"elapsed_ns_sum":22114541,"ops":100,"ns_per_command_mean":221145.4100,"ns_per_command_p50":194459,"ns_per_command_p95":325792,"sample_elapsed_ns":[153625,159750,160000,160709,161375,161458,163166,163709,164250,164833,164833,165583,166208,168041,168083,168250,168333,168334,168583,170250,170791,171417,172208,172416,173417,173417,173958,174125,174833,176084,176125,176625,176792,177583,179125,180208,180542,180834,182083,182167,182750,183791,184542,184667,185167,185500,186959,187708,190542,194208,194459,196042,196167,214750,216000,217125,219750,221209,225541,229250,230667,233583,238041,238250,238584,240583,243542,244084,245709,249833,249875,251458,253708,253916,254250,255084,255542,259666,260000,261375,262375,262584,268083,274750,274875,274916,275750,278291,280666,284709,285208,301042,316833,320958,325792,329000,353917,364333,469584,542875],"commands_per_second_mean":4521.9116,"timed_operations":"historical_retain_predicate_plus_reprioritize_insert_or_cancel","setup_clone_excluded":true,"exploratory_timer_overhead_unadjusted":true,"contract_timing_evidence":false,"status":"complete"}
Native owner (macos-15)	Q5.2 supplementary queue benchmark checks	2026-10-05T02:06:17.5205670Z Q52_ROW {"scenario":"legacy_algorithm_baseline_bcb11cd_retain_rekey_cancel_50_50","algorithm_source_commit":"bcb11cd61bc38b4813815f574a6a051f3b9e8faf","n":100000,"priority_shape":"mixed","repeat":3,"occupancy_before_each_op":100000,"commands_requested":100,"commands_completed":100,"reprioritize_commands":50,"cancel_commands":50,"derived_expected_retain_predicate_visits":10000000,"elapsed_ns_sum":24182167,"ops":100,"ns_per_command_mean":241821.6700,"ns_per_command_p50":222833,"ns_per_command_p95":322750,"sample_elapsed_ns":[157916,162292,168250,169584,176042,176292,176500,180459,182500,183459,183709,184250,184416,185125,187667,188000,188792,188917,189458,189625,191625,191958,192333,192375,194000,194500,194833,195042,197042,198542,199416,199417,201083,201292,201375,201875,202083,202167,202667,206708,207958,209000,209833,213750,216542,217041,217542,218250,221542,222250,222833,222833,223917,224291,224583,227750,228333,228459,230542,234667,236459,237000,242625,245084,245209,246750,248542,250958,255709,256083,257916,259125,259667,261000,264334,265666,267500,268375,269708,269750,271166,277416,278750,288000,292333,296083,298666,300375,302875,308833,310750,313875,317916,322416,322750,327209,331583,357834,609042,961333],"commands_per_second_mean":4135.2787,"timed_operations":"historical_retain_predicate_plus_reprioritize_insert_or_cancel","setup_clone_excluded":true,"exploratory_timer_overhead_unadjusted":true,"contract_timing_evidence":false,"status":"complete"}
Native owner (macos-15)	Q5.2 supplementary queue benchmark checks	2026-10-05T02:06:17.7676940Z Q52_ROW {"scenario":"actual_remove_waiting_request_rekey_cancel_50_50","n":100000,"priority_shape":"tied","repeat":3,"occupancy_before_each_op":100000,"commands_requested":100,"commands_completed":100,"reprioritize_commands":50,"cancel_commands":50,"removed_keys":100,"reinserted_keys":50,"elapsed_ns_sum":246708,"ops":100,"ns_per_command_mean":2467.0800,"ns_per_command_p50":2084,"ns_per_command_p95":6417,"sample_elapsed_ns":[291,542,667,708,708,709,833,833,833,958,1000,1000,1042,1083,1084,1125,1250,1292,1292,1333,1333,1417,1417,1500,1500,1500,1541,1541,1541,1542,1583,1583,1625,1667,1667,1667,1708,1708,1750,1792,1833,1834,1875,1875,1916,1916,1917,1917,1959,2041,2084,2125,2125,2167,2208,2208,2209,2250,2292,2292,2333,2375,2375,2375,2375,2416,2416,2500,2500,2500,2500,2500,2584,2625,2667,2792,3000,3000,3167,3167,3291,3333,3375,3416,3417,3542,4166,4500,4500,4667,5041,5083,5625,5916,6417,6459,6750,6834,8292,8709],"commands_per_second_mean":405337.4840,"timed_operations":"current_private_remove_waiting_request_plus_exact_rekey_insert_or_cancel_state","admission_sequence_preserved":true,"setup_clone_excluded":true,"exploratory_timer_overhead_unadjusted":true,"contract_timing_evidence":false,"status":"complete"}
Native owner (macos-15)	Q5.2 supplementary queue benchmark checks	2026-10-05T02:06:18.0939970Z Q52_ROW {"scenario":"actual_remove_waiting_request_rekey_cancel_50_50","n":100000,"priority_shape":"mixed","repeat":3,"occupancy_before_each_op":100000,"commands_requested":100,"commands_completed":100,"reprioritize_commands":50,"cancel_commands":50,"removed_keys":100,"reinserted_keys":50,"elapsed_ns_sum":248503,"ops":100,"ns_per_command_mean":2485.0300,"ns_per_command_p50":1916,"ns_per_command_p95":5667,"sample_elapsed_ns":[625,708,750,791,833,834,834,875,917,917,958,959,1000,1083,1083,1084,1084,1125,1125,1125,1166,1166,1167,1208,1208,1208,1208,1250,1375,1375,1417,1458,1459,1500,1500,1500,1500,1500,1541,1542,1542,1542,1583,1583,1708,1708,1709,1750,1792,1792,1916,1917,1958,2000,2000,2000,2125,2125,2166,2208,2250,2250,2375,2500,2500,2583,2584,2584,2625,2667,2750,2792,2834,2875,2917,3042,3125,3125,3125,3125,3375,3459,3500,3667,3875,4459,4500,4500,4542,4792,4916,4958,5125,5500,5667,6334,7625,8083,9458,12458],"commands_per_second_mean":402409.6289,"timed_operations":"current_private_remove_waiting_request_plus_exact_rekey_insert_or_cancel_state","admission_sequence_preserved":true,"setup_clone_excluded":true,"exploratory_timer_overhead_unadjusted":true,"contract_timing_evidence":false,"status":"complete"}
Native owner (macos-15)	Q5.2 supplementary queue benchmark checks	2026-10-05T02:06:18.1455280Z Q52_ROW {"scenario":"actual_helper_batched_reversible_rekey","algorithm_source_commit":"05b7822f0c69b9d36549130e228c01689b908a13","n":100000,"priority_shape":"tied","repeat":3,"cycles":50000,"operations":50000,"primitive_queue_mutations":200000,"queue_mutations_per_cycle":4,"restoration_insert_count":50000,"elapsed_ns":35129667,"ns_per_primitive_op":175.6483,"derived_expected_helper_removals":100000,"occupancy_at_cycle_boundaries":100000,"final_queue_matches_initial":true,"setup_and_verification_excluded":true,"timed_operations":"two_current_remove_waiting_request_calls_with_success_checks_plus_rekey_insert_and_restore_insert; reversible helper cycle, not a Cancel or Reprioritize command","end_to_end_speedup_claim":false,"status":"complete"}
Native owner (macos-15)	Q5.2 supplementary queue benchmark checks	2026-10-05T02:06:18.2475280Z Q52_ROW {"scenario":"actual_helper_batched_reversible_rekey","algorithm_source_commit":"05b7822f0c69b9d36549130e228c01689b908a13","n":100000,"priority_shape":"mixed","repeat":3,"cycles":50000,"operations":50000,"primitive_queue_mutations":200000,"queue_mutations_per_cycle":4,"restoration_insert_count":50000,"elapsed_ns":51298916,"ns_per_primitive_op":256.4946,"derived_expected_helper_removals":100000,"occupancy_at_cycle_boundaries":100000,"final_queue_matches_initial":true,"setup_and_verification_excluded":true,"timed_operations":"two_current_remove_waiting_request_calls_with_success_checks_plus_rekey_insert_and_restore_insert; reversible helper cycle, not a Cancel or Reprioritize command","end_to_end_speedup_claim":false,"status":"complete"}
Native owner (macos-15)	Q5.2 supplementary queue benchmark checks	2026-10-05T02:06:18.2980860Z Q52_ROW {"scenario":"historical_retain_batched_reversible_rekey","algorithm_source_commit":"bcb11cd61bc38b4813815f574a6a051f3b9e8faf","n":100000,"priority_shape":"tied","repeat":3,"cycles":100,"operations":100,"primitive_queue_mutations":400,"queue_mutations_per_cycle":4,"restoration_insert_count":100,"elapsed_ns":39180458,"ns_per_primitive_op":97951.1450,"historical_retain_predicate_visits_exact":20000000,"historical_retain_predicate_visit_bound":"2*n*cycles","occupancy_at_cycle_boundaries":100000,"final_queue_matches_initial":true,"setup_and_verification_excluded":true,"timed_operations":"two historical retain passes plus rekey insert and restore insert; reversible helper cycle, not a Cancel or Reprioritize command","end_to_end_speedup_claim":false,"status":"complete"}
Native owner (macos-15)	Q5.2 supplementary queue benchmark checks	2026-10-05T02:06:18.3959020Z Q52_ROW {"scenario":"historical_retain_batched_reversible_rekey","algorithm_source_commit":"bcb11cd61bc38b4813815f574a6a051f3b9e8faf","n":100000,"priority_shape":"mixed","repeat":3,"cycles":100,"operations":100,"primitive_queue_mutations":400,"queue_mutations_per_cycle":4,"restoration_insert_count":100,"elapsed_ns":77367417,"ns_per_primitive_op":193418.5425,"historical_retain_predicate_visits_exact":20000000,"historical_retain_predicate_visit_bound":"2*n*cycles","occupancy_at_cycle_boundaries":100000,"final_queue_matches_initial":true,"setup_and_verification_excluded":true,"timed_operations":"two historical retain passes plus rekey insert and restore insert; reversible helper cycle, not a Cancel or Reprioritize command","end_to_end_speedup_claim":false,"status":"complete"}
Native owner (macos-15)	Q5.2 supplementary queue benchmark checks	2026-10-05T02:06:18.4063680Z Q52_ROW {"scenario":"legacy_resource_fifo","n":100000,"capacity":1,"comparison_class":"matched_fifo_primitive_only","repeat":4,"batches":1,"elapsed_ns":633541,"ops":200000,"ns_per_op":3.1677,"ops_per_second":315685961.9188,"timed_operations":"request_waiter_and_release_waiter","comparisons":null,"setup_excluded":true,"fifo_order_checked_in_correctness_test":true,"final_queue_len":0}
Native owner (macos-15)	Q5.2 supplementary queue benchmark checks	2026-10-05T02:06:18.4163900Z Q52_ROW {"scenario":"priority_fifo","n":100000,"priority_shape":"tied","legacy_fifo_comparable":true,"repeat":4,"batches":1,"elapsed_ns":12459167,"ops":200000,"ns_per_op":62.2958,"ops_per_second":16052437.5345,"timed_operations":"insert_and_remove_min","comparisons":null,"setup_excluded":true,"final_queue_len":0}
Native owner (macos-15)	Q5.2 supplementary queue benchmark checks	2026-10-05T02:06:18.4299300Z Q52_ROW {"scenario":"priority_fifo","n":100000,"priority_shape":"mixed","legacy_fifo_comparable":false,"repeat":4,"batches":1,"elapsed_ns":15783375,"ops":200000,"ns_per_op":78.9169,"ops_per_second":12671561.0571,"timed_operations":"insert_and_remove_min","comparisons":null,"setup_excluded":true,"final_queue_len":0}
Native owner (macos-15)	Q5.2 supplementary queue benchmark checks	2026-10-05T02:06:18.4503060Z Q52_ROW {"scenario":"claim_queue_direct_tree_rekey_cancel_50_50","n":100000,"priority_shape":"tied","repeat":4,"queue_occupancy_initial":100000,"queue_occupancy_final":0,"queue_occupancy_mean_at_mutation_start":50000.1667,"rekeys":100000,"cancels":100000,"tree_mutations":300000,"elapsed_ns":11996291,"ops":200000,"ns_per_request":59.9815,"requests_per_second":16671819.6483,"ns_per_tree_mutation":39.9876,"mutations_per_second":25007729.4724,"timed_operations":"remove_insert_rekey_then_cancel","comparisons":null,"setup_excluded":true,"final_queue_len":0}
Native owner (macos-15)	Q5.2 supplementary queue benchmark checks	2026-10-05T02:06:18.4868740Z Q52_ROW {"scenario":"claim_queue_direct_tree_rekey_cancel_50_50","n":100000,"priority_shape":"mixed","repeat":4,"queue_occupancy_initial":100000,"queue_occupancy_final":0,"queue_occupancy_mean_at_mutation_start":50000.1667,"rekeys":100000,"cancels":100000,"tree_mutations":300000,"elapsed_ns":23925125,"ops":200000,"ns_per_request":119.6256,"requests_per_second":8359412.9602,"ns_per_tree_mutation":79.7504,"mutations_per_second":12539119.4403,"timed_operations":"remove_insert_rekey_then_cancel","comparisons":null,"setup_excluded":true,"final_queue_len":0}
Native owner (macos-15)	Q5.2 supplementary queue benchmark checks	2026-10-05T02:06:18.8056310Z Q52_ROW {"scenario":"legacy_algorithm_baseline_bcb11cd_retain_rekey_cancel_50_50","algorithm_source_commit":"bcb11cd61bc38b4813815f574a6a051f3b9e8faf","n":100000,"priority_shape":"tied","repeat":4,"occupancy_before_each_op":100000,"commands_requested":100,"commands_completed":100,"reprioritize_commands":50,"cancel_commands":50,"derived_expected_retain_predicate_visits":10000000,"elapsed_ns_sum":35768383,"ops":100,"ns_per_command_mean":357683.8300,"ns_per_command_p50":277667,"ns_per_command_p95":963166,"sample_elapsed_ns":[164875,168375,168416,171709,172542,173500,174625,175875,178750,179834,180917,183792,185833,186917,187958,188500,189208,190000,190333,192709,192834,194166,195042,198958,203292,214750,215750,217875,218208,220125,223959,224542,226083,228208,229625,232084,239000,242334,242917,244291,249541,256042,257625,259458,259917,268708,269125,271750,275209,276917,277667,278292,281584,282459,283208,289292,290042,297708,298167,304000,304584,305750,306042,306750,306750,308583,308834,310417,312500,312875,313084,327250,327750,329833,330000,334750,346459,346875,348666,356334,362000,362167,378125,389125,397917,454375,459666,461250,531333,541250,570959,749500,818875,819500,963166,1264250,1383875,1492625,1594584,1794333],"commands_per_second_mean":2795.7652,"timed_operations":"historical_retain_predicate_plus_reprioritize_insert_or_cancel","setup_clone_excluded":true,"exploratory_timer_overhead_unadjusted":true,"contract_timing_evidence":false,"status":"complete"}
Native owner (macos-15)	Q5.2 supplementary queue benchmark checks	2026-10-05T02:06:19.2029960Z Q52_ROW {"scenario":"legacy_algorithm_baseline_bcb11cd_retain_rekey_cancel_50_50","algorithm_source_commit":"bcb11cd61bc38b4813815f574a6a051f3b9e8faf","n":100000,"priority_shape":"mixed","repeat":4,"occupancy_before_each_op":100000,"commands_requested":100,"commands_completed":100,"reprioritize_commands":50,"cancel_commands":50,"derived_expected_retain_predicate_visits":10000000,"elapsed_ns_sum":28384036,"ops":100,"ns_per_command_mean":283840.3600,"ns_per_command_p50":253166,"ns_per_command_p95":421584,"sample_elapsed_ns":[163125,163958,170709,175833,176042,176917,179666,180667,180792,181833,187833,191458,193416,195208,195291,196500,197792,203542,205292,206667,210541,210791,213708,217791,218042,218625,219042,220041,220625,222041,222542,225458,226458,226500,227166,228750,229750,230250,231542,232750,234917,236791,238375,238459,240166,240792,246208,246625,248042,250959,253166,253625,254000,254292,255541,256833,259334,259417,260208,263750,264459,269166,272583,272791,272917,273041,273708,273875,278792,281000,282000,285042,287000,287334,292833,293000,298750,299500,299833,304667,305000,312833,314500,317333,318375,318625,326667,330792,337291,347541,349083,375125,402208,413167,421584,470167,575167,585875,1244541,1489417],"commands_per_second_mean":3523.1071,"timed_operations":"historical_retain_predicate_plus_reprioritize_insert_or_cancel","setup_clone_excluded":true,"exploratory_timer_overhead_unadjusted":true,"contract_timing_evidence":false,"status":"complete"}
Native owner (macos-15)	Q5.2 supplementary queue benchmark checks	2026-10-05T02:06:19.4335630Z Q52_ROW {"scenario":"actual_remove_waiting_request_rekey_cancel_50_50","n":100000,"priority_shape":"tied","repeat":4,"occupancy_before_each_op":100000,"commands_requested":100,"commands_completed":100,"reprioritize_commands":50,"cancel_commands":50,"removed_keys":100,"reinserted_keys":50,"elapsed_ns_sum":241957,"ops":100,"ns_per_command_mean":2419.5700,"ns_per_command_p50":2000,"ns_per_command_p95":4833,"sample_elapsed_ns":[417,542,583,625,625,625,666,666,667,667,750,791,875,875,875,875,917,958,959,959,1042,1083,1084,1167,1208,1208,1250,1291,1333,1417,1541,1542,1583,1583,1583,1625,1625,1666,1666,1667,1667,1750,1791,1833,1916,1917,1958,1958,1959,2000,2000,2125,2125,2125,2209,2250,2250,2291,2292,2292,2416,2541,2583,2583,2667,2833,3042,3167,3292,3333,3334,3417,3500,3583,3625,3750,3750,3750,3792,3959,4000,4000,4042,4042,4167,4167,4333,4459,4500,4500,4583,4583,4708,4791,4833,5292,5334,5334,5708,5875],"commands_per_second_mean":413296.5775,"timed_operations":"current_private_remove_waiting_request_plus_exact_rekey_insert_or_cancel_state","admission_sequence_preserved":true,"setup_clone_excluded":true,"exploratory_timer_overhead_unadjusted":true,"contract_timing_evidence":false,"status":"complete"}
Native owner (macos-15)	Q5.2 supplementary queue benchmark checks	2026-10-05T02:06:19.7920220Z Q52_ROW {"scenario":"actual_remove_waiting_request_rekey_cancel_50_50","n":100000,"priority_shape":"mixed","repeat":4,"occupancy_before_each_op":100000,"commands_requested":100,"commands_completed":100,"reprioritize_commands":50,"cancel_commands":50,"removed_keys":100,"reinserted_keys":50,"elapsed_ns_sum":288498,"ops":100,"ns_per_command_mean":2884.9800,"ns_per_command_p50":2250,"ns_per_command_p95":6750,"sample_elapsed_ns":[792,792,833,875,959,1000,1083,1125,1125,1167,1209,1250,1291,1333,1333,1333,1333,1334,1459,1500,1500,1500,1583,1583,1584,1708,1750,1750,1792,1792,1792,1875,1916,1916,1917,1917,1958,2041,2042,2042,2042,2042,2083,2125,2166,2167,2208,2250,2250,2250,2250,2291,2292,2375,2417,2417,2458,2583,2708,2792,2833,2834,2875,2916,3000,3000,3125,3208,3250,3250,3292,3375,3375,3458,3458,3791,3792,3916,3959,4042,4083,4125,4208,4208,4208,4250,4291,4750,4833,4959,5709,5750,6000,6708,6750,7583,7917,8542,8791,8834],"commands_per_second_mean":346622.8535,"timed_operations":"current_private_remove_waiting_request_plus_exact_rekey_insert_or_cancel_state","admission_sequence_preserved":true,"setup_clone_excluded":true,"exploratory_timer_overhead_unadjusted":true,"contract_timing_evidence":false,"status":"complete"}
Native owner (macos-15)	Q5.2 supplementary queue benchmark checks	2026-10-05T02:06:19.8358530Z Q52_ROW {"scenario":"actual_helper_batched_reversible_rekey","algorithm_source_commit":"05b7822f0c69b9d36549130e228c01689b908a13","n":100000,"priority_shape":"tied","repeat":4,"cycles":50000,"operations":50000,"primitive_queue_mutations":200000,"queue_mutations_per_cycle":4,"restoration_insert_count":50000,"elapsed_ns":29793792,"ns_per_primitive_op":148.9690,"derived_expected_helper_removals":100000,"occupancy_at_cycle_boundaries":100000,"final_queue_matches_initial":true,"setup_and_verification_excluded":true,"timed_operations":"two_current_remove_waiting_request_calls_with_success_checks_plus_rekey_insert_and_restore_insert; reversible helper cycle, not a Cancel or Reprioritize command","end_to_end_speedup_claim":false,"status":"complete"}
Native owner (macos-15)	Q5.2 supplementary queue benchmark checks	2026-10-05T02:06:19.9025740Z Q52_ROW {"scenario":"actual_helper_batched_reversible_rekey","algorithm_source_commit":"05b7822f0c69b9d36549130e228c01689b908a13","n":100000,"priority_shape":"mixed","repeat":4,"cycles":50000,"operations":50000,"primitive_queue_mutations":200000,"queue_mutations_per_cycle":4,"restoration_insert_count":50000,"elapsed_ns":47634459,"ns_per_primitive_op":238.1723,"derived_expected_helper_removals":100000,"occupancy_at_cycle_boundaries":100000,"final_queue_matches_initial":true,"setup_and_verification_excluded":true,"timed_operations":"two_current_remove_waiting_request_calls_with_success_checks_plus_rekey_insert_and_restore_insert; reversible helper cycle, not a Cancel or Reprioritize command","end_to_end_speedup_claim":false,"status":"complete"}
Native owner (macos-15)	Q5.2 supplementary queue benchmark checks	2026-10-05T02:06:19.9656210Z Q52_ROW {"scenario":"historical_retain_batched_reversible_rekey","algorithm_source_commit":"bcb11cd61bc38b4813815f574a6a051f3b9e8faf","n":100000,"priority_shape":"tied","repeat":4,"cycles":100,"operations":100,"primitive_queue_mutations":400,"queue_mutations_per_cycle":4,"restoration_insert_count":100,"elapsed_ns":46323166,"ns_per_primitive_op":115807.9150,"historical_retain_predicate_visits_exact":20000000,"historical_retain_predicate_visit_bound":"2*n*cycles","occupancy_at_cycle_boundaries":100000,"final_queue_matches_initial":true,"setup_and_verification_excluded":true,"timed_operations":"two historical retain passes plus rekey insert and restore insert; reversible helper cycle, not a Cancel or Reprioritize command","end_to_end_speedup_claim":false,"status":"complete"}
Native owner (macos-15)	Q5.2 supplementary queue benchmark checks	2026-10-05T02:06:20.1580560Z Q52_ROW {"scenario":"historical_retain_batched_reversible_rekey","algorithm_source_commit":"bcb11cd61bc38b4813815f574a6a051f3b9e8faf","n":100000,"priority_shape":"mixed","repeat":4,"cycles":100,"operations":100,"primitive_queue_mutations":400,"queue_mutations_per_cycle":4,"restoration_insert_count":100,"elapsed_ns":171589750,"ns_per_primitive_op":428974.3750,"historical_retain_predicate_visits_exact":20000000,"historical_retain_predicate_visit_bound":"2*n*cycles","occupancy_at_cycle_boundaries":100000,"final_queue_matches_initial":true,"setup_and_verification_excluded":true,"timed_operations":"two historical retain passes plus rekey insert and restore insert; reversible helper cycle, not a Cancel or Reprioritize command","end_to_end_speedup_claim":false,"status":"complete"}
Native owner (macos-15)	Q5.2 supplementary queue benchmark checks	2026-10-05T02:06:20.1684650Z Q52_ROW {"scenario":"legacy_resource_fifo","n":100000,"capacity":1,"comparison_class":"matched_fifo_primitive_only","repeat":5,"batches":1,"elapsed_ns":675375,"ops":200000,"ns_per_op":3.3769,"ops_per_second":296131778.6415,"timed_operations":"request_waiter_and_release_waiter","comparisons":null,"setup_excluded":true,"fifo_order_checked_in_correctness_test":true,"final_queue_len":0}
Native owner (macos-15)	Q5.2 supplementary queue benchmark checks	2026-10-05T02:06:20.1787300Z Q52_ROW {"scenario":"priority_fifo","n":100000,"priority_shape":"tied","legacy_fifo_comparable":true,"repeat":5,"batches":1,"elapsed_ns":12698292,"ops":200000,"ns_per_op":63.4915,"ops_per_second":15750149.7052,"timed_operations":"insert_and_remove_min","comparisons":null,"setup_excluded":true,"final_queue_len":0}
Native owner (macos-15)	Q5.2 supplementary queue benchmark checks	2026-10-05T02:06:20.1990210Z Q52_ROW {"scenario":"priority_fifo","n":100000,"priority_shape":"mixed","legacy_fifo_comparable":false,"repeat":5,"batches":1,"elapsed_ns":17018167,"ops":200000,"ns_per_op":85.0908,"ops_per_second":11752146.9850,"timed_operations":"insert_and_remove_min","comparisons":null,"setup_excluded":true,"final_queue_len":0}
Native owner (macos-15)	Q5.2 supplementary queue benchmark checks	2026-10-05T02:06:20.2193870Z Q52_ROW {"scenario":"claim_queue_direct_tree_rekey_cancel_50_50","n":100000,"priority_shape":"tied","repeat":5,"queue_occupancy_initial":100000,"queue_occupancy_final":0,"queue_occupancy_mean_at_mutation_start":50000.1667,"rekeys":100000,"cancels":100000,"tree_mutations":300000,"elapsed_ns":12349416,"ops":200000,"ns_per_request":61.7471,"requests_per_second":16195097.8087,"ns_per_tree_mutation":41.1647,"mutations_per_second":24292646.7130,"timed_operations":"remove_insert_rekey_then_cancel","comparisons":null,"setup_excluded":true,"final_queue_len":0}
Native owner (macos-15)	Q5.2 supplementary queue benchmark checks	2026-10-05T02:06:20.2524560Z Q52_ROW {"scenario":"claim_queue_direct_tree_rekey_cancel_50_50","n":100000,"priority_shape":"mixed","repeat":5,"queue_occupancy_initial":100000,"queue_occupancy_final":0,"queue_occupancy_mean_at_mutation_start":50000.1667,"rekeys":100000,"cancels":100000,"tree_mutations":300000,"elapsed_ns":25011250,"ops":200000,"ns_per_request":125.0563,"requests_per_second":7996401.6193,"ns_per_tree_mutation":83.3708,"mutations_per_second":11994602.4289,"timed_operations":"remove_insert_rekey_then_cancel","comparisons":null,"setup_excluded":true,"final_queue_len":0}
Native owner (macos-15)	Q5.2 supplementary queue benchmark checks	2026-10-05T02:06:20.5068380Z Q52_ROW {"scenario":"legacy_algorithm_baseline_bcb11cd_retain_rekey_cancel_50_50","algorithm_source_commit":"bcb11cd61bc38b4813815f574a6a051f3b9e8faf","n":100000,"priority_shape":"tied","repeat":5,"occupancy_before_each_op":100000,"commands_requested":100,"commands_completed":100,"reprioritize_commands":50,"cancel_commands":50,"derived_expected_retain_predicate_visits":10000000,"elapsed_ns_sum":24782668,"ops":100,"ns_per_command_mean":247826.6800,"ns_per_command_p50":243334,"ns_per_command_p95":336875,"sample_elapsed_ns":[154584,160250,170292,174375,175500,177834,178333,180417,180750,181500,183709,184666,185417,186042,186167,186916,187292,188041,189375,189459,190458,191833,191959,192958,193250,193625,195083,198958,200417,200833,203083,205708,205916,206584,209583,210208,210375,210917,213000,213416,214708,216625,217000,220250,222875,224208,227292,231500,235041,238417,243334,245208,245542,245958,248083,248959,251041,253000,254334,260708,265500,266167,266208,267375,267875,268667,269625,270125,271583,272750,273417,275500,275875,277125,282042,282459,283375,283375,285125,286667,287083,291666,292333,293000,293500,293917,297667,300084,305041,305208,309584,311917,315125,317792,336875,339000,377291,416834,560042,664708],"commands_per_second_mean":4035.0781,"timed_operations":"historical_retain_predicate_plus_reprioritize_insert_or_cancel","setup_clone_excluded":true,"exploratory_timer_overhead_unadjusted":true,"contract_timing_evidence":false,"status":"complete"}
Native owner (macos-15)	Q5.2 supplementary queue benchmark checks	2026-10-05T02:06:20.8877460Z Q52_ROW {"scenario":"legacy_algorithm_baseline_bcb11cd_retain_rekey_cancel_50_50","algorithm_source_commit":"bcb11cd61bc38b4813815f574a6a051f3b9e8faf","n":100000,"priority_shape":"mixed","repeat":5,"occupancy_before_each_op":100000,"commands_requested":100,"commands_completed":100,"reprioritize_commands":50,"cancel_commands":50,"derived_expected_retain_predicate_visits":10000000,"elapsed_ns_sum":27219204,"ops":100,"ns_per_command_mean":272192.0400,"ns_per_command_p50":270709,"ns_per_command_p95":361750,"sample_elapsed_ns":[169708,188500,189042,190250,190625,192458,193917,196666,197042,197292,197833,198500,199542,202416,203000,206125,207541,208833,210542,214333,214583,215833,216125,220167,221625,222458,224208,230708,231958,232750,233584,234459,234500,234917,237166,243750,244458,245042,247458,251458,251459,253333,259625,262250,262542,263250,263625,265042,267750,268541,270709,271916,272084,274125,278750,280084,280375,281333,283041,283167,283541,285000,285208,286459,286625,288791,289500,290250,290833,295250,295958,298166,300209,300334,300417,302250,302291,304958,305125,305250,310916,317459,318375,321416,326250,332833,333292,334375,335042,337208,341042,345458,348458,361458,361750,374042,385083,424125,473542,656292],"commands_per_second_mean":3673.8767,"timed_operations":"historical_retain_predicate_plus_reprioritize_insert_or_cancel","setup_clone_excluded":true,"exploratory_timer_overhead_unadjusted":true,"contract_timing_evidence":false,"status":"complete"}
Native owner (macos-15)	Q5.2 supplementary queue benchmark checks	2026-10-05T02:06:21.1148760Z Q52_ROW {"scenario":"actual_remove_waiting_request_rekey_cancel_50_50","n":100000,"priority_shape":"tied","repeat":5,"occupancy_before_each_op":100000,"commands_requested":100,"commands_completed":100,"reprioritize_commands":50,"cancel_commands":50,"removed_keys":100,"reinserted_keys":50,"elapsed_ns_sum":231084,"ops":100,"ns_per_command_mean":2310.8400,"ns_per_command_p50":1834,"ns_per_command_p95":4875,"sample_elapsed_ns":[500,500,542,583,583,583,625,625,667,667,708,750,792,792,875,916,917,917,917,917,958,1000,1000,1041,1041,1042,1042,1125,1125,1125,1166,1167,1208,1291,1291,1333,1333,1375,1458,1458,1459,1500,1542,1583,1625,1667,1667,1709,1792,1833,1834,1834,1875,1875,1917,1958,2000,2041,2083,2083,2167,2208,2334,2334,2375,2417,2584,2666,2792,2958,2959,3000,3125,3167,3209,3209,3292,3458,3458,3500,3542,3666,3750,3833,3833,3833,3875,3875,4042,4042,4166,4167,4791,4833,4875,5083,8167,8250,8417,9000],"commands_per_second_mean":432743.0718,"timed_operations":"current_private_remove_waiting_request_plus_exact_rekey_insert_or_cancel_state","admission_sequence_preserved":true,"setup_clone_excluded":true,"exploratory_timer_overhead_unadjusted":true,"contract_timing_evidence":false,"status":"complete"}
Native owner (macos-15)	Q5.2 supplementary queue benchmark checks	2026-10-05T02:06:21.4569200Z Q52_ROW {"scenario":"actual_remove_waiting_request_rekey_cancel_50_50","n":100000,"priority_shape":"mixed","repeat":5,"occupancy_before_each_op":100000,"commands_requested":100,"commands_completed":100,"reprioritize_commands":50,"cancel_commands":50,"removed_keys":100,"reinserted_keys":50,"elapsed_ns_sum":214044,"ops":100,"ns_per_command_mean":2140.4400,"ns_per_command_p50":1833,"ns_per_command_p95":4750,"sample_elapsed_ns":[417,542,625,708,750,750,750,833,833,834,834,875,875,917,917,917,917,1000,1042,1083,1125,1125,1167,1208,1209,1250,1250,1250,1291,1291,1292,1292,1292,1292,1333,1333,1375,1375,1375,1375,1416,1417,1458,1667,1667,1667,1750,1750,1791,1792,1833,1875,1875,1875,1916,1917,1917,1917,1917,2000,2042,2042,2042,2042,2083,2125,2166,2167,2167,2167,2208,2208,2250,2250,2333,2458,2500,2666,2792,2916,3042,3084,3125,3292,3334,3375,3416,3417,4000,4167,4291,4292,4666,4750,4750,4792,6500,6500,8083,8208],"commands_per_second_mean":467193.6611,"timed_operations":"current_private_remove_waiting_request_plus_exact_rekey_insert_or_cancel_state","admission_sequence_preserved":true,"setup_clone_excluded":true,"exploratory_timer_overhead_unadjusted":true,"contract_timing_evidence":false,"status":"complete"}
Native owner (macos-15)	Q5.2 supplementary queue benchmark checks	2026-10-05T02:06:21.5361790Z Q52_ROW {"scenario":"actual_helper_batched_reversible_rekey","algorithm_source_commit":"05b7822f0c69b9d36549130e228c01689b908a13","n":100000,"priority_shape":"tied","repeat":5,"cycles":50000,"operations":50000,"primitive_queue_mutations":200000,"queue_mutations_per_cycle":4,"restoration_insert_count":50000,"elapsed_ns":63061666,"ns_per_primitive_op":315.3083,"derived_expected_helper_removals":100000,"occupancy_at_cycle_boundaries":100000,"final_queue_matches_initial":true,"setup_and_verification_excluded":true,"timed_operations":"two_current_remove_waiting_request_calls_with_success_checks_plus_rekey_insert_and_restore_insert; reversible helper cycle, not a Cancel or Reprioritize command","end_to_end_speedup_claim":false,"status":"complete"}
Native owner (macos-15)	Q5.2 supplementary queue benchmark checks	2026-10-05T02:06:21.5975990Z Q52_ROW {"scenario":"actual_helper_batched_reversible_rekey","algorithm_source_commit":"05b7822f0c69b9d36549130e228c01689b908a13","n":100000,"priority_shape":"mixed","repeat":5,"cycles":50000,"operations":50000,"primitive_queue_mutations":200000,"queue_mutations_per_cycle":4,"restoration_insert_count":50000,"elapsed_ns":39111583,"ns_per_primitive_op":195.5579,"derived_expected_helper_removals":100000,"occupancy_at_cycle_boundaries":100000,"final_queue_matches_initial":true,"setup_and_verification_excluded":true,"timed_operations":"two_current_remove_waiting_request_calls_with_success_checks_plus_rekey_insert_and_restore_insert; reversible helper cycle, not a Cancel or Reprioritize command","end_to_end_speedup_claim":false,"status":"complete"}
Native owner (macos-15)	Q5.2 supplementary queue benchmark checks	2026-10-05T02:06:21.6477210Z Q52_ROW {"scenario":"historical_retain_batched_reversible_rekey","algorithm_source_commit":"bcb11cd61bc38b4813815f574a6a051f3b9e8faf","n":100000,"priority_shape":"tied","repeat":5,"cycles":100,"operations":100,"primitive_queue_mutations":400,"queue_mutations_per_cycle":4,"restoration_insert_count":100,"elapsed_ns":38957417,"ns_per_primitive_op":97393.5425,"historical_retain_predicate_visits_exact":20000000,"historical_retain_predicate_visit_bound":"2*n*cycles","occupancy_at_cycle_boundaries":100000,"final_queue_matches_initial":true,"setup_and_verification_excluded":true,"timed_operations":"two historical retain passes plus rekey insert and restore insert; reversible helper cycle, not a Cancel or Reprioritize command","end_to_end_speedup_claim":false,"status":"complete"}
Native owner (macos-15)	Q5.2 supplementary queue benchmark checks	2026-10-05T02:06:21.7686730Z Q52_ROW {"scenario":"historical_retain_batched_reversible_rekey","algorithm_source_commit":"bcb11cd61bc38b4813815f574a6a051f3b9e8faf","n":100000,"priority_shape":"mixed","repeat":5,"cycles":100,"operations":100,"primitive_queue_mutations":400,"queue_mutations_per_cycle":4,"restoration_insert_count":100,"elapsed_ns":102106708,"ns_per_primitive_op":255266.7700,"historical_retain_predicate_visits_exact":20000000,"historical_retain_predicate_visit_bound":"2*n*cycles","occupancy_at_cycle_boundaries":100000,"final_queue_matches_initial":true,"setup_and_verification_excluded":true,"timed_operations":"two historical retain passes plus rekey insert and restore insert; reversible helper cycle, not a Cancel or Reprioritize command","end_to_end_speedup_claim":false,"status":"complete"}
Native owner (macos-15)	Q5.2 supplementary queue benchmark checks	2026-10-05T02:06:21.7999730Z Q52_ROW {"scenario":"counted_ord_structural_comparisons","n":100000,"priority_shape":"tied","operations":300000,"comparisons":7936103,"comparisons_per_operation":26.453677,"ceil_log2_n_plus_1":17,"structural_bound":45600000,"elapsed_ns":null,"timing_claim":false,"setup_excluded":true}
Native owner (macos-15)	Q5.2 supplementary queue benchmark checks	2026-10-05T02:06:21.8380620Z Q52_ROW {"scenario":"counted_ord_structural_comparisons","n":100000,"priority_shape":"mixed","operations":300000,"comparisons":5520089,"comparisons_per_operation":18.400297,"ceil_log2_n_plus_1":17,"structural_bound":45600000,"elapsed_ns":null,"timing_claim":false,"setup_excluded":true}
Native owner (macos-15)	Q5.2 supplementary queue benchmark checks	2026-10-05T02:06:21.8382250Z Q52_ROW {"scenario":"historical_victim_reference","active_capacity":1,"repeat":1,"calls":1000,"holder_candidates_examined":1000,"elapsed_ns":2791,"ops":1000,"ns_per_call":2.7910,"calls_per_second":358294518.0939,"expected_victim":0,"verified":true}
Native owner (macos-15)	Q5.2 supplementary queue benchmark checks	2026-10-05T02:06:21.8383650Z Q52_ROW {"scenario":"historical_victim_reference","active_capacity":1,"repeat":2,"calls":1000,"holder_candidates_examined":1000,"elapsed_ns":2250,"ops":1000,"ns_per_call":2.2500,"calls_per_second":444444444.4444,"expected_victim":0,"verified":true}
Native owner (macos-15)	Q5.2 supplementary queue benchmark checks	2026-10-05T02:06:21.8385000Z Q52_ROW {"scenario":"historical_victim_reference","active_capacity":1,"repeat":3,"calls":1000,"holder_candidates_examined":1000,"elapsed_ns":2333,"ops":1000,"ns_per_call":2.3330,"calls_per_second":428632661.8088,"expected_victim":0,"verified":true}
Native owner (macos-15)	Q5.2 supplementary queue benchmark checks	2026-10-05T02:06:21.8386360Z Q52_ROW {"scenario":"historical_victim_reference","active_capacity":1,"repeat":4,"calls":1000,"holder_candidates_examined":1000,"elapsed_ns":2334,"ops":1000,"ns_per_call":2.3340,"calls_per_second":428449014.5673,"expected_victim":0,"verified":true}
Native owner (macos-15)	Q5.2 supplementary queue benchmark checks	2026-10-05T02:06:21.8387710Z Q52_ROW {"scenario":"historical_victim_reference","active_capacity":1,"repeat":5,"calls":1000,"holder_candidates_examined":1000,"elapsed_ns":2209,"ops":1000,"ns_per_call":2.2090,"calls_per_second":452693526.4826,"expected_victim":0,"verified":true}
Native owner (macos-15)	Q5.2 supplementary queue benchmark checks	2026-10-05T02:06:21.8389110Z Q52_ROW {"scenario":"historical_victim_reference","active_capacity":10,"repeat":1,"calls":1000,"holder_candidates_examined":10000,"elapsed_ns":27458,"ops":1000,"ns_per_call":27.4580,"calls_per_second":36419258.5039,"expected_victim":7,"verified":true}
Native owner (macos-15)	Q5.2 supplementary queue benchmark checks	2026-10-05T02:06:21.8390520Z Q52_ROW {"scenario":"historical_victim_reference","active_capacity":10,"repeat":2,"calls":1000,"holder_candidates_examined":10000,"elapsed_ns":27709,"ops":1000,"ns_per_call":27.7090,"calls_per_second":36089357.2485,"expected_victim":7,"verified":true}
Native owner (macos-15)	Q5.2 supplementary queue benchmark checks	2026-10-05T02:06:21.8392060Z Q52_ROW {"scenario":"historical_victim_reference","active_capacity":10,"repeat":3,"calls":1000,"holder_candidates_examined":10000,"elapsed_ns":27708,"ops":1000,"ns_per_call":27.7080,"calls_per_second":36090659.7373,"expected_victim":7,"verified":true}
Native owner (macos-15)	Q5.2 supplementary queue benchmark checks	2026-10-05T02:06:21.8393410Z Q52_ROW {"scenario":"historical_victim_reference","active_capacity":10,"repeat":4,"calls":1000,"holder_candidates_examined":10000,"elapsed_ns":27667,"ops":1000,"ns_per_call":27.6670,"calls_per_second":36144142.8417,"expected_victim":7,"verified":true}
Native owner (macos-15)	Q5.2 supplementary queue benchmark checks	2026-10-05T02:06:21.8395330Z Q52_ROW {"scenario":"historical_victim_reference","active_capacity":10,"repeat":5,"calls":1000,"holder_candidates_examined":10000,"elapsed_ns":27709,"ops":1000,"ns_per_call":27.7090,"calls_per_second":36089357.2485,"expected_victim":7,"verified":true}
Native owner (macos-15)	Q5.2 supplementary queue benchmark checks	2026-10-05T02:06:21.8397480Z Q52_ROW {"scenario":"historical_victim_reference","active_capacity":100,"repeat":1,"calls":1000,"holder_candidates_examined":100000,"elapsed_ns":272917,"ops":1000,"ns_per_call":272.9170,"calls_per_second":3664117.6621,"expected_victim":86,"verified":true}
Native owner (macos-15)	Q5.2 supplementary queue benchmark checks	2026-10-05T02:06:21.8398980Z Q52_ROW {"scenario":"historical_victim_reference","active_capacity":100,"repeat":2,"calls":1000,"holder_candidates_examined":100000,"elapsed_ns":272584,"ops":1000,"ns_per_call":272.5840,"calls_per_second":3668593.9013,"expected_victim":86,"verified":true}
Native owner (macos-15)	Q5.2 supplementary queue benchmark checks	2026-10-05T02:06:21.8400490Z Q52_ROW {"scenario":"historical_victim_reference","active_capacity":100,"repeat":3,"calls":1000,"holder_candidates_examined":100000,"elapsed_ns":274417,"ops":1000,"ns_per_call":274.4170,"calls_per_second":3644089.1053,"expected_victim":86,"verified":true}
Native owner (macos-15)	Q5.2 supplementary queue benchmark checks	2026-10-05T02:06:21.8402000Z Q52_ROW {"scenario":"historical_victim_reference","active_capacity":100,"repeat":4,"calls":1000,"holder_candidates_examined":100000,"elapsed_ns":281917,"ops":1000,"ns_per_call":281.9170,"calls_per_second":3547143.3081,"expected_victim":86,"verified":true}
Native owner (macos-15)	Q5.2 supplementary queue benchmark checks	2026-10-05T02:06:21.8403360Z Q52_ROW {"scenario":"historical_victim_reference","active_capacity":100,"repeat":5,"calls":1000,"holder_candidates_examined":100000,"elapsed_ns":278375,"ops":1000,"ns_per_call":278.3750,"calls_per_second":3592276.6053,"expected_victim":86,"verified":true}
Native owner (macos-15)	Q5.2 supplementary queue benchmark checks	2026-10-05T02:06:21.8423450Z Q52_ROW {"scenario":"historical_victim_reference","active_capacity":1000,"repeat":1,"calls":1000,"holder_candidates_examined":1000000,"elapsed_ns":2759208,"ops":1000,"ns_per_call":2759.2080,"calls_per_second":362422.8402,"expected_victim":984,"verified":true}
Native owner (macos-15)	Q5.2 supplementary queue benchmark checks	2026-10-05T02:06:21.8451740Z Q52_ROW {"scenario":"historical_victim_reference","active_capacity":1000,"repeat":2,"calls":1000,"holder_candidates_examined":1000000,"elapsed_ns":2748875,"ops":1000,"ns_per_call":2748.8750,"calls_per_second":363785.1848,"expected_victim":984,"verified":true}
Native owner (macos-15)	Q5.2 supplementary queue benchmark checks	2026-10-05T02:06:21.8479360Z Q52_ROW {"scenario":"historical_victim_reference","active_capacity":1000,"repeat":3,"calls":1000,"holder_candidates_examined":1000000,"elapsed_ns":2756833,"ops":1000,"ns_per_call":2756.8330,"calls_per_second":362735.0659,"expected_victim":984,"verified":true}
Native owner (macos-15)	Q5.2 supplementary queue benchmark checks	2026-10-05T02:06:21.8506560Z Q52_ROW {"scenario":"historical_victim_reference","active_capacity":1000,"repeat":4,"calls":1000,"holder_candidates_examined":1000000,"elapsed_ns":2721834,"ops":1000,"ns_per_call":2721.8340,"calls_per_second":367399.3344,"expected_victim":984,"verified":true}
Native owner (macos-15)	Q5.2 supplementary queue benchmark checks	2026-10-05T02:06:21.8534910Z Q52_ROW {"scenario":"historical_victim_reference","active_capacity":1000,"repeat":5,"calls":1000,"holder_candidates_examined":1000000,"elapsed_ns":2797125,"ops":1000,"ns_per_call":2797.1250,"calls_per_second":357509.9432,"expected_victim":984,"verified":true}
Native owner (macos-15)	Q5.2 supplementary queue benchmark checks	2026-10-05T02:06:21.8536700Z Q52_ROW {"scenario":"historical_sorting_reference","implementation_label":"historical_sorting_reference","match":"no_match","waiters_W":10,"holders_H":1,"repeat":1,"calls":1000,"waiter_sort_items":10000,"waiters_attempted":10000,"holder_candidates_examined":10000,"elapsed_ns":48875,"ops":1000,"ns_per_call":48.8750,"calls_per_second":20460358.0563,"expected_pair":"none","verified":true}
Native owner (macos-15)	Q5.2 supplementary queue benchmark checks	2026-10-05T02:06:21.8550530Z Q52_ROW {"scenario":"production_ordered_selector_kernel","scope_label":"ordered helper only; excludes Flow index maintenance and holder projection","mode":"equal_priority_no_match","waiters_W":10,"holders_H":1,"repeat":1,"calls":500000,"elapsed_ns":1324791,"ns_per_call":2.6496,"yielded_waiters_per_call_untimed":1,"expected_pair":"none","verified":true,"attempt_count":1,"attempts":[{"attempt":1,"calls":500000,"elapsed_ns":1324791}],"calibration_stop_reason":"minimum_batch_duration_reached","precision_status":"minimum_batch_duration_reached","max_calls":1000000,"max_calibration_attempts":5,"min_batch_ns":1000000,"initial_call_formula":"clamp(1000000 / max(1,H+yielded_waiters),1,1000000)","timed_operations":"loop and ordered helper invocations with black-boxed result","waiters_sorted_outside_timer":true,"fixture_creation_and_holder_construction_excluded":true,"production_flow_integrated":false,"end_to_end_speedup_claim":false}
Native owner (macos-15)	Q5.2 supplementary queue benchmark checks	2026-10-05T02:06:21.8554070Z Q52_ROW {"scenario":"historical_sorting_reference","implementation_label":"historical_sorting_reference","match":"no_match","waiters_W":10,"holders_H":1,"repeat":2,"calls":1000,"waiter_sort_items":10000,"waiters_attempted":10000,"holder_candidates_examined":10000,"elapsed_ns":49000,"ops":1000,"ns_per_call":49.0000,"calls_per_second":20408163.2653,"expected_pair":"none","verified":true}
Native owner (macos-15)	Q5.2 supplementary queue benchmark checks	2026-10-05T02:06:21.8564190Z Q52_ROW {"scenario":"production_ordered_selector_kernel","scope_label":"ordered helper only; excludes Flow index maintenance and holder projection","mode":"equal_priority_no_match","waiters_W":10,"holders_H":1,"repeat":2,"calls":500000,"elapsed_ns":1325792,"ns_per_call":2.6516,"yielded_waiters_per_call_untimed":1,"expected_pair":"none","verified":true,"attempt_count":1,"attempts":[{"attempt":1,"calls":500000,"elapsed_ns":1325792}],"calibration_stop_reason":"minimum_batch_duration_reached","precision_status":"minimum_batch_duration_reached","max_calls":1000000,"max_calibration_attempts":5,"min_batch_ns":1000000,"initial_call_formula":"clamp(1000000 / max(1,H+yielded_waiters),1,1000000)","timed_operations":"loop and ordered helper invocations with black-boxed result","waiters_sorted_outside_timer":true,"fixture_creation_and_holder_construction_excluded":true,"production_flow_integrated":false,"end_to_end_speedup_claim":false}
Native owner (macos-15)	Q5.2 supplementary queue benchmark checks	2026-10-05T02:06:21.8568290Z Q52_ROW {"scenario":"historical_sorting_reference","implementation_label":"historical_sorting_reference","match":"no_match","waiters_W":10,"holders_H":1,"repeat":3,"calls":1000,"waiter_sort_items":10000,"waiters_attempted":10000,"holder_candidates_examined":10000,"elapsed_ns":48917,"ops":1000,"ns_per_call":48.9170,"calls_per_second":20442790.8498,"expected_pair":"none","verified":true}
Native owner (macos-15)	Q5.2 supplementary queue benchmark checks	2026-10-05T02:06:21.8578140Z Q52_ROW {"scenario":"production_ordered_selector_kernel","scope_label":"ordered helper only; excludes Flow index maintenance and holder projection","mode":"equal_priority_no_match","waiters_W":10,"holders_H":1,"repeat":3,"calls":500000,"elapsed_ns":1332667,"ns_per_call":2.6653,"yielded_waiters_per_call_untimed":1,"expected_pair":"none","verified":true,"attempt_count":1,"attempts":[{"attempt":1,"calls":500000,"elapsed_ns":1332667}],"calibration_stop_reason":"minimum_batch_duration_reached","precision_status":"minimum_batch_duration_reached","max_calls":1000000,"max_calibration_attempts":5,"min_batch_ns":1000000,"initial_call_formula":"clamp(1000000 / max(1,H+yielded_waiters),1,1000000)","timed_operations":"loop and ordered helper invocations with black-boxed result","waiters_sorted_outside_timer":true,"fixture_creation_and_holder_construction_excluded":true,"production_flow_integrated":false,"end_to_end_speedup_claim":false}
Native owner (macos-15)	Q5.2 supplementary queue benchmark checks	2026-10-05T02:06:21.8581720Z Q52_ROW {"scenario":"historical_sorting_reference","implementation_label":"historical_sorting_reference","match":"no_match","waiters_W":10,"holders_H":1,"repeat":4,"calls":1000,"waiter_sort_items":10000,"waiters_attempted":10000,"holder_candidates_examined":10000,"elapsed_ns":49208,"ops":1000,"ns_per_call":49.2080,"calls_per_second":20321898.8782,"expected_pair":"none","verified":true}
Native owner (macos-15)	Q5.2 supplementary queue benchmark checks	2026-10-05T02:06:21.8591950Z Q52_ROW {"scenario":"production_ordered_selector_kernel","scope_label":"ordered helper only; excludes Flow index maintenance and holder projection","mode":"equal_priority_no_match","waiters_W":10,"holders_H":1,"repeat":4,"calls":500000,"elapsed_ns":1312125,"ns_per_call":2.6242,"yielded_waiters_per_call_untimed":1,"expected_pair":"none","verified":true,"attempt_count":1,"attempts":[{"attempt":1,"calls":500000,"elapsed_ns":1312125}],"calibration_stop_reason":"minimum_batch_duration_reached","precision_status":"minimum_batch_duration_reached","max_calls":1000000,"max_calibration_attempts":5,"min_batch_ns":1000000,"initial_call_formula":"clamp(1000000 / max(1,H+yielded_waiters),1,1000000)","timed_operations":"loop and ordered helper invocations with black-boxed result","waiters_sorted_outside_timer":true,"fixture_creation_and_holder_construction_excluded":true,"production_flow_integrated":false,"end_to_end_speedup_claim":false}
Native owner (macos-15)	Q5.2 supplementary queue benchmark checks	2026-10-05T02:06:21.8595460Z Q52_ROW {"scenario":"historical_sorting_reference","implementation_label":"historical_sorting_reference","match":"no_match","waiters_W":10,"holders_H":1,"repeat":5,"calls":1000,"waiter_sort_items":10000,"waiters_attempted":10000,"holder_candidates_examined":10000,"elapsed_ns":49125,"ops":1000,"ns_per_call":49.1250,"calls_per_second":20356234.0967,"expected_pair":"none","verified":true}
Native owner (macos-15)	Q5.2 supplementary queue benchmark checks	2026-10-05T02:06:21.8605920Z Q52_ROW {"scenario":"production_ordered_selector_kernel","scope_label":"ordered helper only; excludes Flow index maintenance and holder projection","mode":"equal_priority_no_match","waiters_W":10,"holders_H":1,"repeat":5,"calls":500000,"elapsed_ns":1350250,"ns_per_call":2.7005,"yielded_waiters_per_call_untimed":1,"expected_pair":"none","verified":true,"attempt_count":1,"attempts":[{"attempt":1,"calls":500000,"elapsed_ns":1350250}],"calibration_stop_reason":"minimum_batch_duration_reached","precision_status":"minimum_batch_duration_reached","max_calls":1000000,"max_calibration_attempts":5,"min_batch_ns":1000000,"initial_call_formula":"clamp(1000000 / max(1,H+yielded_waiters),1,1000000)","timed_operations":"loop and ordered helper invocations with black-boxed result","waiters_sorted_outside_timer":true,"fixture_creation_and_holder_construction_excluded":true,"production_flow_integrated":false,"end_to_end_speedup_claim":false}
Native owner (macos-15)	Q5.2 supplementary queue benchmark checks	2026-10-05T02:06:21.8609490Z Q52_ROW {"scenario":"historical_sorting_reference","implementation_label":"historical_sorting_reference","match":"matched","waiters_W":10,"holders_H":1,"repeat":1,"calls":1000,"waiter_sort_items":10000,"waiters_attempted":1000,"holder_candidates_examined":1000,"elapsed_ns":37334,"ops":1000,"ns_per_call":37.3340,"calls_per_second":26785235.9779,"expected_pair":"0:0","verified":true}
Native owner (macos-15)	Q5.2 supplementary queue benchmark checks	2026-10-05T02:06:21.8623780Z Q52_ROW {"scenario":"production_ordered_selector_kernel","scope_label":"ordered helper only; excludes Flow index maintenance and holder projection","mode":"matched","waiters_W":10,"holders_H":1,"repeat":1,"calls":500000,"elapsed_ns":1732333,"ns_per_call":3.4647,"yielded_waiters_per_call_untimed":1,"expected_pair":"0:0","verified":true,"attempt_count":1,"attempts":[{"attempt":1,"calls":500000,"elapsed_ns":1732333}],"calibration_stop_reason":"minimum_batch_duration_reached","precision_status":"minimum_batch_duration_reached","max_calls":1000000,"max_calibration_attempts":5,"min_batch_ns":1000000,"initial_call_formula":"clamp(1000000 / max(1,H+yielded_waiters),1,1000000)","timed_operations":"loop and ordered helper invocations with black-boxed result","waiters_sorted_outside_timer":true,"fixture_creation_and_holder_construction_excluded":true,"production_flow_integrated":false,"end_to_end_speedup_claim":false}
Native owner (macos-15)	Q5.2 supplementary queue benchmark checks	2026-10-05T02:06:21.8627260Z Q52_ROW {"scenario":"historical_sorting_reference","implementation_label":"historical_sorting_reference","match":"matched","waiters_W":10,"holders_H":1,"repeat":2,"calls":1000,"waiter_sort_items":10000,"waiters_attempted":1000,"holder_candidates_examined":1000,"elapsed_ns":33750,"ops":1000,"ns_per_call":33.7500,"calls_per_second":29629629.6296,"expected_pair":"0:0","verified":true}
Native owner (macos-15)	Q5.2 supplementary queue benchmark checks	2026-10-05T02:06:21.8641610Z Q52_ROW {"scenario":"production_ordered_selector_kernel","scope_label":"ordered helper only; excludes Flow index maintenance and holder projection","mode":"matched","waiters_W":10,"holders_H":1,"repeat":2,"calls":500000,"elapsed_ns":1736959,"ns_per_call":3.4739,"yielded_waiters_per_call_untimed":1,"expected_pair":"0:0","verified":true,"attempt_count":1,"attempts":[{"attempt":1,"calls":500000,"elapsed_ns":1736959}],"calibration_stop_reason":"minimum_batch_duration_reached","precision_status":"minimum_batch_duration_reached","max_calls":1000000,"max_calibration_attempts":5,"min_batch_ns":1000000,"initial_call_formula":"clamp(1000000 / max(1,H+yielded_waiters),1,1000000)","timed_operations":"loop and ordered helper invocations with black-boxed result","waiters_sorted_outside_timer":true,"fixture_creation_and_holder_construction_excluded":true,"production_flow_integrated":false,"end_to_end_speedup_claim":false}
Native owner (macos-15)	Q5.2 supplementary queue benchmark checks	2026-10-05T02:06:21.8645040Z Q52_ROW {"scenario":"historical_sorting_reference","implementation_label":"historical_sorting_reference","match":"matched","waiters_W":10,"holders_H":1,"repeat":3,"calls":1000,"waiter_sort_items":10000,"waiters_attempted":1000,"holder_candidates_examined":1000,"elapsed_ns":41875,"ops":1000,"ns_per_call":41.8750,"calls_per_second":23880597.0149,"expected_pair":"0:0","verified":true}
Native owner (macos-15)	Q5.2 supplementary queue benchmark checks	2026-10-05T02:06:21.8659320Z Q52_ROW {"scenario":"production_ordered_selector_kernel","scope_label":"ordered helper only; excludes Flow index maintenance and holder projection","mode":"matched","waiters_W":10,"holders_H":1,"repeat":3,"calls":500000,"elapsed_ns":1720416,"ns_per_call":3.4408,"yielded_waiters_per_call_untimed":1,"expected_pair":"0:0","verified":true,"attempt_count":1,"attempts":[{"attempt":1,"calls":500000,"elapsed_ns":1720416}],"calibration_stop_reason":"minimum_batch_duration_reached","precision_status":"minimum_batch_duration_reached","max_calls":1000000,"max_calibration_attempts":5,"min_batch_ns":1000000,"initial_call_formula":"clamp(1000000 / max(1,H+yielded_waiters),1,1000000)","timed_operations":"loop and ordered helper invocations with black-boxed result","waiters_sorted_outside_timer":true,"fixture_creation_and_holder_construction_excluded":true,"production_flow_integrated":false,"end_to_end_speedup_claim":false}
Native owner (macos-15)	Q5.2 supplementary queue benchmark checks	2026-10-05T02:06:21.8662800Z Q52_ROW {"scenario":"historical_sorting_reference","implementation_label":"historical_sorting_reference","match":"matched","waiters_W":10,"holders_H":1,"repeat":4,"calls":1000,"waiter_sort_items":10000,"waiters_attempted":1000,"holder_candidates_examined":1000,"elapsed_ns":33458,"ops":1000,"ns_per_call":33.4580,"calls_per_second":29888218.0644,"expected_pair":"0:0","verified":true}
Native owner (macos-15)	Q5.2 supplementary queue benchmark checks	2026-10-05T02:06:21.8677190Z Q52_ROW {"scenario":"production_ordered_selector_kernel","scope_label":"ordered helper only; excludes Flow index maintenance and holder projection","mode":"matched","waiters_W":10,"holders_H":1,"repeat":4,"calls":500000,"elapsed_ns":1747667,"ns_per_call":3.4953,"yielded_waiters_per_call_untimed":1,"expected_pair":"0:0","verified":true,"attempt_count":1,"attempts":[{"attempt":1,"calls":500000,"elapsed_ns":1747667}],"calibration_stop_reason":"minimum_batch_duration_reached","precision_status":"minimum_batch_duration_reached","max_calls":1000000,"max_calibration_attempts":5,"min_batch_ns":1000000,"initial_call_formula":"clamp(1000000 / max(1,H+yielded_waiters),1,1000000)","timed_operations":"loop and ordered helper invocations with black-boxed result","waiters_sorted_outside_timer":true,"fixture_creation_and_holder_construction_excluded":true,"production_flow_integrated":false,"end_to_end_speedup_claim":false}
Native owner (macos-15)	Q5.2 supplementary queue benchmark checks	2026-10-05T02:06:21.8680800Z Q52_ROW {"scenario":"historical_sorting_reference","implementation_label":"historical_sorting_reference","match":"matched","waiters_W":10,"holders_H":1,"repeat":5,"calls":1000,"waiter_sort_items":10000,"waiters_attempted":1000,"holder_candidates_examined":1000,"elapsed_ns":33000,"ops":1000,"ns_per_call":33.0000,"calls_per_second":30303030.3030,"expected_pair":"0:0","verified":true}
Native owner (macos-15)	Q5.2 supplementary queue benchmark checks	2026-10-05T02:06:21.8694580Z Q52_ROW {"scenario":"production_ordered_selector_kernel","scope_label":"ordered helper only; excludes Flow index maintenance and holder projection","mode":"matched","waiters_W":10,"holders_H":1,"repeat":5,"calls":500000,"elapsed_ns":1707250,"ns_per_call":3.4145,"yielded_waiters_per_call_untimed":1,"expected_pair":"0:0","verified":true,"attempt_count":1,"attempts":[{"attempt":1,"calls":500000,"elapsed_ns":1707250}],"calibration_stop_reason":"minimum_batch_duration_reached","precision_status":"minimum_batch_duration_reached","max_calls":1000000,"max_calibration_attempts":5,"min_batch_ns":1000000,"initial_call_formula":"clamp(1000000 / max(1,H+yielded_waiters),1,1000000)","timed_operations":"loop and ordered helper invocations with black-boxed result","waiters_sorted_outside_timer":true,"fixture_creation_and_holder_construction_excluded":true,"production_flow_integrated":false,"end_to_end_speedup_claim":false}
Native owner (macos-15)	Q5.2 supplementary queue benchmark checks	2026-10-05T02:06:21.8715760Z Q52_ROW {"scenario":"production_ordered_selector_kernel","scope_label":"ordered helper only; excludes Flow index maintenance and holder projection","mode":"ineligible_holders","waiters_W":10,"holders_H":1,"repeat":1,"calls":1000000,"elapsed_ns":2076584,"ns_per_call":2.0766,"yielded_waiters_per_call_untimed":0,"expected_pair":"none","verified":true,"attempt_count":1,"attempts":[{"attempt":1,"calls":1000000,"elapsed_ns":2076584}],"calibration_stop_reason":"minimum_batch_duration_reached","precision_status":"minimum_batch_duration_reached","max_calls":1000000,"max_calibration_attempts":5,"min_batch_ns":1000000,"initial_call_formula":"clamp(1000000 / max(1,H+yielded_waiters),1,1000000)","timed_operations":"loop and ordered helper invocations with black-boxed result","waiters_sorted_outside_timer":true,"fixture_creation_and_holder_construction_excluded":true,"production_flow_integrated":false,"end_to_end_speedup_claim":false}
Native owner (macos-15)	Q5.2 supplementary queue benchmark checks	2026-10-05T02:06:21.8736780Z Q52_ROW {"scenario":"production_ordered_selector_kernel","scope_label":"ordered helper only; excludes Flow index maintenance and holder projection","mode":"ineligible_holders","waiters_W":10,"holders_H":1,"repeat":2,"calls":1000000,"elapsed_ns":2097959,"ns_per_call":2.0980,"yielded_waiters_per_call_untimed":0,"expected_pair":"none","verified":true,"attempt_count":1,"attempts":[{"attempt":1,"calls":1000000,"elapsed_ns":2097959}],"calibration_stop_reason":"minimum_batch_duration_reached","precision_status":"minimum_batch_duration_reached","max_calls":1000000,"max_calibration_attempts":5,"min_batch_ns":1000000,"initial_call_formula":"clamp(1000000 / max(1,H+yielded_waiters),1,1000000)","timed_operations":"loop and ordered helper invocations with black-boxed result","waiters_sorted_outside_timer":true,"fixture_creation_and_holder_construction_excluded":true,"production_flow_integrated":false,"end_to_end_speedup_claim":false}
Native owner (macos-15)	Q5.2 supplementary queue benchmark checks	2026-10-05T02:06:21.8757300Z Q52_ROW {"scenario":"production_ordered_selector_kernel","scope_label":"ordered helper only; excludes Flow index maintenance and holder projection","mode":"ineligible_holders","waiters_W":10,"holders_H":1,"repeat":3,"calls":1000000,"elapsed_ns":2066750,"ns_per_call":2.0667,"yielded_waiters_per_call_untimed":0,"expected_pair":"none","verified":true,"attempt_count":1,"attempts":[{"attempt":1,"calls":1000000,"elapsed_ns":2066750}],"calibration_stop_reason":"minimum_batch_duration_reached","precision_status":"minimum_batch_duration_reached","max_calls":1000000,"max_calibration_attempts":5,"min_batch_ns":1000000,"initial_call_formula":"clamp(1000000 / max(1,H+yielded_waiters),1,1000000)","timed_operations":"loop and ordered helper invocations with black-boxed result","waiters_sorted_outside_timer":true,"fixture_creation_and_holder_construction_excluded":true,"production_flow_integrated":false,"end_to_end_speedup_claim":false}
Native owner (macos-15)	Q5.2 supplementary queue benchmark checks	2026-10-05T02:06:21.8778290Z Q52_ROW {"scenario":"production_ordered_selector_kernel","scope_label":"ordered helper only; excludes Flow index maintenance and holder projection","mode":"ineligible_holders","waiters_W":10,"holders_H":1,"repeat":4,"calls":1000000,"elapsed_ns":2086959,"ns_per_call":2.0870,"yielded_waiters_per_call_untimed":0,"expected_pair":"none","verified":true,"attempt_count":1,"attempts":[{"attempt":1,"calls":1000000,"elapsed_ns":2086959}],"calibration_stop_reason":"minimum_batch_duration_reached","precision_status":"minimum_batch_duration_reached","max_calls":1000000,"max_calibration_attempts":5,"min_batch_ns":1000000,"initial_call_formula":"clamp(1000000 / max(1,H+yielded_waiters),1,1000000)","timed_operations":"loop and ordered helper invocations with black-boxed result","waiters_sorted_outside_timer":true,"fixture_creation_and_holder_construction_excluded":true,"production_flow_integrated":false,"end_to_end_speedup_claim":false}
Native owner (macos-15)	Q5.2 supplementary queue benchmark checks	2026-10-05T02:06:21.8798910Z Q52_ROW {"scenario":"production_ordered_selector_kernel","scope_label":"ordered helper only; excludes Flow index maintenance and holder projection","mode":"ineligible_holders","waiters_W":10,"holders_H":1,"repeat":5,"calls":1000000,"elapsed_ns":2059417,"ns_per_call":2.0594,"yielded_waiters_per_call_untimed":0,"expected_pair":"none","verified":true,"attempt_count":1,"attempts":[{"attempt":1,"calls":1000000,"elapsed_ns":2059417}],"calibration_stop_reason":"minimum_batch_duration_reached","precision_status":"minimum_batch_duration_reached","max_calls":1000000,"max_calibration_attempts":5,"min_batch_ns":1000000,"initial_call_formula":"clamp(1000000 / max(1,H+yielded_waiters),1,1000000)","timed_operations":"loop and ordered helper invocations with black-boxed result","waiters_sorted_outside_timer":true,"fixture_creation_and_holder_construction_excluded":true,"production_flow_integrated":false,"end_to_end_speedup_claim":false}
Native owner (macos-15)	Q5.2 supplementary queue benchmark checks	2026-10-05T02:06:21.8823330Z Q52_ROW {"scenario":"production_ordered_selector_kernel","scope_label":"ordered helper only; excludes Flow index maintenance and holder projection","mode":"all_nonpreempting_waiters","waiters_W":10,"holders_H":1,"repeat":1,"calls":181818,"elapsed_ns":1616208,"ns_per_call":8.8892,"yielded_waiters_per_call_untimed":10,"expected_pair":"none","verified":true,"attempt_count":2,"attempts":[{"attempt":1,"calls":90909,"elapsed_ns":805916},{"attempt":2,"calls":181818,"elapsed_ns":1616208}],"calibration_stop_reason":"minimum_batch_duration_reached","precision_status":"minimum_batch_duration_reached","max_calls":1000000,"max_calibration_attempts":5,"min_batch_ns":1000000,"initial_call_formula":"clamp(1000000 / max(1,H+yielded_waiters),1,1000000)","timed_operations":"loop and ordered helper invocations with black-boxed result","waiters_sorted_outside_timer":true,"fixture_creation_and_holder_construction_excluded":true,"production_flow_integrated":false,"end_to_end_speedup_claim":false}
Native owner (macos-15)	Q5.2 supplementary queue benchmark checks	2026-10-05T02:06:21.8848990Z Q52_ROW {"scenario":"production_ordered_selector_kernel","scope_label":"ordered helper only; excludes Flow index maintenance and holder projection","mode":"all_nonpreempting_waiters","waiters_W":10,"holders_H":1,"repeat":2,"calls":181818,"elapsed_ns":1701709,"ns_per_call":9.3594,"yielded_waiters_per_call_untimed":10,"expected_pair":"none","verified":true,"attempt_count":2,"attempts":[{"attempt":1,"calls":90909,"elapsed_ns":805208},{"attempt":2,"calls":181818,"elapsed_ns":1701709}],"calibration_stop_reason":"minimum_batch_duration_reached","precision_status":"minimum_batch_duration_reached","max_calls":1000000,"max_calibration_attempts":5,"min_batch_ns":1000000,"initial_call_formula":"clamp(1000000 / max(1,H+yielded_waiters),1,1000000)","timed_operations":"loop and ordered helper invocations with black-boxed result","waiters_sorted_outside_timer":true,"fixture_creation_and_holder_construction_excluded":true,"production_flow_integrated":false,"end_to_end_speedup_claim":false}
Native owner (macos-15)	Q5.2 supplementary queue benchmark checks	2026-10-05T02:06:21.9004630Z Q52_ROW {"scenario":"production_ordered_selector_kernel","scope_label":"ordered helper only; excludes Flow index maintenance and holder projection","mode":"all_nonpreempting_waiters","waiters_W":10,"holders_H":1,"repeat":3,"calls":181818,"elapsed_ns":2910458,"ns_per_call":16.0075,"yielded_waiters_per_call_untimed":10,"expected_pair":"none","verified":true,"attempt_count":2,"attempts":[{"attempt":1,"calls":90909,"elapsed_ns":806875},{"attempt":2,"calls":181818,"elapsed_ns":2910458}],"calibration_stop_reason":"minimum_batch_duration_reached","precision_status":"minimum_batch_duration_reached","max_calls":1000000,"max_calibration_attempts":5,"min_batch_ns":1000000,"initial_call_formula":"clamp(1000000 / max(1,H+yielded_waiters),1,1000000)","timed_operations":"loop and ordered helper invocations with black-boxed result","waiters_sorted_outside_timer":true,"fixture_creation_and_holder_construction_excluded":true,"production_flow_integrated":false,"end_to_end_speedup_claim":false}
Native owner (macos-15)	Q5.2 supplementary queue benchmark checks	2026-10-05T02:06:21.9140480Z Q52_ROW {"scenario":"production_ordered_selector_kernel","scope_label":"ordered helper only; excludes Flow index maintenance and holder projection","mode":"all_nonpreempting_waiters","waiters_W":10,"holders_H":1,"repeat":4,"calls":90909,"elapsed_ns":2734375,"ns_per_call":30.0782,"yielded_waiters_per_call_untimed":10,"expected_pair":"none","verified":true,"attempt_count":1,"attempts":[{"attempt":1,"calls":90909,"elapsed_ns":2734375}],"calibration_stop_reason":"minimum_batch_duration_reached","precision_status":"minimum_batch_duration_reached","max_calls":1000000,"max_calibration_attempts":5,"min_batch_ns":1000000,"initial_call_formula":"clamp(1000000 / max(1,H+yielded_waiters),1,1000000)","timed_operations":"loop and ordered helper invocations with black-boxed result","waiters_sorted_outside_timer":true,"fixture_creation_and_holder_construction_excluded":true,"production_flow_integrated":false,"end_to_end_speedup_claim":false}
Native owner (macos-15)	Q5.2 supplementary queue benchmark checks	2026-10-05T02:06:21.9275260Z Q52_ROW {"scenario":"production_ordered_selector_kernel","scope_label":"ordered helper only; excludes Flow index maintenance and holder projection","mode":"all_nonpreempting_waiters","waiters_W":10,"holders_H":1,"repeat":5,"calls":90909,"elapsed_ns":7914000,"ns_per_call":87.0541,"yielded_waiters_per_call_untimed":10,"expected_pair":"none","verified":true,"attempt_count":1,"attempts":[{"attempt":1,"calls":90909,"elapsed_ns":7914000}],"calibration_stop_reason":"minimum_batch_duration_reached","precision_status":"minimum_batch_duration_reached","max_calls":1000000,"max_calibration_attempts":5,"min_batch_ns":1000000,"initial_call_formula":"clamp(1000000 / max(1,H+yielded_waiters),1,1000000)","timed_operations":"loop and ordered helper invocations with black-boxed result","waiters_sorted_outside_timer":true,"fixture_creation_and_holder_construction_excluded":true,"production_flow_integrated":false,"end_to_end_speedup_claim":false}
Native owner (macos-15)	Q5.2 supplementary queue benchmark checks	2026-10-05T02:06:21.9377270Z Q52_ROW {"scenario":"historical_sorting_reference","implementation_label":"historical_sorting_reference","match":"no_match","waiters_W":10,"holders_H":10,"repeat":1,"calls":1000,"waiter_sort_items":10000,"waiters_attempted":10000,"holder_candidates_examined":100000,"elapsed_ns":133833,"ops":1000,"ns_per_call":133.8330,"calls_per_second":7471998.6849,"expected_pair":"none","verified":true}
Native owner (macos-15)	Q5.2 supplementary queue benchmark checks	2026-10-05T02:06:21.9481700Z Q52_ROW {"scenario":"production_ordered_selector_kernel","scope_label":"ordered helper only; excludes Flow index maintenance and holder projection","mode":"equal_priority_no_match","waiters_W":10,"holders_H":10,"repeat":1,"calls":90909,"elapsed_ns":4747708,"ns_per_call":52.2248,"yielded_waiters_per_call_untimed":1,"expected_pair":"none","verified":true,"attempt_count":1,"attempts":[{"attempt":1,"calls":90909,"elapsed_ns":4747708}],"calibration_stop_reason":"minimum_batch_duration_reached","precision_status":"minimum_batch_duration_reached","max_calls":1000000,"max_calibration_attempts":5,"min_batch_ns":1000000,"initial_call_formula":"clamp(1000000 / max(1,H+yielded_waiters),1,1000000)","timed_operations":"loop and ordered helper invocations with black-boxed result","waiters_sorted_outside_timer":true,"fixture_creation_and_holder_construction_excluded":true,"production_flow_integrated":false,"end_to_end_speedup_claim":false}
Native owner (macos-15)	Q5.2 supplementary queue benchmark checks	2026-10-05T02:06:21.9580750Z Q52_ROW {"scenario":"historical_sorting_reference","implementation_label":"historical_sorting_reference","match":"no_match","waiters_W":10,"holders_H":10,"repeat":2,"calls":1000,"waiter_sort_items":10000,"waiters_attempted":10000,"holder_candidates_examined":100000,"elapsed_ns":116416,"ops":1000,"ns_per_call":116.4160,"calls_per_second":8589884.5520,"expected_pair":"none","verified":true}
Native owner (macos-15)	Q5.2 supplementary queue benchmark checks	2026-10-05T02:06:21.9684080Z Q52_ROW {"scenario":"production_ordered_selector_kernel","scope_label":"ordered helper only; excludes Flow index maintenance and holder projection","mode":"equal_priority_no_match","waiters_W":10,"holders_H":10,"repeat":2,"calls":90909,"elapsed_ns":2875500,"ns_per_call":31.6305,"yielded_waiters_per_call_untimed":1,"expected_pair":"none","verified":true,"attempt_count":1,"attempts":[{"attempt":1,"calls":90909,"elapsed_ns":2875500}],"calibration_stop_reason":"minimum_batch_duration_reached","precision_status":"minimum_batch_duration_reached","max_calls":1000000,"max_calibration_attempts":5,"min_batch_ns":1000000,"initial_call_formula":"clamp(1000000 / max(1,H+yielded_waiters),1,1000000)","timed_operations":"loop and ordered helper invocations with black-boxed result","waiters_sorted_outside_timer":true,"fixture_creation_and_holder_construction_excluded":true,"production_flow_integrated":false,"end_to_end_speedup_claim":false}
Native owner (macos-15)	Q5.2 supplementary queue benchmark checks	2026-10-05T02:06:21.9783810Z Q52_ROW {"scenario":"historical_sorting_reference","implementation_label":"historical_sorting_reference","match":"no_match","waiters_W":10,"holders_H":10,"repeat":3,"calls":1000,"waiter_sort_items":10000,"waiters_attempted":10000,"holder_candidates_examined":100000,"elapsed_ns":116292,"ops":1000,"ns_per_call":116.2920,"calls_per_second":8599043.7863,"expected_pair":"none","verified":true}
Native owner (macos-15)	Q5.2 supplementary queue benchmark checks	2026-10-05T02:06:21.9888180Z Q52_ROW {"scenario":"production_ordered_selector_kernel","scope_label":"ordered helper only; excludes Flow index maintenance and holder projection","mode":"equal_priority_no_match","waiters_W":10,"holders_H":10,"repeat":3,"calls":90909,"elapsed_ns":2675583,"ns_per_call":29.4314,"yielded_waiters_per_call_untimed":1,"expected_pair":"none","verified":true,"attempt_count":1,"attempts":[{"attempt":1,"calls":90909,"elapsed_ns":2675583}],"calibration_stop_reason":"minimum_batch_duration_reached","precision_status":"minimum_batch_duration_reached","max_calls":1000000,"max_calibration_attempts":5,"min_batch_ns":1000000,"initial_call_formula":"clamp(1000000 / max(1,H+yielded_waiters),1,1000000)","timed_operations":"loop and ordered helper invocations with black-boxed result","waiters_sorted_outside_timer":true,"fixture_creation_and_holder_construction_excluded":true,"production_flow_integrated":false,"end_to_end_speedup_claim":false}
Native owner (macos-15)	Q5.2 supplementary queue benchmark checks	2026-10-05T02:06:21.9987270Z Q52_ROW {"scenario":"historical_sorting_reference","implementation_label":"historical_sorting_reference","match":"no_match","waiters_W":10,"holders_H":10,"repeat":4,"calls":1000,"waiter_sort_items":10000,"waiters_attempted":10000,"holder_candidates_examined":100000,"elapsed_ns":116292,"ops":1000,"ns_per_call":116.2920,"calls_per_second":8599043.7863,"expected_pair":"none","verified":true}
Native owner (macos-15)	Q5.2 supplementary queue benchmark checks	2026-10-05T02:06:22.0062160Z Q52_ROW {"scenario":"production_ordered_selector_kernel","scope_label":"ordered helper only; excludes Flow index maintenance and holder projection","mode":"equal_priority_no_match","waiters_W":10,"holders_H":10,"repeat":4,"calls":90909,"elapsed_ns":2526042,"ns_per_call":27.7865,"yielded_waiters_per_call_untimed":1,"expected_pair":"none","verified":true,"attempt_count":1,"attempts":[{"attempt":1,"calls":90909,"elapsed_ns":2526042}],"calibration_stop_reason":"minimum_batch_duration_reached","precision_status":"minimum_batch_duration_reached","max_calls":1000000,"max_calibration_attempts":5,"min_batch_ns":1000000,"initial_call_formula":"clamp(1000000 / max(1,H+yielded_waiters),1,1000000)","timed_operations":"loop and ordered helper invocations with black-boxed result","waiters_sorted_outside_timer":true,"fixture_creation_and_holder_construction_excluded":true,"production_flow_integrated":false,"end_to_end_speedup_claim":false}
Native owner (macos-15)	Q5.2 supplementary queue benchmark checks	2026-10-05T02:06:22.0139240Z Q52_ROW {"scenario":"historical_sorting_reference","implementation_label":"historical_sorting_reference","match":"no_match","waiters_W":10,"holders_H":10,"repeat":5,"calls":1000,"waiter_sort_items":10000,"waiters_attempted":10000,"holder_candidates_examined":100000,"elapsed_ns":116209,"ops":1000,"ns_per_call":116.2090,"calls_per_second":8605185.4848,"expected_pair":"none","verified":true}
Native owner (macos-15)	Q5.2 supplementary queue benchmark checks	2026-10-05T02:06:22.0158920Z Q52_ROW {"scenario":"production_ordered_selector_kernel","scope_label":"ordered helper only; excludes Flow index maintenance and holder projection","mode":"equal_priority_no_match","waiters_W":10,"holders_H":10,"repeat":5,"calls":90909,"elapsed_ns":3179583,"ns_per_call":34.9754,"yielded_waiters_per_call_untimed":1,"expected_pair":"none","verified":true,"attempt_count":1,"attempts":[{"attempt":1,"calls":90909,"elapsed_ns":3179583}],"calibration_stop_reason":"minimum_batch_duration_reached","precision_status":"minimum_batch_duration_reached","max_calls":1000000,"max_calibration_attempts":5,"min_batch_ns":1000000,"initial_call_formula":"clamp(1000000 / max(1,H+yielded_waiters),1,1000000)","timed_operations":"loop and ordered helper invocations with black-boxed result","waiters_sorted_outside_timer":true,"fixture_creation_and_holder_construction_excluded":true,"production_flow_integrated":false,"end_to_end_speedup_claim":false}
Native owner (macos-15)	Q5.2 supplementary queue benchmark checks	2026-10-05T02:06:22.0184060Z Q52_ROW {"scenario":"historical_sorting_reference","implementation_label":"historical_sorting_reference","match":"matched","waiters_W":10,"holders_H":10,"repeat":1,"calls":1000,"waiter_sort_items":10000,"waiters_attempted":1000,"holder_candidates_examined":10000,"elapsed_ns":59708,"ops":1000,"ns_per_call":59.7080,"calls_per_second":16748174.4490,"expected_pair":"0:9","verified":true}
Native owner (macos-15)	Q5.2 supplementary queue benchmark checks	2026-10-05T02:06:22.0233050Z Q52_ROW {"scenario":"production_ordered_selector_kernel","scope_label":"ordered helper only; excludes Flow index maintenance and holder projection","mode":"matched","waiters_W":10,"holders_H":10,"repeat":1,"calls":90909,"elapsed_ns":2587917,"ns_per_call":28.4671,"yielded_waiters_per_call_untimed":1,"expected_pair":"0:9","verified":true,"attempt_count":1,"attempts":[{"attempt":1,"calls":90909,"elapsed_ns":2587917}],"calibration_stop_reason":"minimum_batch_duration_reached","precision_status":"minimum_batch_duration_reached","max_calls":1000000,"max_calibration_attempts":5,"min_batch_ns":1000000,"initial_call_formula":"clamp(1000000 / max(1,H+yielded_waiters),1,1000000)","timed_operations":"loop and ordered helper invocations with black-boxed result","waiters_sorted_outside_timer":true,"fixture_creation_and_holder_construction_excluded":true,"production_flow_integrated":false,"end_to_end_speedup_claim":false}
Native owner (macos-15)	Q5.2 supplementary queue benchmark checks	2026-10-05T02:06:22.0248300Z Q52_ROW {"scenario":"historical_sorting_reference","implementation_label":"historical_sorting_reference","match":"matched","waiters_W":10,"holders_H":10,"repeat":2,"calls":1000,"waiter_sort_items":10000,"waiters_attempted":1000,"holder_candidates_examined":10000,"elapsed_ns":59959,"ops":1000,"ns_per_call":59.9590,"calls_per_second":16678063.3433,"expected_pair":"0:9","verified":true}
Native owner (macos-15)	Q5.2 supplementary queue benchmark checks	2026-10-05T02:06:22.0260010Z Q52_ROW {"scenario":"production_ordered_selector_kernel","scope_label":"ordered helper only; excludes Flow index maintenance and holder projection","mode":"matched","waiters_W":10,"holders_H":10,"repeat":2,"calls":90909,"elapsed_ns":2985833,"ns_per_call":32.8442,"yielded_waiters_per_call_untimed":1,"expected_pair":"0:9","verified":true,"attempt_count":1,"attempts":[{"attempt":1,"calls":90909,"elapsed_ns":2985833}],"calibration_stop_reason":"minimum_batch_duration_reached","precision_status":"minimum_batch_duration_reached","max_calls":1000000,"max_calibration_attempts":5,"min_batch_ns":1000000,"initial_call_formula":"clamp(1000000 / max(1,H+yielded_waiters),1,1000000)","timed_operations":"loop and ordered helper invocations with black-boxed result","waiters_sorted_outside_timer":true,"fixture_creation_and_holder_construction_excluded":true,"production_flow_integrated":false,"end_to_end_speedup_claim":false}
Native owner (macos-15)	Q5.2 supplementary queue benchmark checks	2026-10-05T02:06:22.0263730Z Q52_ROW {"scenario":"historical_sorting_reference","implementation_label":"historical_sorting_reference","match":"matched","waiters_W":10,"holders_H":10,"repeat":3,"calls":1000,"waiter_sort_items":10000,"waiters_attempted":1000,"holder_candidates_examined":10000,"elapsed_ns":112208,"ops":1000,"ns_per_call":112.2080,"calls_per_second":8912020.5333,"expected_pair":"0:9","verified":true}
Native owner (macos-15)	Q5.2 supplementary queue benchmark checks	2026-10-05T02:06:22.0267200Z Q52_ROW {"scenario":"production_ordered_selector_kernel","scope_label":"ordered helper only; excludes Flow index maintenance and holder projection","mode":"matched","waiters_W":10,"holders_H":10,"repeat":3,"calls":90909,"elapsed_ns":2566084,"ns_per_call":28.2270,"yielded_waiters_per_call_untimed":1,"expected_pair":"0:9","verified":true,"attempt_count":1,"attempts":[{"attempt":1,"calls":90909,"elapsed_ns":2566084}],"calibration_stop_reason":"minimum_batch_duration_reached","precision_status":"minimum_batch_duration_reached","max_calls":1000000,"max_calibration_attempts":5,"min_batch_ns":1000000,"initial_call_formula":"clamp(1000000 / max(1,H+yielded_waiters),1,1000000)","timed_operations":"loop and ordered helper invocations with black-boxed result","waiters_sorted_outside_timer":true,"fixture_creation_and_holder_construction_excluded":true,"production_flow_integrated":false,"end_to_end_speedup_claim":false}
Native owner (macos-15)	Q5.2 supplementary queue benchmark checks	2026-10-05T02:06:22.0270770Z Q52_ROW {"scenario":"historical_sorting_reference","implementation_label":"historical_sorting_reference","match":"matched","waiters_W":10,"holders_H":10,"repeat":4,"calls":1000,"waiter_sort_items":10000,"waiters_attempted":1000,"holder_candidates_examined":10000,"elapsed_ns":60000,"ops":1000,"ns_per_call":60.0000,"calls_per_second":16666666.6667,"expected_pair":"0:9","verified":true}
Native owner (macos-15)	Q5.2 supplementary queue benchmark checks	2026-10-05T02:06:22.0274220Z Q52_ROW {"scenario":"production_ordered_selector_kernel","scope_label":"ordered helper only; excludes Flow index maintenance and holder projection","mode":"matched","waiters_W":10,"holders_H":10,"repeat":4,"calls":90909,"elapsed_ns":3806542,"ns_per_call":41.8720,"yielded_waiters_per_call_untimed":1,"expected_pair":"0:9","verified":true,"attempt_count":1,"attempts":[{"attempt":1,"calls":90909,"elapsed_ns":3806542}],"calibration_stop_reason":"minimum_batch_duration_reached","precision_status":"minimum_batch_duration_reached","max_calls":1000000,"max_calibration_attempts":5,"min_batch_ns":1000000,"initial_call_formula":"clamp(1000000 / max(1,H+yielded_waiters),1,1000000)","timed_operations":"loop and ordered helper invocations with black-boxed result","waiters_sorted_outside_timer":true,"fixture_creation_and_holder_construction_excluded":true,"production_flow_integrated":false,"end_to_end_speedup_claim":false}
Native owner (macos-15)	Q5.2 supplementary queue benchmark checks	2026-10-05T02:06:22.0277700Z Q52_ROW {"scenario":"historical_sorting_reference","implementation_label":"historical_sorting_reference","match":"matched","waiters_W":10,"holders_H":10,"repeat":5,"calls":1000,"waiter_sort_items":10000,"waiters_attempted":1000,"holder_candidates_examined":10000,"elapsed_ns":59625,"ops":1000,"ns_per_call":59.6250,"calls_per_second":16771488.4696,"expected_pair":"0:9","verified":true}
Native owner (macos-15)	Q5.2 supplementary queue benchmark checks	2026-10-05T02:06:22.0281060Z Q52_ROW {"scenario":"production_ordered_selector_kernel","scope_label":"ordered helper only; excludes Flow index maintenance and holder projection","mode":"matched","waiters_W":10,"holders_H":10,"repeat":5,"calls":90909,"elapsed_ns":2575292,"ns_per_call":28.3282,"yielded_waiters_per_call_untimed":1,"expected_pair":"0:9","verified":true,"attempt_count":1,"attempts":[{"attempt":1,"calls":90909,"elapsed_ns":2575292}],"calibration_stop_reason":"minimum_batch_duration_reached","precision_status":"minimum_batch_duration_reached","max_calls":1000000,"max_calibration_attempts":5,"min_batch_ns":1000000,"initial_call_formula":"clamp(1000000 / max(1,H+yielded_waiters),1,1000000)","timed_operations":"loop and ordered helper invocations with black-boxed result","waiters_sorted_outside_timer":true,"fixture_creation_and_holder_construction_excluded":true,"production_flow_integrated":false,"end_to_end_speedup_claim":false}
Native owner (macos-15)	Q5.2 supplementary queue benchmark checks	2026-10-05T02:06:22.0286080Z Q52_ROW {"scenario":"production_ordered_selector_kernel","scope_label":"ordered helper only; excludes Flow index maintenance and holder projection","mode":"ineligible_holders","waiters_W":10,"holders_H":10,"repeat":1,"calls":100000,"elapsed_ns":1260792,"ns_per_call":12.6079,"yielded_waiters_per_call_untimed":0,"expected_pair":"none","verified":true,"attempt_count":1,"attempts":[{"attempt":1,"calls":100000,"elapsed_ns":1260792}],"calibration_stop_reason":"minimum_batch_duration_reached","precision_status":"minimum_batch_duration_reached","max_calls":1000000,"max_calibration_attempts":5,"min_batch_ns":1000000,"initial_call_formula":"clamp(1000000 / max(1,H+yielded_waiters),1,1000000)","timed_operations":"loop and ordered helper invocations with black-boxed result","waiters_sorted_outside_timer":true,"fixture_creation_and_holder_construction_excluded":true,"production_flow_integrated":false,"end_to_end_speedup_claim":false}
Native owner (macos-15)	Q5.2 supplementary queue benchmark checks	2026-10-05T02:06:22.0290850Z Q52_ROW {"scenario":"production_ordered_selector_kernel","scope_label":"ordered helper only; excludes Flow index maintenance and holder projection","mode":"ineligible_holders","waiters_W":10,"holders_H":10,"repeat":2,"calls":100000,"elapsed_ns":1293459,"ns_per_call":12.9346,"yielded_waiters_per_call_untimed":0,"expected_pair":"none","verified":true,"attempt_count":1,"attempts":[{"attempt":1,"calls":100000,"elapsed_ns":1293459}],"calibration_stop_reason":"minimum_batch_duration_reached","precision_status":"minimum_batch_duration_reached","max_calls":1000000,"max_calibration_attempts":5,"min_batch_ns":1000000,"initial_call_formula":"clamp(1000000 / max(1,H+yielded_waiters),1,1000000)","timed_operations":"loop and ordered helper invocations with black-boxed result","waiters_sorted_outside_timer":true,"fixture_creation_and_holder_construction_excluded":true,"production_flow_integrated":false,"end_to_end_speedup_claim":false}
Native owner (macos-15)	Q5.2 supplementary queue benchmark checks	2026-10-05T02:06:22.0295910Z Q52_ROW {"scenario":"production_ordered_selector_kernel","scope_label":"ordered helper only; excludes Flow index maintenance and holder projection","mode":"ineligible_holders","waiters_W":10,"holders_H":10,"repeat":3,"calls":100000,"elapsed_ns":1243208,"ns_per_call":12.4321,"yielded_waiters_per_call_untimed":0,"expected_pair":"none","verified":true,"attempt_count":1,"attempts":[{"attempt":1,"calls":100000,"elapsed_ns":1243208}],"calibration_stop_reason":"minimum_batch_duration_reached","precision_status":"minimum_batch_duration_reached","max_calls":1000000,"max_calibration_attempts":5,"min_batch_ns":1000000,"initial_call_formula":"clamp(1000000 / max(1,H+yielded_waiters),1,1000000)","timed_operations":"loop and ordered helper invocations with black-boxed result","waiters_sorted_outside_timer":true,"fixture_creation_and_holder_construction_excluded":true,"production_flow_integrated":false,"end_to_end_speedup_claim":false}
Native owner (macos-15)	Q5.2 supplementary queue benchmark checks	2026-10-05T02:06:22.0300980Z Q52_ROW {"scenario":"production_ordered_selector_kernel","scope_label":"ordered helper only; excludes Flow index maintenance and holder projection","mode":"ineligible_holders","waiters_W":10,"holders_H":10,"repeat":4,"calls":100000,"elapsed_ns":1239750,"ns_per_call":12.3975,"yielded_waiters_per_call_untimed":0,"expected_pair":"none","verified":true,"attempt_count":1,"attempts":[{"attempt":1,"calls":100000,"elapsed_ns":1239750}],"calibration_stop_reason":"minimum_batch_duration_reached","precision_status":"minimum_batch_duration_reached","max_calls":1000000,"max_calibration_attempts":5,"min_batch_ns":1000000,"initial_call_formula":"clamp(1000000 / max(1,H+yielded_waiters),1,1000000)","timed_operations":"loop and ordered helper invocations with black-boxed result","waiters_sorted_outside_timer":true,"fixture_creation_and_holder_construction_excluded":true,"production_flow_integrated":false,"end_to_end_speedup_claim":false}
Native owner (macos-15)	Q5.2 supplementary queue benchmark checks	2026-10-05T02:06:22.0305840Z Q52_ROW {"scenario":"production_ordered_selector_kernel","scope_label":"ordered helper only; excludes Flow index maintenance and holder projection","mode":"ineligible_holders","waiters_W":10,"holders_H":10,"repeat":5,"calls":100000,"elapsed_ns":1303250,"ns_per_call":13.0325,"yielded_waiters_per_call_untimed":0,"expected_pair":"none","verified":true,"attempt_count":1,"attempts":[{"attempt":1,"calls":100000,"elapsed_ns":1303250}],"calibration_stop_reason":"minimum_batch_duration_reached","precision_status":"minimum_batch_duration_reached","max_calls":1000000,"max_calibration_attempts":5,"min_batch_ns":1000000,"initial_call_formula":"clamp(1000000 / max(1,H+yielded_waiters),1,1000000)","timed_operations":"loop and ordered helper invocations with black-boxed result","waiters_sorted_outside_timer":true,"fixture_creation_and_holder_construction_excluded":true,"production_flow_integrated":false,"end_to_end_speedup_claim":false}
Native owner (macos-15)	Q5.2 supplementary queue benchmark checks	2026-10-05T02:06:22.0310750Z Q52_ROW {"scenario":"production_ordered_selector_kernel","scope_label":"ordered helper only; excludes Flow index maintenance and holder projection","mode":"all_nonpreempting_waiters","waiters_W":10,"holders_H":10,"repeat":1,"calls":50000,"elapsed_ns":1651125,"ns_per_call":33.0225,"yielded_waiters_per_call_untimed":10,"expected_pair":"none","verified":true,"attempt_count":1,"attempts":[{"attempt":1,"calls":50000,"elapsed_ns":1651125}],"calibration_stop_reason":"minimum_batch_duration_reached","precision_status":"minimum_batch_duration_reached","max_calls":1000000,"max_calibration_attempts":5,"min_batch_ns":1000000,"initial_call_formula":"clamp(1000000 / max(1,H+yielded_waiters),1,1000000)","timed_operations":"loop and ordered helper invocations with black-boxed result","waiters_sorted_outside_timer":true,"fixture_creation_and_holder_construction_excluded":true,"production_flow_integrated":false,"end_to_end_speedup_claim":false}
Native owner (macos-15)	Q5.2 supplementary queue benchmark checks	2026-10-05T02:06:22.0315580Z Q52_ROW {"scenario":"production_ordered_selector_kernel","scope_label":"ordered helper only; excludes Flow index maintenance and holder projection","mode":"all_nonpreempting_waiters","waiters_W":10,"holders_H":10,"repeat":2,"calls":50000,"elapsed_ns":1668083,"ns_per_call":33.3617,"yielded_waiters_per_call_untimed":10,"expected_pair":"none","verified":true,"attempt_count":1,"attempts":[{"attempt":1,"calls":50000,"elapsed_ns":1668083}],"calibration_stop_reason":"minimum_batch_duration_reached","precision_status":"minimum_batch_duration_reached","max_calls":1000000,"max_calibration_attempts":5,"min_batch_ns":1000000,"initial_call_formula":"clamp(1000000 / max(1,H+yielded_waiters),1,1000000)","timed_operations":"loop and ordered helper invocations with black-boxed result","waiters_sorted_outside_timer":true,"fixture_creation_and_holder_construction_excluded":true,"production_flow_integrated":false,"end_to_end_speedup_claim":false}
Native owner (macos-15)	Q5.2 supplementary queue benchmark checks	2026-10-05T02:06:22.0320490Z Q52_ROW {"scenario":"production_ordered_selector_kernel","scope_label":"ordered helper only; excludes Flow index maintenance and holder projection","mode":"all_nonpreempting_waiters","waiters_W":10,"holders_H":10,"repeat":3,"calls":50000,"elapsed_ns":1681750,"ns_per_call":33.6350,"yielded_waiters_per_call_untimed":10,"expected_pair":"none","verified":true,"attempt_count":1,"attempts":[{"attempt":1,"calls":50000,"elapsed_ns":1681750}],"calibration_stop_reason":"minimum_batch_duration_reached","precision_status":"minimum_batch_duration_reached","max_calls":1000000,"max_calibration_attempts":5,"min_batch_ns":1000000,"initial_call_formula":"clamp(1000000 / max(1,H+yielded_waiters),1,1000000)","timed_operations":"loop and ordered helper invocations with black-boxed result","waiters_sorted_outside_timer":true,"fixture_creation_and_holder_construction_excluded":true,"production_flow_integrated":false,"end_to_end_speedup_claim":false}
Native owner (macos-15)	Q5.2 supplementary queue benchmark checks	2026-10-05T02:06:22.0325380Z Q52_ROW {"scenario":"production_ordered_selector_kernel","scope_label":"ordered helper only; excludes Flow index maintenance and holder projection","mode":"all_nonpreempting_waiters","waiters_W":10,"holders_H":10,"repeat":4,"calls":50000,"elapsed_ns":1663792,"ns_per_call":33.2758,"yielded_waiters_per_call_untimed":10,"expected_pair":"none","verified":true,"attempt_count":1,"attempts":[{"attempt":1,"calls":50000,"elapsed_ns":1663792}],"calibration_stop_reason":"minimum_batch_duration_reached","precision_status":"minimum_batch_duration_reached","max_calls":1000000,"max_calibration_attempts":5,"min_batch_ns":1000000,"initial_call_formula":"clamp(1000000 / max(1,H+yielded_waiters),1,1000000)","timed_operations":"loop and ordered helper invocations with black-boxed result","waiters_sorted_outside_timer":true,"fixture_creation_and_holder_construction_excluded":true,"production_flow_integrated":false,"end_to_end_speedup_claim":false}
Native owner (macos-15)	Q5.2 supplementary queue benchmark checks	2026-10-05T02:06:22.0330360Z Q52_ROW {"scenario":"production_ordered_selector_kernel","scope_label":"ordered helper only; excludes Flow index maintenance and holder projection","mode":"all_nonpreempting_waiters","waiters_W":10,"holders_H":10,"repeat":5,"calls":50000,"elapsed_ns":1649541,"ns_per_call":32.9908,"yielded_waiters_per_call_untimed":10,"expected_pair":"none","verified":true,"attempt_count":1,"attempts":[{"attempt":1,"calls":50000,"elapsed_ns":1649541}],"calibration_stop_reason":"minimum_batch_duration_reached","precision_status":"minimum_batch_duration_reached","max_calls":1000000,"max_calibration_attempts":5,"min_batch_ns":1000000,"initial_call_formula":"clamp(1000000 / max(1,H+yielded_waiters),1,1000000)","timed_operations":"loop and ordered helper invocations with black-boxed result","waiters_sorted_outside_timer":true,"fixture_creation_and_holder_construction_excluded":true,"production_flow_integrated":false,"end_to_end_speedup_claim":false}
Native owner (macos-15)	Q5.2 supplementary queue benchmark checks	2026-10-05T02:06:22.0333960Z Q52_ROW {"scenario":"historical_sorting_reference","implementation_label":"historical_sorting_reference","match":"no_match","waiters_W":10,"holders_H":100,"repeat":1,"calls":961,"waiter_sort_items":9610,"waiters_attempted":9610,"holder_candidates_examined":961000,"elapsed_ns":722125,"ops":961,"ns_per_call":751.4308,"calls_per_second":1330794.5300,"expected_pair":"none","verified":true}
Native owner (macos-15)	Q5.2 supplementary queue benchmark checks	2026-10-05T02:06:22.0337430Z Q52_ROW {"scenario":"production_ordered_selector_kernel","scope_label":"ordered helper only; excludes Flow index maintenance and holder projection","mode":"equal_priority_no_match","waiters_W":10,"holders_H":100,"repeat":1,"calls":9900,"elapsed_ns":2676042,"ns_per_call":270.3073,"yielded_waiters_per_call_untimed":1,"expected_pair":"none","verified":true,"attempt_count":1,"attempts":[{"attempt":1,"calls":9900,"elapsed_ns":2676042}],"calibration_stop_reason":"minimum_batch_duration_reached","precision_status":"minimum_batch_duration_reached","max_calls":1000000,"max_calibration_attempts":5,"min_batch_ns":1000000,"initial_call_formula":"clamp(1000000 / max(1,H+yielded_waiters),1,1000000)","timed_operations":"loop and ordered helper invocations with black-boxed result","waiters_sorted_outside_timer":true,"fixture_creation_and_holder_construction_excluded":true,"production_flow_integrated":false,"end_to_end_speedup_claim":false}
Native owner (macos-15)	Q5.2 supplementary queue benchmark checks	2026-10-05T02:06:22.0340960Z Q52_ROW {"scenario":"historical_sorting_reference","implementation_label":"historical_sorting_reference","match":"no_match","waiters_W":10,"holders_H":100,"repeat":2,"calls":961,"waiter_sort_items":9610,"waiters_attempted":9610,"holder_candidates_examined":961000,"elapsed_ns":713958,"ops":961,"ns_per_call":742.9324,"calls_per_second":1346017.5529,"expected_pair":"none","verified":true}
Native owner (macos-15)	Q5.2 supplementary queue benchmark checks	2026-10-05T02:06:22.0344320Z Q52_ROW {"scenario":"production_ordered_selector_kernel","scope_label":"ordered helper only; excludes Flow index maintenance and holder projection","mode":"equal_priority_no_match","waiters_W":10,"holders_H":100,"repeat":2,"calls":9900,"elapsed_ns":2645375,"ns_per_call":267.2096,"yielded_waiters_per_call_untimed":1,"expected_pair":"none","verified":true,"attempt_count":1,"attempts":[{"attempt":1,"calls":9900,"elapsed_ns":2645375}],"calibration_stop_reason":"minimum_batch_duration_reached","precision_status":"minimum_batch_duration_reached","max_calls":1000000,"max_calibration_attempts":5,"min_batch_ns":1000000,"initial_call_formula":"clamp(1000000 / max(1,H+yielded_waiters),1,1000000)","timed_operations":"loop and ordered helper invocations with black-boxed result","waiters_sorted_outside_timer":true,"fixture_creation_and_holder_construction_excluded":true,"production_flow_integrated":false,"end_to_end_speedup_claim":false}
Native owner (macos-15)	Q5.2 supplementary queue benchmark checks	2026-10-05T02:06:22.0347850Z Q52_ROW {"scenario":"historical_sorting_reference","implementation_label":"historical_sorting_reference","match":"no_match","waiters_W":10,"holders_H":100,"repeat":3,"calls":961,"waiter_sort_items":9610,"waiters_attempted":9610,"holder_candidates_examined":961000,"elapsed_ns":707125,"ops":961,"ns_per_call":735.8221,"calls_per_second":1359024.2178,"expected_pair":"none","verified":true}
Native owner (macos-15)	Q5.2 supplementary queue benchmark checks	2026-10-05T02:06:22.0351200Z Q52_ROW {"scenario":"production_ordered_selector_kernel","scope_label":"ordered helper only; excludes Flow index maintenance and holder projection","mode":"equal_priority_no_match","waiters_W":10,"holders_H":100,"repeat":3,"calls":9900,"elapsed_ns":2731166,"ns_per_call":275.8754,"yielded_waiters_per_call_untimed":1,"expected_pair":"none","verified":true,"attempt_count":1,"attempts":[{"attempt":1,"calls":9900,"elapsed_ns":2731166}],"calibration_stop_reason":"minimum_batch_duration_reached","precision_status":"minimum_batch_duration_reached","max_calls":1000000,"max_calibration_attempts":5,"min_batch_ns":1000000,"initial_call_formula":"clamp(1000000 / max(1,H+yielded_waiters),1,1000000)","timed_operations":"loop and ordered helper invocations with black-boxed result","waiters_sorted_outside_timer":true,"fixture_creation_and_holder_construction_excluded":true,"production_flow_integrated":false,"end_to_end_speedup_claim":false}
Native owner (macos-15)	Q5.2 supplementary queue benchmark checks	2026-10-05T02:06:22.0359620Z Q52_ROW {"scenario":"historical_sorting_reference","implementation_label":"historical_sorting_reference","match":"no_match","waiters_W":10,"holders_H":100,"repeat":4,"calls":961,"waiter_sort_items":9610,"waiters_attempted":9610,"holder_candidates_examined":961000,"elapsed_ns":705625,"ops":961,"ns_per_call":734.2612,"calls_per_second":1361913.1975,"expected_pair":"none","verified":true}
Native owner (macos-15)	Q5.2 supplementary queue benchmark checks	2026-10-05T02:06:22.0369230Z Q52_ROW {"scenario":"production_ordered_selector_kernel","scope_label":"ordered helper only; excludes Flow index maintenance and holder projection","mode":"equal_priority_no_match","waiters_W":10,"holders_H":100,"repeat":4,"calls":9900,"elapsed_ns":2735167,"ns_per_call":276.2795,"yielded_waiters_per_call_untimed":1,"expected_pair":"none","verified":true,"attempt_count":1,"attempts":[{"attempt":1,"calls":9900,"elapsed_ns":2735167}],"calibration_stop_reason":"minimum_batch_duration_reached","precision_status":"minimum_batch_duration_reached","max_calls":1000000,"max_calibration_attempts":5,"min_batch_ns":1000000,"initial_call_formula":"clamp(1000000 / max(1,H+yielded_waiters),1,1000000)","timed_operations":"loop and ordered helper invocations with black-boxed result","waiters_sorted_outside_timer":true,"fixture_creation_and_holder_construction_excluded":true,"production_flow_integrated":false,"end_to_end_speedup_claim":false}
Native owner (macos-15)	Q5.2 supplementary queue benchmark checks	2026-10-05T02:06:22.0373070Z Q52_ROW {"scenario":"historical_sorting_reference","implementation_label":"historical_sorting_reference","match":"no_match","waiters_W":10,"holders_H":100,"repeat":5,"calls":961,"waiter_sort_items":9610,"waiters_attempted":9610,"holder_candidates_examined":961000,"elapsed_ns":700209,"ops":961,"ns_per_call":728.6254,"calls_per_second":1372447.3693,"expected_pair":"none","verified":true}
Native owner (macos-15)	Q5.2 supplementary queue benchmark checks	2026-10-05T02:06:22.0376490Z Q52_ROW {"scenario":"production_ordered_selector_kernel","scope_label":"ordered helper only; excludes Flow index maintenance and holder projection","mode":"equal_priority_no_match","waiters_W":10,"holders_H":100,"repeat":5,"calls":9900,"elapsed_ns":2647250,"ns_per_call":267.3990,"yielded_waiters_per_call_untimed":1,"expected_pair":"none","verified":true,"attempt_count":1,"attempts":[{"attempt":1,"calls":9900,"elapsed_ns":2647250}],"calibration_stop_reason":"minimum_batch_duration_reached","precision_status":"minimum_batch_duration_reached","max_calls":1000000,"max_calibration_attempts":5,"min_batch_ns":1000000,"initial_call_formula":"clamp(1000000 / max(1,H+yielded_waiters),1,1000000)","timed_operations":"loop and ordered helper invocations with black-boxed result","waiters_sorted_outside_timer":true,"fixture_creation_and_holder_construction_excluded":true,"production_flow_integrated":false,"end_to_end_speedup_claim":false}
Native owner (macos-15)	Q5.2 supplementary queue benchmark checks	2026-10-05T02:06:22.0380180Z Q52_ROW {"scenario":"historical_sorting_reference","implementation_label":"historical_sorting_reference","match":"matched","waiters_W":10,"holders_H":100,"repeat":1,"calls":1000,"waiter_sort_items":10000,"waiters_attempted":1000,"holder_candidates_examined":100000,"elapsed_ns":313708,"ops":1000,"ns_per_call":313.7080,"calls_per_second":3187677.7130,"expected_pair":"0:99","verified":true}
Native owner (macos-15)	Q5.2 supplementary queue benchmark checks	2026-10-05T02:06:22.0383460Z Q52_ROW {"scenario":"production_ordered_selector_kernel","scope_label":"ordered helper only; excludes Flow index maintenance and holder projection","mode":"matched","waiters_W":10,"holders_H":100,"repeat":1,"calls":9900,"elapsed_ns":2623584,"ns_per_call":265.0085,"yielded_waiters_per_call_untimed":1,"expected_pair":"0:99","verified":true,"attempt_count":1,"attempts":[{"attempt":1,"calls":9900,"elapsed_ns":2623584}],"calibration_stop_reason":"minimum_batch_duration_reached","precision_status":"minimum_batch_duration_reached","max_calls":1000000,"max_calibration_attempts":5,"min_batch_ns":1000000,"initial_call_formula":"clamp(1000000 / max(1,H+yielded_waiters),1,1000000)","timed_operations":"loop and ordered helper invocations with black-boxed result","waiters_sorted_outside_timer":true,"fixture_creation_and_holder_construction_excluded":true,"production_flow_integrated":false,"end_to_end_speedup_claim":false}
Native owner (macos-15)	Q5.2 supplementary queue benchmark checks	2026-10-05T02:06:22.0386850Z Q52_ROW {"scenario":"historical_sorting_reference","implementation_label":"historical_sorting_reference","match":"matched","waiters_W":10,"holders_H":100,"repeat":2,"calls":1000,"waiter_sort_items":10000,"waiters_attempted":1000,"holder_candidates_examined":100000,"elapsed_ns":320542,"ops":1000,"ns_per_call":320.5420,"calls_per_second":3119715.9811,"expected_pair":"0:99","verified":true}
Native owner (macos-15)	Q5.2 supplementary queue benchmark checks	2026-10-05T02:06:22.0390180Z Q52_ROW {"scenario":"production_ordered_selector_kernel","scope_label":"ordered helper only; excludes Flow index maintenance and holder projection","mode":"matched","waiters_W":10,"holders_H":100,"repeat":2,"calls":9900,"elapsed_ns":2880208,"ns_per_call":290.9301,"yielded_waiters_per_call_untimed":1,"expected_pair":"0:99","verified":true,"attempt_count":1,"attempts":[{"attempt":1,"calls":9900,"elapsed_ns":2880208}],"calibration_stop_reason":"minimum_batch_duration_reached","precision_status":"minimum_batch_duration_reached","max_calls":1000000,"max_calibration_attempts":5,"min_batch_ns":1000000,"initial_call_formula":"clamp(1000000 / max(1,H+yielded_waiters),1,1000000)","timed_operations":"loop and ordered helper invocations with black-boxed result","waiters_sorted_outside_timer":true,"fixture_creation_and_holder_construction_excluded":true,"production_flow_integrated":false,"end_to_end_speedup_claim":false}
Native owner (macos-15)	Q5.2 supplementary queue benchmark checks	2026-10-05T02:06:22.0393610Z Q52_ROW {"scenario":"historical_sorting_reference","implementation_label":"historical_sorting_reference","match":"matched","waiters_W":10,"holders_H":100,"repeat":3,"calls":1000,"waiter_sort_items":10000,"waiters_attempted":1000,"holder_candidates_examined":100000,"elapsed_ns":646125,"ops":1000,"ns_per_call":646.1250,"calls_per_second":1547688.1408,"expected_pair":"0:99","verified":true}
Native owner (macos-15)	Q5.2 supplementary queue benchmark checks	2026-10-05T02:06:22.0396970Z Q52_ROW {"scenario":"production_ordered_selector_kernel","scope_label":"ordered helper only; excludes Flow index maintenance and holder projection","mode":"matched","waiters_W":10,"holders_H":100,"repeat":3,"calls":9900,"elapsed_ns":2621958,"ns_per_call":264.8442,"yielded_waiters_per_call_untimed":1,"expected_pair":"0:99","verified":true,"attempt_count":1,"attempts":[{"attempt":1,"calls":9900,"elapsed_ns":2621958}],"calibration_stop_reason":"minimum_batch_duration_reached","precision_status":"minimum_batch_duration_reached","max_calls":1000000,"max_calibration_attempts":5,"min_batch_ns":1000000,"initial_call_formula":"clamp(1000000 / max(1,H+yielded_waiters),1,1000000)","timed_operations":"loop and ordered helper invocations with black-boxed result","waiters_sorted_outside_timer":true,"fixture_creation_and_holder_construction_excluded":true,"production_flow_integrated":false,"end_to_end_speedup_claim":false}
Native owner (macos-15)	Q5.2 supplementary queue benchmark checks	2026-10-05T02:06:22.0400440Z Q52_ROW {"scenario":"historical_sorting_reference","implementation_label":"historical_sorting_reference","match":"matched","waiters_W":10,"holders_H":100,"repeat":4,"calls":1000,"waiter_sort_items":10000,"waiters_attempted":1000,"holder_candidates_examined":100000,"elapsed_ns":350916,"ops":1000,"ns_per_call":350.9160,"calls_per_second":2849684.8249,"expected_pair":"0:99","verified":true}
Native owner (macos-15)	Q5.2 supplementary queue benchmark checks	2026-10-05T02:06:22.0403800Z Q52_ROW {"scenario":"production_ordered_selector_kernel","scope_label":"ordered helper only; excludes Flow index maintenance and holder projection","mode":"matched","waiters_W":10,"holders_H":100,"repeat":4,"calls":9900,"elapsed_ns":2625042,"ns_per_call":265.1558,"yielded_waiters_per_call_untimed":1,"expected_pair":"0:99","verified":true,"attempt_count":1,"attempts":[{"attempt":1,"calls":9900,"elapsed_ns":2625042}],"calibration_stop_reason":"minimum_batch_duration_reached","precision_status":"minimum_batch_duration_reached","max_calls":1000000,"max_calibration_attempts":5,"min_batch_ns":1000000,"initial_call_formula":"clamp(1000000 / max(1,H+yielded_waiters),1,1000000)","timed_operations":"loop and ordered helper invocations with black-boxed result","waiters_sorted_outside_timer":true,"fixture_creation_and_holder_construction_excluded":true,"production_flow_integrated":false,"end_to_end_speedup_claim":false}
Native owner (macos-15)	Q5.2 supplementary queue benchmark checks	2026-10-05T02:06:22.0407310Z Q52_ROW {"scenario":"historical_sorting_reference","implementation_label":"historical_sorting_reference","match":"matched","waiters_W":10,"holders_H":100,"repeat":5,"calls":1000,"waiter_sort_items":10000,"waiters_attempted":1000,"holder_candidates_examined":100000,"elapsed_ns":318667,"ops":1000,"ns_per_call":318.6670,"calls_per_second":3138072.0313,"expected_pair":"0:99","verified":true}
Native owner (macos-15)	Q5.2 supplementary queue benchmark checks	2026-10-05T02:06:22.0410620Z Q52_ROW {"scenario":"production_ordered_selector_kernel","scope_label":"ordered helper only; excludes Flow index maintenance and holder projection","mode":"matched","waiters_W":10,"holders_H":100,"repeat":5,"calls":9900,"elapsed_ns":2635625,"ns_per_call":266.2247,"yielded_waiters_per_call_untimed":1,"expected_pair":"0:99","verified":true,"attempt_count":1,"attempts":[{"attempt":1,"calls":9900,"elapsed_ns":2635625}],"calibration_stop_reason":"minimum_batch_duration_reached","precision_status":"minimum_batch_duration_reached","max_calls":1000000,"max_calibration_attempts":5,"min_batch_ns":1000000,"initial_call_formula":"clamp(1000000 / max(1,H+yielded_waiters),1,1000000)","timed_operations":"loop and ordered helper invocations with black-boxed result","waiters_sorted_outside_timer":true,"fixture_creation_and_holder_construction_excluded":true,"production_flow_integrated":false,"end_to_end_speedup_claim":false}
Native owner (macos-15)	Q5.2 supplementary queue benchmark checks	2026-10-05T02:06:22.0415300Z Q52_ROW {"scenario":"production_ordered_selector_kernel","scope_label":"ordered helper only; excludes Flow index maintenance and holder projection","mode":"ineligible_holders","waiters_W":10,"holders_H":100,"repeat":1,"calls":10000,"elapsed_ns":1131416,"ns_per_call":113.1416,"yielded_waiters_per_call_untimed":0,"expected_pair":"none","verified":true,"attempt_count":1,"attempts":[{"attempt":1,"calls":10000,"elapsed_ns":1131416}],"calibration_stop_reason":"minimum_batch_duration_reached","precision_status":"minimum_batch_duration_reached","max_calls":1000000,"max_calibration_attempts":5,"min_batch_ns":1000000,"initial_call_formula":"clamp(1000000 / max(1,H+yielded_waiters),1,1000000)","timed_operations":"loop and ordered helper invocations with black-boxed result","waiters_sorted_outside_timer":true,"fixture_creation_and_holder_construction_excluded":true,"production_flow_integrated":false,"end_to_end_speedup_claim":false}
Native owner (macos-15)	Q5.2 supplementary queue benchmark checks	2026-10-05T02:06:22.0420090Z Q52_ROW {"scenario":"production_ordered_selector_kernel","scope_label":"ordered helper only; excludes Flow index maintenance and holder projection","mode":"ineligible_holders","waiters_W":10,"holders_H":100,"repeat":2,"calls":10000,"elapsed_ns":1128834,"ns_per_call":112.8834,"yielded_waiters_per_call_untimed":0,"expected_pair":"none","verified":true,"attempt_count":1,"attempts":[{"attempt":1,"calls":10000,"elapsed_ns":1128834}],"calibration_stop_reason":"minimum_batch_duration_reached","precision_status":"minimum_batch_duration_reached","max_calls":1000000,"max_calibration_attempts":5,"min_batch_ns":1000000,"initial_call_formula":"clamp(1000000 / max(1,H+yielded_waiters),1,1000000)","timed_operations":"loop and ordered helper invocations with black-boxed result","waiters_sorted_outside_timer":true,"fixture_creation_and_holder_construction_excluded":true,"production_flow_integrated":false,"end_to_end_speedup_claim":false}
Native owner (macos-15)	Q5.2 supplementary queue benchmark checks	2026-10-05T02:06:22.0424970Z Q52_ROW {"scenario":"production_ordered_selector_kernel","scope_label":"ordered helper only; excludes Flow index maintenance and holder projection","mode":"ineligible_holders","waiters_W":10,"holders_H":100,"repeat":3,"calls":10000,"elapsed_ns":1141792,"ns_per_call":114.1792,"yielded_waiters_per_call_untimed":0,"expected_pair":"none","verified":true,"attempt_count":1,"attempts":[{"attempt":1,"calls":10000,"elapsed_ns":1141792}],"calibration_stop_reason":"minimum_batch_duration_reached","precision_status":"minimum_batch_duration_reached","max_calls":1000000,"max_calibration_attempts":5,"min_batch_ns":1000000,"initial_call_formula":"clamp(1000000 / max(1,H+yielded_waiters),1,1000000)","timed_operations":"loop and ordered helper invocations with black-boxed result","waiters_sorted_outside_timer":true,"fixture_creation_and_holder_construction_excluded":true,"production_flow_integrated":false,"end_to_end_speedup_claim":false}
Native owner (macos-15)	Q5.2 supplementary queue benchmark checks	2026-10-05T02:06:22.0429950Z Q52_ROW {"scenario":"production_ordered_selector_kernel","scope_label":"ordered helper only; excludes Flow index maintenance and holder projection","mode":"ineligible_holders","waiters_W":10,"holders_H":100,"repeat":4,"calls":10000,"elapsed_ns":1124500,"ns_per_call":112.4500,"yielded_waiters_per_call_untimed":0,"expected_pair":"none","verified":true,"attempt_count":1,"attempts":[{"attempt":1,"calls":10000,"elapsed_ns":1124500}],"calibration_stop_reason":"minimum_batch_duration_reached","precision_status":"minimum_batch_duration_reached","max_calls":1000000,"max_calibration_attempts":5,"min_batch_ns":1000000,"initial_call_formula":"clamp(1000000 / max(1,H+yielded_waiters),1,1000000)","timed_operations":"loop and ordered helper invocations with black-boxed result","waiters_sorted_outside_timer":true,"fixture_creation_and_holder_construction_excluded":true,"production_flow_integrated":false,"end_to_end_speedup_claim":false}
Native owner (macos-15)	Q5.2 supplementary queue benchmark checks	2026-10-05T02:06:22.0435030Z Q52_ROW {"scenario":"production_ordered_selector_kernel","scope_label":"ordered helper only; excludes Flow index maintenance and holder projection","mode":"ineligible_holders","waiters_W":10,"holders_H":100,"repeat":5,"calls":10000,"elapsed_ns":1112708,"ns_per_call":111.2708,"yielded_waiters_per_call_untimed":0,"expected_pair":"none","verified":true,"attempt_count":1,"attempts":[{"attempt":1,"calls":10000,"elapsed_ns":1112708}],"calibration_stop_reason":"minimum_batch_duration_reached","precision_status":"minimum_batch_duration_reached","max_calls":1000000,"max_calibration_attempts":5,"min_batch_ns":1000000,"initial_call_formula":"clamp(1000000 / max(1,H+yielded_waiters),1,1000000)","timed_operations":"loop and ordered helper invocations with black-boxed result","waiters_sorted_outside_timer":true,"fixture_creation_and_holder_construction_excluded":true,"production_flow_integrated":false,"end_to_end_speedup_claim":false}
Native owner (macos-15)	Q5.2 supplementary queue benchmark checks	2026-10-05T02:06:22.0439880Z Q52_ROW {"scenario":"production_ordered_selector_kernel","scope_label":"ordered helper only; excludes Flow index maintenance and holder projection","mode":"all_nonpreempting_waiters","waiters_W":10,"holders_H":100,"repeat":1,"calls":9090,"elapsed_ns":2442083,"ns_per_call":268.6560,"yielded_waiters_per_call_untimed":10,"expected_pair":"none","verified":true,"attempt_count":1,"attempts":[{"attempt":1,"calls":9090,"elapsed_ns":2442083}],"calibration_stop_reason":"minimum_batch_duration_reached","precision_status":"minimum_batch_duration_reached","max_calls":1000000,"max_calibration_attempts":5,"min_batch_ns":1000000,"initial_call_formula":"clamp(1000000 / max(1,H+yielded_waiters),1,1000000)","timed_operations":"loop and ordered helper invocations with black-boxed result","waiters_sorted_outside_timer":true,"fixture_creation_and_holder_construction_excluded":true,"production_flow_integrated":false,"end_to_end_speedup_claim":false}
Native owner (macos-15)	Q5.2 supplementary queue benchmark checks	2026-10-05T02:06:22.0444900Z Q52_ROW {"scenario":"production_ordered_selector_kernel","scope_label":"ordered helper only; excludes Flow index maintenance and holder projection","mode":"all_nonpreempting_waiters","waiters_W":10,"holders_H":100,"repeat":2,"calls":9090,"elapsed_ns":3284167,"ns_per_call":361.2945,"yielded_waiters_per_call_untimed":10,"expected_pair":"none","verified":true,"attempt_count":1,"attempts":[{"attempt":1,"calls":9090,"elapsed_ns":3284167}],"calibration_stop_reason":"minimum_batch_duration_reached","precision_status":"minimum_batch_duration_reached","max_calls":1000000,"max_calibration_attempts":5,"min_batch_ns":1000000,"initial_call_formula":"clamp(1000000 / max(1,H+yielded_waiters),1,1000000)","timed_operations":"loop and ordered helper invocations with black-boxed result","waiters_sorted_outside_timer":true,"fixture_creation_and_holder_construction_excluded":true,"production_flow_integrated":false,"end_to_end_speedup_claim":false}
Native owner (macos-15)	Q5.2 supplementary queue benchmark checks	2026-10-05T02:06:22.0450210Z Q52_ROW {"scenario":"production_ordered_selector_kernel","scope_label":"ordered helper only; excludes Flow index maintenance and holder projection","mode":"all_nonpreempting_waiters","waiters_W":10,"holders_H":100,"repeat":3,"calls":9090,"elapsed_ns":2444958,"ns_per_call":268.9723,"yielded_waiters_per_call_untimed":10,"expected_pair":"none","verified":true,"attempt_count":1,"attempts":[{"attempt":1,"calls":9090,"elapsed_ns":2444958}],"calibration_stop_reason":"minimum_batch_duration_reached","precision_status":"minimum_batch_duration_reached","max_calls":1000000,"max_calibration_attempts":5,"min_batch_ns":1000000,"initial_call_formula":"clamp(1000000 / max(1,H+yielded_waiters),1,1000000)","timed_operations":"loop and ordered helper invocations with black-boxed result","waiters_sorted_outside_timer":true,"fixture_creation_and_holder_construction_excluded":true,"production_flow_integrated":false,"end_to_end_speedup_claim":false}
Native owner (macos-15)	Q5.2 supplementary queue benchmark checks	2026-10-05T02:06:22.0455100Z Q52_ROW {"scenario":"production_ordered_selector_kernel","scope_label":"ordered helper only; excludes Flow index maintenance and holder projection","mode":"all_nonpreempting_waiters","waiters_W":10,"holders_H":100,"repeat":4,"calls":9090,"elapsed_ns":2469500,"ns_per_call":271.6722,"yielded_waiters_per_call_untimed":10,"expected_pair":"none","verified":true,"attempt_count":1,"attempts":[{"attempt":1,"calls":9090,"elapsed_ns":2469500}],"calibration_stop_reason":"minimum_batch_duration_reached","precision_status":"minimum_batch_duration_reached","max_calls":1000000,"max_calibration_attempts":5,"min_batch_ns":1000000,"initial_call_formula":"clamp(1000000 / max(1,H+yielded_waiters),1,1000000)","timed_operations":"loop and ordered helper invocations with black-boxed result","waiters_sorted_outside_timer":true,"fixture_creation_and_holder_construction_excluded":true,"production_flow_integrated":false,"end_to_end_speedup_claim":false}
Native owner (macos-15)	Q5.2 supplementary queue benchmark checks	2026-10-05T02:06:22.0460100Z Q52_ROW {"scenario":"production_ordered_selector_kernel","scope_label":"ordered helper only; excludes Flow index maintenance and holder projection","mode":"all_nonpreempting_waiters","waiters_W":10,"holders_H":100,"repeat":5,"calls":9090,"elapsed_ns":2446375,"ns_per_call":269.1282,"yielded_waiters_per_call_untimed":10,"expected_pair":"none","verified":true,"attempt_count":1,"attempts":[{"attempt":1,"calls":9090,"elapsed_ns":2446375}],"calibration_stop_reason":"minimum_batch_duration_reached","precision_status":"minimum_batch_duration_reached","max_calls":1000000,"max_calibration_attempts":5,"min_batch_ns":1000000,"initial_call_formula":"clamp(1000000 / max(1,H+yielded_waiters),1,1000000)","timed_operations":"loop and ordered helper invocations with black-boxed result","waiters_sorted_outside_timer":true,"fixture_creation_and_holder_construction_excluded":true,"production_flow_integrated":false,"end_to_end_speedup_claim":false}
Native owner (macos-15)	Q5.2 supplementary queue benchmark checks	2026-10-05T02:06:22.0463710Z Q52_ROW {"scenario":"historical_sorting_reference","implementation_label":"historical_sorting_reference","match":"no_match","waiters_W":1000,"holders_H":1,"repeat":1,"calls":90,"waiter_sort_items":90000,"waiters_attempted":90000,"holder_candidates_examined":90000,"elapsed_ns":268125,"ops":90,"ns_per_call":2979.1667,"calls_per_second":335664.3357,"expected_pair":"none","verified":true}
Native owner (macos-15)	Q5.2 supplementary queue benchmark checks	2026-10-05T02:06:22.0467170Z Q52_ROW {"scenario":"production_ordered_selector_kernel","scope_label":"ordered helper only; excludes Flow index maintenance and holder projection","mode":"equal_priority_no_match","waiters_W":1000,"holders_H":1,"repeat":1,"calls":500000,"elapsed_ns":1299000,"ns_per_call":2.5980,"yielded_waiters_per_call_untimed":1,"expected_pair":"none","verified":true,"attempt_count":1,"attempts":[{"attempt":1,"calls":500000,"elapsed_ns":1299000}],"calibration_stop_reason":"minimum_batch_duration_reached","precision_status":"minimum_batch_duration_reached","max_calls":1000000,"max_calibration_attempts":5,"min_batch_ns":1000000,"initial_call_formula":"clamp(1000000 / max(1,H+yielded_waiters),1,1000000)","timed_operations":"loop and ordered helper invocations with black-boxed result","waiters_sorted_outside_timer":true,"fixture_creation_and_holder_construction_excluded":true,"production_flow_integrated":false,"end_to_end_speedup_claim":false}
Native owner (macos-15)	Q5.2 supplementary queue benchmark checks	2026-10-05T02:06:22.0471000Z Q52_ROW {"scenario":"historical_sorting_reference","implementation_label":"historical_sorting_reference","match":"no_match","waiters_W":1000,"holders_H":1,"repeat":2,"calls":90,"waiter_sort_items":90000,"waiters_attempted":90000,"holder_candidates_examined":90000,"elapsed_ns":267833,"ops":90,"ns_per_call":2975.9222,"calls_per_second":336030.2875,"expected_pair":"none","verified":true}
Native owner (macos-15)	Q5.2 supplementary queue benchmark checks	2026-10-05T02:06:22.0474370Z Q52_ROW {"scenario":"production_ordered_selector_kernel","scope_label":"ordered helper only; excludes Flow index maintenance and holder projection","mode":"equal_priority_no_match","waiters_W":1000,"holders_H":1,"repeat":2,"calls":500000,"elapsed_ns":1327459,"ns_per_call":2.6549,"yielded_waiters_per_call_untimed":1,"expected_pair":"none","verified":true,"attempt_count":1,"attempts":[{"attempt":1,"calls":500000,"elapsed_ns":1327459}],"calibration_stop_reason":"minimum_batch_duration_reached","precision_status":"minimum_batch_duration_reached","max_calls":1000000,"max_calibration_attempts":5,"min_batch_ns":1000000,"initial_call_formula":"clamp(1000000 / max(1,H+yielded_waiters),1,1000000)","timed_operations":"loop and ordered helper invocations with black-boxed result","waiters_sorted_outside_timer":true,"fixture_creation_and_holder_construction_excluded":true,"production_flow_integrated":false,"end_to_end_speedup_claim":false}
Native owner (macos-15)	Q5.2 supplementary queue benchmark checks	2026-10-05T02:06:22.0477750Z Q52_ROW {"scenario":"historical_sorting_reference","implementation_label":"historical_sorting_reference","match":"no_match","waiters_W":1000,"holders_H":1,"repeat":3,"calls":90,"waiter_sort_items":90000,"waiters_attempted":90000,"holder_candidates_examined":90000,"elapsed_ns":267792,"ops":90,"ns_per_call":2975.4667,"calls_per_second":336081.7351,"expected_pair":"none","verified":true}
Native owner (macos-15)	Q5.2 supplementary queue benchmark checks	2026-10-05T02:06:22.0481170Z Q52_ROW {"scenario":"production_ordered_selector_kernel","scope_label":"ordered helper only; excludes Flow index maintenance and holder projection","mode":"equal_priority_no_match","waiters_W":1000,"holders_H":1,"repeat":3,"calls":500000,"elapsed_ns":1341750,"ns_per_call":2.6835,"yielded_waiters_per_call_untimed":1,"expected_pair":"none","verified":true,"attempt_count":1,"attempts":[{"attempt":1,"calls":500000,"elapsed_ns":1341750}],"calibration_stop_reason":"minimum_batch_duration_reached","precision_status":"minimum_batch_duration_reached","max_calls":1000000,"max_calibration_attempts":5,"min_batch_ns":1000000,"initial_call_formula":"clamp(1000000 / max(1,H+yielded_waiters),1,1000000)","timed_operations":"loop and ordered helper invocations with black-boxed result","waiters_sorted_outside_timer":true,"fixture_creation_and_holder_construction_excluded":true,"production_flow_integrated":false,"end_to_end_speedup_claim":false}
Native owner (macos-15)	Q5.2 supplementary queue benchmark checks	2026-10-05T02:06:22.0484890Z Q52_ROW {"scenario":"historical_sorting_reference","implementation_label":"historical_sorting_reference","match":"no_match","waiters_W":1000,"holders_H":1,"repeat":4,"calls":90,"waiter_sort_items":90000,"waiters_attempted":90000,"holder_candidates_examined":90000,"elapsed_ns":265083,"ops":90,"ns_per_call":2945.3667,"calls_per_second":339516.3024,"expected_pair":"none","verified":true}
Native owner (macos-15)	Q5.2 supplementary queue benchmark checks	2026-10-05T02:06:22.0488310Z Q52_ROW {"scenario":"production_ordered_selector_kernel","scope_label":"ordered helper only; excludes Flow index maintenance and holder projection","mode":"equal_priority_no_match","waiters_W":1000,"holders_H":1,"repeat":4,"calls":500000,"elapsed_ns":1307041,"ns_per_call":2.6141,"yielded_waiters_per_call_untimed":1,"expected_pair":"none","verified":true,"attempt_count":1,"attempts":[{"attempt":1,"calls":500000,"elapsed_ns":1307041}],"calibration_stop_reason":"minimum_batch_duration_reached","precision_status":"minimum_batch_duration_reached","max_calls":1000000,"max_calibration_attempts":5,"min_batch_ns":1000000,"initial_call_formula":"clamp(1000000 / max(1,H+yielded_waiters),1,1000000)","timed_operations":"loop and ordered helper invocations with black-boxed result","waiters_sorted_outside_timer":true,"fixture_creation_and_holder_construction_excluded":true,"production_flow_integrated":false,"end_to_end_speedup_claim":false}
Native owner (macos-15)	Q5.2 supplementary queue benchmark checks	2026-10-05T02:06:22.0492030Z Q52_ROW {"scenario":"historical_sorting_reference","implementation_label":"historical_sorting_reference","match":"no_match","waiters_W":1000,"holders_H":1,"repeat":5,"calls":90,"waiter_sort_items":90000,"waiters_attempted":90000,"holder_candidates_examined":90000,"elapsed_ns":269167,"ops":90,"ns_per_call":2990.7444,"calls_per_second":334364.9110,"expected_pair":"none","verified":true}
Native owner (macos-15)	Q5.2 supplementary queue benchmark checks	2026-10-05T02:06:22.0495430Z Q52_ROW {"scenario":"production_ordered_selector_kernel","scope_label":"ordered helper only; excludes Flow index maintenance and holder projection","mode":"equal_priority_no_match","waiters_W":1000,"holders_H":1,"repeat":5,"calls":500000,"elapsed_ns":1363000,"ns_per_call":2.7260,"yielded_waiters_per_call_untimed":1,"expected_pair":"none","verified":true,"attempt_count":1,"attempts":[{"attempt":1,"calls":500000,"elapsed_ns":1363000}],"calibration_stop_reason":"minimum_batch_duration_reached","precision_status":"minimum_batch_duration_reached","max_calls":1000000,"max_calibration_attempts":5,"min_batch_ns":1000000,"initial_call_formula":"clamp(1000000 / max(1,H+yielded_waiters),1,1000000)","timed_operations":"loop and ordered helper invocations with black-boxed result","waiters_sorted_outside_timer":true,"fixture_creation_and_holder_construction_excluded":true,"production_flow_integrated":false,"end_to_end_speedup_claim":false}
Native owner (macos-15)	Q5.2 supplementary queue benchmark checks	2026-10-05T02:06:22.0498860Z Q52_ROW {"scenario":"historical_sorting_reference","implementation_label":"historical_sorting_reference","match":"matched","waiters_W":1000,"holders_H":1,"repeat":1,"calls":99,"waiter_sort_items":99000,"waiters_attempted":99,"holder_candidates_examined":99,"elapsed_ns":89417,"ops":99,"ns_per_call":903.2020,"calls_per_second":1107172.0143,"expected_pair":"0:0","verified":true}
Native owner (macos-15)	Q5.2 supplementary queue benchmark checks	2026-10-05T02:06:22.0502190Z Q52_ROW {"scenario":"production_ordered_selector_kernel","scope_label":"ordered helper only; excludes Flow index maintenance and holder projection","mode":"matched","waiters_W":1000,"holders_H":1,"repeat":1,"calls":500000,"elapsed_ns":1740541,"ns_per_call":3.4811,"yielded_waiters_per_call_untimed":1,"expected_pair":"0:0","verified":true,"attempt_count":1,"attempts":[{"attempt":1,"calls":500000,"elapsed_ns":1740541}],"calibration_stop_reason":"minimum_batch_duration_reached","precision_status":"minimum_batch_duration_reached","max_calls":1000000,"max_calibration_attempts":5,"min_batch_ns":1000000,"initial_call_formula":"clamp(1000000 / max(1,H+yielded_waiters),1,1000000)","timed_operations":"loop and ordered helper invocations with black-boxed result","waiters_sorted_outside_timer":true,"fixture_creation_and_holder_construction_excluded":true,"production_flow_integrated":false,"end_to_end_speedup_claim":false}
Native owner (macos-15)	Q5.2 supplementary queue benchmark checks	2026-10-05T02:06:22.0505660Z Q52_ROW {"scenario":"historical_sorting_reference","implementation_label":"historical_sorting_reference","match":"matched","waiters_W":1000,"holders_H":1,"repeat":2,"calls":99,"waiter_sort_items":99000,"waiters_attempted":99,"holder_candidates_examined":99,"elapsed_ns":85834,"ops":99,"ns_per_call":867.0101,"calls_per_second":1153389.0999,"expected_pair":"0:0","verified":true}
Native owner (macos-15)	Q5.2 supplementary queue benchmark checks	2026-10-05T02:06:22.0509000Z Q52_ROW {"scenario":"production_ordered_selector_kernel","scope_label":"ordered helper only; excludes Flow index maintenance and holder projection","mode":"matched","waiters_W":1000,"holders_H":1,"repeat":2,"calls":500000,"elapsed_ns":1736291,"ns_per_call":3.4726,"yielded_waiters_per_call_untimed":1,"expected_pair":"0:0","verified":true,"attempt_count":1,"attempts":[{"attempt":1,"calls":500000,"elapsed_ns":1736291}],"calibration_stop_reason":"minimum_batch_duration_reached","precision_status":"minimum_batch_duration_reached","max_calls":1000000,"max_calibration_attempts":5,"min_batch_ns":1000000,"initial_call_formula":"clamp(1000000 / max(1,H+yielded_waiters),1,1000000)","timed_operations":"loop and ordered helper invocations with black-boxed result","waiters_sorted_outside_timer":true,"fixture_creation_and_holder_construction_excluded":true,"production_flow_integrated":false,"end_to_end_speedup_claim":false}
Native owner (macos-15)	Q5.2 supplementary queue benchmark checks	2026-10-05T02:06:22.0512560Z Q52_ROW {"scenario":"historical_sorting_reference","implementation_label":"historical_sorting_reference","match":"matched","waiters_W":1000,"holders_H":1,"repeat":3,"calls":99,"waiter_sort_items":99000,"waiters_attempted":99,"holder_candidates_examined":99,"elapsed_ns":89542,"ops":99,"ns_per_call":904.4646,"calls_per_second":1105626.4100,"expected_pair":"0:0","verified":true}
Native owner (macos-15)	Q5.2 supplementary queue benchmark checks	2026-10-05T02:06:22.0515950Z Q52_ROW {"scenario":"production_ordered_selector_kernel","scope_label":"ordered helper only; excludes Flow index maintenance and holder projection","mode":"matched","waiters_W":1000,"holders_H":1,"repeat":3,"calls":500000,"elapsed_ns":1748208,"ns_per_call":3.4964,"yielded_waiters_per_call_untimed":1,"expected_pair":"0:0","verified":true,"attempt_count":1,"attempts":[{"attempt":1,"calls":500000,"elapsed_ns":1748208}],"calibration_stop_reason":"minimum_batch_duration_reached","precision_status":"minimum_batch_duration_reached","max_calls":1000000,"max_calibration_attempts":5,"min_batch_ns":1000000,"initial_call_formula":"clamp(1000000 / max(1,H+yielded_waiters),1,1000000)","timed_operations":"loop and ordered helper invocations with black-boxed result","waiters_sorted_outside_timer":true,"fixture_creation_and_holder_construction_excluded":true,"production_flow_integrated":false,"end_to_end_speedup_claim":false}
Native owner (macos-15)	Q5.2 supplementary queue benchmark checks	2026-10-05T02:06:22.0519280Z Q52_ROW {"scenario":"historical_sorting_reference","implementation_label":"historical_sorting_reference","match":"matched","waiters_W":1000,"holders_H":1,"repeat":4,"calls":99,"waiter_sort_items":99000,"waiters_attempted":99,"holder_candidates_examined":99,"elapsed_ns":94583,"ops":99,"ns_per_call":955.3838,"calls_per_second":1046699.7241,"expected_pair":"0:0","verified":true}
Native owner (macos-15)	Q5.2 supplementary queue benchmark checks	2026-10-05T02:06:22.0522550Z Q52_ROW {"scenario":"production_ordered_selector_kernel","scope_label":"ordered helper only; excludes Flow index maintenance and holder projection","mode":"matched","waiters_W":1000,"holders_H":1,"repeat":4,"calls":500000,"elapsed_ns":1752625,"ns_per_call":3.5053,"yielded_waiters_per_call_untimed":1,"expected_pair":"0:0","verified":true,"attempt_count":1,"attempts":[{"attempt":1,"calls":500000,"elapsed_ns":1752625}],"calibration_stop_reason":"minimum_batch_duration_reached","precision_status":"minimum_batch_duration_reached","max_calls":1000000,"max_calibration_attempts":5,"min_batch_ns":1000000,"initial_call_formula":"clamp(1000000 / max(1,H+yielded_waiters),1,1000000)","timed_operations":"loop and ordered helper invocations with black-boxed result","waiters_sorted_outside_timer":true,"fixture_creation_and_holder_construction_excluded":true,"production_flow_integrated":false,"end_to_end_speedup_claim":false}
Native owner (macos-15)	Q5.2 supplementary queue benchmark checks	2026-10-05T02:06:22.0526040Z Q52_ROW {"scenario":"historical_sorting_reference","implementation_label":"historical_sorting_reference","match":"matched","waiters_W":1000,"holders_H":1,"repeat":5,"calls":99,"waiter_sort_items":99000,"waiters_attempted":99,"holder_candidates_examined":99,"elapsed_ns":87833,"ops":99,"ns_per_call":887.2020,"calls_per_second":1127139.0024,"expected_pair":"0:0","verified":true}
Native owner (macos-15)	Q5.2 supplementary queue benchmark checks	2026-10-05T02:06:22.0529460Z Q52_ROW {"scenario":"production_ordered_selector_kernel","scope_label":"ordered helper only; excludes Flow index maintenance and holder projection","mode":"matched","waiters_W":1000,"holders_H":1,"repeat":5,"calls":500000,"elapsed_ns":1776333,"ns_per_call":3.5527,"yielded_waiters_per_call_untimed":1,"expected_pair":"0:0","verified":true,"attempt_count":1,"attempts":[{"attempt":1,"calls":500000,"elapsed_ns":1776333}],"calibration_stop_reason":"minimum_batch_duration_reached","precision_status":"minimum_batch_duration_reached","max_calls":1000000,"max_calibration_attempts":5,"min_batch_ns":1000000,"initial_call_formula":"clamp(1000000 / max(1,H+yielded_waiters),1,1000000)","timed_operations":"loop and ordered helper invocations with black-boxed result","waiters_sorted_outside_timer":true,"fixture_creation_and_holder_construction_excluded":true,"production_flow_integrated":false,"end_to_end_speedup_claim":false}
Native owner (macos-15)	Q5.2 supplementary queue benchmark checks	2026-10-05T02:06:22.0534300Z Q52_ROW {"scenario":"production_ordered_selector_kernel","scope_label":"ordered helper only; excludes Flow index maintenance and holder projection","mode":"ineligible_holders","waiters_W":1000,"holders_H":1,"repeat":1,"calls":1000000,"elapsed_ns":2077459,"ns_per_call":2.0775,"yielded_waiters_per_call_untimed":0,"expected_pair":"none","verified":true,"attempt_count":1,"attempts":[{"attempt":1,"calls":1000000,"elapsed_ns":2077459}],"calibration_stop_reason":"minimum_batch_duration_reached","precision_status":"minimum_batch_duration_reached","max_calls":1000000,"max_calibration_attempts":5,"min_batch_ns":1000000,"initial_call_formula":"clamp(1000000 / max(1,H+yielded_waiters),1,1000000)","timed_operations":"loop and ordered helper invocations with black-boxed result","waiters_sorted_outside_timer":true,"fixture_creation_and_holder_construction_excluded":true,"production_flow_integrated":false,"end_to_end_speedup_claim":false}
Native owner (macos-15)	Q5.2 supplementary queue benchmark checks	2026-10-05T02:06:22.0539140Z Q52_ROW {"scenario":"production_ordered_selector_kernel","scope_label":"ordered helper only; excludes Flow index maintenance and holder projection","mode":"ineligible_holders","waiters_W":1000,"holders_H":1,"repeat":2,"calls":1000000,"elapsed_ns":2073500,"ns_per_call":2.0735,"yielded_waiters_per_call_untimed":0,"expected_pair":"none","verified":true,"attempt_count":1,"attempts":[{"attempt":1,"calls":1000000,"elapsed_ns":2073500}],"calibration_stop_reason":"minimum_batch_duration_reached","precision_status":"minimum_batch_duration_reached","max_calls":1000000,"max_calibration_attempts":5,"min_batch_ns":1000000,"initial_call_formula":"clamp(1000000 / max(1,H+yielded_waiters),1,1000000)","timed_operations":"loop and ordered helper invocations with black-boxed result","waiters_sorted_outside_timer":true,"fixture_creation_and_holder_construction_excluded":true,"production_flow_integrated":false,"end_to_end_speedup_claim":false}
Native owner (macos-15)	Q5.2 supplementary queue benchmark checks	2026-10-05T02:06:22.0544110Z Q52_ROW {"scenario":"production_ordered_selector_kernel","scope_label":"ordered helper only; excludes Flow index maintenance and holder projection","mode":"ineligible_holders","waiters_W":1000,"holders_H":1,"repeat":3,"calls":1000000,"elapsed_ns":2075416,"ns_per_call":2.0754,"yielded_waiters_per_call_untimed":0,"expected_pair":"none","verified":true,"attempt_count":1,"attempts":[{"attempt":1,"calls":1000000,"elapsed_ns":2075416}],"calibration_stop_reason":"minimum_batch_duration_reached","precision_status":"minimum_batch_duration_reached","max_calls":1000000,"max_calibration_attempts":5,"min_batch_ns":1000000,"initial_call_formula":"clamp(1000000 / max(1,H+yielded_waiters),1,1000000)","timed_operations":"loop and ordered helper invocations with black-boxed result","waiters_sorted_outside_timer":true,"fixture_creation_and_holder_construction_excluded":true,"production_flow_integrated":false,"end_to_end_speedup_claim":false}
Native owner (macos-15)	Q5.2 supplementary queue benchmark checks	2026-10-05T02:06:22.0549050Z Q52_ROW {"scenario":"production_ordered_selector_kernel","scope_label":"ordered helper only; excludes Flow index maintenance and holder projection","mode":"ineligible_holders","waiters_W":1000,"holders_H":1,"repeat":4,"calls":1000000,"elapsed_ns":2100166,"ns_per_call":2.1002,"yielded_waiters_per_call_untimed":0,"expected_pair":"none","verified":true,"attempt_count":1,"attempts":[{"attempt":1,"calls":1000000,"elapsed_ns":2100166}],"calibration_stop_reason":"minimum_batch_duration_reached","precision_status":"minimum_batch_duration_reached","max_calls":1000000,"max_calibration_attempts":5,"min_batch_ns":1000000,"initial_call_formula":"clamp(1000000 / max(1,H+yielded_waiters),1,1000000)","timed_operations":"loop and ordered helper invocations with black-boxed result","waiters_sorted_outside_timer":true,"fixture_creation_and_holder_construction_excluded":true,"production_flow_integrated":false,"end_to_end_speedup_claim":false}
Native owner (macos-15)	Q5.2 supplementary queue benchmark checks	2026-10-05T02:06:22.0554090Z Q52_ROW {"scenario":"production_ordered_selector_kernel","scope_label":"ordered helper only; excludes Flow index maintenance and holder projection","mode":"ineligible_holders","waiters_W":1000,"holders_H":1,"repeat":5,"calls":1000000,"elapsed_ns":2091875,"ns_per_call":2.0919,"yielded_waiters_per_call_untimed":0,"expected_pair":"none","verified":true,"attempt_count":1,"attempts":[{"attempt":1,"calls":1000000,"elapsed_ns":2091875}],"calibration_stop_reason":"minimum_batch_duration_reached","precision_status":"minimum_batch_duration_reached","max_calls":1000000,"max_calibration_attempts":5,"min_batch_ns":1000000,"initial_call_formula":"clamp(1000000 / max(1,H+yielded_waiters),1,1000000)","timed_operations":"loop and ordered helper invocations with black-boxed result","waiters_sorted_outside_timer":true,"fixture_creation_and_holder_construction_excluded":true,"production_flow_integrated":false,"end_to_end_speedup_claim":false}
Native owner (macos-15)	Q5.2 supplementary queue benchmark checks	2026-10-05T02:06:22.0559070Z Q52_ROW {"scenario":"production_ordered_selector_kernel","scope_label":"ordered helper only; excludes Flow index maintenance and holder projection","mode":"all_nonpreempting_waiters","waiters_W":1000,"holders_H":1,"repeat":1,"calls":1998,"elapsed_ns":1386542,"ns_per_call":693.9650,"yielded_waiters_per_call_untimed":1000,"expected_pair":"none","verified":true,"attempt_count":2,"attempts":[{"attempt":1,"calls":999,"elapsed_ns":683209},{"attempt":2,"calls":1998,"elapsed_ns":1386542}],"calibration_stop_reason":"minimum_batch_duration_reached","precision_status":"minimum_batch_duration_reached","max_calls":1000000,"max_calibration_attempts":5,"min_batch_ns":1000000,"initial_call_formula":"clamp(1000000 / max(1,H+yielded_waiters),1,1000000)","timed_operations":"loop and ordered helper invocations with black-boxed result","waiters_sorted_outside_timer":true,"fixture_creation_and_holder_construction_excluded":true,"production_flow_integrated":false,"end_to_end_speedup_claim":false}
Native owner (macos-15)	Q5.2 supplementary queue benchmark checks	2026-10-05T02:06:22.0564110Z Q52_ROW {"scenario":"production_ordered_selector_kernel","scope_label":"ordered helper only; excludes Flow index maintenance and holder projection","mode":"all_nonpreempting_waiters","waiters_W":1000,"holders_H":1,"repeat":2,"calls":1998,"elapsed_ns":1368333,"ns_per_call":684.8514,"yielded_waiters_per_call_untimed":1000,"expected_pair":"none","verified":true,"attempt_count":2,"attempts":[{"attempt":1,"calls":999,"elapsed_ns":696292},{"attempt":2,"calls":1998,"elapsed_ns":1368333}],"calibration_stop_reason":"minimum_batch_duration_reached","precision_status":"minimum_batch_duration_reached","max_calls":1000000,"max_calibration_attempts":5,"min_batch_ns":1000000,"initial_call_formula":"clamp(1000000 / max(1,H+yielded_waiters),1,1000000)","timed_operations":"loop and ordered helper invocations with black-boxed result","waiters_sorted_outside_timer":true,"fixture_creation_and_holder_construction_excluded":true,"production_flow_integrated":false,"end_to_end_speedup_claim":false}
Native owner (macos-15)	Q5.2 supplementary queue benchmark checks	2026-10-05T02:06:22.0569240Z Q52_ROW {"scenario":"production_ordered_selector_kernel","scope_label":"ordered helper only; excludes Flow index maintenance and holder projection","mode":"all_nonpreempting_waiters","waiters_W":1000,"holders_H":1,"repeat":3,"calls":1998,"elapsed_ns":1382417,"ns_per_call":691.9004,"yielded_waiters_per_call_untimed":1000,"expected_pair":"none","verified":true,"attempt_count":2,"attempts":[{"attempt":1,"calls":999,"elapsed_ns":692000},{"attempt":2,"calls":1998,"elapsed_ns":1382417}],"calibration_stop_reason":"minimum_batch_duration_reached","precision_status":"minimum_batch_duration_reached","max_calls":1000000,"max_calibration_attempts":5,"min_batch_ns":1000000,"initial_call_formula":"clamp(1000000 / max(1,H+yielded_waiters),1,1000000)","timed_operations":"loop and ordered helper invocations with black-boxed result","waiters_sorted_outside_timer":true,"fixture_creation_and_holder_construction_excluded":true,"production_flow_integrated":false,"end_to_end_speedup_claim":false}
Native owner (macos-15)	Q5.2 supplementary queue benchmark checks	2026-10-05T02:06:22.0574400Z Q52_ROW {"scenario":"production_ordered_selector_kernel","scope_label":"ordered helper only; excludes Flow index maintenance and holder projection","mode":"all_nonpreempting_waiters","waiters_W":1000,"holders_H":1,"repeat":4,"calls":1998,"elapsed_ns":1393167,"ns_per_call":697.2808,"yielded_waiters_per_call_untimed":1000,"expected_pair":"none","verified":true,"attempt_count":2,"attempts":[{"attempt":1,"calls":999,"elapsed_ns":678917},{"attempt":2,"calls":1998,"elapsed_ns":1393167}],"calibration_stop_reason":"minimum_batch_duration_reached","precision_status":"minimum_batch_duration_reached","max_calls":1000000,"max_calibration_attempts":5,"min_batch_ns":1000000,"initial_call_formula":"clamp(1000000 / max(1,H+yielded_waiters),1,1000000)","timed_operations":"loop and ordered helper invocations with black-boxed result","waiters_sorted_outside_timer":true,"fixture_creation_and_holder_construction_excluded":true,"production_flow_integrated":false,"end_to_end_speedup_claim":false}
Native owner (macos-15)	Q5.2 supplementary queue benchmark checks	2026-10-05T02:06:22.0579490Z Q52_ROW {"scenario":"production_ordered_selector_kernel","scope_label":"ordered helper only; excludes Flow index maintenance and holder projection","mode":"all_nonpreempting_waiters","waiters_W":1000,"holders_H":1,"repeat":5,"calls":1998,"elapsed_ns":1387875,"ns_per_call":694.6321,"yielded_waiters_per_call_untimed":1000,"expected_pair":"none","verified":true,"attempt_count":2,"attempts":[{"attempt":1,"calls":999,"elapsed_ns":682375},{"attempt":2,"calls":1998,"elapsed_ns":1387875}],"calibration_stop_reason":"minimum_batch_duration_reached","precision_status":"minimum_batch_duration_reached","max_calls":1000000,"max_calibration_attempts":5,"min_batch_ns":1000000,"initial_call_formula":"clamp(1000000 / max(1,H+yielded_waiters),1,1000000)","timed_operations":"loop and ordered helper invocations with black-boxed result","waiters_sorted_outside_timer":true,"fixture_creation_and_holder_construction_excluded":true,"production_flow_integrated":false,"end_to_end_speedup_claim":false}
Native owner (macos-15)	Q5.2 supplementary queue benchmark checks	2026-10-05T02:06:22.0582960Z Q52_ROW {"scenario":"historical_sorting_reference","implementation_label":"historical_sorting_reference","match":"no_match","waiters_W":1000,"holders_H":10,"repeat":1,"calls":50,"waiter_sort_items":50000,"waiters_attempted":50000,"holder_candidates_examined":500000,"elapsed_ns":433917,"ops":50,"ns_per_call":8678.3400,"calls_per_second":115229.4102,"expected_pair":"none","verified":true}
Native owner (macos-15)	Q5.2 supplementary queue benchmark checks	2026-10-05T02:06:22.0586420Z Q52_ROW {"scenario":"production_ordered_selector_kernel","scope_label":"ordered helper only; excludes Flow index maintenance and holder projection","mode":"equal_priority_no_match","waiters_W":1000,"holders_H":10,"repeat":1,"calls":90909,"elapsed_ns":2496042,"ns_per_call":27.4565,"yielded_waiters_per_call_untimed":1,"expected_pair":"none","verified":true,"attempt_count":1,"attempts":[{"attempt":1,"calls":90909,"elapsed_ns":2496042}],"calibration_stop_reason":"minimum_batch_duration_reached","precision_status":"minimum_batch_duration_reached","max_calls":1000000,"max_calibration_attempts":5,"min_batch_ns":1000000,"initial_call_formula":"clamp(1000000 / max(1,H+yielded_waiters),1,1000000)","timed_operations":"loop and ordered helper invocations with black-boxed result","waiters_sorted_outside_timer":true,"fixture_creation_and_holder_construction_excluded":true,"production_flow_integrated":false,"end_to_end_speedup_claim":false}
Native owner (macos-15)	Q5.2 supplementary queue benchmark checks	2026-10-05T02:06:22.0589790Z Q52_ROW {"scenario":"historical_sorting_reference","implementation_label":"historical_sorting_reference","match":"no_match","waiters_W":1000,"holders_H":10,"repeat":2,"calls":50,"waiter_sort_items":50000,"waiters_attempted":50000,"holder_candidates_examined":500000,"elapsed_ns":434584,"ops":50,"ns_per_call":8691.6800,"calls_per_second":115052.5560,"expected_pair":"none","verified":true}
Native owner (macos-15)	Q5.2 supplementary queue benchmark checks	2026-10-05T02:06:22.0593420Z Q52_ROW {"scenario":"production_ordered_selector_kernel","scope_label":"ordered helper only; excludes Flow index maintenance and holder projection","mode":"equal_priority_no_match","waiters_W":1000,"holders_H":10,"repeat":2,"calls":90909,"elapsed_ns":2433625,"ns_per_call":26.7699,"yielded_waiters_per_call_untimed":1,"expected_pair":"none","verified":true,"attempt_count":1,"attempts":[{"attempt":1,"calls":90909,"elapsed_ns":2433625}],"calibration_stop_reason":"minimum_batch_duration_reached","precision_status":"minimum_batch_duration_reached","max_calls":1000000,"max_calibration_attempts":5,"min_batch_ns":1000000,"initial_call_formula":"clamp(1000000 / max(1,H+yielded_waiters),1,1000000)","timed_operations":"loop and ordered helper invocations with black-boxed result","waiters_sorted_outside_timer":true,"fixture_creation_and_holder_construction_excluded":true,"production_flow_integrated":false,"end_to_end_speedup_claim":false}
Native owner (macos-15)	Q5.2 supplementary queue benchmark checks	2026-10-05T02:06:22.0596860Z Q52_ROW {"scenario":"historical_sorting_reference","implementation_label":"historical_sorting_reference","match":"no_match","waiters_W":1000,"holders_H":10,"repeat":3,"calls":50,"waiter_sort_items":50000,"waiters_attempted":50000,"holder_candidates_examined":500000,"elapsed_ns":449708,"ops":50,"ns_per_call":8994.1600,"calls_per_second":111183.2567,"expected_pair":"none","verified":true}
Native owner (macos-15)	Q5.2 supplementary queue benchmark checks	2026-10-05T02:06:22.0600190Z Q52_ROW {"scenario":"production_ordered_selector_kernel","scope_label":"ordered helper only; excludes Flow index maintenance and holder projection","mode":"equal_priority_no_match","waiters_W":1000,"holders_H":10,"repeat":3,"calls":90909,"elapsed_ns":2456625,"ns_per_call":27.0229,"yielded_waiters_per_call_untimed":1,"expected_pair":"none","verified":true,"attempt_count":1,"attempts":[{"attempt":1,"calls":90909,"elapsed_ns":2456625}],"calibration_stop_reason":"minimum_batch_duration_reached","precision_status":"minimum_batch_duration_reached","max_calls":1000000,"max_calibration_attempts":5,"min_batch_ns":1000000,"initial_call_formula":"clamp(1000000 / max(1,H+yielded_waiters),1,1000000)","timed_operations":"loop and ordered helper invocations with black-boxed result","waiters_sorted_outside_timer":true,"fixture_creation_and_holder_construction_excluded":true,"production_flow_integrated":false,"end_to_end_speedup_claim":false}
Native owner (macos-15)	Q5.2 supplementary queue benchmark checks	2026-10-05T02:06:22.0603510Z Q52_ROW {"scenario":"historical_sorting_reference","implementation_label":"historical_sorting_reference","match":"no_match","waiters_W":1000,"holders_H":10,"repeat":4,"calls":50,"waiter_sort_items":50000,"waiters_attempted":50000,"holder_candidates_examined":500000,"elapsed_ns":452875,"ops":50,"ns_per_call":9057.5000,"calls_per_second":110405.7411,"expected_pair":"none","verified":true}
Native owner (macos-15)	Q5.2 supplementary queue benchmark checks	2026-10-05T02:06:22.0606930Z Q52_ROW {"scenario":"production_ordered_selector_kernel","scope_label":"ordered helper only; excludes Flow index maintenance and holder projection","mode":"equal_priority_no_match","waiters_W":1000,"holders_H":10,"repeat":4,"calls":90909,"elapsed_ns":2463083,"ns_per_call":27.0939,"yielded_waiters_per_call_untimed":1,"expected_pair":"none","verified":true,"attempt_count":1,"attempts":[{"attempt":1,"calls":90909,"elapsed_ns":2463083}],"calibration_stop_reason":"minimum_batch_duration_reached","precision_status":"minimum_batch_duration_reached","max_calls":1000000,"max_calibration_attempts":5,"min_batch_ns":1000000,"initial_call_formula":"clamp(1000000 / max(1,H+yielded_waiters),1,1000000)","timed_operations":"loop and ordered helper invocations with black-boxed result","waiters_sorted_outside_timer":true,"fixture_creation_and_holder_construction_excluded":true,"production_flow_integrated":false,"end_to_end_speedup_claim":false}
Native owner (macos-15)	Q5.2 supplementary queue benchmark checks	2026-10-05T02:06:22.0610340Z Q52_ROW {"scenario":"historical_sorting_reference","implementation_label":"historical_sorting_reference","match":"no_match","waiters_W":1000,"holders_H":10,"repeat":5,"calls":50,"waiter_sort_items":50000,"waiters_attempted":50000,"holder_candidates_examined":500000,"elapsed_ns":448500,"ops":50,"ns_per_call":8970.0000,"calls_per_second":111482.7202,"expected_pair":"none","verified":true}
Native owner (macos-15)	Q5.2 supplementary queue benchmark checks	2026-10-05T02:06:22.0613850Z Q52_ROW {"scenario":"production_ordered_selector_kernel","scope_label":"ordered helper only; excludes Flow index maintenance and holder projection","mode":"equal_priority_no_match","waiters_W":1000,"holders_H":10,"repeat":5,"calls":90909,"elapsed_ns":2447542,"ns_per_call":26.9230,"yielded_waiters_per_call_untimed":1,"expected_pair":"none","verified":true,"attempt_count":1,"attempts":[{"attempt":1,"calls":90909,"elapsed_ns":2447542}],"calibration_stop_reason":"minimum_batch_duration_reached","precision_status":"minimum_batch_duration_reached","max_calls":1000000,"max_calibration_attempts":5,"min_batch_ns":1000000,"initial_call_formula":"clamp(1000000 / max(1,H+yielded_waiters),1,1000000)","timed_operations":"loop and ordered helper invocations with black-boxed result","waiters_sorted_outside_timer":true,"fixture_creation_and_holder_construction_excluded":true,"production_flow_integrated":false,"end_to_end_speedup_claim":false}
Native owner (macos-15)	Q5.2 supplementary queue benchmark checks	2026-10-05T02:06:22.0617270Z Q52_ROW {"scenario":"historical_sorting_reference","implementation_label":"historical_sorting_reference","match":"matched","waiters_W":1000,"holders_H":10,"repeat":1,"calls":99,"waiter_sort_items":99000,"waiters_attempted":99,"holder_candidates_examined":990,"elapsed_ns":88000,"ops":99,"ns_per_call":888.8889,"calls_per_second":1125000.0000,"expected_pair":"0:9","verified":true}
Native owner (macos-15)	Q5.2 supplementary queue benchmark checks	2026-10-05T02:06:22.0620540Z Q52_ROW {"scenario":"production_ordered_selector_kernel","scope_label":"ordered helper only; excludes Flow index maintenance and holder projection","mode":"matched","waiters_W":1000,"holders_H":10,"repeat":1,"calls":90909,"elapsed_ns":2472334,"ns_per_call":27.1957,"yielded_waiters_per_call_untimed":1,"expected_pair":"0:9","verified":true,"attempt_count":1,"attempts":[{"attempt":1,"calls":90909,"elapsed_ns":2472334}],"calibration_stop_reason":"minimum_batch_duration_reached","precision_status":"minimum_batch_duration_reached","max_calls":1000000,"max_calibration_attempts":5,"min_batch_ns":1000000,"initial_call_formula":"clamp(1000000 / max(1,H+yielded_waiters),1,1000000)","timed_operations":"loop and ordered helper invocations with black-boxed result","waiters_sorted_outside_timer":true,"fixture_creation_and_holder_construction_excluded":true,"production_flow_integrated":false,"end_to_end_speedup_claim":false}
Native owner (macos-15)	Q5.2 supplementary queue benchmark checks	2026-10-05T02:06:22.0623900Z Q52_ROW {"scenario":"historical_sorting_reference","implementation_label":"historical_sorting_reference","match":"matched","waiters_W":1000,"holders_H":10,"repeat":2,"calls":99,"waiter_sort_items":99000,"waiters_attempted":99,"holder_candidates_examined":990,"elapsed_ns":87083,"ops":99,"ns_per_call":879.6263,"calls_per_second":1136846.4568,"expected_pair":"0:9","verified":true}
Native owner (macos-15)	Q5.2 supplementary queue benchmark checks	2026-10-05T02:06:22.0627580Z Q52_ROW {"scenario":"production_ordered_selector_kernel","scope_label":"ordered helper only; excludes Flow index maintenance and holder projection","mode":"matched","waiters_W":1000,"holders_H":10,"repeat":2,"calls":90909,"elapsed_ns":2474125,"ns_per_call":27.2154,"yielded_waiters_per_call_untimed":1,"expected_pair":"0:9","verified":true,"attempt_count":1,"attempts":[{"attempt":1,"calls":90909,"elapsed_ns":2474125}],"calibration_stop_reason":"minimum_batch_duration_reached","precision_status":"minimum_batch_duration_reached","max_calls":1000000,"max_calibration_attempts":5,"min_batch_ns":1000000,"initial_call_formula":"clamp(1000000 / max(1,H+yielded_waiters),1,1000000)","timed_operations":"loop and ordered helper invocations with black-boxed result","waiters_sorted_outside_timer":true,"fixture_creation_and_holder_construction_excluded":true,"production_flow_integrated":false,"end_to_end_speedup_claim":false}
Native owner (macos-15)	Q5.2 supplementary queue benchmark checks	2026-10-05T02:06:22.0630930Z Q52_ROW {"scenario":"historical_sorting_reference","implementation_label":"historical_sorting_reference","match":"matched","waiters_W":1000,"holders_H":10,"repeat":3,"calls":99,"waiter_sort_items":99000,"waiters_attempted":99,"holder_candidates_examined":990,"elapsed_ns":88500,"ops":99,"ns_per_call":893.9394,"calls_per_second":1118644.0678,"expected_pair":"0:9","verified":true}
Native owner (macos-15)	Q5.2 supplementary queue benchmark checks	2026-10-05T02:06:22.0634380Z Q52_ROW {"scenario":"production_ordered_selector_kernel","scope_label":"ordered helper only; excludes Flow index maintenance and holder projection","mode":"matched","waiters_W":1000,"holders_H":10,"repeat":3,"calls":90909,"elapsed_ns":2448750,"ns_per_call":26.9363,"yielded_waiters_per_call_untimed":1,"expected_pair":"0:9","verified":true,"attempt_count":1,"attempts":[{"attempt":1,"calls":90909,"elapsed_ns":2448750}],"calibration_stop_reason":"minimum_batch_duration_reached","precision_status":"minimum_batch_duration_reached","max_calls":1000000,"max_calibration_attempts":5,"min_batch_ns":1000000,"initial_call_formula":"clamp(1000000 / max(1,H+yielded_waiters),1,1000000)","timed_operations":"loop and ordered helper invocations with black-boxed result","waiters_sorted_outside_timer":true,"fixture_creation_and_holder_construction_excluded":true,"production_flow_integrated":false,"end_to_end_speedup_claim":false}
Native owner (macos-15)	Q5.2 supplementary queue benchmark checks	2026-10-05T02:06:22.0637890Z Q52_ROW {"scenario":"historical_sorting_reference","implementation_label":"historical_sorting_reference","match":"matched","waiters_W":1000,"holders_H":10,"repeat":4,"calls":99,"waiter_sort_items":99000,"waiters_attempted":99,"holder_candidates_examined":990,"elapsed_ns":88500,"ops":99,"ns_per_call":893.9394,"calls_per_second":1118644.0678,"expected_pair":"0:9","verified":true}
Native owner (macos-15)	Q5.2 supplementary queue benchmark checks	2026-10-05T02:06:22.0641140Z Q52_ROW {"scenario":"production_ordered_selector_kernel","scope_label":"ordered helper only; excludes Flow index maintenance and holder projection","mode":"matched","waiters_W":1000,"holders_H":10,"repeat":4,"calls":90909,"elapsed_ns":2477625,"ns_per_call":27.2539,"yielded_waiters_per_call_untimed":1,"expected_pair":"0:9","verified":true,"attempt_count":1,"attempts":[{"attempt":1,"calls":90909,"elapsed_ns":2477625}],"calibration_stop_reason":"minimum_batch_duration_reached","precision_status":"minimum_batch_duration_reached","max_calls":1000000,"max_calibration_attempts":5,"min_batch_ns":1000000,"initial_call_formula":"clamp(1000000 / max(1,H+yielded_waiters),1,1000000)","timed_operations":"loop and ordered helper invocations with black-boxed result","waiters_sorted_outside_timer":true,"fixture_creation_and_holder_construction_excluded":true,"production_flow_integrated":false,"end_to_end_speedup_claim":false}
Native owner (macos-15)	Q5.2 supplementary queue benchmark checks	2026-10-05T02:06:22.0644440Z Q52_ROW {"scenario":"historical_sorting_reference","implementation_label":"historical_sorting_reference","match":"matched","waiters_W":1000,"holders_H":10,"repeat":5,"calls":99,"waiter_sort_items":99000,"waiters_attempted":99,"holder_candidates_examined":990,"elapsed_ns":87125,"ops":99,"ns_per_call":880.0505,"calls_per_second":1136298.4218,"expected_pair":"0:9","verified":true}
Native owner (macos-15)	Q5.2 supplementary queue benchmark checks	2026-10-05T02:06:22.0648060Z Q52_ROW {"scenario":"production_ordered_selector_kernel","scope_label":"ordered helper only; excludes Flow index maintenance and holder projection","mode":"matched","waiters_W":1000,"holders_H":10,"repeat":5,"calls":90909,"elapsed_ns":2497000,"ns_per_call":27.4670,"yielded_waiters_per_call_untimed":1,"expected_pair":"0:9","verified":true,"attempt_count":1,"attempts":[{"attempt":1,"calls":90909,"elapsed_ns":2497000}],"calibration_stop_reason":"minimum_batch_duration_reached","precision_status":"minimum_batch_duration_reached","max_calls":1000000,"max_calibration_attempts":5,"min_batch_ns":1000000,"initial_call_formula":"clamp(1000000 / max(1,H+yielded_waiters),1,1000000)","timed_operations":"loop and ordered helper invocations with black-boxed result","waiters_sorted_outside_timer":true,"fixture_creation_and_holder_construction_excluded":true,"production_flow_integrated":false,"end_to_end_speedup_claim":false}
Native owner (macos-15)	Q5.2 supplementary queue benchmark checks	2026-10-05T02:06:22.0653050Z Q52_ROW {"scenario":"production_ordered_selector_kernel","scope_label":"ordered helper only; excludes Flow index maintenance and holder projection","mode":"ineligible_holders","waiters_W":1000,"holders_H":10,"repeat":1,"calls":100000,"elapsed_ns":1279667,"ns_per_call":12.7967,"yielded_waiters_per_call_untimed":0,"expected_pair":"none","verified":true,"attempt_count":1,"attempts":[{"attempt":1,"calls":100000,"elapsed_ns":1279667}],"calibration_stop_reason":"minimum_batch_duration_reached","precision_status":"minimum_batch_duration_reached","max_calls":1000000,"max_calibration_attempts":5,"min_batch_ns":1000000,"initial_call_formula":"clamp(1000000 / max(1,H+yielded_waiters),1,1000000)","timed_operations":"loop and ordered helper invocations with black-boxed result","waiters_sorted_outside_timer":true,"fixture_creation_and_holder_construction_excluded":true,"production_flow_integrated":false,"end_to_end_speedup_claim":false}
Native owner (macos-15)	Q5.2 supplementary queue benchmark checks	2026-10-05T02:06:22.0657980Z Q52_ROW {"scenario":"production_ordered_selector_kernel","scope_label":"ordered helper only; excludes Flow index maintenance and holder projection","mode":"ineligible_holders","waiters_W":1000,"holders_H":10,"repeat":2,"calls":100000,"elapsed_ns":1262417,"ns_per_call":12.6242,"yielded_waiters_per_call_untimed":0,"expected_pair":"none","verified":true,"attempt_count":1,"attempts":[{"attempt":1,"calls":100000,"elapsed_ns":1262417}],"calibration_stop_reason":"minimum_batch_duration_reached","precision_status":"minimum_batch_duration_reached","max_calls":1000000,"max_calibration_attempts":5,"min_batch_ns":1000000,"initial_call_formula":"clamp(1000000 / max(1,H+yielded_waiters),1,1000000)","timed_operations":"loop and ordered helper invocations with black-boxed result","waiters_sorted_outside_timer":true,"fixture_creation_and_holder_construction_excluded":true,"production_flow_integrated":false,"end_to_end_speedup_claim":false}
Native owner (macos-15)	Q5.2 supplementary queue benchmark checks	2026-10-05T02:06:22.0667220Z Q52_ROW {"scenario":"production_ordered_selector_kernel","scope_label":"ordered helper only; excludes Flow index maintenance and holder projection","mode":"ineligible_holders","waiters_W":1000,"holders_H":10,"repeat":3,"calls":100000,"elapsed_ns":1255958,"ns_per_call":12.5596,"yielded_waiters_per_call_untimed":0,"expected_pair":"none","verified":true,"attempt_count":1,"attempts":[{"attempt":1,"calls":100000,"elapsed_ns":1255958}],"calibration_stop_reason":"minimum_batch_duration_reached","precision_status":"minimum_batch_duration_reached","max_calls":1000000,"max_calibration_attempts":5,"min_batch_ns":1000000,"initial_call_formula":"clamp(1000000 / max(1,H+yielded_waiters),1,1000000)","timed_operations":"loop and ordered helper invocations with black-boxed result","waiters_sorted_outside_timer":true,"fixture_creation_and_holder_construction_excluded":true,"production_flow_integrated":false,"end_to_end_speedup_claim":false}
Native owner (macos-15)	Q5.2 supplementary queue benchmark checks	2026-10-05T02:06:22.0680220Z Q52_ROW {"scenario":"production_ordered_selector_kernel","scope_label":"ordered helper only; excludes Flow index maintenance and holder projection","mode":"ineligible_holders","waiters_W":1000,"holders_H":10,"repeat":4,"calls":100000,"elapsed_ns":1249667,"ns_per_call":12.4967,"yielded_waiters_per_call_untimed":0,"expected_pair":"none","verified":true,"attempt_count":1,"attempts":[{"attempt":1,"calls":100000,"elapsed_ns":1249667}],"calibration_stop_reason":"minimum_batch_duration_reached","precision_status":"minimum_batch_duration_reached","max_calls":1000000,"max_calibration_attempts":5,"min_batch_ns":1000000,"initial_call_formula":"clamp(1000000 / max(1,H+yielded_waiters),1,1000000)","timed_operations":"loop and ordered helper invocations with black-boxed result","waiters_sorted_outside_timer":true,"fixture_creation_and_holder_construction_excluded":true,"production_flow_integrated":false,"end_to_end_speedup_claim":false}
Native owner (macos-15)	Q5.2 supplementary queue benchmark checks	2026-10-05T02:06:22.0693110Z Q52_ROW {"scenario":"production_ordered_selector_kernel","scope_label":"ordered helper only; excludes Flow index maintenance and holder projection","mode":"ineligible_holders","waiters_W":1000,"holders_H":10,"repeat":5,"calls":100000,"elapsed_ns":1285583,"ns_per_call":12.8558,"yielded_waiters_per_call_untimed":0,"expected_pair":"none","verified":true,"attempt_count":1,"attempts":[{"attempt":1,"calls":100000,"elapsed_ns":1285583}],"calibration_stop_reason":"minimum_batch_duration_reached","precision_status":"minimum_batch_duration_reached","max_calls":1000000,"max_calibration_attempts":5,"min_batch_ns":1000000,"initial_call_formula":"clamp(1000000 / max(1,H+yielded_waiters),1,1000000)","timed_operations":"loop and ordered helper invocations with black-boxed result","waiters_sorted_outside_timer":true,"fixture_creation_and_holder_construction_excluded":true,"production_flow_integrated":false,"end_to_end_speedup_claim":false}
Native owner (macos-15)	Q5.2 supplementary queue benchmark checks	2026-10-05T02:06:22.0715340Z Q52_ROW {"scenario":"production_ordered_selector_kernel","scope_label":"ordered helper only; excludes Flow index maintenance and holder projection","mode":"all_nonpreempting_waiters","waiters_W":1000,"holders_H":10,"repeat":1,"calls":1980,"elapsed_ns":1435583,"ns_per_call":725.0419,"yielded_waiters_per_call_untimed":1000,"expected_pair":"none","verified":true,"attempt_count":2,"attempts":[{"attempt":1,"calls":990,"elapsed_ns":715875},{"attempt":2,"calls":1980,"elapsed_ns":1435583}],"calibration_stop_reason":"minimum_batch_duration_reached","precision_status":"minimum_batch_duration_reached","max_calls":1000000,"max_calibration_attempts":5,"min_batch_ns":1000000,"initial_call_formula":"clamp(1000000 / max(1,H+yielded_waiters),1,1000000)","timed_operations":"loop and ordered helper invocations with black-boxed result","waiters_sorted_outside_timer":true,"fixture_creation_and_holder_construction_excluded":true,"production_flow_integrated":false,"end_to_end_speedup_claim":false}
Native owner (macos-15)	Q5.2 supplementary queue benchmark checks	2026-10-05T02:06:22.0736680Z Q52_ROW {"scenario":"production_ordered_selector_kernel","scope_label":"ordered helper only; excludes Flow index maintenance and holder projection","mode":"all_nonpreempting_waiters","waiters_W":1000,"holders_H":10,"repeat":2,"calls":1980,"elapsed_ns":1432209,"ns_per_call":723.3379,"yielded_waiters_per_call_untimed":1000,"expected_pair":"none","verified":true,"attempt_count":2,"attempts":[{"attempt":1,"calls":990,"elapsed_ns":709542},{"attempt":2,"calls":1980,"elapsed_ns":1432209}],"calibration_stop_reason":"minimum_batch_duration_reached","precision_status":"minimum_batch_duration_reached","max_calls":1000000,"max_calibration_attempts":5,"min_batch_ns":1000000,"initial_call_formula":"clamp(1000000 / max(1,H+yielded_waiters),1,1000000)","timed_operations":"loop and ordered helper invocations with black-boxed result","waiters_sorted_outside_timer":true,"fixture_creation_and_holder_construction_excluded":true,"production_flow_integrated":false,"end_to_end_speedup_claim":false}
Native owner (macos-15)	Q5.2 supplementary queue benchmark checks	2026-10-05T02:06:22.0758280Z Q52_ROW {"scenario":"production_ordered_selector_kernel","scope_label":"ordered helper only; excludes Flow index maintenance and holder projection","mode":"all_nonpreempting_waiters","waiters_W":1000,"holders_H":10,"repeat":3,"calls":1980,"elapsed_ns":1430500,"ns_per_call":722.4747,"yielded_waiters_per_call_untimed":1000,"expected_pair":"none","verified":true,"attempt_count":2,"attempts":[{"attempt":1,"calls":990,"elapsed_ns":711000},{"attempt":2,"calls":1980,"elapsed_ns":1430500}],"calibration_stop_reason":"minimum_batch_duration_reached","precision_status":"minimum_batch_duration_reached","max_calls":1000000,"max_calibration_attempts":5,"min_batch_ns":1000000,"initial_call_formula":"clamp(1000000 / max(1,H+yielded_waiters),1,1000000)","timed_operations":"loop and ordered helper invocations with black-boxed result","waiters_sorted_outside_timer":true,"fixture_creation_and_holder_construction_excluded":true,"production_flow_integrated":false,"end_to_end_speedup_claim":false}
Native owner (macos-15)	Q5.2 supplementary queue benchmark checks	2026-10-05T02:06:22.0780300Z Q52_ROW {"scenario":"production_ordered_selector_kernel","scope_label":"ordered helper only; excludes Flow index maintenance and holder projection","mode":"all_nonpreempting_waiters","waiters_W":1000,"holders_H":10,"repeat":4,"calls":1980,"elapsed_ns":1424542,"ns_per_call":719.4657,"yielded_waiters_per_call_untimed":1000,"expected_pair":"none","verified":true,"attempt_count":2,"attempts":[{"attempt":1,"calls":990,"elapsed_ns":724542},{"attempt":2,"calls":1980,"elapsed_ns":1424542}],"calibration_stop_reason":"minimum_batch_duration_reached","precision_status":"minimum_batch_duration_reached","max_calls":1000000,"max_calibration_attempts":5,"min_batch_ns":1000000,"initial_call_formula":"clamp(1000000 / max(1,H+yielded_waiters),1,1000000)","timed_operations":"loop and ordered helper invocations with black-boxed result","waiters_sorted_outside_timer":true,"fixture_creation_and_holder_construction_excluded":true,"production_flow_integrated":false,"end_to_end_speedup_claim":false}
Native owner (macos-15)	Q5.2 supplementary queue benchmark checks	2026-10-05T02:06:22.0801640Z Q52_ROW {"scenario":"production_ordered_selector_kernel","scope_label":"ordered helper only; excludes Flow index maintenance and holder projection","mode":"all_nonpreempting_waiters","waiters_W":1000,"holders_H":10,"repeat":5,"calls":1980,"elapsed_ns":1439917,"ns_per_call":727.2308,"yielded_waiters_per_call_untimed":1000,"expected_pair":"none","verified":true,"attempt_count":2,"attempts":[{"attempt":1,"calls":990,"elapsed_ns":714042},{"attempt":2,"calls":1980,"elapsed_ns":1439917}],"calibration_stop_reason":"minimum_batch_duration_reached","precision_status":"minimum_batch_duration_reached","max_calls":1000000,"max_calibration_attempts":5,"min_batch_ns":1000000,"initial_call_formula":"clamp(1000000 / max(1,H+yielded_waiters),1,1000000)","timed_operations":"loop and ordered helper invocations with black-boxed result","waiters_sorted_outside_timer":true,"fixture_creation_and_holder_construction_excluded":true,"production_flow_integrated":false,"end_to_end_speedup_claim":false}
Native owner (macos-15)	Q5.2 supplementary queue benchmark checks	2026-10-05T02:06:22.0806110Z Q52_ROW {"scenario":"historical_sorting_reference","implementation_label":"historical_sorting_reference","match":"no_match","waiters_W":1000,"holders_H":100,"repeat":1,"calls":9,"waiter_sort_items":9000,"waiters_attempted":9000,"holder_candidates_examined":900000,"elapsed_ns":638833,"ops":9,"ns_per_call":70981.4444,"calls_per_second":14088.1889,"expected_pair":"none","verified":true}
Native owner (macos-15)	Q5.2 supplementary queue benchmark checks	2026-10-05T02:06:22.0835280Z Q52_ROW {"scenario":"production_ordered_selector_kernel","scope_label":"ordered helper only; excludes Flow index maintenance and holder projection","mode":"equal_priority_no_match","waiters_W":1000,"holders_H":100,"repeat":1,"calls":9900,"elapsed_ns":2637500,"ns_per_call":266.4141,"yielded_waiters_per_call_untimed":1,"expected_pair":"none","verified":true,"attempt_count":1,"attempts":[{"attempt":1,"calls":9900,"elapsed_ns":2637500}],"calibration_stop_reason":"minimum_batch_duration_reached","precision_status":"minimum_batch_duration_reached","max_calls":1000000,"max_calibration_attempts":5,"min_batch_ns":1000000,"initial_call_formula":"clamp(1000000 / max(1,H+yielded_waiters),1,1000000)","timed_operations":"loop and ordered helper invocations with black-boxed result","waiters_sorted_outside_timer":true,"fixture_creation_and_holder_construction_excluded":true,"production_flow_integrated":false,"end_to_end_speedup_claim":false}
Native owner (macos-15)	Q5.2 supplementary queue benchmark checks	2026-10-05T02:06:22.0839760Z Q52_ROW {"scenario":"historical_sorting_reference","implementation_label":"historical_sorting_reference","match":"no_match","waiters_W":1000,"holders_H":100,"repeat":2,"calls":9,"waiter_sort_items":9000,"waiters_attempted":9000,"holder_candidates_examined":900000,"elapsed_ns":635166,"ops":9,"ns_per_call":70574.0000,"calls_per_second":14169.5242,"expected_pair":"none","verified":true}
Native owner (macos-15)	Q5.2 supplementary queue benchmark checks	2026-10-05T02:06:22.0869090Z Q52_ROW {"scenario":"production_ordered_selector_kernel","scope_label":"ordered helper only; excludes Flow index maintenance and holder projection","mode":"equal_priority_no_match","waiters_W":1000,"holders_H":100,"repeat":2,"calls":9900,"elapsed_ns":2653333,"ns_per_call":268.0134,"yielded_waiters_per_call_untimed":1,"expected_pair":"none","verified":true,"attempt_count":1,"attempts":[{"attempt":1,"calls":9900,"elapsed_ns":2653333}],"calibration_stop_reason":"minimum_batch_duration_reached","precision_status":"minimum_batch_duration_reached","max_calls":1000000,"max_calibration_attempts":5,"min_batch_ns":1000000,"initial_call_formula":"clamp(1000000 / max(1,H+yielded_waiters),1,1000000)","timed_operations":"loop and ordered helper invocations with black-boxed result","waiters_sorted_outside_timer":true,"fixture_creation_and_holder_construction_excluded":true,"production_flow_integrated":false,"end_to_end_speedup_claim":false}
Native owner (macos-15)	Q5.2 supplementary queue benchmark checks	2026-10-05T02:06:22.0873660Z Q52_ROW {"scenario":"historical_sorting_reference","implementation_label":"historical_sorting_reference","match":"no_match","waiters_W":1000,"holders_H":100,"repeat":3,"calls":9,"waiter_sort_items":9000,"waiters_attempted":9000,"holder_candidates_examined":900000,"elapsed_ns":648250,"ops":9,"ns_per_call":72027.7778,"calls_per_second":13883.5326,"expected_pair":"none","verified":true}
Native owner (macos-15)	Q5.2 supplementary queue benchmark checks	2026-10-05T02:06:22.0902910Z Q52_ROW {"scenario":"production_ordered_selector_kernel","scope_label":"ordered helper only; excludes Flow index maintenance and holder projection","mode":"equal_priority_no_match","waiters_W":1000,"holders_H":100,"repeat":3,"calls":9900,"elapsed_ns":2663083,"ns_per_call":268.9983,"yielded_waiters_per_call_untimed":1,"expected_pair":"none","verified":true,"attempt_count":1,"attempts":[{"attempt":1,"calls":9900,"elapsed_ns":2663083}],"calibration_stop_reason":"minimum_batch_duration_reached","precision_status":"minimum_batch_duration_reached","max_calls":1000000,"max_calibration_attempts":5,"min_batch_ns":1000000,"initial_call_formula":"clamp(1000000 / max(1,H+yielded_waiters),1,1000000)","timed_operations":"loop and ordered helper invocations with black-boxed result","waiters_sorted_outside_timer":true,"fixture_creation_and_holder_construction_excluded":true,"production_flow_integrated":false,"end_to_end_speedup_claim":false}
Native owner (macos-15)	Q5.2 supplementary queue benchmark checks	2026-10-05T02:06:22.0907830Z Q52_ROW {"scenario":"historical_sorting_reference","implementation_label":"historical_sorting_reference","match":"no_match","waiters_W":1000,"holders_H":100,"repeat":4,"calls":9,"waiter_sort_items":9000,"waiters_attempted":9000,"holder_candidates_examined":900000,"elapsed_ns":659458,"ops":9,"ns_per_call":73273.1111,"calls_per_second":13647.5712,"expected_pair":"none","verified":true}
Native owner (macos-15)	Q5.2 supplementary queue benchmark checks	2026-10-05T02:06:22.0937320Z Q52_ROW {"scenario":"production_ordered_selector_kernel","scope_label":"ordered helper only; excludes Flow index maintenance and holder projection","mode":"equal_priority_no_match","waiters_W":1000,"holders_H":100,"repeat":4,"calls":9900,"elapsed_ns":2663667,"ns_per_call":269.0573,"yielded_waiters_per_call_untimed":1,"expected_pair":"none","verified":true,"attempt_count":1,"attempts":[{"attempt":1,"calls":9900,"elapsed_ns":2663667}],"calibration_stop_reason":"minimum_batch_duration_reached","precision_status":"minimum_batch_duration_reached","max_calls":1000000,"max_calibration_attempts":5,"min_batch_ns":1000000,"initial_call_formula":"clamp(1000000 / max(1,H+yielded_waiters),1,1000000)","timed_operations":"loop and ordered helper invocations with black-boxed result","waiters_sorted_outside_timer":true,"fixture_creation_and_holder_construction_excluded":true,"production_flow_integrated":false,"end_to_end_speedup_claim":false}
Native owner (macos-15)	Q5.2 supplementary queue benchmark checks	2026-10-05T02:06:22.0941600Z Q52_ROW {"scenario":"historical_sorting_reference","implementation_label":"historical_sorting_reference","match":"no_match","waiters_W":1000,"holders_H":100,"repeat":5,"calls":9,"waiter_sort_items":9000,"waiters_attempted":9000,"holder_candidates_examined":900000,"elapsed_ns":631459,"ops":9,"ns_per_call":70162.1111,"calls_per_second":14252.7068,"expected_pair":"none","verified":true}
Native owner (macos-15)	Q5.2 supplementary queue benchmark checks	2026-10-05T02:06:22.0971250Z Q52_ROW {"scenario":"production_ordered_selector_kernel","scope_label":"ordered helper only; excludes Flow index maintenance and holder projection","mode":"equal_priority_no_match","waiters_W":1000,"holders_H":100,"repeat":5,"calls":9900,"elapsed_ns":2657667,"ns_per_call":268.4512,"yielded_waiters_per_call_untimed":1,"expected_pair":"none","verified":true,"attempt_count":1,"attempts":[{"attempt":1,"calls":9900,"elapsed_ns":2657667}],"calibration_stop_reason":"minimum_batch_duration_reached","precision_status":"minimum_batch_duration_reached","max_calls":1000000,"max_calibration_attempts":5,"min_batch_ns":1000000,"initial_call_formula":"clamp(1000000 / max(1,H+yielded_waiters),1,1000000)","timed_operations":"loop and ordered helper invocations with black-boxed result","waiters_sorted_outside_timer":true,"fixture_creation_and_holder_construction_excluded":true,"production_flow_integrated":false,"end_to_end_speedup_claim":false}
Native owner (macos-15)	Q5.2 supplementary queue benchmark checks	2026-10-05T02:06:22.0975140Z Q52_ROW {"scenario":"historical_sorting_reference","implementation_label":"historical_sorting_reference","match":"matched","waiters_W":1000,"holders_H":100,"repeat":1,"calls":99,"waiter_sort_items":99000,"waiters_attempted":99,"holder_candidates_examined":9900,"elapsed_ns":112250,"ops":99,"ns_per_call":1133.8384,"calls_per_second":881959.9109,"expected_pair":"0:99","verified":true}
Native owner (macos-15)	Q5.2 supplementary queue benchmark checks	2026-10-05T02:06:22.0998630Z Q52_ROW {"scenario":"production_ordered_selector_kernel","scope_label":"ordered helper only; excludes Flow index maintenance and holder projection","mode":"matched","waiters_W":1000,"holders_H":100,"repeat":1,"calls":9900,"elapsed_ns":2627875,"ns_per_call":265.4419,"yielded_waiters_per_call_untimed":1,"expected_pair":"0:99","verified":true,"attempt_count":1,"attempts":[{"attempt":1,"calls":9900,"elapsed_ns":2627875}],"calibration_stop_reason":"minimum_batch_duration_reached","precision_status":"minimum_batch_duration_reached","max_calls":1000000,"max_calibration_attempts":5,"min_batch_ns":1000000,"initial_call_formula":"clamp(1000000 / max(1,H+yielded_waiters),1,1000000)","timed_operations":"loop and ordered helper invocations with black-boxed result","waiters_sorted_outside_timer":true,"fixture_creation_and_holder_construction_excluded":true,"production_flow_integrated":false,"end_to_end_speedup_claim":false}
Native owner (macos-15)	Q5.2 supplementary queue benchmark checks	2026-10-05T02:06:22.1002100Z Q52_ROW {"scenario":"historical_sorting_reference","implementation_label":"historical_sorting_reference","match":"matched","waiters_W":1000,"holders_H":100,"repeat":2,"calls":99,"waiter_sort_items":99000,"waiters_attempted":99,"holder_candidates_examined":9900,"elapsed_ns":115042,"ops":99,"ns_per_call":1162.0404,"calls_per_second":860555.2755,"expected_pair":"0:99","verified":true}
Native owner (macos-15)	Q5.2 supplementary queue benchmark checks	2026-10-05T02:06:22.1025900Z Q52_ROW {"scenario":"production_ordered_selector_kernel","scope_label":"ordered helper only; excludes Flow index maintenance and holder projection","mode":"matched","waiters_W":1000,"holders_H":100,"repeat":2,"calls":9900,"elapsed_ns":2623417,"ns_per_call":264.9916,"yielded_waiters_per_call_untimed":1,"expected_pair":"0:99","verified":true,"attempt_count":1,"attempts":[{"attempt":1,"calls":9900,"elapsed_ns":2623417}],"calibration_stop_reason":"minimum_batch_duration_reached","precision_status":"minimum_batch_duration_reached","max_calls":1000000,"max_calibration_attempts":5,"min_batch_ns":1000000,"initial_call_formula":"clamp(1000000 / max(1,H+yielded_waiters),1,1000000)","timed_operations":"loop and ordered helper invocations with black-boxed result","waiters_sorted_outside_timer":true,"fixture_creation_and_holder_construction_excluded":true,"production_flow_integrated":false,"end_to_end_speedup_claim":false}
Native owner (macos-15)	Q5.2 supplementary queue benchmark checks	2026-10-05T02:06:22.1029440Z Q52_ROW {"scenario":"historical_sorting_reference","implementation_label":"historical_sorting_reference","match":"matched","waiters_W":1000,"holders_H":100,"repeat":3,"calls":99,"waiter_sort_items":99000,"waiters_attempted":99,"holder_candidates_examined":9900,"elapsed_ns":112250,"ops":99,"ns_per_call":1133.8384,"calls_per_second":881959.9109,"expected_pair":"0:99","verified":true}
Native owner (macos-15)	Q5.2 supplementary queue benchmark checks	2026-10-05T02:06:22.1055310Z Q52_ROW {"scenario":"production_ordered_selector_kernel","scope_label":"ordered helper only; excludes Flow index maintenance and holder projection","mode":"matched","waiters_W":1000,"holders_H":100,"repeat":3,"calls":9900,"elapsed_ns":2724958,"ns_per_call":275.2483,"yielded_waiters_per_call_untimed":1,"expected_pair":"0:99","verified":true,"attempt_count":1,"attempts":[{"attempt":1,"calls":9900,"elapsed_ns":2724958}],"calibration_stop_reason":"minimum_batch_duration_reached","precision_status":"minimum_batch_duration_reached","max_calls":1000000,"max_calibration_attempts":5,"min_batch_ns":1000000,"initial_call_formula":"clamp(1000000 / max(1,H+yielded_waiters),1,1000000)","timed_operations":"loop and ordered helper invocations with black-boxed result","waiters_sorted_outside_timer":true,"fixture_creation_and_holder_construction_excluded":true,"production_flow_integrated":false,"end_to_end_speedup_claim":false}
Native owner (macos-15)	Q5.2 supplementary queue benchmark checks	2026-10-05T02:06:22.1059990Z Q52_ROW {"scenario":"historical_sorting_reference","implementation_label":"historical_sorting_reference","match":"matched","waiters_W":1000,"holders_H":100,"repeat":4,"calls":99,"waiter_sort_items":99000,"waiters_attempted":99,"holder_candidates_examined":9900,"elapsed_ns":121333,"ops":99,"ns_per_call":1225.5859,"calls_per_second":815936.3075,"expected_pair":"0:99","verified":true}
Native owner (macos-15)	Q5.2 supplementary queue benchmark checks	2026-10-05T02:06:22.1084550Z Q52_ROW {"scenario":"production_ordered_selector_kernel","scope_label":"ordered helper only; excludes Flow index maintenance and holder projection","mode":"matched","waiters_W":1000,"holders_H":100,"repeat":4,"calls":9900,"elapsed_ns":2813125,"ns_per_call":284.1540,"yielded_waiters_per_call_untimed":1,"expected_pair":"0:99","verified":true,"attempt_count":1,"attempts":[{"attempt":1,"calls":9900,"elapsed_ns":2813125}],"calibration_stop_reason":"minimum_batch_duration_reached","precision_status":"minimum_batch_duration_reached","max_calls":1000000,"max_calibration_attempts":5,"min_batch_ns":1000000,"initial_call_formula":"clamp(1000000 / max(1,H+yielded_waiters),1,1000000)","timed_operations":"loop and ordered helper invocations with black-boxed result","waiters_sorted_outside_timer":true,"fixture_creation_and_holder_construction_excluded":true,"production_flow_integrated":false,"end_to_end_speedup_claim":false}
Native owner (macos-15)	Q5.2 supplementary queue benchmark checks	2026-10-05T02:06:22.1087970Z Q52_ROW {"scenario":"historical_sorting_reference","implementation_label":"historical_sorting_reference","match":"matched","waiters_W":1000,"holders_H":100,"repeat":5,"calls":99,"waiter_sort_items":99000,"waiters_attempted":99,"holder_candidates_examined":9900,"elapsed_ns":113667,"ops":99,"ns_per_call":1148.1515,"calls_per_second":870965.1878,"expected_pair":"0:99","verified":true}
Native owner (macos-15)	Q5.2 supplementary queue benchmark checks	2026-10-05T02:06:22.1111730Z Q52_ROW {"scenario":"production_ordered_selector_kernel","scope_label":"ordered helper only; excludes Flow index maintenance and holder projection","mode":"matched","waiters_W":1000,"holders_H":100,"repeat":5,"calls":9900,"elapsed_ns":2608417,"ns_per_call":263.4765,"yielded_waiters_per_call_untimed":1,"expected_pair":"0:99","verified":true,"attempt_count":1,"attempts":[{"attempt":1,"calls":9900,"elapsed_ns":2608417}],"calibration_stop_reason":"minimum_batch_duration_reached","precision_status":"minimum_batch_duration_reached","max_calls":1000000,"max_calibration_attempts":5,"min_batch_ns":1000000,"initial_call_formula":"clamp(1000000 / max(1,H+yielded_waiters),1,1000000)","timed_operations":"loop and ordered helper invocations with black-boxed result","waiters_sorted_outside_timer":true,"fixture_creation_and_holder_construction_excluded":true,"production_flow_integrated":false,"end_to_end_speedup_claim":false}
Native owner (macos-15)	Q5.2 supplementary queue benchmark checks	2026-10-05T02:06:22.1123930Z Q52_ROW {"scenario":"production_ordered_selector_kernel","scope_label":"ordered helper only; excludes Flow index maintenance and holder projection","mode":"ineligible_holders","waiters_W":1000,"holders_H":100,"repeat":1,"calls":10000,"elapsed_ns":1099166,"ns_per_call":109.9166,"yielded_waiters_per_call_untimed":0,"expected_pair":"none","verified":true,"attempt_count":1,"attempts":[{"attempt":1,"calls":10000,"elapsed_ns":1099166}],"calibration_stop_reason":"minimum_batch_duration_reached","precision_status":"minimum_batch_duration_reached","max_calls":1000000,"max_calibration_attempts":5,"min_batch_ns":1000000,"initial_call_formula":"clamp(1000000 / max(1,H+yielded_waiters),1,1000000)","timed_operations":"loop and ordered helper invocations with black-boxed result","waiters_sorted_outside_timer":true,"fixture_creation_and_holder_construction_excluded":true,"production_flow_integrated":false,"end_to_end_speedup_claim":false}
Native owner (macos-15)	Q5.2 supplementary queue benchmark checks	2026-10-05T02:06:22.1138200Z Q52_ROW {"scenario":"production_ordered_selector_kernel","scope_label":"ordered helper only; excludes Flow index maintenance and holder projection","mode":"ineligible_holders","waiters_W":1000,"holders_H":100,"repeat":2,"calls":10000,"elapsed_ns":1211834,"ns_per_call":121.1834,"yielded_waiters_per_call_untimed":0,"expected_pair":"none","verified":true,"attempt_count":1,"attempts":[{"attempt":1,"calls":10000,"elapsed_ns":1211834}],"calibration_stop_reason":"minimum_batch_duration_reached","precision_status":"minimum_batch_duration_reached","max_calls":1000000,"max_calibration_attempts":5,"min_batch_ns":1000000,"initial_call_formula":"clamp(1000000 / max(1,H+yielded_waiters),1,1000000)","timed_operations":"loop and ordered helper invocations with black-boxed result","waiters_sorted_outside_timer":true,"fixture_creation_and_holder_construction_excluded":true,"production_flow_integrated":false,"end_to_end_speedup_claim":false}
Native owner (macos-15)	Q5.2 supplementary queue benchmark checks	2026-10-05T02:06:22.1149950Z Q52_ROW {"scenario":"production_ordered_selector_kernel","scope_label":"ordered helper only; excludes Flow index maintenance and holder projection","mode":"ineligible_holders","waiters_W":1000,"holders_H":100,"repeat":3,"calls":10000,"elapsed_ns":1107750,"ns_per_call":110.7750,"yielded_waiters_per_call_untimed":0,"expected_pair":"none","verified":true,"attempt_count":1,"attempts":[{"attempt":1,"calls":10000,"elapsed_ns":1107750}],"calibration_stop_reason":"minimum_batch_duration_reached","precision_status":"minimum_batch_duration_reached","max_calls":1000000,"max_calibration_attempts":5,"min_batch_ns":1000000,"initial_call_formula":"clamp(1000000 / max(1,H+yielded_waiters),1,1000000)","timed_operations":"loop and ordered helper invocations with black-boxed result","waiters_sorted_outside_timer":true,"fixture_creation_and_holder_construction_excluded":true,"production_flow_integrated":false,"end_to_end_speedup_claim":false}
Native owner (macos-15)	Q5.2 supplementary queue benchmark checks	2026-10-05T02:06:22.1170310Z Q52_ROW {"scenario":"production_ordered_selector_kernel","scope_label":"ordered helper only; excludes Flow index maintenance and holder projection","mode":"ineligible_holders","waiters_W":1000,"holders_H":100,"repeat":4,"calls":10000,"elapsed_ns":1123000,"ns_per_call":112.3000,"yielded_waiters_per_call_untimed":0,"expected_pair":"none","verified":true,"attempt_count":1,"attempts":[{"attempt":1,"calls":10000,"elapsed_ns":1123000}],"calibration_stop_reason":"minimum_batch_duration_reached","precision_status":"minimum_batch_duration_reached","max_calls":1000000,"max_calibration_attempts":5,"min_batch_ns":1000000,"initial_call_formula":"clamp(1000000 / max(1,H+yielded_waiters),1,1000000)","timed_operations":"loop and ordered helper invocations with black-boxed result","waiters_sorted_outside_timer":true,"fixture_creation_and_holder_construction_excluded":true,"production_flow_integrated":false,"end_to_end_speedup_claim":false}
Native owner (macos-15)	Q5.2 supplementary queue benchmark checks	2026-10-05T02:06:22.1175550Z Q52_ROW {"scenario":"production_ordered_selector_kernel","scope_label":"ordered helper only; excludes Flow index maintenance and holder projection","mode":"ineligible_holders","waiters_W":1000,"holders_H":100,"repeat":5,"calls":10000,"elapsed_ns":1109583,"ns_per_call":110.9583,"yielded_waiters_per_call_untimed":0,"expected_pair":"none","verified":true,"attempt_count":1,"attempts":[{"attempt":1,"calls":10000,"elapsed_ns":1109583}],"calibration_stop_reason":"minimum_batch_duration_reached","precision_status":"minimum_batch_duration_reached","max_calls":1000000,"max_calibration_attempts":5,"min_batch_ns":1000000,"initial_call_formula":"clamp(1000000 / max(1,H+yielded_waiters),1,1000000)","timed_operations":"loop and ordered helper invocations with black-boxed result","waiters_sorted_outside_timer":true,"fixture_creation_and_holder_construction_excluded":true,"production_flow_integrated":false,"end_to_end_speedup_claim":false}
Native owner (macos-15)	Q5.2 supplementary queue benchmark checks	2026-10-05T02:06:22.1202020Z Q52_ROW {"scenario":"production_ordered_selector_kernel","scope_label":"ordered helper only; excludes Flow index maintenance and holder projection","mode":"all_nonpreempting_waiters","waiters_W":1000,"holders_H":100,"repeat":1,"calls":1818,"elapsed_ns":1749541,"ns_per_call":962.3438,"yielded_waiters_per_call_untimed":1000,"expected_pair":"none","verified":true,"attempt_count":2,"attempts":[{"attempt":1,"calls":909,"elapsed_ns":851917},{"attempt":2,"calls":1818,"elapsed_ns":1749541}],"calibration_stop_reason":"minimum_batch_duration_reached","precision_status":"minimum_batch_duration_reached","max_calls":1000000,"max_calibration_attempts":5,"min_batch_ns":1000000,"initial_call_formula":"clamp(1000000 / max(1,H+yielded_waiters),1,1000000)","timed_operations":"loop and ordered helper invocations with black-boxed result","waiters_sorted_outside_timer":true,"fixture_creation_and_holder_construction_excluded":true,"production_flow_integrated":false,"end_to_end_speedup_claim":false}
Native owner (macos-15)	Q5.2 supplementary queue benchmark checks	2026-10-05T02:06:22.1228380Z Q52_ROW {"scenario":"production_ordered_selector_kernel","scope_label":"ordered helper only; excludes Flow index maintenance and holder projection","mode":"all_nonpreempting_waiters","waiters_W":1000,"holders_H":100,"repeat":2,"calls":1818,"elapsed_ns":1753542,"ns_per_call":964.5446,"yielded_waiters_per_call_untimed":1000,"expected_pair":"none","verified":true,"attempt_count":2,"attempts":[{"attempt":1,"calls":909,"elapsed_ns":863542},{"attempt":2,"calls":1818,"elapsed_ns":1753542}],"calibration_stop_reason":"minimum_batch_duration_reached","precision_status":"minimum_batch_duration_reached","max_calls":1000000,"max_calibration_attempts":5,"min_batch_ns":1000000,"initial_call_formula":"clamp(1000000 / max(1,H+yielded_waiters),1,1000000)","timed_operations":"loop and ordered helper invocations with black-boxed result","waiters_sorted_outside_timer":true,"fixture_creation_and_holder_construction_excluded":true,"production_flow_integrated":false,"end_to_end_speedup_claim":false}
Native owner (macos-15)	Q5.2 supplementary queue benchmark checks	2026-10-05T02:06:22.1254560Z Q52_ROW {"scenario":"production_ordered_selector_kernel","scope_label":"ordered helper only; excludes Flow index maintenance and holder projection","mode":"all_nonpreempting_waiters","waiters_W":1000,"holders_H":100,"repeat":3,"calls":1818,"elapsed_ns":1744750,"ns_per_call":959.7085,"yielded_waiters_per_call_untimed":1000,"expected_pair":"none","verified":true,"attempt_count":2,"attempts":[{"attempt":1,"calls":909,"elapsed_ns":872000},{"attempt":2,"calls":1818,"elapsed_ns":1744750}],"calibration_stop_reason":"minimum_batch_duration_reached","precision_status":"minimum_batch_duration_reached","max_calls":1000000,"max_calibration_attempts":5,"min_batch_ns":1000000,"initial_call_formula":"clamp(1000000 / max(1,H+yielded_waiters),1,1000000)","timed_operations":"loop and ordered helper invocations with black-boxed result","waiters_sorted_outside_timer":true,"fixture_creation_and_holder_construction_excluded":true,"production_flow_integrated":false,"end_to_end_speedup_claim":false}
Native owner (macos-15)	Q5.2 supplementary queue benchmark checks	2026-10-05T02:06:22.1281150Z Q52_ROW {"scenario":"production_ordered_selector_kernel","scope_label":"ordered helper only; excludes Flow index maintenance and holder projection","mode":"all_nonpreempting_waiters","waiters_W":1000,"holders_H":100,"repeat":4,"calls":1818,"elapsed_ns":1748167,"ns_per_call":961.5880,"yielded_waiters_per_call_untimed":1000,"expected_pair":"none","verified":true,"attempt_count":2,"attempts":[{"attempt":1,"calls":909,"elapsed_ns":865667},{"attempt":2,"calls":1818,"elapsed_ns":1748167}],"calibration_stop_reason":"minimum_batch_duration_reached","precision_status":"minimum_batch_duration_reached","max_calls":1000000,"max_calibration_attempts":5,"min_batch_ns":1000000,"initial_call_formula":"clamp(1000000 / max(1,H+yielded_waiters),1,1000000)","timed_operations":"loop and ordered helper invocations with black-boxed result","waiters_sorted_outside_timer":true,"fixture_creation_and_holder_construction_excluded":true,"production_flow_integrated":false,"end_to_end_speedup_claim":false}
Native owner (macos-15)	Q5.2 supplementary queue benchmark checks	2026-10-05T02:06:22.1307680Z Q52_ROW {"scenario":"production_ordered_selector_kernel","scope_label":"ordered helper only; excludes Flow index maintenance and holder projection","mode":"all_nonpreempting_waiters","waiters_W":1000,"holders_H":100,"repeat":5,"calls":1818,"elapsed_ns":1791167,"ns_per_call":985.2404,"yielded_waiters_per_call_untimed":1000,"expected_pair":"none","verified":true,"attempt_count":2,"attempts":[{"attempt":1,"calls":909,"elapsed_ns":860791},{"attempt":2,"calls":1818,"elapsed_ns":1791167}],"calibration_stop_reason":"minimum_batch_duration_reached","precision_status":"minimum_batch_duration_reached","max_calls":1000000,"max_calibration_attempts":5,"min_batch_ns":1000000,"initial_call_formula":"clamp(1000000 / max(1,H+yielded_waiters),1,1000000)","timed_operations":"loop and ordered helper invocations with black-boxed result","waiters_sorted_outside_timer":true,"fixture_creation_and_holder_construction_excluded":true,"production_flow_integrated":false,"end_to_end_speedup_claim":false}
Native owner (macos-15)	Q5.2 supplementary queue benchmark checks	2026-10-05T02:06:22.1312900Z Q52_ROW {"scenario":"historical_sorting_reference","implementation_label":"historical_sorting_reference","match":"no_match","waiters_W":100000,"holders_H":1,"repeat":1,"calls":1,"waiter_sort_items":100000,"waiters_attempted":100000,"holder_candidates_examined":100000,"elapsed_ns":411292,"ops":1,"ns_per_call":411292.0000,"calls_per_second":2431.3626,"expected_pair":"none","verified":true}
Native owner (macos-15)	Q5.2 supplementary queue benchmark checks	2026-10-05T02:06:22.1336460Z Q52_ROW {"scenario":"production_ordered_selector_kernel","scope_label":"ordered helper only; excludes Flow index maintenance and holder projection","mode":"equal_priority_no_match","waiters_W":100000,"holders_H":1,"repeat":1,"calls":500000,"elapsed_ns":1357125,"ns_per_call":2.7142,"yielded_waiters_per_call_untimed":1,"expected_pair":"none","verified":true,"attempt_count":1,"attempts":[{"attempt":1,"calls":500000,"elapsed_ns":1357125}],"calibration_stop_reason":"minimum_batch_duration_reached","precision_status":"minimum_batch_duration_reached","max_calls":1000000,"max_calibration_attempts":5,"min_batch_ns":1000000,"initial_call_formula":"clamp(1000000 / max(1,H+yielded_waiters),1,1000000)","timed_operations":"loop and ordered helper invocations with black-boxed result","waiters_sorted_outside_timer":true,"fixture_creation_and_holder_construction_excluded":true,"production_flow_integrated":false,"end_to_end_speedup_claim":false}
Native owner (macos-15)	Q5.2 supplementary queue benchmark checks	2026-10-05T02:06:22.1340530Z Q52_ROW {"scenario":"historical_sorting_reference","implementation_label":"historical_sorting_reference","match":"no_match","waiters_W":100000,"holders_H":1,"repeat":2,"calls":1,"waiter_sort_items":100000,"waiters_attempted":100000,"holder_candidates_examined":100000,"elapsed_ns":347792,"ops":1,"ns_per_call":347792.0000,"calls_per_second":2875.2818,"expected_pair":"none","verified":true}
Native owner (macos-15)	Q5.2 supplementary queue benchmark checks	2026-10-05T02:06:22.1363990Z Q52_ROW {"scenario":"production_ordered_selector_kernel","scope_label":"ordered helper only; excludes Flow index maintenance and holder projection","mode":"equal_priority_no_match","waiters_W":100000,"holders_H":1,"repeat":2,"calls":500000,"elapsed_ns":1311792,"ns_per_call":2.6236,"yielded_waiters_per_call_untimed":1,"expected_pair":"none","verified":true,"attempt_count":1,"attempts":[{"attempt":1,"calls":500000,"elapsed_ns":1311792}],"calibration_stop_reason":"minimum_batch_duration_reached","precision_status":"minimum_batch_duration_reached","max_calls":1000000,"max_calibration_attempts":5,"min_batch_ns":1000000,"initial_call_formula":"clamp(1000000 / max(1,H+yielded_waiters),1,1000000)","timed_operations":"loop and ordered helper invocations with black-boxed result","waiters_sorted_outside_timer":true,"fixture_creation_and_holder_construction_excluded":true,"production_flow_integrated":false,"end_to_end_speedup_claim":false}
Native owner (macos-15)	Q5.2 supplementary queue benchmark checks	2026-10-05T02:06:22.1367760Z Q52_ROW {"scenario":"historical_sorting_reference","implementation_label":"historical_sorting_reference","match":"no_match","waiters_W":100000,"holders_H":1,"repeat":3,"calls":1,"waiter_sort_items":100000,"waiters_attempted":100000,"holder_candidates_examined":100000,"elapsed_ns":350125,"ops":1,"ns_per_call":350125.0000,"calls_per_second":2856.1228,"expected_pair":"none","verified":true}
Native owner (macos-15)	Q5.2 supplementary queue benchmark checks	2026-10-05T02:06:22.1390870Z Q52_ROW {"scenario":"production_ordered_selector_kernel","scope_label":"ordered helper only; excludes Flow index maintenance and holder projection","mode":"equal_priority_no_match","waiters_W":100000,"holders_H":1,"repeat":3,"calls":500000,"elapsed_ns":1311208,"ns_per_call":2.6224,"yielded_waiters_per_call_untimed":1,"expected_pair":"none","verified":true,"attempt_count":1,"attempts":[{"attempt":1,"calls":500000,"elapsed_ns":1311208}],"calibration_stop_reason":"minimum_batch_duration_reached","precision_status":"minimum_batch_duration_reached","max_calls":1000000,"max_calibration_attempts":5,"min_batch_ns":1000000,"initial_call_formula":"clamp(1000000 / max(1,H+yielded_waiters),1,1000000)","timed_operations":"loop and ordered helper invocations with black-boxed result","waiters_sorted_outside_timer":true,"fixture_creation_and_holder_construction_excluded":true,"production_flow_integrated":false,"end_to_end_speedup_claim":false}
Native owner (macos-15)	Q5.2 supplementary queue benchmark checks	2026-10-05T02:06:22.1394900Z Q52_ROW {"scenario":"historical_sorting_reference","implementation_label":"historical_sorting_reference","match":"no_match","waiters_W":100000,"holders_H":1,"repeat":4,"calls":1,"waiter_sort_items":100000,"waiters_attempted":100000,"holder_candidates_examined":100000,"elapsed_ns":332292,"ops":1,"ns_per_call":332292.0000,"calls_per_second":3009.4014,"expected_pair":"none","verified":true}
Native owner (macos-15)	Q5.2 supplementary queue benchmark checks	2026-10-05T02:06:22.1418260Z Q52_ROW {"scenario":"production_ordered_selector_kernel","scope_label":"ordered helper only; excludes Flow index maintenance and holder projection","mode":"equal_priority_no_match","waiters_W":100000,"holders_H":1,"repeat":4,"calls":500000,"elapsed_ns":1369959,"ns_per_call":2.7399,"yielded_waiters_per_call_untimed":1,"expected_pair":"none","verified":true,"attempt_count":1,"attempts":[{"attempt":1,"calls":500000,"elapsed_ns":1369959}],"calibration_stop_reason":"minimum_batch_duration_reached","precision_status":"minimum_batch_duration_reached","max_calls":1000000,"max_calibration_attempts":5,"min_batch_ns":1000000,"initial_call_formula":"clamp(1000000 / max(1,H+yielded_waiters),1,1000000)","timed_operations":"loop and ordered helper invocations with black-boxed result","waiters_sorted_outside_timer":true,"fixture_creation_and_holder_construction_excluded":true,"production_flow_integrated":false,"end_to_end_speedup_claim":false}
Native owner (macos-15)	Q5.2 supplementary queue benchmark checks	2026-10-05T02:06:22.1422290Z Q52_ROW {"scenario":"historical_sorting_reference","implementation_label":"historical_sorting_reference","match":"no_match","waiters_W":100000,"holders_H":1,"repeat":5,"calls":1,"waiter_sort_items":100000,"waiters_attempted":100000,"holder_candidates_examined":100000,"elapsed_ns":333125,"ops":1,"ns_per_call":333125.0000,"calls_per_second":3001.8762,"expected_pair":"none","verified":true}
Native owner (macos-15)	Q5.2 supplementary queue benchmark checks	2026-10-05T02:06:22.1445520Z Q52_ROW {"scenario":"production_ordered_selector_kernel","scope_label":"ordered helper only; excludes Flow index maintenance and holder projection","mode":"equal_priority_no_match","waiters_W":100000,"holders_H":1,"repeat":5,"calls":500000,"elapsed_ns":1339375,"ns_per_call":2.6787,"yielded_waiters_per_call_untimed":1,"expected_pair":"none","verified":true,"attempt_count":1,"attempts":[{"attempt":1,"calls":500000,"elapsed_ns":1339375}],"calibration_stop_reason":"minimum_batch_duration_reached","precision_status":"minimum_batch_duration_reached","max_calls":1000000,"max_calibration_attempts":5,"min_batch_ns":1000000,"initial_call_formula":"clamp(1000000 / max(1,H+yielded_waiters),1,1000000)","timed_operations":"loop and ordered helper invocations with black-boxed result","waiters_sorted_outside_timer":true,"fixture_creation_and_holder_construction_excluded":true,"production_flow_integrated":false,"end_to_end_speedup_claim":false}
Native owner (macos-15)	Q5.2 supplementary queue benchmark checks	2026-10-05T02:06:22.1449330Z Q52_ROW {"scenario":"historical_sorting_reference","implementation_label":"historical_sorting_reference","match":"matched","waiters_W":100000,"holders_H":1,"repeat":1,"calls":1,"waiter_sort_items":100000,"waiters_attempted":1,"holder_candidates_examined":1,"elapsed_ns":130292,"ops":1,"ns_per_call":130292.0000,"calls_per_second":7675.0683,"expected_pair":"0:0","verified":true}
Native owner (macos-15)	Q5.2 supplementary queue benchmark checks	2026-10-05T02:06:22.1472620Z Q52_ROW {"scenario":"production_ordered_selector_kernel","scope_label":"ordered helper only; excludes Flow index maintenance and holder projection","mode":"matched","waiters_W":100000,"holders_H":1,"repeat":1,"calls":500000,"elapsed_ns":1719666,"ns_per_call":3.4393,"yielded_waiters_per_call_untimed":1,"expected_pair":"0:0","verified":true,"attempt_count":1,"attempts":[{"attempt":1,"calls":500000,"elapsed_ns":1719666}],"calibration_stop_reason":"minimum_batch_duration_reached","precision_status":"minimum_batch_duration_reached","max_calls":1000000,"max_calibration_attempts":5,"min_batch_ns":1000000,"initial_call_formula":"clamp(1000000 / max(1,H+yielded_waiters),1,1000000)","timed_operations":"loop and ordered helper invocations with black-boxed result","waiters_sorted_outside_timer":true,"fixture_creation_and_holder_construction_excluded":true,"production_flow_integrated":false,"end_to_end_speedup_claim":false}
Native owner (macos-15)	Q5.2 supplementary queue benchmark checks	2026-10-05T02:06:22.1476290Z Q52_ROW {"scenario":"historical_sorting_reference","implementation_label":"historical_sorting_reference","match":"matched","waiters_W":100000,"holders_H":1,"repeat":2,"calls":1,"waiter_sort_items":100000,"waiters_attempted":1,"holder_candidates_examined":1,"elapsed_ns":140041,"ops":1,"ns_per_call":140041.0000,"calls_per_second":7140.7659,"expected_pair":"0:0","verified":true}
Native owner (macos-15)	Q5.2 supplementary queue benchmark checks	2026-10-05T02:06:22.1500390Z Q52_ROW {"scenario":"production_ordered_selector_kernel","scope_label":"ordered helper only; excludes Flow index maintenance and holder projection","mode":"matched","waiters_W":100000,"holders_H":1,"repeat":2,"calls":500000,"elapsed_ns":1733750,"ns_per_call":3.4675,"yielded_waiters_per_call_untimed":1,"expected_pair":"0:0","verified":true,"attempt_count":1,"attempts":[{"attempt":1,"calls":500000,"elapsed_ns":1733750}],"calibration_stop_reason":"minimum_batch_duration_reached","precision_status":"minimum_batch_duration_reached","max_calls":1000000,"max_calibration_attempts":5,"min_batch_ns":1000000,"initial_call_formula":"clamp(1000000 / max(1,H+yielded_waiters),1,1000000)","timed_operations":"loop and ordered helper invocations with black-boxed result","waiters_sorted_outside_timer":true,"fixture_creation_and_holder_construction_excluded":true,"production_flow_integrated":false,"end_to_end_speedup_claim":false}
Native owner (macos-15)	Q5.2 supplementary queue benchmark checks	2026-10-05T02:06:22.1503850Z Q52_ROW {"scenario":"historical_sorting_reference","implementation_label":"historical_sorting_reference","match":"matched","waiters_W":100000,"holders_H":1,"repeat":3,"calls":1,"waiter_sort_items":100000,"waiters_attempted":1,"holder_candidates_examined":1,"elapsed_ns":130917,"ops":1,"ns_per_call":130917.0000,"calls_per_second":7638.4274,"expected_pair":"0:0","verified":true}
Native owner (macos-15)	Q5.2 supplementary queue benchmark checks	2026-10-05T02:06:22.1528180Z Q52_ROW {"scenario":"production_ordered_selector_kernel","scope_label":"ordered helper only; excludes Flow index maintenance and holder projection","mode":"matched","waiters_W":100000,"holders_H":1,"repeat":3,"calls":500000,"elapsed_ns":1748416,"ns_per_call":3.4968,"yielded_waiters_per_call_untimed":1,"expected_pair":"0:0","verified":true,"attempt_count":1,"attempts":[{"attempt":1,"calls":500000,"elapsed_ns":1748416}],"calibration_stop_reason":"minimum_batch_duration_reached","precision_status":"minimum_batch_duration_reached","max_calls":1000000,"max_calibration_attempts":5,"min_batch_ns":1000000,"initial_call_formula":"clamp(1000000 / max(1,H+yielded_waiters),1,1000000)","timed_operations":"loop and ordered helper invocations with black-boxed result","waiters_sorted_outside_timer":true,"fixture_creation_and_holder_construction_excluded":true,"production_flow_integrated":false,"end_to_end_speedup_claim":false}
Native owner (macos-15)	Q5.2 supplementary queue benchmark checks	2026-10-05T02:06:22.1531930Z Q52_ROW {"scenario":"historical_sorting_reference","implementation_label":"historical_sorting_reference","match":"matched","waiters_W":100000,"holders_H":1,"repeat":4,"calls":1,"waiter_sort_items":100000,"waiters_attempted":1,"holder_candidates_examined":1,"elapsed_ns":136500,"ops":1,"ns_per_call":136500.0000,"calls_per_second":7326.0073,"expected_pair":"0:0","verified":true}
Native owner (macos-15)	Q5.2 supplementary queue benchmark checks	2026-10-05T02:06:22.1554770Z Q52_ROW {"scenario":"production_ordered_selector_kernel","scope_label":"ordered helper only; excludes Flow index maintenance and holder projection","mode":"matched","waiters_W":100000,"holders_H":1,"repeat":4,"calls":500000,"elapsed_ns":1687166,"ns_per_call":3.3743,"yielded_waiters_per_call_untimed":1,"expected_pair":"0:0","verified":true,"attempt_count":1,"attempts":[{"attempt":1,"calls":500000,"elapsed_ns":1687166}],"calibration_stop_reason":"minimum_batch_duration_reached","precision_status":"minimum_batch_duration_reached","max_calls":1000000,"max_calibration_attempts":5,"min_batch_ns":1000000,"initial_call_formula":"clamp(1000000 / max(1,H+yielded_waiters),1,1000000)","timed_operations":"loop and ordered helper invocations with black-boxed result","waiters_sorted_outside_timer":true,"fixture_creation_and_holder_construction_excluded":true,"production_flow_integrated":false,"end_to_end_speedup_claim":false}
Native owner (macos-15)	Q5.2 supplementary queue benchmark checks	2026-10-05T02:06:22.1558380Z Q52_ROW {"scenario":"historical_sorting_reference","implementation_label":"historical_sorting_reference","match":"matched","waiters_W":100000,"holders_H":1,"repeat":5,"calls":1,"waiter_sort_items":100000,"waiters_attempted":1,"holder_candidates_examined":1,"elapsed_ns":134542,"ops":1,"ns_per_call":134542.0000,"calls_per_second":7432.6233,"expected_pair":"0:0","verified":true}
Native owner (macos-15)	Q5.2 supplementary queue benchmark checks	2026-10-05T02:06:22.1582010Z Q52_ROW {"scenario":"production_ordered_selector_kernel","scope_label":"ordered helper only; excludes Flow index maintenance and holder projection","mode":"matched","waiters_W":100000,"holders_H":1,"repeat":5,"calls":500000,"elapsed_ns":1720833,"ns_per_call":3.4417,"yielded_waiters_per_call_untimed":1,"expected_pair":"0:0","verified":true,"attempt_count":1,"attempts":[{"attempt":1,"calls":500000,"elapsed_ns":1720833}],"calibration_stop_reason":"minimum_batch_duration_reached","precision_status":"minimum_batch_duration_reached","max_calls":1000000,"max_calibration_attempts":5,"min_batch_ns":1000000,"initial_call_formula":"clamp(1000000 / max(1,H+yielded_waiters),1,1000000)","timed_operations":"loop and ordered helper invocations with black-boxed result","waiters_sorted_outside_timer":true,"fixture_creation_and_holder_construction_excluded":true,"production_flow_integrated":false,"end_to_end_speedup_claim":false}
Native owner (macos-15)	Q5.2 supplementary queue benchmark checks	2026-10-05T02:06:22.1613000Z Q52_ROW {"scenario":"production_ordered_selector_kernel","scope_label":"ordered helper only; excludes Flow index maintenance and holder projection","mode":"ineligible_holders","waiters_W":100000,"holders_H":1,"repeat":1,"calls":1000000,"elapsed_ns":2134958,"ns_per_call":2.1350,"yielded_waiters_per_call_untimed":0,"expected_pair":"none","verified":true,"attempt_count":1,"attempts":[{"attempt":1,"calls":1000000,"elapsed_ns":2134958}],"calibration_stop_reason":"minimum_batch_duration_reached","precision_status":"minimum_batch_duration_reached","max_calls":1000000,"max_calibration_attempts":5,"min_batch_ns":1000000,"initial_call_formula":"clamp(1000000 / max(1,H+yielded_waiters),1,1000000)","timed_operations":"loop and ordered helper invocations with black-boxed result","waiters_sorted_outside_timer":true,"fixture_creation_and_holder_construction_excluded":true,"production_flow_integrated":false,"end_to_end_speedup_claim":false}
Native owner (macos-15)	Q5.2 supplementary queue benchmark checks	2026-10-05T02:06:22.1644800Z Q52_ROW {"scenario":"production_ordered_selector_kernel","scope_label":"ordered helper only; excludes Flow index maintenance and holder projection","mode":"ineligible_holders","waiters_W":100000,"holders_H":1,"repeat":2,"calls":1000000,"elapsed_ns":2108458,"ns_per_call":2.1085,"yielded_waiters_per_call_untimed":0,"expected_pair":"none","verified":true,"attempt_count":1,"attempts":[{"attempt":1,"calls":1000000,"elapsed_ns":2108458}],"calibration_stop_reason":"minimum_batch_duration_reached","precision_status":"minimum_batch_duration_reached","max_calls":1000000,"max_calibration_attempts":5,"min_batch_ns":1000000,"initial_call_formula":"clamp(1000000 / max(1,H+yielded_waiters),1,1000000)","timed_operations":"loop and ordered helper invocations with black-boxed result","waiters_sorted_outside_timer":true,"fixture_creation_and_holder_construction_excluded":true,"production_flow_integrated":false,"end_to_end_speedup_claim":false}
Native owner (macos-15)	Q5.2 supplementary queue benchmark checks	2026-10-05T02:06:22.1678240Z Q52_ROW {"scenario":"production_ordered_selector_kernel","scope_label":"ordered helper only; excludes Flow index maintenance and holder projection","mode":"ineligible_holders","waiters_W":100000,"holders_H":1,"repeat":3,"calls":1000000,"elapsed_ns":2154542,"ns_per_call":2.1545,"yielded_waiters_per_call_untimed":0,"expected_pair":"none","verified":true,"attempt_count":1,"attempts":[{"attempt":1,"calls":1000000,"elapsed_ns":2154542}],"calibration_stop_reason":"minimum_batch_duration_reached","precision_status":"minimum_batch_duration_reached","max_calls":1000000,"max_calibration_attempts":5,"min_batch_ns":1000000,"initial_call_formula":"clamp(1000000 / max(1,H+yielded_waiters),1,1000000)","timed_operations":"loop and ordered helper invocations with black-boxed result","waiters_sorted_outside_timer":true,"fixture_creation_and_holder_construction_excluded":true,"production_flow_integrated":false,"end_to_end_speedup_claim":false}
Native owner (macos-15)	Q5.2 supplementary queue benchmark checks	2026-10-05T02:06:22.1709480Z Q52_ROW {"scenario":"production_ordered_selector_kernel","scope_label":"ordered helper only; excludes Flow index maintenance and holder projection","mode":"ineligible_holders","waiters_W":100000,"holders_H":1,"repeat":4,"calls":1000000,"elapsed_ns":2093000,"ns_per_call":2.0930,"yielded_waiters_per_call_untimed":0,"expected_pair":"none","verified":true,"attempt_count":1,"attempts":[{"attempt":1,"calls":1000000,"elapsed_ns":2093000}],"calibration_stop_reason":"minimum_batch_duration_reached","precision_status":"minimum_batch_duration_reached","max_calls":1000000,"max_calibration_attempts":5,"min_batch_ns":1000000,"initial_call_formula":"clamp(1000000 / max(1,H+yielded_waiters),1,1000000)","timed_operations":"loop and ordered helper invocations with black-boxed result","waiters_sorted_outside_timer":true,"fixture_creation_and_holder_construction_excluded":true,"production_flow_integrated":false,"end_to_end_speedup_claim":false}
Native owner (macos-15)	Q5.2 supplementary queue benchmark checks	2026-10-05T02:06:22.1739900Z Q52_ROW {"scenario":"production_ordered_selector_kernel","scope_label":"ordered helper only; excludes Flow index maintenance and holder projection","mode":"ineligible_holders","waiters_W":100000,"holders_H":1,"repeat":5,"calls":1000000,"elapsed_ns":2098250,"ns_per_call":2.0983,"yielded_waiters_per_call_untimed":0,"expected_pair":"none","verified":true,"attempt_count":1,"attempts":[{"attempt":1,"calls":1000000,"elapsed_ns":2098250}],"calibration_stop_reason":"minimum_batch_duration_reached","precision_status":"minimum_batch_duration_reached","max_calls":1000000,"max_calibration_attempts":5,"min_batch_ns":1000000,"initial_call_formula":"clamp(1000000 / max(1,H+yielded_waiters),1,1000000)","timed_operations":"loop and ordered helper invocations with black-boxed result","waiters_sorted_outside_timer":true,"fixture_creation_and_holder_construction_excluded":true,"production_flow_integrated":false,"end_to_end_speedup_claim":false}
Native owner (macos-15)	Q5.2 supplementary queue benchmark checks	2026-10-05T02:06:22.1769010Z Q52_ROW {"scenario":"production_ordered_selector_kernel","scope_label":"ordered helper only; excludes Flow index maintenance and holder projection","mode":"all_nonpreempting_waiters","waiters_W":100000,"holders_H":1,"repeat":1,"calls":18,"elapsed_ns":1256292,"ns_per_call":69794.0000,"yielded_waiters_per_call_untimed":100000,"expected_pair":"none","verified":true,"attempt_count":2,"attempts":[{"attempt":1,"calls":9,"elapsed_ns":645125},{"attempt":2,"calls":18,"elapsed_ns":1256292}],"calibration_stop_reason":"minimum_batch_duration_reached","precision_status":"minimum_batch_duration_reached","max_calls":1000000,"max_calibration_attempts":5,"min_batch_ns":1000000,"initial_call_formula":"clamp(1000000 / max(1,H+yielded_waiters),1,1000000)","timed_operations":"loop and ordered helper invocations with black-boxed result","waiters_sorted_outside_timer":true,"fixture_creation_and_holder_construction_excluded":true,"production_flow_integrated":false,"end_to_end_speedup_claim":false}
Native owner (macos-15)	Q5.2 supplementary queue benchmark checks	2026-10-05T02:06:22.1796250Z Q52_ROW {"scenario":"production_ordered_selector_kernel","scope_label":"ordered helper only; excludes Flow index maintenance and holder projection","mode":"all_nonpreempting_waiters","waiters_W":100000,"holders_H":1,"repeat":2,"calls":18,"elapsed_ns":1228083,"ns_per_call":68226.8333,"yielded_waiters_per_call_untimed":100000,"expected_pair":"none","verified":true,"attempt_count":2,"attempts":[{"attempt":1,"calls":9,"elapsed_ns":613750},{"attempt":2,"calls":18,"elapsed_ns":1228083}],"calibration_stop_reason":"minimum_batch_duration_reached","precision_status":"minimum_batch_duration_reached","max_calls":1000000,"max_calibration_attempts":5,"min_batch_ns":1000000,"initial_call_formula":"clamp(1000000 / max(1,H+yielded_waiters),1,1000000)","timed_operations":"loop and ordered helper invocations with black-boxed result","waiters_sorted_outside_timer":true,"fixture_creation_and_holder_construction_excluded":true,"production_flow_integrated":false,"end_to_end_speedup_claim":false}
Native owner (macos-15)	Q5.2 supplementary queue benchmark checks	2026-10-05T02:06:22.1825990Z Q52_ROW {"scenario":"production_ordered_selector_kernel","scope_label":"ordered helper only; excludes Flow index maintenance and holder projection","mode":"all_nonpreempting_waiters","waiters_W":100000,"holders_H":1,"repeat":3,"calls":18,"elapsed_ns":1234083,"ns_per_call":68560.1667,"yielded_waiters_per_call_untimed":100000,"expected_pair":"none","verified":true,"attempt_count":2,"attempts":[{"attempt":1,"calls":9,"elapsed_ns":836667},{"attempt":2,"calls":18,"elapsed_ns":1234083}],"calibration_stop_reason":"minimum_batch_duration_reached","precision_status":"minimum_batch_duration_reached","max_calls":1000000,"max_calibration_attempts":5,"min_batch_ns":1000000,"initial_call_formula":"clamp(1000000 / max(1,H+yielded_waiters),1,1000000)","timed_operations":"loop and ordered helper invocations with black-boxed result","waiters_sorted_outside_timer":true,"fixture_creation_and_holder_construction_excluded":true,"production_flow_integrated":false,"end_to_end_speedup_claim":false}
Native owner (macos-15)	Q5.2 supplementary queue benchmark checks	2026-10-05T02:06:22.1854670Z Q52_ROW {"scenario":"production_ordered_selector_kernel","scope_label":"ordered helper only; excludes Flow index maintenance and holder projection","mode":"all_nonpreempting_waiters","waiters_W":100000,"holders_H":1,"repeat":4,"calls":18,"elapsed_ns":1242083,"ns_per_call":69004.6111,"yielded_waiters_per_call_untimed":100000,"expected_pair":"none","verified":true,"attempt_count":2,"attempts":[{"attempt":1,"calls":9,"elapsed_ns":623000},{"attempt":2,"calls":18,"elapsed_ns":1242083}],"calibration_stop_reason":"minimum_batch_duration_reached","precision_status":"minimum_batch_duration_reached","max_calls":1000000,"max_calibration_attempts":5,"min_batch_ns":1000000,"initial_call_formula":"clamp(1000000 / max(1,H+yielded_waiters),1,1000000)","timed_operations":"loop and ordered helper invocations with black-boxed result","waiters_sorted_outside_timer":true,"fixture_creation_and_holder_construction_excluded":true,"production_flow_integrated":false,"end_to_end_speedup_claim":false}
Native owner (macos-15)	Q5.2 supplementary queue benchmark checks	2026-10-05T02:06:22.1882820Z Q52_ROW {"scenario":"production_ordered_selector_kernel","scope_label":"ordered helper only; excludes Flow index maintenance and holder projection","mode":"all_nonpreempting_waiters","waiters_W":100000,"holders_H":1,"repeat":5,"calls":18,"elapsed_ns":1252625,"ns_per_call":69590.2778,"yielded_waiters_per_call_untimed":100000,"expected_pair":"none","verified":true,"attempt_count":2,"attempts":[{"attempt":1,"calls":9,"elapsed_ns":624375},{"attempt":2,"calls":18,"elapsed_ns":1252625}],"calibration_stop_reason":"minimum_batch_duration_reached","precision_status":"minimum_batch_duration_reached","max_calls":1000000,"max_calibration_attempts":5,"min_batch_ns":1000000,"initial_call_formula":"clamp(1000000 / max(1,H+yielded_waiters),1,1000000)","timed_operations":"loop and ordered helper invocations with black-boxed result","waiters_sorted_outside_timer":true,"fixture_creation_and_holder_construction_excluded":true,"production_flow_integrated":false,"end_to_end_speedup_claim":false}
Native owner (macos-15)	Q5.2 supplementary queue benchmark checks	2026-10-05T02:06:22.1893350Z Q52_ROW {"scenario":"historical_sorting_reference","implementation_label":"historical_sorting_reference","match":"no_match","waiters_W":100000,"holders_H":10,"repeat":1,"calls":1,"waiter_sort_items":100000,"waiters_attempted":100000,"holder_candidates_examined":1000000,"elapsed_ns":955959,"ops":1,"ns_per_call":955959.0000,"calls_per_second":1046.0700,"expected_pair":"none","verified":true}
Native owner (macos-15)	Q5.2 supplementary queue benchmark checks	2026-10-05T02:06:22.1934500Z Q52_ROW {"scenario":"production_ordered_selector_kernel","scope_label":"ordered helper only; excludes Flow index maintenance and holder projection","mode":"equal_priority_no_match","waiters_W":100000,"holders_H":10,"repeat":1,"calls":90909,"elapsed_ns":2462625,"ns_per_call":27.0889,"yielded_waiters_per_call_untimed":1,"expected_pair":"none","verified":true,"attempt_count":1,"attempts":[{"attempt":1,"calls":90909,"elapsed_ns":2462625}],"calibration_stop_reason":"minimum_batch_duration_reached","precision_status":"minimum_batch_duration_reached","max_calls":1000000,"max_calibration_attempts":5,"min_batch_ns":1000000,"initial_call_formula":"clamp(1000000 / max(1,H+yielded_waiters),1,1000000)","timed_operations":"loop and ordered helper invocations with black-boxed result","waiters_sorted_outside_timer":true,"fixture_creation_and_holder_construction_excluded":true,"production_flow_integrated":false,"end_to_end_speedup_claim":false}
Native owner (macos-15)	Q5.2 supplementary queue benchmark checks	2026-10-05T02:06:22.1945430Z Q52_ROW {"scenario":"historical_sorting_reference","implementation_label":"historical_sorting_reference","match":"no_match","waiters_W":100000,"holders_H":10,"repeat":2,"calls":1,"waiter_sort_items":100000,"waiters_attempted":100000,"holder_candidates_examined":1000000,"elapsed_ns":934416,"ops":1,"ns_per_call":934416.0000,"calls_per_second":1070.1872,"expected_pair":"none","verified":true}
Native owner (macos-15)	Q5.2 supplementary queue benchmark checks	2026-10-05T02:06:22.1986680Z Q52_ROW {"scenario":"production_ordered_selector_kernel","scope_label":"ordered helper only; excludes Flow index maintenance and holder projection","mode":"equal_priority_no_match","waiters_W":100000,"holders_H":10,"repeat":2,"calls":90909,"elapsed_ns":2447208,"ns_per_call":26.9193,"yielded_waiters_per_call_untimed":1,"expected_pair":"none","verified":true,"attempt_count":1,"attempts":[{"attempt":1,"calls":90909,"elapsed_ns":2447208}],"calibration_stop_reason":"minimum_batch_duration_reached","precision_status":"minimum_batch_duration_reached","max_calls":1000000,"max_calibration_attempts":5,"min_batch_ns":1000000,"initial_call_formula":"clamp(1000000 / max(1,H+yielded_waiters),1,1000000)","timed_operations":"loop and ordered helper invocations with black-boxed result","waiters_sorted_outside_timer":true,"fixture_creation_and_holder_construction_excluded":true,"production_flow_integrated":false,"end_to_end_speedup_claim":false}
Native owner (macos-15)	Q5.2 supplementary queue benchmark checks	2026-10-05T02:06:22.1997260Z Q52_ROW {"scenario":"historical_sorting_reference","implementation_label":"historical_sorting_reference","match":"no_match","waiters_W":100000,"holders_H":10,"repeat":3,"calls":1,"waiter_sort_items":100000,"waiters_attempted":100000,"holder_candidates_examined":1000000,"elapsed_ns":937042,"ops":1,"ns_per_call":937042.0000,"calls_per_second":1067.1880,"expected_pair":"none","verified":true}
Native owner (macos-15)	Q5.2 supplementary queue benchmark checks	2026-10-05T02:06:22.2038090Z Q52_ROW {"scenario":"production_ordered_selector_kernel","scope_label":"ordered helper only; excludes Flow index maintenance and holder projection","mode":"equal_priority_no_match","waiters_W":100000,"holders_H":10,"repeat":3,"calls":90909,"elapsed_ns":2425666,"ns_per_call":26.6824,"yielded_waiters_per_call_untimed":1,"expected_pair":"none","verified":true,"attempt_count":1,"attempts":[{"attempt":1,"calls":90909,"elapsed_ns":2425666}],"calibration_stop_reason":"minimum_batch_duration_reached","precision_status":"minimum_batch_duration_reached","max_calls":1000000,"max_calibration_attempts":5,"min_batch_ns":1000000,"initial_call_formula":"clamp(1000000 / max(1,H+yielded_waiters),1,1000000)","timed_operations":"loop and ordered helper invocations with black-boxed result","waiters_sorted_outside_timer":true,"fixture_creation_and_holder_construction_excluded":true,"production_flow_integrated":false,"end_to_end_speedup_claim":false}
Native owner (macos-15)	Q5.2 supplementary queue benchmark checks	2026-10-05T02:06:22.2049150Z Q52_ROW {"scenario":"historical_sorting_reference","implementation_label":"historical_sorting_reference","match":"no_match","waiters_W":100000,"holders_H":10,"repeat":4,"calls":1,"waiter_sort_items":100000,"waiters_attempted":100000,"holder_candidates_examined":1000000,"elapsed_ns":959875,"ops":1,"ns_per_call":959875.0000,"calls_per_second":1041.8023,"expected_pair":"none","verified":true}
Native owner (macos-15)	Q5.2 supplementary queue benchmark checks	2026-10-05T02:06:22.2099760Z Q52_ROW {"scenario":"production_ordered_selector_kernel","scope_label":"ordered helper only; excludes Flow index maintenance and holder projection","mode":"equal_priority_no_match","waiters_W":100000,"holders_H":10,"repeat":4,"calls":90909,"elapsed_ns":2904833,"ns_per_call":31.9532,"yielded_waiters_per_call_untimed":1,"expected_pair":"none","verified":true,"attempt_count":1,"attempts":[{"attempt":1,"calls":90909,"elapsed_ns":2904833}],"calibration_stop_reason":"minimum_batch_duration_reached","precision_status":"minimum_batch_duration_reached","max_calls":1000000,"max_calibration_attempts":5,"min_batch_ns":1000000,"initial_call_formula":"clamp(1000000 / max(1,H+yielded_waiters),1,1000000)","timed_operations":"loop and ordered helper invocations with black-boxed result","waiters_sorted_outside_timer":true,"fixture_creation_and_holder_construction_excluded":true,"production_flow_integrated":false,"end_to_end_speedup_claim":false}
Native owner (macos-15)	Q5.2 supplementary queue benchmark checks	2026-10-05T02:06:22.2116190Z Q52_ROW {"scenario":"historical_sorting_reference","implementation_label":"historical_sorting_reference","match":"no_match","waiters_W":100000,"holders_H":10,"repeat":5,"calls":1,"waiter_sort_items":100000,"waiters_attempted":100000,"holder_candidates_examined":1000000,"elapsed_ns":1329666,"ops":1,"ns_per_call":1329666.0000,"calls_per_second":752.0686,"expected_pair":"none","verified":true}
Native owner (macos-15)	Q5.2 supplementary queue benchmark checks	2026-10-05T02:06:22.2157900Z Q52_ROW {"scenario":"production_ordered_selector_kernel","scope_label":"ordered helper only; excludes Flow index maintenance and holder projection","mode":"equal_priority_no_match","waiters_W":100000,"holders_H":10,"repeat":5,"calls":90909,"elapsed_ns":2466958,"ns_per_call":27.1366,"yielded_waiters_per_call_untimed":1,"expected_pair":"none","verified":true,"attempt_count":1,"attempts":[{"attempt":1,"calls":90909,"elapsed_ns":2466958}],"calibration_stop_reason":"minimum_batch_duration_reached","precision_status":"minimum_batch_duration_reached","max_calls":1000000,"max_calibration_attempts":5,"min_batch_ns":1000000,"initial_call_formula":"clamp(1000000 / max(1,H+yielded_waiters),1,1000000)","timed_operations":"loop and ordered helper invocations with black-boxed result","waiters_sorted_outside_timer":true,"fixture_creation_and_holder_construction_excluded":true,"production_flow_integrated":false,"end_to_end_speedup_claim":false}
Native owner (macos-15)	Q5.2 supplementary queue benchmark checks	2026-10-05T02:06:22.2165020Z Q52_ROW {"scenario":"historical_sorting_reference","implementation_label":"historical_sorting_reference","match":"matched","waiters_W":100000,"holders_H":10,"repeat":1,"calls":1,"waiter_sort_items":100000,"waiters_attempted":1,"holder_candidates_examined":10,"elapsed_ns":320625,"ops":1,"ns_per_call":320625.0000,"calls_per_second":3118.9084,"expected_pair":"0:9","verified":true}
Native owner (macos-15)	Q5.2 supplementary queue benchmark checks	2026-10-05T02:06:22.2211590Z Q52_ROW {"scenario":"production_ordered_selector_kernel","scope_label":"ordered helper only; excludes Flow index maintenance and holder projection","mode":"matched","waiters_W":100000,"holders_H":10,"repeat":1,"calls":90909,"elapsed_ns":3066500,"ns_per_call":33.7315,"yielded_waiters_per_call_untimed":1,"expected_pair":"0:9","verified":true,"attempt_count":1,"attempts":[{"attempt":1,"calls":90909,"elapsed_ns":3066500}],"calibration_stop_reason":"minimum_batch_duration_reached","precision_status":"minimum_batch_duration_reached","max_calls":1000000,"max_calibration_attempts":5,"min_batch_ns":1000000,"initial_call_formula":"clamp(1000000 / max(1,H+yielded_waiters),1,1000000)","timed_operations":"loop and ordered helper invocations with black-boxed result","waiters_sorted_outside_timer":true,"fixture_creation_and_holder_construction_excluded":true,"production_flow_integrated":false,"end_to_end_speedup_claim":false}
Native owner (macos-15)	Q5.2 supplementary queue benchmark checks	2026-10-05T02:06:22.2215160Z Q52_ROW {"scenario":"historical_sorting_reference","implementation_label":"historical_sorting_reference","match":"matched","waiters_W":100000,"holders_H":10,"repeat":2,"calls":1,"waiter_sort_items":100000,"waiters_attempted":1,"holder_candidates_examined":10,"elapsed_ns":130792,"ops":1,"ns_per_call":130792.0000,"calls_per_second":7645.7276,"expected_pair":"0:9","verified":true}
Native owner (macos-15)	Q5.2 supplementary queue benchmark checks	2026-10-05T02:06:22.2249400Z Q52_ROW {"scenario":"production_ordered_selector_kernel","scope_label":"ordered helper only; excludes Flow index maintenance and holder projection","mode":"matched","waiters_W":100000,"holders_H":10,"repeat":2,"calls":90909,"elapsed_ns":2473708,"ns_per_call":27.2108,"yielded_waiters_per_call_untimed":1,"expected_pair":"0:9","verified":true,"attempt_count":1,"attempts":[{"attempt":1,"calls":90909,"elapsed_ns":2473708}],"calibration_stop_reason":"minimum_batch_duration_reached","precision_status":"minimum_batch_duration_reached","max_calls":1000000,"max_calibration_attempts":5,"min_batch_ns":1000000,"initial_call_formula":"clamp(1000000 / max(1,H+yielded_waiters),1,1000000)","timed_operations":"loop and ordered helper invocations with black-boxed result","waiters_sorted_outside_timer":true,"fixture_creation_and_holder_construction_excluded":true,"production_flow_integrated":false,"end_to_end_speedup_claim":false}
Native owner (macos-15)	Q5.2 supplementary queue benchmark checks	2026-10-05T02:06:22.2252980Z Q52_ROW {"scenario":"historical_sorting_reference","implementation_label":"historical_sorting_reference","match":"matched","waiters_W":100000,"holders_H":10,"repeat":3,"calls":1,"waiter_sort_items":100000,"waiters_attempted":1,"holder_candidates_examined":10,"elapsed_ns":149708,"ops":1,"ns_per_call":149708.0000,"calls_per_second":6679.6698,"expected_pair":"0:9","verified":true}
Native owner (macos-15)	Q5.2 supplementary queue benchmark checks	2026-10-05T02:06:22.2285390Z Q52_ROW {"scenario":"production_ordered_selector_kernel","scope_label":"ordered helper only; excludes Flow index maintenance and holder projection","mode":"matched","waiters_W":100000,"holders_H":10,"repeat":3,"calls":90909,"elapsed_ns":2538500,"ns_per_call":27.9235,"yielded_waiters_per_call_untimed":1,"expected_pair":"0:9","verified":true,"attempt_count":1,"attempts":[{"attempt":1,"calls":90909,"elapsed_ns":2538500}],"calibration_stop_reason":"minimum_batch_duration_reached","precision_status":"minimum_batch_duration_reached","max_calls":1000000,"max_calibration_attempts":5,"min_batch_ns":1000000,"initial_call_formula":"clamp(1000000 / max(1,H+yielded_waiters),1,1000000)","timed_operations":"loop and ordered helper invocations with black-boxed result","waiters_sorted_outside_timer":true,"fixture_creation_and_holder_construction_excluded":true,"production_flow_integrated":false,"end_to_end_speedup_claim":false}
Native owner (macos-15)	Q5.2 supplementary queue benchmark checks	2026-10-05T02:06:22.2288920Z Q52_ROW {"scenario":"historical_sorting_reference","implementation_label":"historical_sorting_reference","match":"matched","waiters_W":100000,"holders_H":10,"repeat":4,"calls":1,"waiter_sort_items":100000,"waiters_attempted":1,"holder_candidates_examined":10,"elapsed_ns":134417,"ops":1,"ns_per_call":134417.0000,"calls_per_second":7439.5352,"expected_pair":"0:9","verified":true}
Native owner (macos-15)	Q5.2 supplementary queue benchmark checks	2026-10-05T02:06:22.2320640Z Q52_ROW {"scenario":"production_ordered_selector_kernel","scope_label":"ordered helper only; excludes Flow index maintenance and holder projection","mode":"matched","waiters_W":100000,"holders_H":10,"repeat":4,"calls":90909,"elapsed_ns":2492750,"ns_per_call":27.4203,"yielded_waiters_per_call_untimed":1,"expected_pair":"0:9","verified":true,"attempt_count":1,"attempts":[{"attempt":1,"calls":90909,"elapsed_ns":2492750}],"calibration_stop_reason":"minimum_batch_duration_reached","precision_status":"minimum_batch_duration_reached","max_calls":1000000,"max_calibration_attempts":5,"min_batch_ns":1000000,"initial_call_formula":"clamp(1000000 / max(1,H+yielded_waiters),1,1000000)","timed_operations":"loop and ordered helper invocations with black-boxed result","waiters_sorted_outside_timer":true,"fixture_creation_and_holder_construction_excluded":true,"production_flow_integrated":false,"end_to_end_speedup_claim":false}
Native owner (macos-15)	Q5.2 supplementary queue benchmark checks	2026-10-05T02:06:22.2324280Z Q52_ROW {"scenario":"historical_sorting_reference","implementation_label":"historical_sorting_reference","match":"matched","waiters_W":100000,"holders_H":10,"repeat":5,"calls":1,"waiter_sort_items":100000,"waiters_attempted":1,"holder_candidates_examined":10,"elapsed_ns":139084,"ops":1,"ns_per_call":139084.0000,"calls_per_second":7189.8996,"expected_pair":"0:9","verified":true}
Native owner (macos-15)	Q5.2 supplementary queue benchmark checks	2026-10-05T02:06:22.2355660Z Q52_ROW {"scenario":"production_ordered_selector_kernel","scope_label":"ordered helper only; excludes Flow index maintenance and holder projection","mode":"matched","waiters_W":100000,"holders_H":10,"repeat":5,"calls":90909,"elapsed_ns":2483584,"ns_per_call":27.3195,"yielded_waiters_per_call_untimed":1,"expected_pair":"0:9","verified":true,"attempt_count":1,"attempts":[{"attempt":1,"calls":90909,"elapsed_ns":2483584}],"calibration_stop_reason":"minimum_batch_duration_reached","precision_status":"minimum_batch_duration_reached","max_calls":1000000,"max_calibration_attempts":5,"min_batch_ns":1000000,"initial_call_formula":"clamp(1000000 / max(1,H+yielded_waiters),1,1000000)","timed_operations":"loop and ordered helper invocations with black-boxed result","waiters_sorted_outside_timer":true,"fixture_creation_and_holder_construction_excluded":true,"production_flow_integrated":false,"end_to_end_speedup_claim":false}
Native owner (macos-15)	Q5.2 supplementary queue benchmark checks	2026-10-05T02:06:22.2390950Z Q52_ROW {"scenario":"production_ordered_selector_kernel","scope_label":"ordered helper only; excludes Flow index maintenance and holder projection","mode":"ineligible_holders","waiters_W":100000,"holders_H":10,"repeat":1,"calls":100000,"elapsed_ns":1268375,"ns_per_call":12.6837,"yielded_waiters_per_call_untimed":0,"expected_pair":"none","verified":true,"attempt_count":1,"attempts":[{"attempt":1,"calls":100000,"elapsed_ns":1268375}],"calibration_stop_reason":"minimum_batch_duration_reached","precision_status":"minimum_batch_duration_reached","max_calls":1000000,"max_calibration_attempts":5,"min_batch_ns":1000000,"initial_call_formula":"clamp(1000000 / max(1,H+yielded_waiters),1,1000000)","timed_operations":"loop and ordered helper invocations with black-boxed result","waiters_sorted_outside_timer":true,"fixture_creation_and_holder_construction_excluded":true,"production_flow_integrated":false,"end_to_end_speedup_claim":false}
Native owner (macos-15)	Q5.2 supplementary queue benchmark checks	2026-10-05T02:06:22.2426310Z Q52_ROW {"scenario":"production_ordered_selector_kernel","scope_label":"ordered helper only; excludes Flow index maintenance and holder projection","mode":"ineligible_holders","waiters_W":100000,"holders_H":10,"repeat":2,"calls":100000,"elapsed_ns":1298584,"ns_per_call":12.9858,"yielded_waiters_per_call_untimed":0,"expected_pair":"none","verified":true,"attempt_count":1,"attempts":[{"attempt":1,"calls":100000,"elapsed_ns":1298584}],"calibration_stop_reason":"minimum_batch_duration_reached","precision_status":"minimum_batch_duration_reached","max_calls":1000000,"max_calibration_attempts":5,"min_batch_ns":1000000,"initial_call_formula":"clamp(1000000 / max(1,H+yielded_waiters),1,1000000)","timed_operations":"loop and ordered helper invocations with black-boxed result","waiters_sorted_outside_timer":true,"fixture_creation_and_holder_construction_excluded":true,"production_flow_integrated":false,"end_to_end_speedup_claim":false}
Native owner (macos-15)	Q5.2 supplementary queue benchmark checks	2026-10-05T02:06:22.2461520Z Q52_ROW {"scenario":"production_ordered_selector_kernel","scope_label":"ordered helper only; excludes Flow index maintenance and holder projection","mode":"ineligible_holders","waiters_W":100000,"holders_H":10,"repeat":3,"calls":100000,"elapsed_ns":1262333,"ns_per_call":12.6233,"yielded_waiters_per_call_untimed":0,"expected_pair":"none","verified":true,"attempt_count":1,"attempts":[{"attempt":1,"calls":100000,"elapsed_ns":1262333}],"calibration_stop_reason":"minimum_batch_duration_reached","precision_status":"minimum_batch_duration_reached","max_calls":1000000,"max_calibration_attempts":5,"min_batch_ns":1000000,"initial_call_formula":"clamp(1000000 / max(1,H+yielded_waiters),1,1000000)","timed_operations":"loop and ordered helper invocations with black-boxed result","waiters_sorted_outside_timer":true,"fixture_creation_and_holder_construction_excluded":true,"production_flow_integrated":false,"end_to_end_speedup_claim":false}
Native owner (macos-15)	Q5.2 supplementary queue benchmark checks	2026-10-05T02:06:22.2497380Z Q52_ROW {"scenario":"production_ordered_selector_kernel","scope_label":"ordered helper only; excludes Flow index maintenance and holder projection","mode":"ineligible_holders","waiters_W":100000,"holders_H":10,"repeat":4,"calls":100000,"elapsed_ns":1278750,"ns_per_call":12.7875,"yielded_waiters_per_call_untimed":0,"expected_pair":"none","verified":true,"attempt_count":1,"attempts":[{"attempt":1,"calls":100000,"elapsed_ns":1278750}],"calibration_stop_reason":"minimum_batch_duration_reached","precision_status":"minimum_batch_duration_reached","max_calls":1000000,"max_calibration_attempts":5,"min_batch_ns":1000000,"initial_call_formula":"clamp(1000000 / max(1,H+yielded_waiters),1,1000000)","timed_operations":"loop and ordered helper invocations with black-boxed result","waiters_sorted_outside_timer":true,"fixture_creation_and_holder_construction_excluded":true,"production_flow_integrated":false,"end_to_end_speedup_claim":false}
Native owner (macos-15)	Q5.2 supplementary queue benchmark checks	2026-10-05T02:06:22.2531590Z Q52_ROW {"scenario":"production_ordered_selector_kernel","scope_label":"ordered helper only; excludes Flow index maintenance and holder projection","mode":"ineligible_holders","waiters_W":100000,"holders_H":10,"repeat":5,"calls":100000,"elapsed_ns":1278459,"ns_per_call":12.7846,"yielded_waiters_per_call_untimed":0,"expected_pair":"none","verified":true,"attempt_count":1,"attempts":[{"attempt":1,"calls":100000,"elapsed_ns":1278459}],"calibration_stop_reason":"minimum_batch_duration_reached","precision_status":"minimum_batch_duration_reached","max_calls":1000000,"max_calibration_attempts":5,"min_batch_ns":1000000,"initial_call_formula":"clamp(1000000 / max(1,H+yielded_waiters),1,1000000)","timed_operations":"loop and ordered helper invocations with black-boxed result","waiters_sorted_outside_timer":true,"fixture_creation_and_holder_construction_excluded":true,"production_flow_integrated":false,"end_to_end_speedup_claim":false}
Native owner (macos-15)	Q5.2 supplementary queue benchmark checks	2026-10-05T02:06:22.2559840Z Q52_ROW {"scenario":"production_ordered_selector_kernel","scope_label":"ordered helper only; excludes Flow index maintenance and holder projection","mode":"all_nonpreempting_waiters","waiters_W":100000,"holders_H":10,"repeat":1,"calls":18,"elapsed_ns":1246541,"ns_per_call":69252.2778,"yielded_waiters_per_call_untimed":100000,"expected_pair":"none","verified":true,"attempt_count":2,"attempts":[{"attempt":1,"calls":9,"elapsed_ns":615042},{"attempt":2,"calls":18,"elapsed_ns":1246541}],"calibration_stop_reason":"minimum_batch_duration_reached","precision_status":"minimum_batch_duration_reached","max_calls":1000000,"max_calibration_attempts":5,"min_batch_ns":1000000,"initial_call_formula":"clamp(1000000 / max(1,H+yielded_waiters),1,1000000)","timed_operations":"loop and ordered helper invocations with black-boxed result","waiters_sorted_outside_timer":true,"fixture_creation_and_holder_construction_excluded":true,"production_flow_integrated":false,"end_to_end_speedup_claim":false}
Native owner (macos-15)	Q5.2 supplementary queue benchmark checks	2026-10-05T02:06:22.2587090Z Q52_ROW {"scenario":"production_ordered_selector_kernel","scope_label":"ordered helper only; excludes Flow index maintenance and holder projection","mode":"all_nonpreempting_waiters","waiters_W":100000,"holders_H":10,"repeat":2,"calls":18,"elapsed_ns":1250375,"ns_per_call":69465.2778,"yielded_waiters_per_call_untimed":100000,"expected_pair":"none","verified":true,"attempt_count":2,"attempts":[{"attempt":1,"calls":9,"elapsed_ns":617667},{"attempt":2,"calls":18,"elapsed_ns":1250375}],"calibration_stop_reason":"minimum_batch_duration_reached","precision_status":"minimum_batch_duration_reached","max_calls":1000000,"max_calibration_attempts":5,"min_batch_ns":1000000,"initial_call_formula":"clamp(1000000 / max(1,H+yielded_waiters),1,1000000)","timed_operations":"loop and ordered helper invocations with black-boxed result","waiters_sorted_outside_timer":true,"fixture_creation_and_holder_construction_excluded":true,"production_flow_integrated":false,"end_to_end_speedup_claim":false}
Native owner (macos-15)	Q5.2 supplementary queue benchmark checks	2026-10-05T02:06:22.2614350Z Q52_ROW {"scenario":"production_ordered_selector_kernel","scope_label":"ordered helper only; excludes Flow index maintenance and holder projection","mode":"all_nonpreempting_waiters","waiters_W":100000,"holders_H":10,"repeat":3,"calls":18,"elapsed_ns":1240875,"ns_per_call":68937.5000,"yielded_waiters_per_call_untimed":100000,"expected_pair":"none","verified":true,"attempt_count":2,"attempts":[{"attempt":1,"calls":9,"elapsed_ns":619709},{"attempt":2,"calls":18,"elapsed_ns":1240875}],"calibration_stop_reason":"minimum_batch_duration_reached","precision_status":"minimum_batch_duration_reached","max_calls":1000000,"max_calibration_attempts":5,"min_batch_ns":1000000,"initial_call_formula":"clamp(1000000 / max(1,H+yielded_waiters),1,1000000)","timed_operations":"loop and ordered helper invocations with black-boxed result","waiters_sorted_outside_timer":true,"fixture_creation_and_holder_construction_excluded":true,"production_flow_integrated":false,"end_to_end_speedup_claim":false}
Native owner (macos-15)	Q5.2 supplementary queue benchmark checks	2026-10-05T02:06:22.2643270Z Q52_ROW {"scenario":"production_ordered_selector_kernel","scope_label":"ordered helper only; excludes Flow index maintenance and holder projection","mode":"all_nonpreempting_waiters","waiters_W":100000,"holders_H":10,"repeat":4,"calls":18,"elapsed_ns":1278875,"ns_per_call":71048.6111,"yielded_waiters_per_call_untimed":100000,"expected_pair":"none","verified":true,"attempt_count":2,"attempts":[{"attempt":1,"calls":9,"elapsed_ns":628250},{"attempt":2,"calls":18,"elapsed_ns":1278875}],"calibration_stop_reason":"minimum_batch_duration_reached","precision_status":"minimum_batch_duration_reached","max_calls":1000000,"max_calibration_attempts":5,"min_batch_ns":1000000,"initial_call_formula":"clamp(1000000 / max(1,H+yielded_waiters),1,1000000)","timed_operations":"loop and ordered helper invocations with black-boxed result","waiters_sorted_outside_timer":true,"fixture_creation_and_holder_construction_excluded":true,"production_flow_integrated":false,"end_to_end_speedup_claim":false}
Native owner (macos-15)	Q5.2 supplementary queue benchmark checks	2026-10-05T02:06:22.2671570Z Q52_ROW {"scenario":"production_ordered_selector_kernel","scope_label":"ordered helper only; excludes Flow index maintenance and holder projection","mode":"all_nonpreempting_waiters","waiters_W":100000,"holders_H":10,"repeat":5,"calls":18,"elapsed_ns":1245792,"ns_per_call":69210.6667,"yielded_waiters_per_call_untimed":100000,"expected_pair":"none","verified":true,"attempt_count":2,"attempts":[{"attempt":1,"calls":9,"elapsed_ns":619167},{"attempt":2,"calls":18,"elapsed_ns":1245792}],"calibration_stop_reason":"minimum_batch_duration_reached","precision_status":"minimum_batch_duration_reached","max_calls":1000000,"max_calibration_attempts":5,"min_batch_ns":1000000,"initial_call_formula":"clamp(1000000 / max(1,H+yielded_waiters),1,1000000)","timed_operations":"loop and ordered helper invocations with black-boxed result","waiters_sorted_outside_timer":true,"fixture_creation_and_holder_construction_excluded":true,"production_flow_integrated":false,"end_to_end_speedup_claim":false}
Native owner (macos-15)	Q5.2 supplementary queue benchmark checks	2026-10-05T02:06:22.2776310Z Q52_ROW {"scenario":"historical_sorting_reference","implementation_label":"historical_sorting_reference","match":"no_match","waiters_W":100000,"holders_H":100,"repeat":1,"calls":1,"waiter_sort_items":100000,"waiters_attempted":100000,"holder_candidates_examined":10000000,"elapsed_ns":10276000,"ops":1,"ns_per_call":10276000.0000,"calls_per_second":97.3141,"expected_pair":"none","verified":true}
Native owner (macos-15)	Q5.2 supplementary queue benchmark checks	2026-10-05T02:06:22.2903810Z Q52_ROW {"scenario":"production_ordered_selector_kernel","scope_label":"ordered helper only; excludes Flow index maintenance and holder projection","mode":"equal_priority_no_match","waiters_W":100000,"holders_H":100,"repeat":1,"calls":9900,"elapsed_ns":2827417,"ns_per_call":285.5977,"yielded_waiters_per_call_untimed":1,"expected_pair":"none","verified":true,"attempt_count":1,"attempts":[{"attempt":1,"calls":9900,"elapsed_ns":2827417}],"calibration_stop_reason":"minimum_batch_duration_reached","precision_status":"minimum_batch_duration_reached","max_calls":1000000,"max_calibration_attempts":5,"min_batch_ns":1000000,"initial_call_formula":"clamp(1000000 / max(1,H+yielded_waiters),1,1000000)","timed_operations":"loop and ordered helper invocations with black-boxed result","waiters_sorted_outside_timer":true,"fixture_creation_and_holder_construction_excluded":true,"production_flow_integrated":false,"end_to_end_speedup_claim":false}
Native owner (macos-15)	Q5.2 supplementary queue benchmark checks	2026-10-05T02:06:22.3031020Z Q52_ROW {"scenario":"historical_sorting_reference","implementation_label":"historical_sorting_reference","match":"no_match","waiters_W":100000,"holders_H":100,"repeat":2,"calls":1,"waiter_sort_items":100000,"waiters_attempted":100000,"holder_candidates_examined":10000000,"elapsed_ns":7979041,"ops":1,"ns_per_call":7979041.0000,"calls_per_second":125.3283,"expected_pair":"none","verified":true}
Native owner (macos-15)	Q5.2 supplementary queue benchmark checks	2026-10-05T02:06:22.3457150Z Q52_ROW {"scenario":"production_ordered_selector_kernel","scope_label":"ordered helper only; excludes Flow index maintenance and holder projection","mode":"equal_priority_no_match","waiters_W":100000,"holders_H":100,"repeat":2,"calls":9900,"elapsed_ns":3489834,"ns_per_call":352.5085,"yielded_waiters_per_call_untimed":1,"expected_pair":"none","verified":true,"attempt_count":1,"attempts":[{"attempt":1,"calls":9900,"elapsed_ns":3489834}],"calibration_stop_reason":"minimum_batch_duration_reached","precision_status":"minimum_batch_duration_reached","max_calls":1000000,"max_calibration_attempts":5,"min_batch_ns":1000000,"initial_call_formula":"clamp(1000000 / max(1,H+yielded_waiters),1,1000000)","timed_operations":"loop and ordered helper invocations with black-boxed result","waiters_sorted_outside_timer":true,"fixture_creation_and_holder_construction_excluded":true,"production_flow_integrated":false,"end_to_end_speedup_claim":false}
Native owner (macos-15)	Q5.2 supplementary queue benchmark checks	2026-10-05T02:06:22.3589140Z Q52_ROW {"scenario":"historical_sorting_reference","implementation_label":"historical_sorting_reference","match":"no_match","waiters_W":100000,"holders_H":100,"repeat":3,"calls":1,"waiter_sort_items":100000,"waiters_attempted":100000,"holder_candidates_examined":10000000,"elapsed_ns":9086709,"ops":1,"ns_per_call":9086709.0000,"calls_per_second":110.0508,"expected_pair":"none","verified":true}
Native owner (macos-15)	Q5.2 supplementary queue benchmark checks	2026-10-05T02:06:22.3719320Z Q52_ROW {"scenario":"production_ordered_selector_kernel","scope_label":"ordered helper only; excludes Flow index maintenance and holder projection","mode":"equal_priority_no_match","waiters_W":100000,"holders_H":100,"repeat":3,"calls":9900,"elapsed_ns":2799542,"ns_per_call":282.7820,"yielded_waiters_per_call_untimed":1,"expected_pair":"none","verified":true,"attempt_count":1,"attempts":[{"attempt":1,"calls":9900,"elapsed_ns":2799542}],"calibration_stop_reason":"minimum_batch_duration_reached","precision_status":"minimum_batch_duration_reached","max_calls":1000000,"max_calibration_attempts":5,"min_batch_ns":1000000,"initial_call_formula":"clamp(1000000 / max(1,H+yielded_waiters),1,1000000)","timed_operations":"loop and ordered helper invocations with black-boxed result","waiters_sorted_outside_timer":true,"fixture_creation_and_holder_construction_excluded":true,"production_flow_integrated":false,"end_to_end_speedup_claim":false}
Native owner (macos-15)	Q5.2 supplementary queue benchmark checks	2026-10-05T02:06:22.3723080Z Q52_ROW {"scenario":"historical_sorting_reference","implementation_label":"historical_sorting_reference","match":"no_match","waiters_W":100000,"holders_H":100,"repeat":4,"calls":1,"waiter_sort_items":100000,"waiters_attempted":100000,"holder_candidates_examined":10000000,"elapsed_ns":8538250,"ops":1,"ns_per_call":8538250.0000,"calls_per_second":117.1200,"expected_pair":"none","verified":true}
Native owner (macos-15)	Q5.2 supplementary queue benchmark checks	2026-10-05T02:06:22.3833620Z Q52_ROW {"scenario":"production_ordered_selector_kernel","scope_label":"ordered helper only; excludes Flow index maintenance and holder projection","mode":"equal_priority_no_match","waiters_W":100000,"holders_H":100,"repeat":4,"calls":9900,"elapsed_ns":5478084,"ns_per_call":553.3418,"yielded_waiters_per_call_untimed":1,"expected_pair":"none","verified":true,"attempt_count":1,"attempts":[{"attempt":1,"calls":9900,"elapsed_ns":5478084}],"calibration_stop_reason":"minimum_batch_duration_reached","precision_status":"minimum_batch_duration_reached","max_calls":1000000,"max_calibration_attempts":5,"min_batch_ns":1000000,"initial_call_formula":"clamp(1000000 / max(1,H+yielded_waiters),1,1000000)","timed_operations":"loop and ordered helper invocations with black-boxed result","waiters_sorted_outside_timer":true,"fixture_creation_and_holder_construction_excluded":true,"production_flow_integrated":false,"end_to_end_speedup_claim":false}
Native owner (macos-15)	Q5.2 supplementary queue benchmark checks	2026-10-05T02:06:22.3937920Z Q52_ROW {"scenario":"historical_sorting_reference","implementation_label":"historical_sorting_reference","match":"no_match","waiters_W":100000,"holders_H":100,"repeat":5,"calls":1,"waiter_sort_items":100000,"waiters_attempted":100000,"holder_candidates_examined":10000000,"elapsed_ns":7941750,"ops":1,"ns_per_call":7941750.0000,"calls_per_second":125.9168,"expected_pair":"none","verified":true}
Native owner (macos-15)	Q5.2 supplementary queue benchmark checks	2026-10-05T02:06:22.4042150Z Q52_ROW {"scenario":"production_ordered_selector_kernel","scope_label":"ordered helper only; excludes Flow index maintenance and holder projection","mode":"equal_priority_no_match","waiters_W":100000,"holders_H":100,"repeat":5,"calls":9900,"elapsed_ns":2660459,"ns_per_call":268.7332,"yielded_waiters_per_call_untimed":1,"expected_pair":"none","verified":true,"attempt_count":1,"attempts":[{"attempt":1,"calls":9900,"elapsed_ns":2660459}],"calibration_stop_reason":"minimum_batch_duration_reached","precision_status":"minimum_batch_duration_reached","max_calls":1000000,"max_calibration_attempts":5,"min_batch_ns":1000000,"initial_call_formula":"clamp(1000000 / max(1,H+yielded_waiters),1,1000000)","timed_operations":"loop and ordered helper invocations with black-boxed result","waiters_sorted_outside_timer":true,"fixture_creation_and_holder_construction_excluded":true,"production_flow_integrated":false,"end_to_end_speedup_claim":false}
Native owner (macos-15)	Q5.2 supplementary queue benchmark checks	2026-10-05T02:06:22.4146240Z Q52_ROW {"scenario":"historical_sorting_reference","implementation_label":"historical_sorting_reference","match":"matched","waiters_W":100000,"holders_H":100,"repeat":1,"calls":1,"waiter_sort_items":100000,"waiters_attempted":1,"holder_candidates_examined":100,"elapsed_ns":136375,"ops":1,"ns_per_call":136375.0000,"calls_per_second":7332.7223,"expected_pair":"0:99","verified":true}
Native owner (macos-15)	Q5.2 supplementary queue benchmark checks	2026-10-05T02:06:22.4250950Z Q52_ROW {"scenario":"production_ordered_selector_kernel","scope_label":"ordered helper only; excludes Flow index maintenance and holder projection","mode":"matched","waiters_W":100000,"holders_H":100,"repeat":1,"calls":9900,"elapsed_ns":2626584,"ns_per_call":265.3115,"yielded_waiters_per_call_untimed":1,"expected_pair":"0:99","verified":true,"attempt_count":1,"attempts":[{"attempt":1,"calls":9900,"elapsed_ns":2626584}],"calibration_stop_reason":"minimum_batch_duration_reached","precision_status":"minimum_batch_duration_reached","max_calls":1000000,"max_calibration_attempts":5,"min_batch_ns":1000000,"initial_call_formula":"clamp(1000000 / max(1,H+yielded_waiters),1,1000000)","timed_operations":"loop and ordered helper invocations with black-boxed result","waiters_sorted_outside_timer":true,"fixture_creation_and_holder_construction_excluded":true,"production_flow_integrated":false,"end_to_end_speedup_claim":false}
Native owner (macos-15)	Q5.2 supplementary queue benchmark checks	2026-10-05T02:06:22.4350760Z Q52_ROW {"scenario":"historical_sorting_reference","implementation_label":"historical_sorting_reference","match":"matched","waiters_W":100000,"holders_H":100,"repeat":2,"calls":1,"waiter_sort_items":100000,"waiters_attempted":1,"holder_candidates_examined":100,"elapsed_ns":188500,"ops":1,"ns_per_call":188500.0000,"calls_per_second":5305.0398,"expected_pair":"0:99","verified":true}
Native owner (macos-15)	Q5.2 supplementary queue benchmark checks	2026-10-05T02:06:22.4376530Z Q52_ROW {"scenario":"production_ordered_selector_kernel","scope_label":"ordered helper only; excludes Flow index maintenance and holder projection","mode":"matched","waiters_W":100000,"holders_H":100,"repeat":2,"calls":9900,"elapsed_ns":2627875,"ns_per_call":265.4419,"yielded_waiters_per_call_untimed":1,"expected_pair":"0:99","verified":true,"attempt_count":1,"attempts":[{"attempt":1,"calls":9900,"elapsed_ns":2627875}],"calibration_stop_reason":"minimum_batch_duration_reached","precision_status":"minimum_batch_duration_reached","max_calls":1000000,"max_calibration_attempts":5,"min_batch_ns":1000000,"initial_call_formula":"clamp(1000000 / max(1,H+yielded_waiters),1,1000000)","timed_operations":"loop and ordered helper invocations with black-boxed result","waiters_sorted_outside_timer":true,"fixture_creation_and_holder_construction_excluded":true,"production_flow_integrated":false,"end_to_end_speedup_claim":false}
Native owner (macos-15)	Q5.2 supplementary queue benchmark checks	2026-10-05T02:06:22.4484730Z Q52_ROW {"scenario":"historical_sorting_reference","implementation_label":"historical_sorting_reference","match":"matched","waiters_W":100000,"holders_H":100,"repeat":3,"calls":1,"waiter_sort_items":100000,"waiters_attempted":1,"holder_candidates_examined":100,"elapsed_ns":146334,"ops":1,"ns_per_call":146334.0000,"calls_per_second":6833.6819,"expected_pair":"0:99","verified":true}
Native owner (macos-15)	Q5.2 supplementary queue benchmark checks	2026-10-05T02:06:22.4488120Z Q52_ROW {"scenario":"production_ordered_selector_kernel","scope_label":"ordered helper only; excludes Flow index maintenance and holder projection","mode":"matched","waiters_W":100000,"holders_H":100,"repeat":3,"calls":9900,"elapsed_ns":2614166,"ns_per_call":264.0572,"yielded_waiters_per_call_untimed":1,"expected_pair":"0:99","verified":true,"attempt_count":1,"attempts":[{"attempt":1,"calls":9900,"elapsed_ns":2614166}],"calibration_stop_reason":"minimum_batch_duration_reached","precision_status":"minimum_batch_duration_reached","max_calls":1000000,"max_calibration_attempts":5,"min_batch_ns":1000000,"initial_call_formula":"clamp(1000000 / max(1,H+yielded_waiters),1,1000000)","timed_operations":"loop and ordered helper invocations with black-boxed result","waiters_sorted_outside_timer":true,"fixture_creation_and_holder_construction_excluded":true,"production_flow_integrated":false,"end_to_end_speedup_claim":false}
Native owner (macos-15)	Q5.2 supplementary queue benchmark checks	2026-10-05T02:06:22.4491720Z Q52_ROW {"scenario":"historical_sorting_reference","implementation_label":"historical_sorting_reference","match":"matched","waiters_W":100000,"holders_H":100,"repeat":4,"calls":1,"waiter_sort_items":100000,"waiters_attempted":1,"holder_candidates_examined":100,"elapsed_ns":152541,"ops":1,"ns_per_call":152541.0000,"calls_per_second":6555.6146,"expected_pair":"0:99","verified":true}
Native owner (macos-15)	Q5.2 supplementary queue benchmark checks	2026-10-05T02:06:22.4495390Z Q52_ROW {"scenario":"production_ordered_selector_kernel","scope_label":"ordered helper only; excludes Flow index maintenance and holder projection","mode":"matched","waiters_W":100000,"holders_H":100,"repeat":4,"calls":9900,"elapsed_ns":2630958,"ns_per_call":265.7533,"yielded_waiters_per_call_untimed":1,"expected_pair":"0:99","verified":true,"attempt_count":1,"attempts":[{"attempt":1,"calls":9900,"elapsed_ns":2630958}],"calibration_stop_reason":"minimum_batch_duration_reached","precision_status":"minimum_batch_duration_reached","max_calls":1000000,"max_calibration_attempts":5,"min_batch_ns":1000000,"initial_call_formula":"clamp(1000000 / max(1,H+yielded_waiters),1,1000000)","timed_operations":"loop and ordered helper invocations with black-boxed result","waiters_sorted_outside_timer":true,"fixture_creation_and_holder_construction_excluded":true,"production_flow_integrated":false,"end_to_end_speedup_claim":false}
Native owner (macos-15)	Q5.2 supplementary queue benchmark checks	2026-10-05T02:06:22.4499190Z Q52_ROW {"scenario":"historical_sorting_reference","implementation_label":"historical_sorting_reference","match":"matched","waiters_W":100000,"holders_H":100,"repeat":5,"calls":1,"waiter_sort_items":100000,"waiters_attempted":1,"holder_candidates_examined":100,"elapsed_ns":135166,"ops":1,"ns_per_call":135166.0000,"calls_per_second":7398.3102,"expected_pair":"0:99","verified":true}
Native owner (macos-15)	Q5.2 supplementary queue benchmark checks	2026-10-05T02:06:22.4502840Z Q52_ROW {"scenario":"production_ordered_selector_kernel","scope_label":"ordered helper only; excludes Flow index maintenance and holder projection","mode":"matched","waiters_W":100000,"holders_H":100,"repeat":5,"calls":9900,"elapsed_ns":2605417,"ns_per_call":263.1734,"yielded_waiters_per_call_untimed":1,"expected_pair":"0:99","verified":true,"attempt_count":1,"attempts":[{"attempt":1,"calls":9900,"elapsed_ns":2605417}],"calibration_stop_reason":"minimum_batch_duration_reached","precision_status":"minimum_batch_duration_reached","max_calls":1000000,"max_calibration_attempts":5,"min_batch_ns":1000000,"initial_call_formula":"clamp(1000000 / max(1,H+yielded_waiters),1,1000000)","timed_operations":"loop and ordered helper invocations with black-boxed result","waiters_sorted_outside_timer":true,"fixture_creation_and_holder_construction_excluded":true,"production_flow_integrated":false,"end_to_end_speedup_claim":false}
Native owner (macos-15)	Q5.2 supplementary queue benchmark checks	2026-10-05T02:06:22.4507890Z Q52_ROW {"scenario":"production_ordered_selector_kernel","scope_label":"ordered helper only; excludes Flow index maintenance and holder projection","mode":"ineligible_holders","waiters_W":100000,"holders_H":100,"repeat":1,"calls":10000,"elapsed_ns":1097083,"ns_per_call":109.7083,"yielded_waiters_per_call_untimed":0,"expected_pair":"none","verified":true,"attempt_count":1,"attempts":[{"attempt":1,"calls":10000,"elapsed_ns":1097083}],"calibration_stop_reason":"minimum_batch_duration_reached","precision_status":"minimum_batch_duration_reached","max_calls":1000000,"max_calibration_attempts":5,"min_batch_ns":1000000,"initial_call_formula":"clamp(1000000 / max(1,H+yielded_waiters),1,1000000)","timed_operations":"loop and ordered helper invocations with black-boxed result","waiters_sorted_outside_timer":true,"fixture_creation_and_holder_construction_excluded":true,"production_flow_integrated":false,"end_to_end_speedup_claim":false}
Native owner (macos-15)	Q5.2 supplementary queue benchmark checks	2026-10-05T02:06:22.4512710Z Q52_ROW {"scenario":"production_ordered_selector_kernel","scope_label":"ordered helper only; excludes Flow index maintenance and holder projection","mode":"ineligible_holders","waiters_W":100000,"holders_H":100,"repeat":2,"calls":10000,"elapsed_ns":1126250,"ns_per_call":112.6250,"yielded_waiters_per_call_untimed":0,"expected_pair":"none","verified":true,"attempt_count":1,"attempts":[{"attempt":1,"calls":10000,"elapsed_ns":1126250}],"calibration_stop_reason":"minimum_batch_duration_reached","precision_status":"minimum_batch_duration_reached","max_calls":1000000,"max_calibration_attempts":5,"min_batch_ns":1000000,"initial_call_formula":"clamp(1000000 / max(1,H+yielded_waiters),1,1000000)","timed_operations":"loop and ordered helper invocations with black-boxed result","waiters_sorted_outside_timer":true,"fixture_creation_and_holder_construction_excluded":true,"production_flow_integrated":false,"end_to_end_speedup_claim":false}
Native owner (macos-15)	Q5.2 supplementary queue benchmark checks	2026-10-05T02:06:22.4618860Z Q52_ROW {"scenario":"production_ordered_selector_kernel","scope_label":"ordered helper only; excludes Flow index maintenance and holder projection","mode":"ineligible_holders","waiters_W":100000,"holders_H":100,"repeat":3,"calls":10000,"elapsed_ns":1128292,"ns_per_call":112.8292,"yielded_waiters_per_call_untimed":0,"expected_pair":"none","verified":true,"attempt_count":1,"attempts":[{"attempt":1,"calls":10000,"elapsed_ns":1128292}],"calibration_stop_reason":"minimum_batch_duration_reached","precision_status":"minimum_batch_duration_reached","max_calls":1000000,"max_calibration_attempts":5,"min_batch_ns":1000000,"initial_call_formula":"clamp(1000000 / max(1,H+yielded_waiters),1,1000000)","timed_operations":"loop and ordered helper invocations with black-boxed result","waiters_sorted_outside_timer":true,"fixture_creation_and_holder_construction_excluded":true,"production_flow_integrated":false,"end_to_end_speedup_claim":false}
Native owner (macos-15)	Q5.2 supplementary queue benchmark checks	2026-10-05T02:06:22.4772360Z Q52_ROW {"scenario":"production_ordered_selector_kernel","scope_label":"ordered helper only; excludes Flow index maintenance and holder projection","mode":"ineligible_holders","waiters_W":100000,"holders_H":100,"repeat":4,"calls":10000,"elapsed_ns":1311875,"ns_per_call":131.1875,"yielded_waiters_per_call_untimed":0,"expected_pair":"none","verified":true,"attempt_count":1,"attempts":[{"attempt":1,"calls":10000,"elapsed_ns":1311875}],"calibration_stop_reason":"minimum_batch_duration_reached","precision_status":"minimum_batch_duration_reached","max_calls":1000000,"max_calibration_attempts":5,"min_batch_ns":1000000,"initial_call_formula":"clamp(1000000 / max(1,H+yielded_waiters),1,1000000)","timed_operations":"loop and ordered helper invocations with black-boxed result","waiters_sorted_outside_timer":true,"fixture_creation_and_holder_construction_excluded":true,"production_flow_integrated":false,"end_to_end_speedup_claim":false}
Native owner (macos-15)	Q5.2 supplementary queue benchmark checks	2026-10-05T02:06:22.4953650Z Q52_ROW {"scenario":"production_ordered_selector_kernel","scope_label":"ordered helper only; excludes Flow index maintenance and holder projection","mode":"ineligible_holders","waiters_W":100000,"holders_H":100,"repeat":5,"calls":10000,"elapsed_ns":1170416,"ns_per_call":117.0416,"yielded_waiters_per_call_untimed":0,"expected_pair":"none","verified":true,"attempt_count":1,"attempts":[{"attempt":1,"calls":10000,"elapsed_ns":1170416}],"calibration_stop_reason":"minimum_batch_duration_reached","precision_status":"minimum_batch_duration_reached","max_calls":1000000,"max_calibration_attempts":5,"min_batch_ns":1000000,"initial_call_formula":"clamp(1000000 / max(1,H+yielded_waiters),1,1000000)","timed_operations":"loop and ordered helper invocations with black-boxed result","waiters_sorted_outside_timer":true,"fixture_creation_and_holder_construction_excluded":true,"production_flow_integrated":false,"end_to_end_speedup_claim":false}
Native owner (macos-15)	Q5.2 supplementary queue benchmark checks	2026-10-05T02:06:22.4983680Z Q52_ROW {"scenario":"production_ordered_selector_kernel","scope_label":"ordered helper only; excludes Flow index maintenance and holder projection","mode":"all_nonpreempting_waiters","waiters_W":100000,"holders_H":100,"repeat":1,"calls":18,"elapsed_ns":1241583,"ns_per_call":68976.8333,"yielded_waiters_per_call_untimed":100000,"expected_pair":"none","verified":true,"attempt_count":2,"attempts":[{"attempt":1,"calls":9,"elapsed_ns":651042},{"attempt":2,"calls":18,"elapsed_ns":1241583}],"calibration_stop_reason":"minimum_batch_duration_reached","precision_status":"minimum_batch_duration_reached","max_calls":1000000,"max_calibration_attempts":5,"min_batch_ns":1000000,"initial_call_formula":"clamp(1000000 / max(1,H+yielded_waiters),1,1000000)","timed_operations":"loop and ordered helper invocations with black-boxed result","waiters_sorted_outside_timer":true,"fixture_creation_and_holder_construction_excluded":true,"production_flow_integrated":false,"end_to_end_speedup_claim":false}
Native owner (macos-15)	Q5.2 supplementary queue benchmark checks	2026-10-05T02:06:22.5012880Z Q52_ROW {"scenario":"production_ordered_selector_kernel","scope_label":"ordered helper only; excludes Flow index maintenance and holder projection","mode":"all_nonpreempting_waiters","waiters_W":100000,"holders_H":100,"repeat":2,"calls":18,"elapsed_ns":1237333,"ns_per_call":68740.7222,"yielded_waiters_per_call_untimed":100000,"expected_pair":"none","verified":true,"attempt_count":2,"attempts":[{"attempt":1,"calls":9,"elapsed_ns":622959},{"attempt":2,"calls":18,"elapsed_ns":1237333}],"calibration_stop_reason":"minimum_batch_duration_reached","precision_status":"minimum_batch_duration_reached","max_calls":1000000,"max_calibration_attempts":5,"min_batch_ns":1000000,"initial_call_formula":"clamp(1000000 / max(1,H+yielded_waiters),1,1000000)","timed_operations":"loop and ordered helper invocations with black-boxed result","waiters_sorted_outside_timer":true,"fixture_creation_and_holder_construction_excluded":true,"production_flow_integrated":false,"end_to_end_speedup_claim":false}
Native owner (macos-15)	Q5.2 supplementary queue benchmark checks	2026-10-05T02:06:22.5042530Z Q52_ROW {"scenario":"production_ordered_selector_kernel","scope_label":"ordered helper only; excludes Flow index maintenance and holder projection","mode":"all_nonpreempting_waiters","waiters_W":100000,"holders_H":100,"repeat":3,"calls":18,"elapsed_ns":1347833,"ns_per_call":74879.6111,"yielded_waiters_per_call_untimed":100000,"expected_pair":"none","verified":true,"attempt_count":2,"attempts":[{"attempt":1,"calls":9,"elapsed_ns":695459},{"attempt":2,"calls":18,"elapsed_ns":1347833}],"calibration_stop_reason":"minimum_batch_duration_reached","precision_status":"minimum_batch_duration_reached","max_calls":1000000,"max_calibration_attempts":5,"min_batch_ns":1000000,"initial_call_formula":"clamp(1000000 / max(1,H+yielded_waiters),1,1000000)","timed_operations":"loop and ordered helper invocations with black-boxed result","waiters_sorted_outside_timer":true,"fixture_creation_and_holder_construction_excluded":true,"production_flow_integrated":false,"end_to_end_speedup_claim":false}
Native owner (macos-15)	Q5.2 supplementary queue benchmark checks	2026-10-05T02:06:22.5072200Z Q52_ROW {"scenario":"production_ordered_selector_kernel","scope_label":"ordered helper only; excludes Flow index maintenance and holder projection","mode":"all_nonpreempting_waiters","waiters_W":100000,"holders_H":100,"repeat":4,"calls":18,"elapsed_ns":1286792,"ns_per_call":71488.4444,"yielded_waiters_per_call_untimed":100000,"expected_pair":"none","verified":true,"attempt_count":2,"attempts":[{"attempt":1,"calls":9,"elapsed_ns":657750},{"attempt":2,"calls":18,"elapsed_ns":1286792}],"calibration_stop_reason":"minimum_batch_duration_reached","precision_status":"minimum_batch_duration_reached","max_calls":1000000,"max_calibration_attempts":5,"min_batch_ns":1000000,"initial_call_formula":"clamp(1000000 / max(1,H+yielded_waiters),1,1000000)","timed_operations":"loop and ordered helper invocations with black-boxed result","waiters_sorted_outside_timer":true,"fixture_creation_and_holder_construction_excluded":true,"production_flow_integrated":false,"end_to_end_speedup_claim":false}
Native owner (macos-15)	Q5.2 supplementary queue benchmark checks	2026-10-05T02:06:22.5102670Z Q52_ROW {"scenario":"production_ordered_selector_kernel","scope_label":"ordered helper only; excludes Flow index maintenance and holder projection","mode":"all_nonpreempting_waiters","waiters_W":100000,"holders_H":100,"repeat":5,"calls":18,"elapsed_ns":1347166,"ns_per_call":74842.5556,"yielded_waiters_per_call_untimed":100000,"expected_pair":"none","verified":true,"attempt_count":2,"attempts":[{"attempt":1,"calls":9,"elapsed_ns":630250},{"attempt":2,"calls":18,"elapsed_ns":1347166}],"calibration_stop_reason":"minimum_batch_duration_reached","precision_status":"minimum_batch_duration_reached","max_calls":1000000,"max_calibration_attempts":5,"min_batch_ns":1000000,"initial_call_formula":"clamp(1000000 / max(1,H+yielded_waiters),1,1000000)","timed_operations":"loop and ordered helper invocations with black-boxed result","waiters_sorted_outside_timer":true,"fixture_creation_and_holder_construction_excluded":true,"production_flow_integrated":false,"end_to_end_speedup_claim":false}
Native owner (macos-15)	Q5.2 supplementary queue benchmark checks	2026-10-05T02:06:22.5106100Z test flow::q52_bench::benchmark_q52_measurements ... ok
Native owner (macos-15)	Q5.2 supplementary queue benchmark checks	2026-10-05T02:06:22.5106380Z 
Native owner (macos-15)	Q5.2 supplementary queue benchmark checks	2026-10-05T02:06:22.5106690Z test result: ok. 1 passed; 0 failed; 0 ignored; 0 measured; 124 filtered out; finished in 10.25s
Native owner (macos-15)	Q5.2 supplementary queue benchmark checks	2026-10-05T02:06:22.5107080Z 
Native owner (macos-15)	Q5.2 supplementary queue benchmark checks	2026-10-05T02:06:22.5107360Z      Running tests/des_integration.rs (target/release/deps/des_integration-d8ab1b95140aaad3)
Native owner (macos-15)	Q5.2 supplementary queue benchmark checks	2026-10-05T02:06:22.5152180Z 
Native owner (macos-15)	Q5.2 supplementary queue benchmark checks	2026-10-05T02:06:22.5152490Z running 0 tests
Native owner (macos-15)	Q5.2 supplementary queue benchmark checks	2026-10-05T02:06:22.5152610Z 
Native owner (macos-15)	Q5.2 supplementary queue benchmark checks	2026-10-05T02:06:22.5152840Z test result: ok. 0 passed; 0 failed; 0 ignored; 0 measured; 4 filtered out; finished in 0.00s
Native owner (macos-15)	Q5.2 supplementary queue benchmark checks	2026-10-05T02:06:22.5153180Z 
Native owner (macos-15)	Q5.2 supplementary queue benchmark checks	2026-10-05T02:06:22.5153790Z      Running tests/des_resource_queue_v1.rs (target/release/deps/des_resource_queue_v1-1446b754086a77b0)
Native owner (macos-15)	Q5.2 supplementary queue benchmark checks	2026-10-05T02:06:22.5177130Z 
Native owner (macos-15)	Q5.2 supplementary queue benchmark checks	2026-10-05T02:06:22.5177270Z running 0 tests
Native owner (macos-15)	Q5.2 supplementary queue benchmark checks	2026-10-05T02:06:22.5177450Z 
Native owner (macos-15)	Q5.2 supplementary queue benchmark checks	2026-10-05T02:06:22.5177660Z test result: ok. 0 passed; 0 failed; 0 ignored; 0 measured; 2 filtered out; finished in 0.00s
Native owner (macos-15)	Q5.2 supplementary queue benchmark checks	2026-10-05T02:06:22.5177940Z 
Native owner (macos-15)	Q5.2 supplementary queue benchmark checks	2026-10-05T02:06:22.5178180Z      Running tests/fidelity_lineage_v1.rs (target/release/deps/fidelity_lineage_v1-4b4e7ec97f856f9f)
Native owner (macos-15)	Q5.2 supplementary queue benchmark checks	2026-10-05T02:06:22.5200680Z 
Native owner (macos-15)	Q5.2 supplementary queue benchmark checks	2026-10-05T02:06:22.5200920Z running 0 tests
Native owner (macos-15)	Q5.2 supplementary queue benchmark checks	2026-10-05T02:06:22.5201030Z 
Native owner (macos-15)	Q5.2 supplementary queue benchmark checks	2026-10-05T02:06:22.5201230Z test result: ok. 0 passed; 0 failed; 0 ignored; 0 measured; 3 filtered out; finished in 0.00s
Native owner (macos-15)	Q5.2 supplementary queue benchmark checks	2026-10-05T02:06:22.5201500Z 
Native owner (macos-15)	Q5.2 supplementary queue benchmark checks	2026-10-05T02:06:22.5201720Z      Running tests/fidelity_mode_c21.rs (target/release/deps/fidelity_mode_c21-931bd16c2aebbad7)
Native owner (macos-15)	Q5.2 supplementary queue benchmark checks	2026-10-05T02:06:22.5223980Z 
Native owner (macos-15)	Q5.2 supplementary queue benchmark checks	2026-10-05T02:06:22.5224200Z running 0 tests
Native owner (macos-15)	Q5.2 supplementary queue benchmark checks	2026-10-05T02:06:22.5224660Z 
Native owner (macos-15)	Q5.2 supplementary queue benchmark checks	2026-10-05T02:06:22.5224920Z test result: ok. 0 passed; 0 failed; 0 ignored; 0 measured; 10 filtered out; finished in 0.00s
Native owner (macos-15)	Q5.2 supplementary queue benchmark checks	2026-10-05T02:06:22.5225260Z 
Native owner (macos-15)	Q5.2 supplementary queue benchmark checks	2026-10-05T02:06:22.5226610Z      Running tests/flow_actor_domain_context_v1.rs (target/release/deps/flow_actor_domain_context_v1-d42df5ef5be47294)
Native owner (macos-15)	Q5.2 supplementary queue benchmark checks	2026-10-05T02:06:22.5249710Z 
Native owner (macos-15)	Q5.2 supplementary queue benchmark checks	2026-10-05T02:06:22.5250050Z running 0 tests
Native owner (macos-15)	Q5.2 supplementary queue benchmark checks	2026-10-05T02:06:22.5250210Z 
Native owner (macos-15)	Q5.2 supplementary queue benchmark checks	2026-10-05T02:06:22.5250430Z test result: ok. 0 passed; 0 failed; 0 ignored; 0 measured; 6 filtered out; finished in 0.00s
Native owner (macos-15)	Q5.2 supplementary queue benchmark checks	2026-10-05T02:06:22.5250710Z 
Native owner (macos-15)	Q5.2 supplementary queue benchmark checks	2026-10-05T02:06:22.5251200Z      Running tests/flow_builder_migration_v1.rs (target/release/deps/flow_builder_migration_v1-5241ec5af0f6f50c)
Native owner (macos-15)	Q5.2 supplementary queue benchmark checks	2026-10-05T02:06:22.5274320Z 
Native owner (macos-15)	Q5.2 supplementary queue benchmark checks	2026-10-05T02:06:22.5274500Z running 0 tests
Native owner (macos-15)	Q5.2 supplementary queue benchmark checks	2026-10-05T02:06:22.5274650Z 
Native owner (macos-15)	Q5.2 supplementary queue benchmark checks	2026-10-05T02:06:22.5274880Z test result: ok. 0 passed; 0 failed; 0 ignored; 0 measured; 6 filtered out; finished in 0.00s
Native owner (macos-15)	Q5.2 supplementary queue benchmark checks	2026-10-05T02:06:22.5275190Z 
Native owner (macos-15)	Q5.2 supplementary queue benchmark checks	2026-10-05T02:06:22.5275750Z      Running tests/flow_capacity_v1.rs (target/release/deps/flow_capacity_v1-a0e6e77deae74a6f)
Native owner (macos-15)	Q5.2 supplementary queue benchmark checks	2026-10-05T02:06:22.5299330Z 
Native owner (macos-15)	Q5.2 supplementary queue benchmark checks	2026-10-05T02:06:22.5299480Z running 0 tests
Native owner (macos-15)	Q5.2 supplementary queue benchmark checks	2026-10-05T02:06:22.5299600Z 
Native owner (macos-15)	Q5.2 supplementary queue benchmark checks	2026-10-05T02:06:22.5299920Z test result: ok. 0 passed; 0 failed; 0 ignored; 0 measured; 5 filtered out; finished in 0.00s
Native owner (macos-15)	Q5.2 supplementary queue benchmark checks	2026-10-05T02:06:22.5300230Z 
Native owner (macos-15)	Q5.2 supplementary queue benchmark checks	2026-10-05T02:06:22.5300480Z      Running tests/flow_continuations_v1.rs (target/release/deps/flow_continuations_v1-918ba3b4156fde3e)
Native owner (macos-15)	Q5.2 supplementary queue benchmark checks	2026-10-05T02:06:22.5322410Z 
Native owner (macos-15)	Q5.2 supplementary queue benchmark checks	2026-10-05T02:06:22.5322610Z running 0 tests
Native owner (macos-15)	Q5.2 supplementary queue benchmark checks	2026-10-05T02:06:22.5322870Z 
Native owner (macos-15)	Q5.2 supplementary queue benchmark checks	2026-10-05T02:06:22.5323370Z test result: ok. 0 passed; 0 failed; 0 ignored; 0 measured; 8 filtered out; finished in 0.00s
Native owner (macos-15)	Q5.2 supplementary queue benchmark checks	2026-10-05T02:06:22.5323740Z 
Native owner (macos-15)	Q5.2 supplementary queue benchmark checks	2026-10-05T02:06:22.5324810Z      Running tests/flow_determinism_conformance_v1.rs (target/release/deps/flow_determinism_conformance_v1-a7005796dd44d949)
Native owner (macos-15)	Q5.2 supplementary queue benchmark checks	2026-10-05T02:06:22.5345080Z 
Native owner (macos-15)	Q5.2 supplementary queue benchmark checks	2026-10-05T02:06:22.5345960Z running 0 tests
Native owner (macos-15)	Q5.2 supplementary queue benchmark checks	2026-10-05T02:06:22.5346260Z 
Native owner (macos-15)	Q5.2 supplementary queue benchmark checks	2026-10-05T02:06:22.5346790Z test result: ok. 0 passed; 0 failed; 0 ignored; 0 measured; 1 filtered out; finished in 0.00s
Native owner (macos-15)	Q5.2 supplementary queue benchmark checks	2026-10-05T02:06:22.5347590Z 
Native owner (macos-15)	Q5.2 supplementary queue benchmark checks	2026-10-05T02:06:22.5348370Z      Running tests/flow_errors_v1.rs (target/release/deps/flow_errors_v1-f596d74beec0753c)
Native owner (macos-15)	Q5.2 supplementary queue benchmark checks	2026-10-05T02:06:22.5367890Z 
Native owner (macos-15)	Q5.2 supplementary queue benchmark checks	2026-10-05T02:06:22.5368150Z running 0 tests
Native owner (macos-15)	Q5.2 supplementary queue benchmark checks	2026-10-05T02:06:22.5368460Z 
Native owner (macos-15)	Q5.2 supplementary queue benchmark checks	2026-10-05T02:06:22.5368810Z test result: ok. 0 passed; 0 failed; 0 ignored; 0 measured; 1 filtered out; finished in 0.00s
Native owner (macos-15)	Q5.2 supplementary queue benchmark checks	2026-10-05T02:06:22.5369110Z 
Native owner (macos-15)	Q5.2 supplementary queue benchmark checks	2026-10-05T02:06:22.5369410Z      Running tests/flow_lifecycle_snapshot_v1.rs (target/release/deps/flow_lifecycle_snapshot_v1-13c03e36069106f4)
Native owner (macos-15)	Q5.2 supplementary queue benchmark checks	2026-10-05T02:06:22.5391770Z 
Native owner (macos-15)	Q5.2 supplementary queue benchmark checks	2026-10-05T02:06:22.5391930Z running 0 tests
Native owner (macos-15)	Q5.2 supplementary queue benchmark checks	2026-10-05T02:06:22.5392070Z 
Native owner (macos-15)	Q5.2 supplementary queue benchmark checks	2026-10-05T02:06:22.5392270Z test result: ok. 0 passed; 0 failed; 0 ignored; 0 measured; 8 filtered out; finished in 0.00s
Native owner (macos-15)	Q5.2 supplementary queue benchmark checks	2026-10-05T02:06:22.5392680Z 
Native owner (macos-15)	Q5.2 supplementary queue benchmark checks	2026-10-05T02:06:22.5392980Z      Running tests/flow_lifecycle_v1.rs (target/release/deps/flow_lifecycle_v1-162d4a2b813aedf8)
Native owner (macos-15)	Q5.2 supplementary queue benchmark checks	2026-10-05T02:06:22.5414740Z 
Native owner (macos-15)	Q5.2 supplementary queue benchmark checks	2026-10-05T02:06:22.5415140Z running 0 tests
Native owner (macos-15)	Q5.2 supplementary queue benchmark checks	2026-10-05T02:06:22.5415280Z 
Native owner (macos-15)	Q5.2 supplementary queue benchmark checks	2026-10-05T02:06:22.5415540Z test result: ok. 0 passed; 0 failed; 0 ignored; 0 measured; 4 filtered out; finished in 0.00s
Native owner (macos-15)	Q5.2 supplementary queue benchmark checks	2026-10-05T02:06:22.5415850Z 
Native owner (macos-15)	Q5.2 supplementary queue benchmark checks	2026-10-05T02:06:22.5416220Z      Running tests/flow_preemption_eligibility_v1.rs (target/release/deps/flow_preemption_eligibility_v1-f6d588f5a3fe7d84)
Native owner (macos-15)	Q5.2 supplementary queue benchmark checks	2026-10-05T02:06:22.5438490Z 
Native owner (macos-15)	Q5.2 supplementary queue benchmark checks	2026-10-05T02:06:22.5438660Z running 0 tests
Native owner (macos-15)	Q5.2 supplementary queue benchmark checks	2026-10-05T02:06:22.5438760Z 
Native owner (macos-15)	Q5.2 supplementary queue benchmark checks	2026-10-05T02:06:22.5438960Z test result: ok. 0 passed; 0 failed; 0 ignored; 0 measured; 8 filtered out; finished in 0.00s
Native owner (macos-15)	Q5.2 supplementary queue benchmark checks	2026-10-05T02:06:22.5439280Z 
Native owner (macos-15)	Q5.2 supplementary queue benchmark checks	2026-10-05T02:06:22.5439970Z      Running tests/flow_preemption_primary_v1.rs (target/release/deps/flow_preemption_primary_v1-4a3abd088c94d675)
Native owner (macos-15)	Q5.2 supplementary queue benchmark checks	2026-10-05T02:06:22.5462760Z 
Native owner (macos-15)	Q5.2 supplementary queue benchmark checks	2026-10-05T02:06:22.5462920Z running 0 tests
Native owner (macos-15)	Q5.2 supplementary queue benchmark checks	2026-10-05T02:06:22.5463040Z 
Native owner (macos-15)	Q5.2 supplementary queue benchmark checks	2026-10-05T02:06:22.5463360Z test result: ok. 0 passed; 0 failed; 0 ignored; 0 measured; 1 filtered out; finished in 0.00s
Native owner (macos-15)	Q5.2 supplementary queue benchmark checks	2026-10-05T02:06:22.5463690Z 
Native owner (macos-15)	Q5.2 supplementary queue benchmark checks	2026-10-05T02:06:22.5464020Z      Running tests/flow_preemption_property_v1.rs (target/release/deps/flow_preemption_property_v1-0ad463bf5add7b51)
Native owner (macos-15)	Q5.2 supplementary queue benchmark checks	2026-10-05T02:06:22.5486940Z 
Native owner (macos-15)	Q5.2 supplementary queue benchmark checks	2026-10-05T02:06:22.5487480Z running 0 tests
Native owner (macos-15)	Q5.2 supplementary queue benchmark checks	2026-10-05T02:06:22.5488110Z 
Native owner (macos-15)	Q5.2 supplementary queue benchmark checks	2026-10-05T02:06:22.5488430Z test result: ok. 0 passed; 0 failed; 0 ignored; 0 measured; 1 filtered out; finished in 0.00s
Native owner (macos-15)	Q5.2 supplementary queue benchmark checks	2026-10-05T02:06:22.5488800Z 
Native owner (macos-15)	Q5.2 supplementary queue benchmark checks	2026-10-05T02:06:22.5489220Z      Running tests/flow_preemption_secondary_v1.rs (target/release/deps/flow_preemption_secondary_v1-ef56a1164e1120b2)
Native owner (macos-15)	Q5.2 supplementary queue benchmark checks	2026-10-05T02:06:22.5511500Z 
Native owner (macos-15)	Q5.2 supplementary queue benchmark checks	2026-10-05T02:06:22.5511720Z running 0 tests
Native owner (macos-15)	Q5.2 supplementary queue benchmark checks	2026-10-05T02:06:22.5511870Z 
Native owner (macos-15)	Q5.2 supplementary queue benchmark checks	2026-10-05T02:06:22.5512080Z test result: ok. 0 passed; 0 failed; 0 ignored; 0 measured; 1 filtered out; finished in 0.00s
Native owner (macos-15)	Q5.2 supplementary queue benchmark checks	2026-10-05T02:06:22.5512400Z 
Native owner (macos-15)	Q5.2 supplementary queue benchmark checks	2026-10-05T02:06:22.5512670Z      Running tests/flow_queue_v1.rs (target/release/deps/flow_queue_v1-d7e48d754c246c4d)
Native owner (macos-15)	Q5.2 supplementary queue benchmark checks	2026-10-05T02:06:22.5534710Z 
Native owner (macos-15)	Q5.2 supplementary queue benchmark checks	2026-10-05T02:06:22.5534860Z running 0 tests
Native owner (macos-15)	Q5.2 supplementary queue benchmark checks	2026-10-05T02:06:22.5535040Z 
Native owner (macos-15)	Q5.2 supplementary queue benchmark checks	2026-10-05T02:06:22.5535250Z test result: ok. 0 passed; 0 failed; 0 ignored; 0 measured; 8 filtered out; finished in 0.00s
Native owner (macos-15)	Q5.2 supplementary queue benchmark checks	2026-10-05T02:06:22.5535530Z 
Native owner (macos-15)	Q5.2 supplementary queue benchmark checks	2026-10-05T02:06:22.5535940Z      Running tests/flow_registration_phase_v1.rs (target/release/deps/flow_registration_phase_v1-a80502c7d39f3270)
Native owner (macos-15)	Q5.2 supplementary queue benchmark checks	2026-10-05T02:06:22.5557480Z 
Native owner (macos-15)	Q5.2 supplementary queue benchmark checks	2026-10-05T02:06:22.5557690Z running 0 tests
Native owner (macos-15)	Q5.2 supplementary queue benchmark checks	2026-10-05T02:06:22.5557810Z 
Native owner (macos-15)	Q5.2 supplementary queue benchmark checks	2026-10-05T02:06:22.5558010Z test result: ok. 0 passed; 0 failed; 0 ignored; 0 measured; 5 filtered out; finished in 0.00s
Native owner (macos-15)	Q5.2 supplementary queue benchmark checks	2026-10-05T02:06:22.5558300Z 
Native owner (macos-15)	Q5.2 supplementary queue benchmark checks	2026-10-05T02:06:22.5558770Z      Running tests/flow_same_tick_budget_v1.rs (target/release/deps/flow_same_tick_budget_v1-ddf4f69392df71b0)
Native owner (macos-15)	Q5.2 supplementary queue benchmark checks	2026-10-05T02:06:22.5581660Z 
Native owner (macos-15)	Q5.2 supplementary queue benchmark checks	2026-10-05T02:06:22.5582230Z running 0 tests
Native owner (macos-15)	Q5.2 supplementary queue benchmark checks	2026-10-05T02:06:22.5582580Z 
Native owner (macos-15)	Q5.2 supplementary queue benchmark checks	2026-10-05T02:06:22.5583150Z test result: ok. 0 passed; 0 failed; 0 ignored; 0 measured; 9 filtered out; finished in 0.00s
Native owner (macos-15)	Q5.2 supplementary queue benchmark checks	2026-10-05T02:06:22.5584060Z 
Native owner (macos-15)	Q5.2 supplementary queue benchmark checks	2026-10-05T02:06:22.5584740Z      Running tests/flow_shared_domain_v1.rs (target/release/deps/flow_shared_domain_v1-9668b8e55e235a28)
Native owner (macos-15)	Q5.2 supplementary queue benchmark checks	2026-10-05T02:06:22.5603300Z 
Native owner (macos-15)	Q5.2 supplementary queue benchmark checks	2026-10-05T02:06:22.5603510Z running 0 tests
Native owner (macos-15)	Q5.2 supplementary queue benchmark checks	2026-10-05T02:06:22.5603620Z 
Native owner (macos-15)	Q5.2 supplementary queue benchmark checks	2026-10-05T02:06:22.5603850Z test result: ok. 0 passed; 0 failed; 0 ignored; 0 measured; 7 filtered out; finished in 0.00s
Native owner (macos-15)	Q5.2 supplementary queue benchmark checks	2026-10-05T02:06:22.5604130Z 
Native owner (macos-15)	Q5.2 supplementary queue benchmark checks	2026-10-05T02:06:22.5604710Z      Running tests/flow_staff_bed_cleaning_v1.rs (target/release/deps/flow_staff_bed_cleaning_v1-072e277e76c02fed)
Native owner (macos-15)	Q5.2 supplementary queue benchmark checks	2026-10-05T02:06:22.5626460Z 
Native owner (macos-15)	Q5.2 supplementary queue benchmark checks	2026-10-05T02:06:22.5626680Z running 0 tests
Native owner (macos-15)	Q5.2 supplementary queue benchmark checks	2026-10-05T02:06:22.5626800Z 
Native owner (macos-15)	Q5.2 supplementary queue benchmark checks	2026-10-05T02:06:22.5627000Z test result: ok. 0 passed; 0 failed; 0 ignored; 0 measured; 6 filtered out; finished in 0.00s
Native owner (macos-15)	Q5.2 supplementary queue benchmark checks	2026-10-05T02:06:22.5627310Z 
Native owner (macos-15)	Q5.2 supplementary queue benchmark checks	2026-10-05T02:06:22.5627760Z      Running tests/flow_work_v1.rs (target/release/deps/flow_work_v1-952b010c048e72c5)
Native owner (macos-15)	Q5.2 supplementary queue benchmark checks	2026-10-05T02:06:22.5651270Z 
Native owner (macos-15)	Q5.2 supplementary queue benchmark checks	2026-10-05T02:06:22.5652080Z running 0 tests
Native owner (macos-15)	Q5.2 supplementary queue benchmark checks	2026-10-05T02:06:22.5652260Z 
Native owner (macos-15)	Q5.2 supplementary queue benchmark checks	2026-10-05T02:06:22.5652490Z test result: ok. 0 passed; 0 failed; 0 ignored; 0 measured; 4 filtered out; finished in 0.00s
Native owner (macos-15)	Q5.2 supplementary queue benchmark checks	2026-10-05T02:06:22.5653000Z 
Native owner (macos-15)	Q5.2 supplementary queue benchmark checks	2026-10-05T02:06:22.5653220Z      Running tests/flow_world_view_v1.rs (target/release/deps/flow_world_view_v1-e9d35f94f4d9ef46)
Native owner (macos-15)	Q5.2 supplementary queue benchmark checks	2026-10-05T02:06:22.5673140Z 
Native owner (macos-15)	Q5.2 supplementary queue benchmark checks	2026-10-05T02:06:22.5673280Z running 0 tests
Native owner (macos-15)	Q5.2 supplementary queue benchmark checks	2026-10-05T02:06:22.5673390Z 
Native owner (macos-15)	Q5.2 supplementary queue benchmark checks	2026-10-05T02:06:22.5673600Z test result: ok. 0 passed; 0 failed; 0 ignored; 0 measured; 6 filtered out; finished in 0.00s
Native owner (macos-15)	Q5.2 supplementary queue benchmark checks	2026-10-05T02:06:22.5673880Z 
Native owner (macos-15)	Q5.2 supplementary queue benchmark checks	2026-10-05T02:06:22.5674360Z      Running tests/q53_legacy_public_surface_v1.rs (target/release/deps/q53_legacy_public_surface_v1-5cfcfe97a38e5273)
Native owner (macos-15)	Q5.2 supplementary queue benchmark checks	2026-10-05T02:06:22.5694280Z 
Native owner (macos-15)	Q5.2 supplementary queue benchmark checks	2026-10-05T02:06:22.5694390Z running 0 tests
Native owner (macos-15)	Q5.2 supplementary queue benchmark checks	2026-10-05T02:06:22.5694490Z 
Native owner (macos-15)	Q5.2 supplementary queue benchmark checks	2026-10-05T02:06:22.5694730Z test result: ok. 0 passed; 0 failed; 0 ignored; 0 measured; 3 filtered out; finished in 0.00s
Native owner (macos-15)	Q5.2 supplementary queue benchmark checks	2026-10-05T02:06:22.5695150Z 
Native owner (macos-15)	Q5.2 supplementary queue benchmark checks	2026-10-05T02:06:23.4053350Z {"cases": 1, "input_sha256": "56e9b472bb7c6e76b99740724c13c8732c8c87913cb6de6d3218dcb4594fa44b", "result": ".artifacts/ci/q52/runtime/20261005T020622670311Z/result.json", "status": "complete", "timeouts": 0}
Native owner (macos-15)	Preserve Q5.2 supplementary benchmark evidence	﻿2026-10-05T02:06:23.4449450Z ##[group]Run actions/upload-artifact@ea165f8d65b6e75b540449e92b4886f43607fa02
Native owner (macos-15)	Preserve Q5.2 supplementary benchmark evidence	2026-10-05T02:06:23.4449870Z with:
Native owner (macos-15)	Preserve Q5.2 supplementary benchmark evidence	2026-10-05T02:06:23.4450020Z   name: q52-queue-benchmarks-macos-15
Native owner (macos-15)	Preserve Q5.2 supplementary benchmark evidence	2026-10-05T02:06:23.4450210Z   path: .artifacts/ci/q52/
Native owner (macos-15)	Preserve Q5.2 supplementary benchmark evidence	2026-10-05T02:06:23.4450370Z   retention-days: 7
Native owner (macos-15)	Preserve Q5.2 supplementary benchmark evidence	2026-10-05T02:06:23.4450520Z   if-no-files-found: error
Native owner (macos-15)	Preserve Q5.2 supplementary benchmark evidence	2026-10-05T02:06:23.4450670Z   compression-level: 6
Native owner (macos-15)	Preserve Q5.2 supplementary benchmark evidence	2026-10-05T02:06:23.4450810Z   overwrite: false
Native owner (macos-15)	Preserve Q5.2 supplementary benchmark evidence	2026-10-05T02:06:23.4450960Z   include-hidden-files: false
Native owner (macos-15)	Preserve Q5.2 supplementary benchmark evidence	2026-10-05T02:06:23.4451120Z env:
Native owner (macos-15)	Preserve Q5.2 supplementary benchmark evidence	2026-10-05T02:06:23.4451330Z   pythonLocation: /Users/runner/hostedtoolcache/Python/3.14.8/arm64
Native owner (macos-15)	Preserve Q5.2 supplementary benchmark evidence	2026-10-05T02:06:23.4451700Z   PKG_CONFIG_PATH: /Users/runner/hostedtoolcache/Python/3.14.8/arm64/lib/pkgconfig
Native owner (macos-15)	Preserve Q5.2 supplementary benchmark evidence	2026-10-05T02:06:23.4452070Z   Python_ROOT_DIR: /Users/runner/hostedtoolcache/Python/3.14.8/arm64
Native owner (macos-15)	Preserve Q5.2 supplementary benchmark evidence	2026-10-05T02:06:23.4452410Z   Python2_ROOT_DIR: /Users/runner/hostedtoolcache/Python/3.14.8/arm64
Native owner (macos-15)	Preserve Q5.2 supplementary benchmark evidence	2026-10-05T02:06:23.4452740Z   Python3_ROOT_DIR: /Users/runner/hostedtoolcache/Python/3.14.8/arm64
Native owner (macos-15)	Preserve Q5.2 supplementary benchmark evidence	2026-10-05T02:06:23.4453010Z ##[endgroup]
Native owner (macos-15)	Preserve Q5.2 supplementary benchmark evidence	2026-10-05T02:06:23.5941840Z (node:11791) [DEP0040] DeprecationWarning: The `punycode` module is deprecated. Please use a userland alternative instead.
Native owner (macos-15)	Preserve Q5.2 supplementary benchmark evidence	2026-10-05T02:06:23.5942650Z (Use `node --trace-deprecation ...` to show where the warning was created)
Native owner (macos-15)	Preserve Q5.2 supplementary benchmark evidence	2026-10-05T02:06:23.6001710Z With the provided path, there will be 17 files uploaded
Native owner (macos-15)	Preserve Q5.2 supplementary benchmark evidence	2026-10-05T02:06:23.6004560Z Artifact name is valid!
Native owner (macos-15)	Preserve Q5.2 supplementary benchmark evidence	2026-10-05T02:06:23.6004800Z Root directory input is valid!
Native owner (macos-15)	Preserve Q5.2 supplementary benchmark evidence	2026-10-05T02:06:23.8188530Z Beginning upload of artifact content to blob storage
Native owner (macos-15)	Preserve Q5.2 supplementary benchmark evidence	2026-10-05T02:06:23.8392720Z (node:11791) [DEP0169] DeprecationWarning: `url.parse()` behavior is not standardized and prone to errors that have security implications. Use the WHATWG URL API instead. CVEs are not issued for `url.parse()` vulnerabilities.
Native owner (macos-15)	Preserve Q5.2 supplementary benchmark evidence	2026-10-05T02:06:23.8682660Z Uploaded bytes 35078
Native owner (macos-15)	Preserve Q5.2 supplementary benchmark evidence	2026-10-05T02:06:23.8797470Z Finished uploading artifact content to blob storage!
Native owner (macos-15)	Preserve Q5.2 supplementary benchmark evidence	2026-10-05T02:06:23.8798200Z SHA256 digest of uploaded artifact zip is 1d1dbba5fb3a30b0d437aef534444579b487e207fa46099e0a91dfd8affeeb93
Native owner (macos-15)	Preserve Q5.2 supplementary benchmark evidence	2026-10-05T02:06:23.8798780Z Finalizing artifact upload
Native owner (macos-15)	Preserve Q5.2 supplementary benchmark evidence	2026-10-05T02:06:24.0880710Z Artifact q52-queue-benchmarks-macos-15.zip successfully finalized. Artifact ID 11321748434
Native owner (macos-15)	Preserve Q5.2 supplementary benchmark evidence	2026-10-05T02:06:24.0882160Z Artifact q52-queue-benchmarks-macos-15 has been successfully uploaded! Final size is 35078 bytes. Artifact ID is 11321748434
Native owner (macos-15)	Preserve Q5.2 supplementary benchmark evidence	2026-10-05T02:06:24.0882920Z Artifact download URL: https://github.com/edithatogo/kairos/actions/runs/37253816240/artifacts/11321748434
Native owner (macos-15)	Preserve Q5.1 conformance evidence	﻿2026-10-05T02:06:24.0928380Z ##[group]Run actions/upload-artifact@ea165f8d65b6e75b540449e92b4886f43607fa02
Native owner (macos-15)	Preserve Q5.1 conformance evidence	2026-10-05T02:06:24.0928740Z with:
Native owner (macos-15)	Preserve Q5.1 conformance evidence	2026-10-05T02:06:24.0928910Z   name: q51-conformance-macos-15
Native owner (macos-15)	Preserve Q5.1 conformance evidence	2026-10-05T02:06:24.0929150Z   path: .artifacts/ci/q51/
Native owner (macos-15)	Preserve Q5.1 conformance evidence	2026-10-05T02:06:24.0929350Z   retention-days: 7
Native owner (macos-15)	Preserve Q5.1 conformance evidence	2026-10-05T02:06:24.0929530Z   if-no-files-found: error
Native owner (macos-15)	Preserve Q5.1 conformance evidence	2026-10-05T02:06:24.0982800Z   compression-level: 6
Native owner (macos-15)	Preserve Q5.1 conformance evidence	2026-10-05T02:06:24.0983100Z   overwrite: false
Native owner (macos-15)	Preserve Q5.1 conformance evidence	2026-10-05T02:06:24.0983270Z   include-hidden-files: false
Native owner (macos-15)	Preserve Q5.1 conformance evidence	2026-10-05T02:06:24.0983540Z env:
Native owner (macos-15)	Preserve Q5.1 conformance evidence	2026-10-05T02:06:24.0983780Z   pythonLocation: /Users/runner/hostedtoolcache/Python/3.14.8/arm64
Native owner (macos-15)	Preserve Q5.1 conformance evidence	2026-10-05T02:06:24.0984220Z   PKG_CONFIG_PATH: /Users/runner/hostedtoolcache/Python/3.14.8/arm64/lib/pkgconfig
Native owner (macos-15)	Preserve Q5.1 conformance evidence	2026-10-05T02:06:24.0984780Z   Python_ROOT_DIR: /Users/runner/hostedtoolcache/Python/3.14.8/arm64
Native owner (macos-15)	Preserve Q5.1 conformance evidence	2026-10-05T02:06:24.0985150Z   Python2_ROOT_DIR: /Users/runner/hostedtoolcache/Python/3.14.8/arm64
Native owner (macos-15)	Preserve Q5.1 conformance evidence	2026-10-05T02:06:24.0985560Z   Python3_ROOT_DIR: /Users/runner/hostedtoolcache/Python/3.14.8/arm64
Native owner (macos-15)	Preserve Q5.1 conformance evidence	2026-10-05T02:06:24.0985970Z ##[endgroup]
Native owner (macos-15)	Preserve Q5.1 conformance evidence	2026-10-05T02:06:24.2262080Z (node:11794) [DEP0040] DeprecationWarning: The `punycode` module is deprecated. Please use a userland alternative instead.
Native owner (macos-15)	Preserve Q5.1 conformance evidence	2026-10-05T02:06:24.2265030Z With the provided path, there will be 9 files uploaded
Native owner (macos-15)	Preserve Q5.1 conformance evidence	2026-10-05T02:06:24.2265440Z Artifact name is valid!
Native owner (macos-15)	Preserve Q5.1 conformance evidence	2026-10-05T02:06:24.2265630Z Root directory input is valid!
Native owner (macos-15)	Preserve Q5.1 conformance evidence	2026-10-05T02:06:24.2363140Z (Use `node --trace-deprecation ...` to show where the warning was created)
Native owner (macos-15)	Preserve Q5.1 conformance evidence	2026-10-05T02:06:24.3956120Z Beginning upload of artifact content to blob storage
Native owner (macos-15)	Preserve Q5.1 conformance evidence	2026-10-05T02:06:24.4117240Z (node:11794) [DEP0169] DeprecationWarning: `url.parse()` behavior is not standardized and prone to errors that have security implications. Use the WHATWG URL API instead. CVEs are not issued for `url.parse()` vulnerabilities.
Native owner (macos-15)	Preserve Q5.1 conformance evidence	2026-10-05T02:06:24.4310500Z Uploaded bytes 10550
Native owner (macos-15)	Preserve Q5.1 conformance evidence	2026-10-05T02:06:24.4446220Z Finished uploading artifact content to blob storage!
Native owner (macos-15)	Preserve Q5.1 conformance evidence	2026-10-05T02:06:24.4455630Z SHA256 digest of uploaded artifact zip is e8f9927fac79afce5839987c6c9b492cb6318efe0e04b0ab9627282a7977ff2d
Native owner (macos-15)	Preserve Q5.1 conformance evidence	2026-10-05T02:06:24.4456250Z Finalizing artifact upload
Native owner (macos-15)	Preserve Q5.1 conformance evidence	2026-10-05T02:06:24.6643750Z Artifact q51-conformance-macos-15.zip successfully finalized. Artifact ID 11321903250
Native owner (macos-15)	Preserve Q5.1 conformance evidence	2026-10-05T02:06:24.6644520Z Artifact q51-conformance-macos-15 has been successfully uploaded! Final size is 10550 bytes. Artifact ID is 11321903250
Native owner (macos-15)	Preserve Q5.1 conformance evidence	2026-10-05T02:06:24.6645320Z Artifact download URL: https://github.com/edithatogo/kairos/actions/runs/37253816240/artifacts/11321903250
Native owner (macos-15)	Test Arrow IO with Rust 1.99.0	﻿2026-10-05T02:06:24.6673030Z ##[group]Run set -o pipefail
Native owner (macos-15)	Test Arrow IO with Rust 1.99.0	2026-10-05T02:06:24.6673340Z ^[[36;1mset -o pipefail^[[0m
Native owner (macos-15)	Test Arrow IO with Rust 1.99.0	2026-10-05T02:06:24.6673600Z ^[[36;1mlog_dir=".artifacts/ci/arrow-io/1.99.0/${EXPECTED_OS}"^[[0m
Native owner (macos-15)	Test Arrow IO with Rust 1.99.0	2026-10-05T02:06:24.6673890Z ^[[36;1mmkdir -p "$log_dir"^[[0m
Native owner (macos-15)	Test Arrow IO with Rust 1.99.0	2026-10-05T02:06:24.6674150Z ^[[36;1mtask_rustc="$(rustup which --toolchain 1.99.0 rustc)"^[[0m
Native owner (macos-15)	Test Arrow IO with Rust 1.99.0	2026-10-05T02:06:24.6674460Z ^[[36;1mtask_bin="$(dirname "$task_rustc")"^[[0m
Native owner (macos-15)	Test Arrow IO with Rust 1.99.0	2026-10-05T02:06:24.6674750Z ^[[36;1mtask_cargo="$(rustup which --toolchain 1.99.0 cargo)"^[[0m
Native owner (macos-15)	Test Arrow IO with Rust 1.99.0	2026-10-05T02:06:24.6675140Z ^[[36;1mexport RUSTC="$task_rustc" RUSTDOC="$task_bin/rustdoc" PATH="$task_bin:$PATH"^[[0m
Native owner (macos-15)	Test Arrow IO with Rust 1.99.0	2026-10-05T02:06:24.6675530Z ^[[36;1m"$task_cargo" -V | tee "$log_dir/toolchain.log"^[[0m
Native owner (macos-15)	Test Arrow IO with Rust 1.99.0	2026-10-05T02:06:24.6675840Z ^[[36;1m"$task_rustc" -vV | tee -a "$log_dir/toolchain.log"^[[0m
Native owner (macos-15)	Test Arrow IO with Rust 1.99.0	2026-10-05T02:06:24.6676170Z ^[[36;1mgrep -Fx 'release: 1.99.0' "$log_dir/toolchain.log"^[[0m
Native owner (macos-15)	Test Arrow IO with Rust 1.99.0	2026-10-05T02:06:24.6676470Z ^[[36;1mif [ "$EXPECTED_OS" = macos-15 ]; then^[[0m
Native owner (macos-15)	Test Arrow IO with Rust 1.99.0	2026-10-05T02:06:24.6676790Z ^[[36;1m  grep -Fx 'host: aarch64-apple-darwin' "$log_dir/toolchain.log"^[[0m
Native owner (macos-15)	Test Arrow IO with Rust 1.99.0	2026-10-05T02:06:24.6677130Z ^[[36;1melse^[[0m
Native owner (macos-15)	Test Arrow IO with Rust 1.99.0	2026-10-05T02:06:24.6677390Z ^[[36;1m  grep -Fx 'host: x86_64-unknown-linux-gnu' "$log_dir/toolchain.log"^[[0m
Native owner (macos-15)	Test Arrow IO with Rust 1.99.0	2026-10-05T02:06:24.6677690Z ^[[36;1mfi^[[0m
Native owner (macos-15)	Test Arrow IO with Rust 1.99.0	2026-10-05T02:06:24.6677900Z ^[[36;1mpython_dir="$RUNNER_TEMP/c1-arrow-io-python"^[[0m
Native owner (macos-15)	Test Arrow IO with Rust 1.99.0	2026-10-05T02:06:24.6678180Z ^[[36;1mpython -m venv "$python_dir"^[[0m
Native owner (macos-15)	Test Arrow IO with Rust 1.99.0	2026-10-05T02:06:24.6678480Z ^[[36;1m"$python_dir/bin/python" --version | tee "$log_dir/python.log"^[[0m
Native owner (macos-15)	Test Arrow IO with Rust 1.99.0	2026-10-05T02:06:24.6679220Z ^[[36;1m"$python_dir/bin/python" -m pip install --disable-pip-version-check --no-input --only-binary=:all: --require-hashes -r scripts/c1-arrow-io-python-tools.lock 2>&1 | tee -a "$log_dir/python.log"^[[0m
Native owner (macos-15)	Test Arrow IO with Rust 1.99.0	2026-10-05T02:06:24.6680330Z ^[[36;1m"$python_dir/bin/python" -c 'import platform, pyarrow; assert platform.python_version() == "3.14.8", platform.python_version(); assert pyarrow.__version__ == "25.0.1", pyarrow.__version__' 2>&1 | tee -a "$log_dir/python.log"^[[0m
Native owner (macos-15)	Test Arrow IO with Rust 1.99.0	2026-10-05T02:06:24.6681150Z ^[[36;1mfixtures="crates/kairo-ecs-arrow-io/tests/fixtures/interop_v1/generate.py"^[[0m
Native owner (macos-15)	Test Arrow IO with Rust 1.99.0	2026-10-05T02:06:24.6681610Z ^[[36;1m"$python_dir/bin/python" "$fixtures" --check 2>&1 | tee "$log_dir/fixtures.log"^[[0m
Native owner (macos-15)	Test Arrow IO with Rust 1.99.0	2026-10-05T02:06:24.6682020Z ^[[36;1moutput_dir="$GITHUB_WORKSPACE/$log_dir/rust-output"^[[0m
Native owner (macos-15)	Test Arrow IO with Rust 1.99.0	2026-10-05T02:06:24.6682290Z ^[[36;1mtest ! -e "$output_dir"^[[0m
Native owner (macos-15)	Test Arrow IO with Rust 1.99.0	2026-10-05T02:06:24.6682520Z ^[[36;1mmkdir -p "$output_dir"^[[0m
Native owner (macos-15)	Test Arrow IO with Rust 1.99.0	2026-10-05T02:06:24.6682770Z ^[[36;1mexport KAIROS_INTEROP_OUTDIR="$output_dir"^[[0m
Native owner (macos-15)	Test Arrow IO with Rust 1.99.0	2026-10-05T02:06:24.6683140Z ^[[36;1mexport KAIROS_C11_PHYSICAL_OUTDIR="$GITHUB_WORKSPACE/$log_dir/c11-rust-output"^[[0m
Native owner (macos-15)	Test Arrow IO with Rust 1.99.0	2026-10-05T02:06:24.6683660Z ^[[36;1m"$task_cargo" test --locked -p kairo-ecs-arrow-io --all-features 2>&1 | tee "$log_dir/test.log"^[[0m
Native owner (macos-15)	Test Arrow IO with Rust 1.99.0	2026-10-05T02:06:24.6684310Z ^[[36;1m"$task_cargo" test --locked -p kairo-ecs-arrow --features resource-lifecycle-io 2>&1 | tee "$log_dir/resource-lifecycle.log"^[[0m
Native owner (macos-15)	Test Arrow IO with Rust 1.99.0	2026-10-05T02:06:24.6684860Z ^[[36;1mexport C43_OUTPUT_DIR="$GITHUB_WORKSPACE/$log_dir/c43-rust-output"^[[0m
Native owner (macos-15)	Test Arrow IO with Rust 1.99.0	2026-10-05T02:06:24.6685800Z ^[[36;1m"$task_cargo" test --locked -p kairo-ecs-calibration --no-default-features --features ipc,parquet --test arrow_output_c43 --test sidecar_adapter_c43 --test sidecar_pipeline_c43 c43_ 2>&1 | tee "$log_dir/c43-native.log"^[[0m
Native owner (macos-15)	Test Arrow IO with Rust 1.99.0	2026-10-05T02:06:24.6686820Z ^[[36;1m"$python_dir/bin/python" conformance/c43/readback.py --self-test 2>&1 | tee "$log_dir/c43-reader-controls.log"^[[0m
Native owner (macos-15)	Test Arrow IO with Rust 1.99.0	2026-10-05T02:06:24.6687560Z ^[[36;1m"$python_dir/bin/python" conformance/c43/readback.py --require-manifests --mutation-controls "$C43_OUTPUT_DIR" 2>&1 | tee "$log_dir/c43-readback.log"^[[0m
Native owner (macos-15)	Test Arrow IO with Rust 1.99.0	2026-10-05T02:06:24.6688100Z ^[[36;1mtest -s "$output_dir/rust.ipc_file"^[[0m
Native owner (macos-15)	Test Arrow IO with Rust 1.99.0	2026-10-05T02:06:24.6688380Z ^[[36;1mtest -s "$output_dir/rust.ipc_stream"^[[0m
Native owner (macos-15)	Test Arrow IO with Rust 1.99.0	2026-10-05T02:06:24.6688640Z ^[[36;1mtest -s "$output_dir/rust.parquet"^[[0m
Native owner (macos-15)	Test Arrow IO with Rust 1.99.0	2026-10-05T02:06:24.6689070Z ^[[36;1m"$python_dir/bin/python" "$fixtures" --check-rust "$output_dir" 2>&1 | tee "$log_dir/pyarrow-readback.log"^[[0m
Native owner (macos-15)	Test Arrow IO with Rust 1.99.0	2026-10-05T02:06:24.6690110Z ^[[36;1m"$python_dir/bin/python" crates/kairo-ecs-arrow-io/tests/fixtures/calibration_physical_v2/generate.py --check-rust "$KAIROS_C11_PHYSICAL_OUTDIR" 2>&1 | tee "$log_dir/c11-pyarrow-readback.log"^[[0m
Native owner (macos-15)	Test Arrow IO with Rust 1.99.0	2026-10-05T02:06:24.6723830Z shell: /bin/bash -e {0}
Native owner (macos-15)	Test Arrow IO with Rust 1.99.0	2026-10-05T02:06:24.6724160Z env:
Native owner (macos-15)	Test Arrow IO with Rust 1.99.0	2026-10-05T02:06:24.6724400Z   pythonLocation: /Users/runner/hostedtoolcache/Python/3.14.8/arm64
Native owner (macos-15)	Test Arrow IO with Rust 1.99.0	2026-10-05T02:06:24.6724890Z   PKG_CONFIG_PATH: /Users/runner/hostedtoolcache/Python/3.14.8/arm64/lib/pkgconfig
Native owner (macos-15)	Test Arrow IO with Rust 1.99.0	2026-10-05T02:06:24.6725350Z   Python_ROOT_DIR: /Users/runner/hostedtoolcache/Python/3.14.8/arm64
Native owner (macos-15)	Test Arrow IO with Rust 1.99.0	2026-10-05T02:06:24.6725740Z   Python2_ROOT_DIR: /Users/runner/hostedtoolcache/Python/3.14.8/arm64
Native owner (macos-15)	Test Arrow IO with Rust 1.99.0	2026-10-05T02:06:24.6726170Z   Python3_ROOT_DIR: /Users/runner/hostedtoolcache/Python/3.14.8/arm64
Native owner (macos-15)	Test Arrow IO with Rust 1.99.0	2026-10-05T02:06:24.6726520Z   EXPECTED_OS: macos-15
Native owner (macos-15)	Test Arrow IO with Rust 1.99.0	2026-10-05T02:06:24.6726710Z ##[endgroup]
Native owner (macos-15)	Test Arrow IO with Rust 1.99.0	2026-10-05T02:06:24.7580340Z cargo 1.99.0 (5f94df478 2026-08-27)
Native owner (macos-15)	Test Arrow IO with Rust 1.99.0	2026-10-05T02:06:24.7715420Z rustc 1.99.0 (b940084d7 2026-09-28)
Native owner (macos-15)	Test Arrow IO with Rust 1.99.0	2026-10-05T02:06:24.7715780Z binary: rustc
Native owner (macos-15)	Test Arrow IO with Rust 1.99.0	2026-10-05T02:06:24.7716020Z commit-hash: b940084d7eb6a299eb4bfeb8e34901bc051e7ac4
Native owner (macos-15)	Test Arrow IO with Rust 1.99.0	2026-10-05T02:06:24.7716310Z commit-date: 2026-09-28
Native owner (macos-15)	Test Arrow IO with Rust 1.99.0	2026-10-05T02:06:24.7716520Z host: aarch64-apple-darwin
Native owner (macos-15)	Test Arrow IO with Rust 1.99.0	2026-10-05T02:06:24.7716720Z release: 1.99.0
Native owner (macos-15)	Test Arrow IO with Rust 1.99.0	2026-10-05T02:06:24.7717510Z LLVM version: 23.1.1
Native owner (macos-15)	Test Arrow IO with Rust 1.99.0	2026-10-05T02:06:24.7857810Z release: 1.99.0
Native owner (macos-15)	Test Arrow IO with Rust 1.99.0	2026-10-05T02:06:24.7882080Z host: aarch64-apple-darwin
Native owner (macos-15)	Test Arrow IO with Rust 1.99.0	2026-10-05T02:06:26.5467130Z Python 3.14.8
Native owner (macos-15)	Test Arrow IO with Rust 1.99.0	2026-10-05T02:06:26.9059130Z Collecting numpy==2.5.3 (from -r scripts/c1-arrow-io-python-tools.lock (line 4))
Native owner (macos-15)	Test Arrow IO with Rust 1.99.0	2026-10-05T02:06:26.9299910Z   Downloading numpy-2.5.3-cp314-cp314-macosx_14_0_arm64.whl (5.4 MB)
Native owner (macos-15)	Test Arrow IO with Rust 1.99.0	2026-10-05T02:06:26.9993880Z      ━━━━━━━━━━━━━━━━━━━━━━━━━━━━━━━━━━━━━━━━ 5.4/5.4 MB 82.0 MB/s  0:00:00
Native owner (macos-15)	Test Arrow IO with Rust 1.99.0	2026-10-05T02:06:27.0500700Z Collecting pyarrow==25.0.1 (from -r scripts/c1-arrow-io-python-tools.lock (line 7))
Native owner (macos-15)	Test Arrow IO with Rust 1.99.0	2026-10-05T02:06:27.0620750Z   Downloading pyarrow-25.0.1-cp314-cp314-macosx_12_0_arm64.whl (35.9 MB)
Native owner (macos-15)	Test Arrow IO with Rust 1.99.0	2026-10-05T02:06:27.5289430Z      ━━━━━━━━━━━━━━━━━━━━━━━━━━━━━━━━━━━━━━━━ 35.9/35.9 MB 76.8 MB/s  0:00:00
Native owner (macos-15)	Test Arrow IO with Rust 1.99.0	2026-10-05T02:06:27.5644100Z Installing collected packages: pyarrow, numpy
Native owner (macos-15)	Test Arrow IO with Rust 1.99.0	2026-10-05T02:06:29.6007380Z 
Native owner (macos-15)	Test Arrow IO with Rust 1.99.0	2026-10-05T02:06:29.6014460Z Successfully installed numpy-2.5.3 pyarrow-25.0.1
Native owner (macos-15)	Test Arrow IO with Rust 1.99.0	2026-10-05T02:06:29.9359180Z PASS: deterministic PyArrow 25.0.1 fixture schema, values, metadata and hashes
Native owner (macos-15)	Test Arrow IO with Rust 1.99.0	2026-10-05T02:06:30.0497540Z  Downloading crates ...
Native owner (macos-15)	Test Arrow IO with Rust 1.99.0	2026-10-05T02:06:30.1017750Z   Downloaded twox-hash v2.1.4
Native owner (macos-15)	Test Arrow IO with Rust 1.99.0	2026-10-05T02:06:30.1210760Z   Downloaded base64 v0.23.1
Native owner (macos-15)	Test Arrow IO with Rust 1.99.0	2026-10-05T02:06:30.1275480Z   Downloaded parquet v60.0.0
Native owner (macos-15)	Test Arrow IO with Rust 1.99.0	2026-10-05T02:06:30.1685960Z   Downloaded seq-macro v0.3.6
Native owner (macos-15)	Test Arrow IO with Rust 1.99.0	2026-10-05T02:06:30.2032320Z    Compiling libm v0.2.16
Native owner (macos-15)	Test Arrow IO with Rust 1.99.0	2026-10-05T02:06:30.2032800Z    Compiling num-traits v0.2.19
Native owner (macos-15)	Test Arrow IO with Rust 1.99.0	2026-10-05T02:06:30.2033240Z    Compiling syn v2.0.117
Native owner (macos-15)	Test Arrow IO with Rust 1.99.0	2026-10-05T02:06:30.6031860Z    Compiling zerocopy v0.8.48
Native owner (macos-15)	Test Arrow IO with Rust 1.99.0	2026-10-05T02:06:30.9123180Z    Compiling getrandom v0.3.4
Native owner (macos-15)	Test Arrow IO with Rust 1.99.0	2026-10-05T02:06:31.0938660Z    Compiling version_check v0.9.5
Native owner (macos-15)	Test Arrow IO with Rust 1.99.0	2026-10-05T02:06:31.2463390Z    Compiling ahash v0.8.12
Native owner (macos-15)	Test Arrow IO with Rust 1.99.0	2026-10-05T02:06:31.6171900Z    Compiling bytes v1.12.1
Native owner (macos-15)	Test Arrow IO with Rust 1.99.0	2026-10-05T02:06:31.7786090Z    Compiling num-integer v0.1.47
Native owner (macos-15)	Test Arrow IO with Rust 1.99.0	2026-10-05T02:06:31.9523700Z    Compiling num-bigint v0.5.1
Native owner (macos-15)	Test Arrow IO with Rust 1.99.0	2026-10-05T02:06:31.9790980Z    Compiling core-foundation-sys v0.8.7
Native owner (macos-15)	Test Arrow IO with Rust 1.99.0	2026-10-05T02:06:32.0775180Z    Compiling iana-time-zone v0.1.65
Native owner (macos-15)	Test Arrow IO with Rust 1.99.0	2026-10-05T02:06:32.2209050Z    Compiling semver v1.0.28
Native owner (macos-15)	Test Arrow IO with Rust 1.99.0	2026-10-05T02:06:32.3556380Z    Compiling once_cell v1.21.4
Native owner (macos-15)	Test Arrow IO with Rust 1.99.0	2026-10-05T02:06:32.4159440Z    Compiling arrow-schema v60.0.0
Native owner (macos-15)	Test Arrow IO with Rust 1.99.0	2026-10-05T02:06:32.5140600Z    Compiling zerocopy-derive v0.8.48
Native owner (macos-15)	Test Arrow IO with Rust 1.99.0	2026-10-05T02:06:32.7909750Z    Compiling rustc_version v0.4.1
Native owner (macos-15)	Test Arrow IO with Rust 1.99.0	2026-10-05T02:06:32.9174850Z    Compiling chrono v0.4.45
Native owner (macos-15)	Test Arrow IO with Rust 1.99.0	2026-10-05T02:06:33.3791850Z    Compiling num-complex v0.4.6
Native owner (macos-15)	Test Arrow IO with Rust 1.99.0	2026-10-05T02:06:33.6216620Z    Compiling hashbrown v0.17.1
Native owner (macos-15)	Test Arrow IO with Rust 1.99.0	2026-10-05T02:06:33.8787040Z    Compiling flatbuffers v25.12.19
Native owner (macos-15)	Test Arrow IO with Rust 1.99.0	2026-10-05T02:06:33.9562570Z    Compiling twox-hash v2.1.4
Native owner (macos-15)	Test Arrow IO with Rust 1.99.0	2026-10-05T02:06:34.0152080Z    Compiling seq-macro v0.3.6
Native owner (macos-15)	Test Arrow IO with Rust 1.99.0	2026-10-05T02:06:34.1941590Z    Compiling base64 v0.23.1
Native owner (macos-15)	Test Arrow IO with Rust 1.99.0	2026-10-05T02:06:35.4952310Z    Compiling half v2.7.1
Native owner (macos-15)	Test Arrow IO with Rust 1.99.0	2026-10-05T02:06:35.8041150Z    Compiling arrow-buffer v60.0.0
Native owner (macos-15)	Test Arrow IO with Rust 1.99.0	2026-10-05T02:06:36.2816070Z    Compiling arrow-data v60.0.0
Native owner (macos-15)	Test Arrow IO with Rust 1.99.0	2026-10-05T02:06:36.7291690Z    Compiling arrow-array v60.0.0
Native owner (macos-15)	Test Arrow IO with Rust 1.99.0	2026-10-05T02:06:38.0393770Z    Compiling arrow-cmp v60.0.0
Native owner (macos-15)	Test Arrow IO with Rust 1.99.0	2026-10-05T02:06:38.4394050Z    Compiling arrow-select v60.0.0
Native owner (macos-15)	Test Arrow IO with Rust 1.99.0	2026-10-05T02:06:40.1026950Z    Compiling arrow-ipc v60.0.0
Native owner (macos-15)	Test Arrow IO with Rust 1.99.0	2026-10-05T02:06:41.3971510Z    Compiling parquet v60.0.0
Native owner (macos-15)	Test Arrow IO with Rust 1.99.0	2026-10-05T02:06:45.2744760Z    Compiling kairo-ecs-arrow-io v0.1.0 (/Users/runner/work/kairos/kairos/crates/kairo-ecs-arrow-io)
Native owner (macos-15)	Test Arrow IO with Rust 1.99.0	2026-10-05T02:06:50.0368000Z     Finished `test` profile [unoptimized + debuginfo] target(s) in 20.01s
Native owner (macos-15)	Test Arrow IO with Rust 1.99.0	2026-10-05T02:06:50.0470230Z      Running unittests src/lib.rs (target/debug/deps/kairo_ecs_arrow_io-d32a29f553eeb1c3)
Native owner (macos-15)	Test Arrow IO with Rust 1.99.0	2026-10-05T02:06:50.0621130Z 
Native owner (macos-15)	Test Arrow IO with Rust 1.99.0	2026-10-05T02:06:50.0628840Z running 27 tests
Native owner (macos-15)	Test Arrow IO with Rust 1.99.0	2026-10-05T02:06:50.0660800Z test error::tests::limit_error_keeps_the_named_limit ... ok
Native owner (macos-15)	Test Arrow IO with Rust 1.99.0	2026-10-05T02:06:50.0673920Z test ipc::tests::file_and_stream_keep_typed_empty_schema ... ok
Native owner (macos-15)	Test Arrow IO with Rust 1.99.0	2026-10-05T02:06:50.0674950Z test ipc::tests::field_metadata_mismatch_is_rejected ... ok
Native owner (macos-15)	Test Arrow IO with Rust 1.99.0	2026-10-05T02:06:50.0675910Z test ipc::tests::column_cap_is_checked_for_file_stream_and_writer_paths ... ok
Native owner (macos-15)	Test Arrow IO with Rust 1.99.0	2026-10-05T02:06:50.0676530Z test ipc::tests::file_batch_cap_is_checked_before_reading_batches ... ok
Native owner (macos-15)	Test Arrow IO with Rust 1.99.0	2026-10-05T02:06:50.0677090Z test ipc::tests::malformed_and_truncated_inputs_are_errors_not_panics ... ok
Native owner (macos-15)	Test Arrow IO with Rust 1.99.0	2026-10-05T02:06:50.0677710Z test ipc::tests::file_and_stream_round_trip_multiple_batches ... ok
Native owner (macos-15)	Test Arrow IO with Rust 1.99.0	2026-10-05T02:06:50.0678350Z test ipc::tests::writer_counts_zero_row_batches_too ... ok
Native owner (macos-15)	Test Arrow IO with Rust 1.99.0	2026-10-05T02:06:50.0678910Z test ipc::tests::writers_reject_output_cap_before_returning_partial_bytes ... ok
Native owner (macos-15)	Test Arrow IO with Rust 1.99.0	2026-10-05T02:06:50.0679570Z test ipc::tests::readers_reject_schema_mismatch_and_each_resource_limit ... ok
Native owner (macos-15)	Test Arrow IO with Rust 1.99.0	2026-10-05T02:06:50.0680300Z test limits::tests::bounded_buffer_accepts_exact_limit_and_rejects_before_appending_past_it ... ok
Native owner (macos-15)	Test Arrow IO with Rust 1.99.0	2026-10-05T02:06:50.0680990Z test limits::tests::checked_count_overflow_fails_closed ... ok
Native owner (macos-15)	Test Arrow IO with Rust 1.99.0	2026-10-05T02:06:50.0681760Z test ipc::tests::zero_row_batch_counts_toward_batch_limit ... ok
Native owner (macos-15)	Test Arrow IO with Rust 1.99.0	2026-10-05T02:06:50.0683480Z test limits::tests::every_zero_cap_is_invalid ... ok
Native owner (macos-15)	Test Arrow IO with Rust 1.99.0	2026-10-05T02:06:50.0684180Z test limits::tests::independent_input_column_batch_and_total_row_caps_are_enforced ... ok
Native owner (macos-15)	Test Arrow IO with Rust 1.99.0	2026-10-05T02:06:50.0684950Z test parquet::tests::column_cap_is_checked_before_parquet_reader_or_writer_work ... ok
Native owner (macos-15)	Test Arrow IO with Rust 1.99.0	2026-10-05T02:06:50.0685540Z test parquet::tests::field_metadata_mismatch_is_not_ignored ... ok
Native owner (macos-15)	Test Arrow IO with Rust 1.99.0	2026-10-05T02:06:50.0686160Z test parquet::tests::malformed_and_truncated_files_are_errors_not_panics ... ok
Native owner (macos-15)	Test Arrow IO with Rust 1.99.0	2026-10-05T02:06:50.0686820Z test parquet::tests::caller_arrow_schema_metadata_round_trips_without_replacing_reserved_footer_value ... ok
Native owner (macos-15)	Test Arrow IO with Rust 1.99.0	2026-10-05T02:06:50.0687460Z test parquet::tests::parquet_empty_batch_list_preserves_schema ... ok
Native owner (macos-15)	Test Arrow IO with Rust 1.99.0	2026-10-05T02:06:50.0690570Z test parquet::tests::parquet_footer_copies_sorted_global_schema_metadata ... ok
Native owner (macos-15)	Test Arrow IO with Rust 1.99.0	2026-10-05T02:06:50.0691090Z test parquet::tests::parquet_reader_restores_validated_schema_metadata_on_batches ... ok
Native owner (macos-15)	Test Arrow IO with Rust 1.99.0	2026-10-05T02:06:50.0691680Z test parquet::tests::max_batches_counts_returned_batches_across_row_groups ... ok
Native owner (macos-15)	Test Arrow IO with Rust 1.99.0	2026-10-05T02:06:50.0692270Z test parquet::tests::parquet_round_trip_bounds_row_groups_and_rows ... ok
Native owner (macos-15)	Test Arrow IO with Rust 1.99.0	2026-10-05T02:06:50.0692740Z test parquet::tests::schema_metadata_mismatch_is_not_ignored ... ok
Native owner (macos-15)	Test Arrow IO with Rust 1.99.0	2026-10-05T02:06:50.0693180Z test parquet::tests::reader_enforces_encoded_bytes_rows_columns_and_schema ... ok
Native owner (macos-15)	Test Arrow IO with Rust 1.99.0	2026-10-05T02:06:50.0693730Z test parquet::tests::writer_prevalidates_batches_and_caps_output ... ok
Native owner (macos-15)	Test Arrow IO with Rust 1.99.0	2026-10-05T02:06:50.0694030Z 
Native owner (macos-15)	Test Arrow IO with Rust 1.99.0	2026-10-05T02:06:50.0694310Z test result: ok. 27 passed; 0 failed; 0 ignored; 0 measured; 0 filtered out; finished in 0.01s
Native owner (macos-15)	Test Arrow IO with Rust 1.99.0	2026-10-05T02:06:50.0694670Z 
Native owner (macos-15)	Test Arrow IO with Rust 1.99.0	2026-10-05T02:06:50.0694950Z      Running tests/calibration_physical_v2.rs (target/debug/deps/calibration_physical_v2-0adf7419ba5c35a7)
Native owner (macos-15)	Test Arrow IO with Rust 1.99.0	2026-10-05T02:06:50.0727840Z 
Native owner (macos-15)	Test Arrow IO with Rust 1.99.0	2026-10-05T02:06:50.0728100Z running 2 tests
Native owner (macos-15)	Test Arrow IO with Rust 1.99.0	2026-10-05T02:06:50.1671060Z test actual_ipc_tables_use_full_frozen_schema_and_roundtrip ... ok
Native owner (macos-15)	Test Arrow IO with Rust 1.99.0	2026-10-05T02:06:50.3516370Z test actual_parquet_tables_use_full_frozen_schema_and_roundtrip ... ok
Native owner (macos-15)	Test Arrow IO with Rust 1.99.0	2026-10-05T02:06:50.3516730Z 
Native owner (macos-15)	Test Arrow IO with Rust 1.99.0	2026-10-05T02:06:50.3517000Z test result: ok. 2 passed; 0 failed; 0 ignored; 0 measured; 0 filtered out; finished in 0.28s
Native owner (macos-15)	Test Arrow IO with Rust 1.99.0	2026-10-05T02:06:50.3517350Z 
Native owner (macos-15)	Test Arrow IO with Rust 1.99.0	2026-10-05T02:06:50.3519680Z      Running tests/ingestion_physical_v1.rs (target/debug/deps/ingestion_physical_v1-3376446dde23041f)
Native owner (macos-15)	Test Arrow IO with Rust 1.99.0	2026-10-05T02:06:50.3561830Z 
Native owner (macos-15)	Test Arrow IO with Rust 1.99.0	2026-10-05T02:06:50.3562100Z running 1 test
Native owner (macos-15)	Test Arrow IO with Rust 1.99.0	2026-10-05T02:06:51.0319890Z test actual_physical_tables_roundtrip_across_formats_orders_and_layouts ... ok
Native owner (macos-15)	Test Arrow IO with Rust 1.99.0	2026-10-05T02:06:51.0320310Z 
Native owner (macos-15)	Test Arrow IO with Rust 1.99.0	2026-10-05T02:06:51.0320590Z test result: ok. 1 passed; 0 failed; 0 ignored; 0 measured; 0 filtered out; finished in 0.68s
Native owner (macos-15)	Test Arrow IO with Rust 1.99.0	2026-10-05T02:06:51.0320960Z 
Native owner (macos-15)	Test Arrow IO with Rust 1.99.0	2026-10-05T02:06:51.0323040Z      Running tests/interop_v1.rs (target/debug/deps/interop_v1-2f2a93e509a49fce)
Native owner (macos-15)	Test Arrow IO with Rust 1.99.0	2026-10-05T02:06:51.0369430Z 
Native owner (macos-15)	Test Arrow IO with Rust 1.99.0	2026-10-05T02:06:51.0369730Z running 1 test
Native owner (macos-15)	Test Arrow IO with Rust 1.99.0	2026-10-05T02:06:51.0478230Z test pyarrow_fixtures_are_read_and_rust_transports_are_written ... ok
Native owner (macos-15)	Test Arrow IO with Rust 1.99.0	2026-10-05T02:06:51.0478660Z 
Native owner (macos-15)	Test Arrow IO with Rust 1.99.0	2026-10-05T02:06:51.0478990Z test result: ok. 1 passed; 0 failed; 0 ignored; 0 measured; 0 filtered out; finished in 0.01s
Native owner (macos-15)	Test Arrow IO with Rust 1.99.0	2026-10-05T02:06:51.0479380Z 
Native owner (macos-15)	Test Arrow IO with Rust 1.99.0	2026-10-05T02:06:51.0480140Z    Doc-tests kairo_ecs_arrow_io
Native owner (macos-15)	Test Arrow IO with Rust 1.99.0	2026-10-05T02:06:51.1070920Z 
Native owner (macos-15)	Test Arrow IO with Rust 1.99.0	2026-10-05T02:06:51.1071290Z running 0 tests
Native owner (macos-15)	Test Arrow IO with Rust 1.99.0	2026-10-05T02:06:51.1071430Z 
Native owner (macos-15)	Test Arrow IO with Rust 1.99.0	2026-10-05T02:06:51.1071700Z test result: ok. 0 passed; 0 failed; 0 ignored; 0 measured; 0 filtered out; finished in 0.00s
Native owner (macos-15)	Test Arrow IO with Rust 1.99.0	2026-10-05T02:06:51.1072050Z 
Native owner (macos-15)	Test Arrow IO with Rust 1.99.0	2026-10-05T02:06:51.3058790Z    Compiling arrow-ipc v60.0.0
Native owner (macos-15)	Test Arrow IO with Rust 1.99.0	2026-10-05T02:06:52.4743980Z    Compiling kairo-ecs-arrow-io v0.1.0 (/Users/runner/work/kairos/kairos/crates/kairo-ecs-arrow-io)
Native owner (macos-15)	Test Arrow IO with Rust 1.99.0	2026-10-05T02:06:52.6089240Z    Compiling kairo-ecs-arrow v0.1.0 (/Users/runner/work/kairos/kairos/crates/kairo-ecs-arrow)
Native owner (macos-15)	Test Arrow IO with Rust 1.99.0	2026-10-05T02:06:54.0172100Z     Finished `test` profile [unoptimized + debuginfo] target(s) in 2.89s
Native owner (macos-15)	Test Arrow IO with Rust 1.99.0	2026-10-05T02:06:54.0246380Z      Running unittests src/lib.rs (target/debug/deps/kairo_ecs_arrow-23dc74f15720d84c)
Native owner (macos-15)	Test Arrow IO with Rust 1.99.0	2026-10-05T02:06:54.0308820Z 
Native owner (macos-15)	Test Arrow IO with Rust 1.99.0	2026-10-05T02:06:54.0309250Z running 7 tests
Native owner (macos-15)	Test Arrow IO with Rust 1.99.0	2026-10-05T02:06:54.0312820Z test resource_lifecycle::tests::ordinal_validation_does_not_saturate_at_u32_max ... ok
Native owner (macos-15)	Test Arrow IO with Rust 1.99.0	2026-10-05T02:06:54.0313620Z test tests::dispatched_record_maps_core_event_fields ... ok
Native owner (macos-15)	Test Arrow IO with Rust 1.99.0	2026-10-05T02:06:54.0314210Z test tests::event_log_schema_matches_track_04_order ... ok
Native owner (macos-15)	Test Arrow IO with Rust 1.99.0	2026-10-05T02:06:54.0314650Z test tests::event_log_batch_round_trips_smoke_bytes ... ok
Native owner (macos-15)	Test Arrow IO with Rust 1.99.0	2026-10-05T02:06:54.0315040Z test tests::previous_facade_still_flushes_records ... ok
Native owner (macos-15)	Test Arrow IO with Rust 1.99.0	2026-10-05T02:06:54.0315500Z test tests::validation_rejects_incompatible_schema_version ... ok
Native owner (macos-15)	Test Arrow IO with Rust 1.99.0	2026-10-05T02:06:54.0315980Z test tests::smoke_bytes_preserve_escaped_strings_and_payload_ref ... ok
Native owner (macos-15)	Test Arrow IO with Rust 1.99.0	2026-10-05T02:06:54.0318280Z 
Native owner (macos-15)	Test Arrow IO with Rust 1.99.0	2026-10-05T02:06:54.0318510Z test result: ok. 7 passed; 0 failed; 0 ignored; 0 measured; 0 filtered out; finished in 0.00s
Native owner (macos-15)	Test Arrow IO with Rust 1.99.0	2026-10-05T02:06:54.0318910Z 
Native owner (macos-15)	Test Arrow IO with Rust 1.99.0	2026-10-05T02:06:54.0319230Z      Running tests/legacy_smoke_bytes_v1.rs (target/debug/deps/legacy_smoke_bytes_v1-65f0374bb481f745)
Native owner (macos-15)	Test Arrow IO with Rust 1.99.0	2026-10-05T02:06:54.0362680Z 
Native owner (macos-15)	Test Arrow IO with Rust 1.99.0	2026-10-05T02:06:54.0364870Z running 1 test
Native owner (macos-15)	Test Arrow IO with Rust 1.99.0	2026-10-05T02:06:54.0365320Z test legacy_smoke_bytes_match_frozen_custom_format_and_roundtrip ... ok
Native owner (macos-15)	Test Arrow IO with Rust 1.99.0	2026-10-05T02:06:54.0365650Z 
Native owner (macos-15)	Test Arrow IO with Rust 1.99.0	2026-10-05T02:06:54.0365860Z test result: ok. 1 passed; 0 failed; 0 ignored; 0 measured; 0 filtered out; finished in 0.00s
Native owner (macos-15)	Test Arrow IO with Rust 1.99.0	2026-10-05T02:06:54.0366370Z 
Native owner (macos-15)	Test Arrow IO with Rust 1.99.0	2026-10-05T02:06:54.0366840Z      Running tests/resource_lifecycle_v1.rs (target/debug/deps/resource_lifecycle_v1-f1f4caadc2c3dc8a)
Native owner (macos-15)	Test Arrow IO with Rust 1.99.0	2026-10-05T02:06:54.0415370Z 
Native owner (macos-15)	Test Arrow IO with Rust 1.99.0	2026-10-05T02:06:54.0415930Z running 6 tests
Native owner (macos-15)	Test Arrow IO with Rust 1.99.0	2026-10-05T02:06:54.0437580Z test engine_records_cover_every_enum_token_and_full_width_values ... ok
Native owner (macos-15)	Test Arrow IO with Rust 1.99.0	2026-10-05T02:06:54.0438290Z test empty_batch_and_manual_work_nulls_are_typed_and_distinct_from_zero ... ok
Native owner (macos-15)	Test Arrow IO with Rust 1.99.0	2026-10-05T02:06:54.0439560Z test frozen_schema_order_types_nullability_and_metadata_match_contract ... ok
Native owner (macos-15)	Test Arrow IO with Rust 1.99.0	2026-10-05T02:06:54.0440130Z test every_column_maps_the_expected_source_value ... ok
Native owner (macos-15)	Test Arrow IO with Rust 1.99.0	2026-10-05T02:06:54.0440610Z test rejects_malformed_event_order_run_ids_and_snapshot_references ... ok
Native owner (macos-15)	Test Arrow IO with Rust 1.99.0	2026-10-05T02:06:54.0446110Z test bounded_arrowio_stream_and_file_roundtrip_preserve_all_columns_and_metadata ... ok
Native owner (macos-15)	Test Arrow IO with Rust 1.99.0	2026-10-05T02:06:54.0446430Z 
Native owner (macos-15)	Test Arrow IO with Rust 1.99.0	2026-10-05T02:06:54.0446720Z test result: ok. 6 passed; 0 failed; 0 ignored; 0 measured; 0 filtered out; finished in 0.00s
Native owner (macos-15)	Test Arrow IO with Rust 1.99.0	2026-10-05T02:06:54.0447080Z 
Native owner (macos-15)	Test Arrow IO with Rust 1.99.0	2026-10-05T02:06:54.0448270Z      Running tests/schema_compatibility.rs (target/debug/deps/schema_compatibility-07e85c48a9ecfc8a)
Native owner (macos-15)	Test Arrow IO with Rust 1.99.0	2026-10-05T02:06:54.0486390Z 
Native owner (macos-15)	Test Arrow IO with Rust 1.99.0	2026-10-05T02:06:54.0487360Z running 4 tests
Native owner (macos-15)	Test Arrow IO with Rust 1.99.0	2026-10-05T02:06:54.0487830Z test checked_in_schema_json_matches_runtime_contract ... ok
Native owner (macos-15)	Test Arrow IO with Rust 1.99.0	2026-10-05T02:06:54.0488340Z test event_log_schema_fingerprint_is_stable ... ok
Native owner (macos-15)	Test Arrow IO with Rust 1.99.0	2026-10-05T02:06:54.0488810Z test event_log_schema_is_stable_for_binding_consumers ... ok
Native owner (macos-15)	Test Arrow IO with Rust 1.99.0	2026-10-05T02:06:54.0489330Z test event_log_smoke_roundtrip_preserves_ordering_fields ... ok
Native owner (macos-15)	Test Arrow IO with Rust 1.99.0	2026-10-05T02:06:54.0489670Z 
Native owner (macos-15)	Test Arrow IO with Rust 1.99.0	2026-10-05T02:06:54.0489930Z test result: ok. 4 passed; 0 failed; 0 ignored; 0 measured; 0 filtered out; finished in 0.00s
Native owner (macos-15)	Test Arrow IO with Rust 1.99.0	2026-10-05T02:06:54.0490310Z 
Native owner (macos-15)	Test Arrow IO with Rust 1.99.0	2026-10-05T02:06:54.0490580Z      Running tests/trace_time.rs (target/debug/deps/trace_time-39fba9e84f971363)
Native owner (macos-15)	Test Arrow IO with Rust 1.99.0	2026-10-05T02:06:54.0524940Z 
Native owner (macos-15)	Test Arrow IO with Rust 1.99.0	2026-10-05T02:06:54.0526350Z running 6 tests
Native owner (macos-15)	Test Arrow IO with Rust 1.99.0	2026-10-05T02:06:54.0527510Z test exclusions_and_explicit_lineage_have_standard_error_and_preserve_meaning ... ok
Native owner (macos-15)	Test Arrow IO with Rust 1.99.0	2026-10-05T02:06:54.0528200Z test minute_precision_is_retained_and_episode_end_does_not_imply_departure ... ok
Native owner (macos-15)	Test Arrow IO with Rust 1.99.0	2026-10-05T02:06:54.0528880Z test occurrence_requires_the_right_clock_role_and_present_lineage ... ok
Native owner (macos-15)	Test Arrow IO with Rust 1.99.0	2026-10-05T02:06:54.0529300Z test relative_ticks_are_exact_and_reject_pre_origin ... ok
Native owner (macos-15)	Test Arrow IO with Rust 1.99.0	2026-10-05T02:06:54.0530050Z test unresolved_or_coarse_timestamps_are_exclusions_not_fabricated_ticks ... ok
Native owner (macos-15)	Test Arrow IO with Rust 1.99.0	2026-10-05T02:06:54.0530710Z test valid_boarding_after_episode_end_is_not_rejected_as_reversed_location_time ... ok
Native owner (macos-15)	Test Arrow IO with Rust 1.99.0	2026-10-05T02:06:54.0531030Z 
Native owner (macos-15)	Test Arrow IO with Rust 1.99.0	2026-10-05T02:06:54.0531240Z test result: ok. 6 passed; 0 failed; 0 ignored; 0 measured; 0 filtered out; finished in 0.00s
Native owner (macos-15)	Test Arrow IO with Rust 1.99.0	2026-10-05T02:06:54.0531620Z 
Native owner (macos-15)	Test Arrow IO with Rust 1.99.0	2026-10-05T02:06:54.0531930Z      Running tests/trace_time_roles_v1.rs (target/debug/deps/trace_time_roles_v1-ada79b8b5496d8b2)
Native owner (macos-15)	Test Arrow IO with Rust 1.99.0	2026-10-05T02:06:54.0567470Z 
Native owner (macos-15)	Test Arrow IO with Rust 1.99.0	2026-10-05T02:06:54.0568310Z running 6 tests
Native owner (macos-15)	Test Arrow IO with Rust 1.99.0	2026-10-05T02:06:54.0569930Z test accepted_occurrence_projects_to_unchanged_wrapper_fields ... ok
Native owner (macos-15)	Test Arrow IO with Rust 1.99.0	2026-10-05T02:06:54.0570520Z test each_role_retains_existing_exclusion_classification ... ok
Native owner (macos-15)	Test Arrow IO with Rust 1.99.0	2026-10-05T02:06:54.0571030Z test every_role_has_exact_full_signed_span_and_origin ... ok
Native owner (macos-15)	Test Arrow IO with Rust 1.99.0	2026-10-05T02:06:54.0571570Z test every_role_precision_and_lineage_is_preserved ... ok
Native owner (macos-15)	Test Arrow IO with Rust 1.99.0	2026-10-05T02:06:54.0572040Z test occurrence_wrapper_preserves_missing_and_role_precedence ... ok
Native owner (macos-15)	Test Arrow IO with Rust 1.99.0	2026-10-05T02:06:54.0572750Z test shared_error_precedence_is_not_reordered ... ok
Native owner (macos-15)	Test Arrow IO with Rust 1.99.0	2026-10-05T02:06:54.0573060Z 
Native owner (macos-15)	Test Arrow IO with Rust 1.99.0	2026-10-05T02:06:54.0573320Z test result: ok. 6 passed; 0 failed; 0 ignored; 0 measured; 0 filtered out; finished in 0.00s
Native owner (macos-15)	Test Arrow IO with Rust 1.99.0	2026-10-05T02:06:54.0573680Z 
Native owner (macos-15)	Test Arrow IO with Rust 1.99.0	2026-10-05T02:06:54.0574000Z      Running tests/trace_time_signed_span.rs (target/debug/deps/trace_time_signed_span-621ab293ac2ced2e)
Native owner (macos-15)	Test Arrow IO with Rust 1.99.0	2026-10-05T02:06:54.0605110Z 
Native owner (macos-15)	Test Arrow IO with Rust 1.99.0	2026-10-05T02:06:54.0605440Z running 1 test
Native owner (macos-15)	Test Arrow IO with Rust 1.99.0	2026-10-05T02:06:54.0606210Z test relative_ticks_accepts_full_ordered_signed_domain ... ok
Native owner (macos-15)	Test Arrow IO with Rust 1.99.0	2026-10-05T02:06:54.0606490Z 
Native owner (macos-15)	Test Arrow IO with Rust 1.99.0	2026-10-05T02:06:54.0606770Z test result: ok. 1 passed; 0 failed; 0 ignored; 0 measured; 0 filtered out; finished in 0.00s
Native owner (macos-15)	Test Arrow IO with Rust 1.99.0	2026-10-05T02:06:54.0607110Z 
Native owner (macos-15)	Test Arrow IO with Rust 1.99.0	2026-10-05T02:06:54.0607710Z    Doc-tests kairo_ecs_arrow
Native owner (macos-15)	Test Arrow IO with Rust 1.99.0	2026-10-05T02:06:54.1022130Z 
Native owner (macos-15)	Test Arrow IO with Rust 1.99.0	2026-10-05T02:06:54.1022640Z running 0 tests
Native owner (macos-15)	Test Arrow IO with Rust 1.99.0	2026-10-05T02:06:54.1022840Z 
Native owner (macos-15)	Test Arrow IO with Rust 1.99.0	2026-10-05T02:06:54.1023050Z test result: ok. 0 passed; 0 failed; 0 ignored; 0 measured; 0 filtered out; finished in 0.00s
Native owner (macos-15)	Test Arrow IO with Rust 1.99.0	2026-10-05T02:06:54.1023420Z 
Native owner (macos-15)	Test Arrow IO with Rust 1.99.0	2026-10-05T02:06:54.1873020Z    Compiling serde_core v1.0.228
Native owner (macos-15)	Test Arrow IO with Rust 1.99.0	2026-10-05T02:06:54.1893380Z    Compiling kairo-ecs-arrow-io v0.1.0 (/Users/runner/work/kairos/kairos/crates/kairo-ecs-arrow-io)
Native owner (macos-15)	Test Arrow IO with Rust 1.99.0	2026-10-05T02:06:55.6586000Z    Compiling serde_json v1.0.149
Native owner (macos-15)	Test Arrow IO with Rust 1.99.0	2026-10-05T02:06:56.2593970Z    Compiling kairo-ecs-calibration v0.1.0 (/Users/runner/work/kairos/kairos/crates/kairo-ecs-calibration)
Native owner (macos-15)	Test Arrow IO with Rust 1.99.0	2026-10-05T02:06:59.2196200Z     Finished `test` profile [unoptimized + debuginfo] target(s) in 5.10s
Native owner (macos-15)	Test Arrow IO with Rust 1.99.0	2026-10-05T02:06:59.2338860Z      Running tests/arrow_output_c43.rs (target/debug/deps/arrow_output_c43-8bf303241bd59bb2)
Native owner (macos-15)	Test Arrow IO with Rust 1.99.0	2026-10-05T02:06:59.2393000Z 
Native owner (macos-15)	Test Arrow IO with Rust 1.99.0	2026-10-05T02:06:59.2401250Z running 7 tests
Native owner (macos-15)	Test Arrow IO with Rust 1.99.0	2026-10-05T02:06:59.2439710Z test c43_rejects_inconsistent_residual_unknown_fields_and_duplicate_records ... ok
Native owner (macos-15)	Test Arrow IO with Rust 1.99.0	2026-10-05T02:06:59.2441200Z test c43_roundtrips_full_width_ticks_nulls_and_canonical_strata ... ok
Native owner (macos-15)	Test Arrow IO with Rust 1.99.0	2026-10-05T02:06:59.2441870Z test c43_residual_sort_uses_raw_string_order_for_escaped_ids ... ok
Native owner (macos-15)	Test Arrow IO with Rust 1.99.0	2026-10-05T02:06:59.2442520Z test c43_schemas_preserve_empty_shapes_and_output_types ... ok
Native owner (macos-15)	Test Arrow IO with Rust 1.99.0	2026-10-05T02:06:59.2443130Z test c43_sort_uses_full_residual_identity_and_numeric_occurrence ... ok
Native owner (macos-15)	Test Arrow IO with Rust 1.99.0	2026-10-05T02:06:59.2443700Z test c43_validates_frozen_keys_metric_semantics_and_decode_rows ... ok
Native owner (macos-15)	Test Arrow IO with Rust 1.99.0	2026-10-05T02:06:59.2535780Z test c43_actual_ipc_file_stream_and_parquet_roundtrip ... ok
Native owner (macos-15)	Test Arrow IO with Rust 1.99.0	2026-10-05T02:06:59.2536270Z 
Native owner (macos-15)	Test Arrow IO with Rust 1.99.0	2026-10-05T02:06:59.2536890Z test result: ok. 7 passed; 0 failed; 0 ignored; 0 measured; 0 filtered out; finished in 0.01s
Native owner (macos-15)	Test Arrow IO with Rust 1.99.0	2026-10-05T02:06:59.2537300Z 
Native owner (macos-15)	Test Arrow IO with Rust 1.99.0	2026-10-05T02:06:59.2540050Z      Running tests/sidecar_adapter_c43.rs (target/debug/deps/sidecar_adapter_c43-71c8c35a88a38d88)
Native owner (macos-15)	Test Arrow IO with Rust 1.99.0	2026-10-05T02:06:59.2574290Z 
Native owner (macos-15)	Test Arrow IO with Rust 1.99.0	2026-10-05T02:06:59.2577070Z running 12 tests
Native owner (macos-15)	Test Arrow IO with Rust 1.99.0	2026-10-05T02:06:59.2627030Z test c43_contradictory_source_clocks_fail_and_retain_both_raw_sides ... ok
Native owner (macos-15)	Test Arrow IO with Rust 1.99.0	2026-10-05T02:06:59.2629380Z test c43_empty_residual_population_still_emits_declared_empty_metric_summaries ... ok
Native owner (macos-15)	Test Arrow IO with Rust 1.99.0	2026-10-05T02:06:59.2630060Z test c43_emits_c0_sidecars_from_kernels_and_joins_explicit_event ... ok
Native owner (macos-15)	Test Arrow IO with Rust 1.99.0	2026-10-05T02:06:59.2630810Z test c43_in_window_nonpoint_is_ineligible_but_not_window_excluded ... ok
Native owner (macos-15)	Test Arrow IO with Rust 1.99.0	2026-10-05T02:06:59.2631400Z test c43_failed_prediction_preserves_reference_censor_and_missing_lineage ... ok
Native owner (macos-15)	Test Arrow IO with Rust 1.99.0	2026-10-05T02:06:59.2632070Z test c43_input_permutation_preserves_logical_records_and_metric_bits ... ok
Native owner (macos-15)	Test Arrow IO with Rust 1.99.0	2026-10-05T02:06:59.2632780Z test c43_max_u128_is_exact_and_window_exclusion_does_not_rewrite_point_residual ... ok
Native owner (macos-15)	Test Arrow IO with Rust 1.99.0	2026-10-05T02:06:59.2633380Z test c43_noncomputed_statuses_keep_null_contract_and_overlapping_counts ... ok
Native owner (macos-15)	Test Arrow IO with Rust 1.99.0	2026-10-05T02:06:59.2634040Z test c43_invalid_run_event_hash_and_duplicate_key_fail_with_raw_diagnostics ... ok
Native owner (macos-15)	Test Arrow IO with Rust 1.99.0	2026-10-05T02:06:59.2634690Z test c43_paired_metric_denominator_is_matched_pairs_and_manifest_keeps_cohort_counts ... ok
Native owner (macos-15)	Test Arrow IO with Rust 1.99.0	2026-10-05T02:06:59.2635380Z test c43_structurally_invalid_metric_rows_fail_with_both_raw_cohorts ... ok
Native owner (macos-15)	Test Arrow IO with Rust 1.99.0	2026-10-05T02:06:59.2650400Z test c43_unmatched_missing_failed_and_infeasible_pairs_keep_schema_statuses ... ok
Native owner (macos-15)	Test Arrow IO with Rust 1.99.0	2026-10-05T02:06:59.2654960Z 
Native owner (macos-15)	Test Arrow IO with Rust 1.99.0	2026-10-05T02:06:59.2655280Z test result: ok. 12 passed; 0 failed; 0 ignored; 0 measured; 0 filtered out; finished in 0.01s
Native owner (macos-15)	Test Arrow IO with Rust 1.99.0	2026-10-05T02:06:59.2655650Z 
Native owner (macos-15)	Test Arrow IO with Rust 1.99.0	2026-10-05T02:06:59.2657450Z      Running tests/sidecar_pipeline_c43.rs (target/debug/deps/sidecar_pipeline_c43-7f36f312a2e7f26f)
Native owner (macos-15)	Test Arrow IO with Rust 1.99.0	2026-10-05T02:06:59.2717110Z 
Native owner (macos-15)	Test Arrow IO with Rust 1.99.0	2026-10-05T02:06:59.2717610Z running 2 tests
Native owner (macos-15)	Test Arrow IO with Rust 1.99.0	2026-10-05T02:06:59.2799500Z test c43_empty_runtime_preserves_typed_residual_schema_and_null_metrics ... ok
Native owner (macos-15)	Test Arrow IO with Rust 1.99.0	2026-10-05T02:06:59.3660360Z test c43_runtime_records_and_hashes_survive_permutation_and_physical_framing ... ok
Native owner (macos-15)	Test Arrow IO with Rust 1.99.0	2026-10-05T02:06:59.3661060Z 
Native owner (macos-15)	Test Arrow IO with Rust 1.99.0	2026-10-05T02:06:59.3662070Z test result: ok. 2 passed; 0 failed; 0 ignored; 0 measured; 0 filtered out; finished in 0.09s
Native owner (macos-15)	Test Arrow IO with Rust 1.99.0	2026-10-05T02:06:59.3663050Z 
Native owner (macos-15)	Test Arrow IO with Rust 1.99.0	2026-10-05T02:07:00.0335770Z {
Native owner (macos-15)	Test Arrow IO with Rust 1.99.0	2026-10-05T02:07:00.0463350Z   "controls": [
Native owner (macos-15)	Test Arrow IO with Rust 1.99.0	2026-10-05T02:07:00.0485000Z     {
Native owner (macos-15)	Test Arrow IO with Rust 1.99.0	2026-10-05T02:07:00.0485520Z       "file": "residual.ipc_file",
Native owner (macos-15)	Test Arrow IO with Rust 1.99.0	2026-10-05T02:07:00.0485950Z       "id": "wrong_type",
Native owner (macos-15)	Test Arrow IO with Rust 1.99.0	2026-10-05T02:07:00.0490320Z       "rejection": "ValueError: residual physical schema/type/order/nullability/metadata mismatch"
Native owner (macos-15)	Test Arrow IO with Rust 1.99.0	2026-10-05T02:07:00.0490860Z     },
Native owner (macos-15)	Test Arrow IO with Rust 1.99.0	2026-10-05T02:07:00.0490990Z     {
Native owner (macos-15)	Test Arrow IO with Rust 1.99.0	2026-10-05T02:07:00.0491260Z       "file": "residual.ipc_stream",
Native owner (macos-15)	Test Arrow IO with Rust 1.99.0	2026-10-05T02:07:00.0491570Z       "id": "mutated_u128",
Native owner (macos-15)	Test Arrow IO with Rust 1.99.0	2026-10-05T02:07:00.0491930Z       "rejection": "ValueError: residual physical values/nulls differ from actual logical JSON"
Native owner (macos-15)	Test Arrow IO with Rust 1.99.0	2026-10-05T02:07:00.0492380Z     },
Native owner (macos-15)	Test Arrow IO with Rust 1.99.0	2026-10-05T02:07:00.0492630Z     {
Native owner (macos-15)	Test Arrow IO with Rust 1.99.0	2026-10-05T02:07:00.0492880Z       "file": "residual.parquet",
Native owner (macos-15)	Test Arrow IO with Rust 1.99.0	2026-10-05T02:07:00.0493150Z       "id": "required_null",
Native owner (macos-15)	Test Arrow IO with Rust 1.99.0	2026-10-05T02:07:00.0493630Z       "rejection": "ValueError: residual physical schema/type/order/nullability/metadata mismatch"
Native owner (macos-15)	Test Arrow IO with Rust 1.99.0	2026-10-05T02:07:00.0494130Z     },
Native owner (macos-15)	Test Arrow IO with Rust 1.99.0	2026-10-05T02:07:00.0494330Z     {
Native owner (macos-15)	Test Arrow IO with Rust 1.99.0	2026-10-05T02:07:00.0494600Z       "file": "residual.parquet",
Native owner (macos-15)	Test Arrow IO with Rust 1.99.0	2026-10-05T02:07:00.0494940Z       "id": "wrong_metadata",
Native owner (macos-15)	Test Arrow IO with Rust 1.99.0	2026-10-05T02:07:00.0495370Z       "rejection": "ValueError: residual physical schema/type/order/nullability/metadata mismatch"
Native owner (macos-15)	Test Arrow IO with Rust 1.99.0	2026-10-05T02:07:00.0495880Z     }
Native owner (macos-15)	Test Arrow IO with Rust 1.99.0	2026-10-05T02:07:00.0496180Z   ],
Native owner (macos-15)	Test Arrow IO with Rust 1.99.0	2026-10-05T02:07:00.0496700Z   "logical_schema_validation": "bounded evaluator for unchanged C0 residual/metric definitions; fails closed on unsupported keywords",
Native owner (macos-15)	Test Arrow IO with Rust 1.99.0	2026-10-05T02:07:00.0497700Z   "positive_oracle": "typed Arrow IPC file/stream and Parquet tables match independently frozen schemas and canonical logical records; residual 0-to-u128-max exact difference retained",
Native owner (macos-15)	Test Arrow IO with Rust 1.99.0	2026-10-05T02:07:00.0498470Z   "pyarrow": "25.0.1",
Native owner (macos-15)	Test Arrow IO with Rust 1.99.0	2026-10-05T02:07:00.0498810Z   "status": "pass"
Native owner (macos-15)	Test Arrow IO with Rust 1.99.0	2026-10-05T02:07:00.0499030Z }
Native owner (macos-15)	Test Arrow IO with Rust 1.99.0	2026-10-05T02:07:00.4136880Z {
Native owner (macos-15)	Test Arrow IO with Rust 1.99.0	2026-10-05T02:07:00.4137590Z   "actual_manifest_mutation_controls": [
Native owner (macos-15)	Test Arrow IO with Rust 1.99.0	2026-10-05T02:07:00.4138210Z     {
Native owner (macos-15)	Test Arrow IO with Rust 1.99.0	2026-10-05T02:07:00.4138460Z       "control": "residual_pairs",
Native owner (macos-15)	Test Arrow IO with Rust 1.99.0	2026-10-05T02:07:00.4140410Z       "expected": "reject",
Native owner (macos-15)	Test Arrow IO with Rust 1.99.0	2026-10-05T02:07:00.4141010Z       "observed": "ValueError: join_manifest residual_pairs differs from residual records"
Native owner (macos-15)	Test Arrow IO with Rust 1.99.0	2026-10-05T02:07:00.4141810Z     },
Native owner (macos-15)	Test Arrow IO with Rust 1.99.0	2026-10-05T02:07:00.4142310Z     {
Native owner (macos-15)	Test Arrow IO with Rust 1.99.0	2026-10-05T02:07:00.4142770Z       "control": "residual_raw_rows",
Native owner (macos-15)	Test Arrow IO with Rust 1.99.0	2026-10-05T02:07:00.4143180Z       "expected": "reject",
Native owner (macos-15)	Test Arrow IO with Rust 1.99.0	2026-10-05T02:07:00.4143640Z       "observed": "ValueError: join_manifest residual_raw_rows differs from retained raw records"
Native owner (macos-15)	Test Arrow IO with Rust 1.99.0	2026-10-05T02:07:00.4144180Z     },
Native owner (macos-15)	Test Arrow IO with Rust 1.99.0	2026-10-05T02:07:00.4144480Z     {
Native owner (macos-15)	Test Arrow IO with Rust 1.99.0	2026-10-05T02:07:00.4144850Z       "control": "residual_hash",
Native owner (macos-15)	Test Arrow IO with Rust 1.99.0	2026-10-05T02:07:00.4145290Z       "expected": "reject",
Native owner (macos-15)	Test Arrow IO with Rust 1.99.0	2026-10-05T02:07:00.4145990Z       "observed": "ValueError: join_manifest residual_raw_rows_canonical_sha256 differs from canonical raw_records array"
Native owner (macos-15)	Test Arrow IO with Rust 1.99.0	2026-10-05T02:07:00.4146620Z     },
Native owner (macos-15)	Test Arrow IO with Rust 1.99.0	2026-10-05T02:07:00.4148740Z     {
Native owner (macos-15)	Test Arrow IO with Rust 1.99.0	2026-10-05T02:07:00.4149080Z       "control": "metric_raw_count",
Native owner (macos-15)	Test Arrow IO with Rust 1.99.0	2026-10-05T02:07:00.4149520Z       "expected": "reject",
Native owner (macos-15)	Test Arrow IO with Rust 1.99.0	2026-10-05T02:07:00.4150130Z       "observed": "ValueError: metric reference raw-row count differs from join/source manifest"
Native owner (macos-15)	Test Arrow IO with Rust 1.99.0	2026-10-05T02:07:00.4151010Z     },
Native owner (macos-15)	Test Arrow IO with Rust 1.99.0	2026-10-05T02:07:00.4151440Z     {
Native owner (macos-15)	Test Arrow IO with Rust 1.99.0	2026-10-05T02:07:00.4151850Z       "control": "metric_hash",
Native owner (macos-15)	Test Arrow IO with Rust 1.99.0	2026-10-05T02:07:00.4152210Z       "expected": "reject",
Native owner (macos-15)	Test Arrow IO with Rust 1.99.0	2026-10-05T02:07:00.4152860Z       "observed": "ValueError: metric_raw_rows_canonical_sha256 differs from retained metric raw records"
Native owner (macos-15)	Test Arrow IO with Rust 1.99.0	2026-10-05T02:07:00.4153550Z     },
Native owner (macos-15)	Test Arrow IO with Rust 1.99.0	2026-10-05T02:07:00.4153850Z     {
Native owner (macos-15)	Test Arrow IO with Rust 1.99.0	2026-10-05T02:07:00.4154230Z       "control": "group_unmatched",
Native owner (macos-15)	Test Arrow IO with Rust 1.99.0	2026-10-05T02:07:00.4154710Z       "expected": "reject",
Native owner (macos-15)	Test Arrow IO with Rust 1.99.0	2026-10-05T02:07:00.4155110Z       "observed": "ValueError: C4.2 group diagnostic unmatched_count expected 9, got 4"
Native owner (macos-15)	Test Arrow IO with Rust 1.99.0	2026-10-05T02:07:00.4155600Z     },
Native owner (macos-15)	Test Arrow IO with Rust 1.99.0	2026-10-05T02:07:00.4155950Z     {
Native owner (macos-15)	Test Arrow IO with Rust 1.99.0	2026-10-05T02:07:00.4156340Z       "control": "event_handle",
Native owner (macos-15)	Test Arrow IO with Rust 1.99.0	2026-10-05T02:07:00.4156810Z       "expected": "reject",
Native owner (macos-15)	Test Arrow IO with Rust 1.99.0	2026-10-05T02:07:00.4157330Z       "observed": "ValueError: join_manifest row 0 event handle bytes disagree with causal_ref"
Native owner (macos-15)	Test Arrow IO with Rust 1.99.0	2026-10-05T02:07:00.4157860Z     },
Native owner (macos-15)	Test Arrow IO with Rust 1.99.0	2026-10-05T02:07:00.4158190Z     {
Native owner (macos-15)	Test Arrow IO with Rust 1.99.0	2026-10-05T02:07:00.4158530Z       "control": "residual_status",
Native owner (macos-15)	Test Arrow IO with Rust 1.99.0	2026-10-05T02:07:00.4159400Z       "expected": "reject",
Native owner (macos-15)	Test Arrow IO with Rust 1.99.0	2026-10-05T02:07:00.4159950Z       "observed": "ValueError: join_manifest residual status/uniqueness differs from sidecar"
Native owner (macos-15)	Test Arrow IO with Rust 1.99.0	2026-10-05T02:07:00.4160540Z     },
Native owner (macos-15)	Test Arrow IO with Rust 1.99.0	2026-10-05T02:07:00.4160830Z     {
Native owner (macos-15)	Test Arrow IO with Rust 1.99.0	2026-10-05T02:07:00.4161220Z       "control": "missing_join_manifest.json",
Native owner (macos-15)	Test Arrow IO with Rust 1.99.0	2026-10-05T02:07:00.4161680Z       "expected": "reject",
Native owner (macos-15)	Test Arrow IO with Rust 1.99.0	2026-10-05T02:07:00.4162210Z       "observed": "ValueError: required runtime evidence missing or empty: join_manifest.json"
Native owner (macos-15)	Test Arrow IO with Rust 1.99.0	2026-10-05T02:07:00.4162770Z     },
Native owner (macos-15)	Test Arrow IO with Rust 1.99.0	2026-10-05T02:07:00.4163100Z     {
Native owner (macos-15)	Test Arrow IO with Rust 1.99.0	2026-10-05T02:07:00.4163430Z       "control": "empty_join_manifest.json",
Native owner (macos-15)	Test Arrow IO with Rust 1.99.0	2026-10-05T02:07:00.4163850Z       "expected": "reject",
Native owner (macos-15)	Test Arrow IO with Rust 1.99.0	2026-10-05T02:07:00.4164390Z       "observed": "ValueError: required runtime evidence missing or empty: join_manifest.json"
Native owner (macos-15)	Test Arrow IO with Rust 1.99.0	2026-10-05T02:07:00.4164950Z     },
Native owner (macos-15)	Test Arrow IO with Rust 1.99.0	2026-10-05T02:07:00.4165260Z     {
Native owner (macos-15)	Test Arrow IO with Rust 1.99.0	2026-10-05T02:07:00.4165640Z       "control": "missing_source_manifest.json",
Native owner (macos-15)	Test Arrow IO with Rust 1.99.0	2026-10-05T02:07:00.4166090Z       "expected": "reject",
Native owner (macos-15)	Test Arrow IO with Rust 1.99.0	2026-10-05T02:07:00.4166600Z       "observed": "ValueError: required runtime evidence missing or empty: source_manifest.json"
Native owner (macos-15)	Test Arrow IO with Rust 1.99.0	2026-10-05T02:07:00.4167140Z     },
Native owner (macos-15)	Test Arrow IO with Rust 1.99.0	2026-10-05T02:07:00.4167500Z     {
Native owner (macos-15)	Test Arrow IO with Rust 1.99.0	2026-10-05T02:07:00.4167860Z       "control": "empty_source_manifest.json",
Native owner (macos-15)	Test Arrow IO with Rust 1.99.0	2026-10-05T02:07:00.4168320Z       "expected": "reject",
Native owner (macos-15)	Test Arrow IO with Rust 1.99.0	2026-10-05T02:07:00.4168880Z       "observed": "ValueError: required runtime evidence missing or empty: source_manifest.json"
Native owner (macos-15)	Test Arrow IO with Rust 1.99.0	2026-10-05T02:07:00.4169430Z     },
Native owner (macos-15)	Test Arrow IO with Rust 1.99.0	2026-10-05T02:07:00.4169730Z     {
Native owner (macos-15)	Test Arrow IO with Rust 1.99.0	2026-10-05T02:07:00.4170200Z       "control": "missing_event_log.smoke",
Native owner (macos-15)	Test Arrow IO with Rust 1.99.0	2026-10-05T02:07:00.4170620Z       "expected": "reject",
Native owner (macos-15)	Test Arrow IO with Rust 1.99.0	2026-10-05T02:07:00.4171170Z       "observed": "ValueError: required runtime evidence missing or empty: event_log.smoke"
Native owner (macos-15)	Test Arrow IO with Rust 1.99.0	2026-10-05T02:07:00.4174240Z     },
Native owner (macos-15)	Test Arrow IO with Rust 1.99.0	2026-10-05T02:07:00.4174590Z     {
Native owner (macos-15)	Test Arrow IO with Rust 1.99.0	2026-10-05T02:07:00.4180770Z       "control": "empty_event_log.smoke",
Native owner (macos-15)	Test Arrow IO with Rust 1.99.0	2026-10-05T02:07:00.4185850Z       "expected": "reject",
Native owner (macos-15)	Test Arrow IO with Rust 1.99.0	2026-10-05T02:07:00.4213720Z       "observed": "ValueError: required runtime evidence missing or empty: event_log.smoke"
Native owner (macos-15)	Test Arrow IO with Rust 1.99.0	2026-10-05T02:07:00.4214340Z     },
Native owner (macos-15)	Test Arrow IO with Rust 1.99.0	2026-10-05T02:07:00.4214690Z     {
Native owner (macos-15)	Test Arrow IO with Rust 1.99.0	2026-10-05T02:07:00.4215110Z       "control": "raw_clock_contradiction",
Native owner (macos-15)	Test Arrow IO with Rust 1.99.0	2026-10-05T02:07:00.4216170Z       "expected": "reject",
Native owner (macos-15)	Test Arrow IO with Rust 1.99.0	2026-10-05T02:07:00.4216780Z       "observed": "ValueError: raw residual source clock differs from join row"
Native owner (macos-15)	Test Arrow IO with Rust 1.99.0	2026-10-05T02:07:00.4217910Z     }
Native owner (macos-15)	Test Arrow IO with Rust 1.99.0	2026-10-05T02:07:00.4218270Z   ],
Native owner (macos-15)	Test Arrow IO with Rust 1.99.0	2026-10-05T02:07:00.4218780Z   "c0_logical_schema_sha256": "8c46db62f691f243385a4ebdf8a7a3d3670e2655dd0c3f82cba4335ced2a3842",
Native owner (macos-15)	Test Arrow IO with Rust 1.99.0	2026-10-05T02:07:00.4219380Z   "counts": {
Native owner (macos-15)	Test Arrow IO with Rust 1.99.0	2026-10-05T02:07:00.4219990Z     "metric": 7,
Native owner (macos-15)	Test Arrow IO with Rust 1.99.0	2026-10-05T02:07:00.4220340Z     "residual": 8
Native owner (macos-15)	Test Arrow IO with Rust 1.99.0	2026-10-05T02:07:00.4220740Z   },
Native owner (macos-15)	Test Arrow IO with Rust 1.99.0	2026-10-05T02:07:00.4221320Z   "directory": "/Users/runner/work/kairos/kairos/.artifacts/ci/arrow-io/1.99.0/macos-15/c43-rust-output",
Native owner (macos-15)	Test Arrow IO with Rust 1.99.0	2026-10-05T02:07:00.4221970Z   "event_join": "checked",
Native owner (macos-15)	Test Arrow IO with Rust 1.99.0	2026-10-05T02:07:00.4222680Z   "formats": {
Native owner (macos-15)	Test Arrow IO with Rust 1.99.0	2026-10-05T02:07:00.4224290Z     "metric.ipc_file": {
Native owner (macos-15)	Test Arrow IO with Rust 1.99.0	2026-10-05T02:07:00.4224670Z       "rows": 7,
Native owner (macos-15)	Test Arrow IO with Rust 1.99.0	2026-10-05T02:07:00.4225090Z       "sha256": "245228c545090fe7c93be558baff2e666b28288b80ff3960341cc43d7e5560f8"
Native owner (macos-15)	Test Arrow IO with Rust 1.99.0	2026-10-05T02:07:00.4225550Z     },
Native owner (macos-15)	Test Arrow IO with Rust 1.99.0	2026-10-05T02:07:00.4225850Z     "metric.ipc_stream": {
Native owner (macos-15)	Test Arrow IO with Rust 1.99.0	2026-10-05T02:07:00.4226200Z       "rows": 7,
Native owner (macos-15)	Test Arrow IO with Rust 1.99.0	2026-10-05T02:07:00.4226590Z       "sha256": "9f308920f50db2acc8fe874cfc0a02bb0b19b474aa7ba90fc36dd591e5e77059"
Native owner (macos-15)	Test Arrow IO with Rust 1.99.0	2026-10-05T02:07:00.4227040Z     },
Native owner (macos-15)	Test Arrow IO with Rust 1.99.0	2026-10-05T02:07:00.4227350Z     "metric.parquet": {
Native owner (macos-15)	Test Arrow IO with Rust 1.99.0	2026-10-05T02:07:00.4227690Z       "rows": 7,
Native owner (macos-15)	Test Arrow IO with Rust 1.99.0	2026-10-05T02:07:00.4228080Z       "sha256": "19abe034080fa6d70a00e2faefef7d4980250137694a9a5485eac761d8e4797c"
Native owner (macos-15)	Test Arrow IO with Rust 1.99.0	2026-10-05T02:07:00.4228520Z     },
Native owner (macos-15)	Test Arrow IO with Rust 1.99.0	2026-10-05T02:07:00.4228780Z     "residual.ipc_file": {
Native owner (macos-15)	Test Arrow IO with Rust 1.99.0	2026-10-05T02:07:00.4229070Z       "rows": 8,
Native owner (macos-15)	Test Arrow IO with Rust 1.99.0	2026-10-05T02:07:00.4229450Z       "sha256": "ab0ff50aa99fce46b9658c3c25d8d8dbfb1677b2889b1ae6e935af707732f074"
Native owner (macos-15)	Test Arrow IO with Rust 1.99.0	2026-10-05T02:07:00.4229860Z     },
Native owner (macos-15)	Test Arrow IO with Rust 1.99.0	2026-10-05T02:07:00.4230180Z     "residual.ipc_stream": {
Native owner (macos-15)	Test Arrow IO with Rust 1.99.0	2026-10-05T02:07:00.4232380Z       "rows": 8,
Native owner (macos-15)	Test Arrow IO with Rust 1.99.0	2026-10-05T02:07:00.4232820Z       "sha256": "73cfe3708b21549925b479737a5801b060c6213c5f2a6f3d26a8955de88b36fc"
Native owner (macos-15)	Test Arrow IO with Rust 1.99.0	2026-10-05T02:07:00.4233230Z     },
Native owner (macos-15)	Test Arrow IO with Rust 1.99.0	2026-10-05T02:07:00.4233490Z     "residual.parquet": {
Native owner (macos-15)	Test Arrow IO with Rust 1.99.0	2026-10-05T02:07:00.4233810Z       "rows": 8,
Native owner (macos-15)	Test Arrow IO with Rust 1.99.0	2026-10-05T02:07:00.4234230Z       "sha256": "08fe7dab8de26786cdbe0bcad501c1fb608a36d0b78872f2f71af6c3003c999e"
Native owner (macos-15)	Test Arrow IO with Rust 1.99.0	2026-10-05T02:07:00.4234630Z     }
Native owner (macos-15)	Test Arrow IO with Rust 1.99.0	2026-10-05T02:07:00.4234860Z   },
Native owner (macos-15)	Test Arrow IO with Rust 1.99.0	2026-10-05T02:07:00.4235090Z   "framing_variants": {
Native owner (macos-15)	Test Arrow IO with Rust 1.99.0	2026-10-05T02:07:00.4235370Z     "framing-1": {
Native owner (macos-15)	Test Arrow IO with Rust 1.99.0	2026-10-05T02:07:00.4235860Z       "c0_logical_schema_sha256": "8c46db62f691f243385a4ebdf8a7a3d3670e2655dd0c3f82cba4335ced2a3842",
Native owner (macos-15)	Test Arrow IO with Rust 1.99.0	2026-10-05T02:07:00.4236330Z       "counts": {
Native owner (macos-15)	Test Arrow IO with Rust 1.99.0	2026-10-05T02:07:00.4236590Z         "metric": 7,
Native owner (macos-15)	Test Arrow IO with Rust 1.99.0	2026-10-05T02:07:00.4236840Z         "residual": 8
Native owner (macos-15)	Test Arrow IO with Rust 1.99.0	2026-10-05T02:07:00.4237100Z       },
Native owner (macos-15)	Test Arrow IO with Rust 1.99.0	2026-10-05T02:07:00.4237640Z       "directory": "/Users/runner/work/kairos/kairos/.artifacts/ci/arrow-io/1.99.0/macos-15/c43-rust-output/framing-1",
Native owner (macos-15)	Test Arrow IO with Rust 1.99.0	2026-10-05T02:07:00.4238220Z       "event_join": "checked",
Native owner (macos-15)	Test Arrow IO with Rust 1.99.0	2026-10-05T02:07:00.4238550Z       "formats": {
Native owner (macos-15)	Test Arrow IO with Rust 1.99.0	2026-10-05T02:07:00.4238800Z         "metric.ipc_file": {
Native owner (macos-15)	Test Arrow IO with Rust 1.99.0	2026-10-05T02:07:00.4239080Z           "rows": 7,
Native owner (macos-15)	Test Arrow IO with Rust 1.99.0	2026-10-05T02:07:00.4239470Z           "sha256": "211f796878f5239d6413ab195b08eee4318cc841ea1b7e1031a52b34aa24536c"
Native owner (macos-15)	Test Arrow IO with Rust 1.99.0	2026-10-05T02:07:00.4239890Z         },
Native owner (macos-15)	Test Arrow IO with Rust 1.99.0	2026-10-05T02:07:00.4240130Z         "metric.ipc_stream": {
Native owner (macos-15)	Test Arrow IO with Rust 1.99.0	2026-10-05T02:07:00.4240410Z           "rows": 7,
Native owner (macos-15)	Test Arrow IO with Rust 1.99.0	2026-10-05T02:07:00.4240800Z           "sha256": "ea40e5a7f9738e047af9563de17967c01fbdb74e82a57b7298fbc669ca9b839b"
Native owner (macos-15)	Test Arrow IO with Rust 1.99.0	2026-10-05T02:07:00.4241200Z         },
Native owner (macos-15)	Test Arrow IO with Rust 1.99.0	2026-10-05T02:07:00.4244820Z         "metric.parquet": {
Native owner (macos-15)	Test Arrow IO with Rust 1.99.0	2026-10-05T02:07:00.4245130Z           "rows": 7,
Native owner (macos-15)	Test Arrow IO with Rust 1.99.0	2026-10-05T02:07:00.4245520Z           "sha256": "6075c1149dfdad972587d6e848684fc757962ae5ce5974303666950b5b9f5c3e"
Native owner (macos-15)	Test Arrow IO with Rust 1.99.0	2026-10-05T02:07:00.4245940Z         },
Native owner (macos-15)	Test Arrow IO with Rust 1.99.0	2026-10-05T02:07:00.4246230Z         "residual.ipc_file": {
Native owner (macos-15)	Test Arrow IO with Rust 1.99.0	2026-10-05T02:07:00.4246620Z           "rows": 8,
Native owner (macos-15)	Test Arrow IO with Rust 1.99.0	2026-10-05T02:07:00.4247050Z           "sha256": "3ae11cf21c6ae749dc6575e0c476346ee34b4201c8fc4b7a226e56406103ddd6"
Native owner (macos-15)	Test Arrow IO with Rust 1.99.0	2026-10-05T02:07:00.4247730Z         },
Native owner (macos-15)	Test Arrow IO with Rust 1.99.0	2026-10-05T02:07:00.4248890Z         "residual.ipc_stream": {
Native owner (macos-15)	Test Arrow IO with Rust 1.99.0	2026-10-05T02:07:00.4249350Z           "rows": 8,
Native owner (macos-15)	Test Arrow IO with Rust 1.99.0	2026-10-05T02:07:00.4255140Z           "sha256": "2eaeb81b4d2d71f8e2c8954959b8cc32548003c6f35a9dc9a0d6a6102d533590"
Native owner (macos-15)	Test Arrow IO with Rust 1.99.0	2026-10-05T02:07:00.4257270Z         },
Native owner (macos-15)	Test Arrow IO with Rust 1.99.0	2026-10-05T02:07:00.4258240Z         "residual.parquet": {
Native owner (macos-15)	Test Arrow IO with Rust 1.99.0	2026-10-05T02:07:00.4259040Z           "rows": 8,
Native owner (macos-15)	Test Arrow IO with Rust 1.99.0	2026-10-05T02:07:00.4260060Z           "sha256": "27afae10fc5eb520b40550a405ba2dbd3f095dc0620bf7787387575507873b83"
Native owner (macos-15)	Test Arrow IO with Rust 1.99.0	2026-10-05T02:07:00.4261290Z         }
Native owner (macos-15)	Test Arrow IO with Rust 1.99.0	2026-10-05T02:07:00.4261950Z       },
Native owner (macos-15)	Test Arrow IO with Rust 1.99.0	2026-10-05T02:07:00.4263150Z       "legacy_event_schema_sha256": "2e8025a5997f1e056956d47db3b18d3e01e3b0fd865d7235803811ae2aab9dcc",
Native owner (macos-15)	Test Arrow IO with Rust 1.99.0	2026-10-05T02:07:00.4264490Z       "pyarrow": "25.0.1",
Native owner (macos-15)	Test Arrow IO with Rust 1.99.0	2026-10-05T02:07:00.4265650Z       "python": "3.14.8 (v3.14.8:8e6e75d9102, Sep 30 2026, 14:34:30) [Clang 21.0.0 (clang-2100.1.1.101)]"
Native owner (macos-15)	Test Arrow IO with Rust 1.99.0	2026-10-05T02:07:00.4270490Z     },
Native owner (macos-15)	Test Arrow IO with Rust 1.99.0	2026-10-05T02:07:00.4271000Z     "framing-2": {
Native owner (macos-15)	Test Arrow IO with Rust 1.99.0	2026-10-05T02:07:00.4274650Z       "c0_logical_schema_sha256": "8c46db62f691f243385a4ebdf8a7a3d3670e2655dd0c3f82cba4335ced2a3842",
Native owner (macos-15)	Test Arrow IO with Rust 1.99.0	2026-10-05T02:07:00.4276850Z       "counts": {
Native owner (macos-15)	Test Arrow IO with Rust 1.99.0	2026-10-05T02:07:00.4277740Z         "metric": 7,
Native owner (macos-15)	Test Arrow IO with Rust 1.99.0	2026-10-05T02:07:00.4278810Z         "residual": 8
Native owner (macos-15)	Test Arrow IO with Rust 1.99.0	2026-10-05T02:07:00.4280360Z       },
Native owner (macos-15)	Test Arrow IO with Rust 1.99.0	2026-10-05T02:07:00.4281690Z       "directory": "/Users/runner/work/kairos/kairos/.artifacts/ci/arrow-io/1.99.0/macos-15/c43-rust-output/framing-2",
Native owner (macos-15)	Test Arrow IO with Rust 1.99.0	2026-10-05T02:07:00.4282790Z       "event_join": "checked",
Native owner (macos-15)	Test Arrow IO with Rust 1.99.0	2026-10-05T02:07:00.4283870Z       "formats": {
Native owner (macos-15)	Test Arrow IO with Rust 1.99.0	2026-10-05T02:07:00.4284220Z         "metric.ipc_file": {
Native owner (macos-15)	Test Arrow IO with Rust 1.99.0	2026-10-05T02:07:00.4284630Z           "rows": 7,
Native owner (macos-15)	Test Arrow IO with Rust 1.99.0	2026-10-05T02:07:00.4285290Z           "sha256": "02828ec73dbb47ec801ea97576f053b471dd21ebdd096d7c4fc888ce167cc6a2"
Native owner (macos-15)	Test Arrow IO with Rust 1.99.0	2026-10-05T02:07:00.4286100Z         },
Native owner (macos-15)	Test Arrow IO with Rust 1.99.0	2026-10-05T02:07:00.4287240Z         "metric.ipc_stream": {
Native owner (macos-15)	Test Arrow IO with Rust 1.99.0	2026-10-05T02:07:00.4289530Z           "rows": 7,
Native owner (macos-15)	Test Arrow IO with Rust 1.99.0	2026-10-05T02:07:00.4290470Z           "sha256": "bea9bc79c25c62a813777d2de1776ada2d4a1fbeac0e9c76d9a0e7aecec89f8b"
Native owner (macos-15)	Test Arrow IO with Rust 1.99.0	2026-10-05T02:07:00.4291140Z         },
Native owner (macos-15)	Test Arrow IO with Rust 1.99.0	2026-10-05T02:07:00.4293550Z         "metric.parquet": {
Native owner (macos-15)	Test Arrow IO with Rust 1.99.0	2026-10-05T02:07:00.4294680Z           "rows": 7,
Native owner (macos-15)	Test Arrow IO with Rust 1.99.0	2026-10-05T02:07:00.4295910Z           "sha256": "f7896a7f4b4215cb3812cf9f99d4c9b1fed42216dcd6b388ab144c9f9aca192d"
Native owner (macos-15)	Test Arrow IO with Rust 1.99.0	2026-10-05T02:07:00.4297430Z         },
Native owner (macos-15)	Test Arrow IO with Rust 1.99.0	2026-10-05T02:07:00.4298410Z         "residual.ipc_file": {
Native owner (macos-15)	Test Arrow IO with Rust 1.99.0	2026-10-05T02:07:00.4299370Z           "rows": 8,
Native owner (macos-15)	Test Arrow IO with Rust 1.99.0	2026-10-05T02:07:00.4299900Z           "sha256": "321f9909bb52538c724e53fa6fb71d0c5891f93de00d73474d332aaa927feb43"
Native owner (macos-15)	Test Arrow IO with Rust 1.99.0	2026-10-05T02:07:00.4300550Z         },
Native owner (macos-15)	Test Arrow IO with Rust 1.99.0	2026-10-05T02:07:00.4301100Z         "residual.ipc_stream": {
Native owner (macos-15)	Test Arrow IO with Rust 1.99.0	2026-10-05T02:07:00.4303580Z           "rows": 8,
Native owner (macos-15)	Test Arrow IO with Rust 1.99.0	2026-10-05T02:07:00.4304950Z           "sha256": "71996955fef915b632e9848cc3840992d7a3b11983d5ebb78e562cdb99bb3552"
Native owner (macos-15)	Test Arrow IO with Rust 1.99.0	2026-10-05T02:07:00.4306770Z         },
Native owner (macos-15)	Test Arrow IO with Rust 1.99.0	2026-10-05T02:07:00.4307720Z         "residual.parquet": {
Native owner (macos-15)	Test Arrow IO with Rust 1.99.0	2026-10-05T02:07:00.4308850Z           "rows": 8,
Native owner (macos-15)	Test Arrow IO with Rust 1.99.0	2026-10-05T02:07:00.4310160Z           "sha256": "0f3b1c28e73751559965a14ad2fafe40b160524e0c092c40c59fc74673199df0"
Native owner (macos-15)	Test Arrow IO with Rust 1.99.0	2026-10-05T02:07:00.4311170Z         }
Native owner (macos-15)	Test Arrow IO with Rust 1.99.0	2026-10-05T02:07:00.4312350Z       },
Native owner (macos-15)	Test Arrow IO with Rust 1.99.0	2026-10-05T02:07:00.4319000Z       "legacy_event_schema_sha256": "2e8025a5997f1e056956d47db3b18d3e01e3b0fd865d7235803811ae2aab9dcc",
Native owner (macos-15)	Test Arrow IO with Rust 1.99.0	2026-10-05T02:07:00.4321170Z       "pyarrow": "25.0.1",
Native owner (macos-15)	Test Arrow IO with Rust 1.99.0	2026-10-05T02:07:00.4323570Z       "python": "3.14.8 (v3.14.8:8e6e75d9102, Sep 30 2026, 14:34:30) [Clang 21.0.0 (clang-2100.1.1.101)]"
Native owner (macos-15)	Test Arrow IO with Rust 1.99.0	2026-10-05T02:07:00.4324870Z     },
Native owner (macos-15)	Test Arrow IO with Rust 1.99.0	2026-10-05T02:07:00.4326370Z     "framing-64": {
Native owner (macos-15)	Test Arrow IO with Rust 1.99.0	2026-10-05T02:07:00.4345610Z       "c0_logical_schema_sha256": "8c46db62f691f243385a4ebdf8a7a3d3670e2655dd0c3f82cba4335ced2a3842",
Native owner (macos-15)	Test Arrow IO with Rust 1.99.0	2026-10-05T02:07:00.4347490Z       "counts": {
Native owner (macos-15)	Test Arrow IO with Rust 1.99.0	2026-10-05T02:07:00.4347760Z         "metric": 7,
Native owner (macos-15)	Test Arrow IO with Rust 1.99.0	2026-10-05T02:07:00.4348030Z         "residual": 8
Native owner (macos-15)	Test Arrow IO with Rust 1.99.0	2026-10-05T02:07:00.4364610Z       },
Native owner (macos-15)	Test Arrow IO with Rust 1.99.0	2026-10-05T02:07:00.4370020Z       "directory": "/Users/runner/work/kairos/kairos/.artifacts/ci/arrow-io/1.99.0/macos-15/c43-rust-output/framing-64",
Native owner (macos-15)	Test Arrow IO with Rust 1.99.0	2026-10-05T02:07:00.4386590Z       "event_join": "checked",
Native owner (macos-15)	Test Arrow IO with Rust 1.99.0	2026-10-05T02:07:00.4387230Z       "formats": {
Native owner (macos-15)	Test Arrow IO with Rust 1.99.0	2026-10-05T02:07:00.4387510Z         "metric.ipc_file": {
Native owner (macos-15)	Test Arrow IO with Rust 1.99.0	2026-10-05T02:07:00.4387910Z           "rows": 7,
Native owner (macos-15)	Test Arrow IO with Rust 1.99.0	2026-10-05T02:07:00.4388420Z           "sha256": "245228c545090fe7c93be558baff2e666b28288b80ff3960341cc43d7e5560f8"
Native owner (macos-15)	Test Arrow IO with Rust 1.99.0	2026-10-05T02:07:00.4389010Z         },
Native owner (macos-15)	Test Arrow IO with Rust 1.99.0	2026-10-05T02:07:00.4389330Z         "metric.ipc_stream": {
Native owner (macos-15)	Test Arrow IO with Rust 1.99.0	2026-10-05T02:07:00.4389650Z           "rows": 7,
Native owner (macos-15)	Test Arrow IO with Rust 1.99.0	2026-10-05T02:07:00.4390090Z           "sha256": "9f308920f50db2acc8fe874cfc0a02bb0b19b474aa7ba90fc36dd591e5e77059"
Native owner (macos-15)	Test Arrow IO with Rust 1.99.0	2026-10-05T02:07:00.4390570Z         },
Native owner (macos-15)	Test Arrow IO with Rust 1.99.0	2026-10-05T02:07:00.4390920Z         "metric.parquet": {
Native owner (macos-15)	Test Arrow IO with Rust 1.99.0	2026-10-05T02:07:00.4391210Z           "rows": 7,
Native owner (macos-15)	Test Arrow IO with Rust 1.99.0	2026-10-05T02:07:00.4391590Z           "sha256": "19abe034080fa6d70a00e2faefef7d4980250137694a9a5485eac761d8e4797c"
Native owner (macos-15)	Test Arrow IO with Rust 1.99.0	2026-10-05T02:07:00.4392570Z         },
Native owner (macos-15)	Test Arrow IO with Rust 1.99.0	2026-10-05T02:07:00.4393010Z         "residual.ipc_file": {
Native owner (macos-15)	Test Arrow IO with Rust 1.99.0	2026-10-05T02:07:00.4393370Z           "rows": 8,
Native owner (macos-15)	Test Arrow IO with Rust 1.99.0	2026-10-05T02:07:00.4393750Z           "sha256": "ab0ff50aa99fce46b9658c3c25d8d8dbfb1677b2889b1ae6e935af707732f074"
Native owner (macos-15)	Test Arrow IO with Rust 1.99.0	2026-10-05T02:07:00.4394170Z         },
Native owner (macos-15)	Test Arrow IO with Rust 1.99.0	2026-10-05T02:07:00.4394410Z         "residual.ipc_stream": {
Native owner (macos-15)	Test Arrow IO with Rust 1.99.0	2026-10-05T02:07:00.4394800Z           "rows": 8,
Native owner (macos-15)	Test Arrow IO with Rust 1.99.0	2026-10-05T02:07:00.4395170Z           "sha256": "73cfe3708b21549925b479737a5801b060c6213c5f2a6f3d26a8955de88b36fc"
Native owner (macos-15)	Test Arrow IO with Rust 1.99.0	2026-10-05T02:07:00.4395570Z         },
Native owner (macos-15)	Test Arrow IO with Rust 1.99.0	2026-10-05T02:07:00.4395810Z         "residual.parquet": {
Native owner (macos-15)	Test Arrow IO with Rust 1.99.0	2026-10-05T02:07:00.4396190Z           "rows": 8,
Native owner (macos-15)	Test Arrow IO with Rust 1.99.0	2026-10-05T02:07:00.4396670Z           "sha256": "08fe7dab8de26786cdbe0bcad501c1fb608a36d0b78872f2f71af6c3003c999e"
Native owner (macos-15)	Test Arrow IO with Rust 1.99.0	2026-10-05T02:07:00.4397160Z         }
Native owner (macos-15)	Test Arrow IO with Rust 1.99.0	2026-10-05T02:07:00.4397380Z       },
Native owner (macos-15)	Test Arrow IO with Rust 1.99.0	2026-10-05T02:07:00.4397910Z       "legacy_event_schema_sha256": "2e8025a5997f1e056956d47db3b18d3e01e3b0fd865d7235803811ae2aab9dcc",
Native owner (macos-15)	Test Arrow IO with Rust 1.99.0	2026-10-05T02:07:00.4398400Z       "pyarrow": "25.0.1",
Native owner (macos-15)	Test Arrow IO with Rust 1.99.0	2026-10-05T02:07:00.4400060Z       "python": "3.14.8 (v3.14.8:8e6e75d9102, Sep 30 2026, 14:34:30) [Clang 21.0.0 (clang-2100.1.1.101)]"
Native owner (macos-15)	Test Arrow IO with Rust 1.99.0	2026-10-05T02:07:00.4401190Z     }
Native owner (macos-15)	Test Arrow IO with Rust 1.99.0	2026-10-05T02:07:00.4401450Z   },
Native owner (macos-15)	Test Arrow IO with Rust 1.99.0	2026-10-05T02:07:00.4401870Z   "legacy_event_schema_sha256": "2e8025a5997f1e056956d47db3b18d3e01e3b0fd865d7235803811ae2aab9dcc",
Native owner (macos-15)	Test Arrow IO with Rust 1.99.0	2026-10-05T02:07:00.4402350Z   "pyarrow": "25.0.1",
Native owner (macos-15)	Test Arrow IO with Rust 1.99.0	2026-10-05T02:07:00.4402850Z   "python": "3.14.8 (v3.14.8:8e6e75d9102, Sep 30 2026, 14:34:30) [Clang 21.0.0 (clang-2100.1.1.101)]"
Native owner (macos-15)	Test Arrow IO with Rust 1.99.0	2026-10-05T02:07:00.4403470Z }
Native owner (macos-15)	Test Arrow IO with Rust 1.99.0	2026-10-05T02:07:00.5781290Z PASS: PyArrow read Rust IPC file/stream and Parquet outputs exactly
Native owner (macos-15)	Test Arrow IO with Rust 1.99.0	2026-10-05T02:07:00.8741640Z PASS: 3 physical tables, 9 files, exact schema/metadata and logical payloads
Native owner (macos-15)	Preserve Arrow IO Rust 1.98 evidence	﻿2026-10-05T02:07:00.9209670Z ##[group]Run actions/upload-artifact@ea165f8d65b6e75b540449e92b4886f43607fa02
Native owner (macos-15)	Preserve Arrow IO Rust 1.98 evidence	2026-10-05T02:07:00.9210040Z with:
Native owner (macos-15)	Preserve Arrow IO Rust 1.98 evidence	2026-10-05T02:07:00.9210220Z   name: arrow-io-rust-1.99.0-macos-15
Native owner (macos-15)	Preserve Arrow IO Rust 1.98 evidence	2026-10-05T02:07:00.9210490Z   path: .artifacts/ci/arrow-io/1.99.0/macos-15/
Native owner (macos-15)	Preserve Arrow IO Rust 1.98 evidence	2026-10-05T02:07:00.9210760Z   retention-days: 7
Native owner (macos-15)	Preserve Arrow IO Rust 1.98 evidence	2026-10-05T02:07:00.9210950Z   if-no-files-found: error
Native owner (macos-15)	Preserve Arrow IO Rust 1.98 evidence	2026-10-05T02:07:00.9211140Z   compression-level: 6
Native owner (macos-15)	Preserve Arrow IO Rust 1.98 evidence	2026-10-05T02:07:00.9211320Z   overwrite: false
Native owner (macos-15)	Preserve Arrow IO Rust 1.98 evidence	2026-10-05T02:07:00.9211490Z   include-hidden-files: false
Native owner (macos-15)	Preserve Arrow IO Rust 1.98 evidence	2026-10-05T02:07:00.9211690Z env:
Native owner (macos-15)	Preserve Arrow IO Rust 1.98 evidence	2026-10-05T02:07:00.9211930Z   pythonLocation: /Users/runner/hostedtoolcache/Python/3.14.8/arm64
Native owner (macos-15)	Preserve Arrow IO Rust 1.98 evidence	2026-10-05T02:07:00.9212510Z   PKG_CONFIG_PATH: /Users/runner/hostedtoolcache/Python/3.14.8/arm64/lib/pkgconfig
Native owner (macos-15)	Preserve Arrow IO Rust 1.98 evidence	2026-10-05T02:07:00.9213020Z   Python_ROOT_DIR: /Users/runner/hostedtoolcache/Python/3.14.8/arm64
Native owner (macos-15)	Preserve Arrow IO Rust 1.98 evidence	2026-10-05T02:07:00.9213450Z   Python2_ROOT_DIR: /Users/runner/hostedtoolcache/Python/3.14.8/arm64
Native owner (macos-15)	Preserve Arrow IO Rust 1.98 evidence	2026-10-05T02:07:00.9213900Z   Python3_ROOT_DIR: /Users/runner/hostedtoolcache/Python/3.14.8/arm64
Native owner (macos-15)	Preserve Arrow IO Rust 1.98 evidence	2026-10-05T02:07:00.9214310Z ##[endgroup]
Native owner (macos-15)	Preserve Arrow IO Rust 1.98 evidence	2026-10-05T02:07:01.2446880Z (node:13367) [DEP0040] DeprecationWarning: The `punycode` module is deprecated. Please use a userland alternative instead.
Native owner (macos-15)	Preserve Arrow IO Rust 1.98 evidence	2026-10-05T02:07:01.2447630Z (Use `node --trace-deprecation ...` to show where the warning was created)
Native owner (macos-15)	Preserve Arrow IO Rust 1.98 evidence	2026-10-05T02:07:01.2544520Z With the provided path, there will be 74 files uploaded
Native owner (macos-15)	Preserve Arrow IO Rust 1.98 evidence	2026-10-05T02:07:01.2547340Z Artifact name is valid!
Native owner (macos-15)	Preserve Arrow IO Rust 1.98 evidence	2026-10-05T02:07:01.2547640Z Root directory input is valid!
Native owner (macos-15)	Preserve Arrow IO Rust 1.98 evidence	2026-10-05T02:07:01.4918070Z Beginning upload of artifact content to blob storage
Native owner (macos-15)	Preserve Arrow IO Rust 1.98 evidence	2026-10-05T02:07:01.5464660Z (node:13367) [DEP0169] DeprecationWarning: `url.parse()` behavior is not standardized and prone to errors that have security implications. Use the WHATWG URL API instead. CVEs are not issued for `url.parse()` vulnerabilities.
Native owner (macos-15)	Preserve Arrow IO Rust 1.98 evidence	2026-10-05T02:07:01.5843390Z Uploaded bytes 231125
Native owner (macos-15)	Preserve Arrow IO Rust 1.98 evidence	2026-10-05T02:07:01.5964410Z Finished uploading artifact content to blob storage!
Native owner (macos-15)	Preserve Arrow IO Rust 1.98 evidence	2026-10-05T02:07:01.5965140Z SHA256 digest of uploaded artifact zip is c82185637f57238bd5d2bb903bb50ae85716eba4aaee0b5a5012fafc21c826f6
Native owner (macos-15)	Preserve Arrow IO Rust 1.98 evidence	2026-10-05T02:07:01.5965800Z Finalizing artifact upload
Native owner (macos-15)	Preserve Arrow IO Rust 1.98 evidence	2026-10-05T02:07:01.7900090Z Artifact arrow-io-rust-1.99.0-macos-15.zip successfully finalized. Artifact ID 11322013234
Native owner (macos-15)	Preserve Arrow IO Rust 1.98 evidence	2026-10-05T02:07:01.7900890Z Artifact arrow-io-rust-1.99.0-macos-15 has been successfully uploaded! Final size is 231125 bytes. Artifact ID is 11322013234
Native owner (macos-15)	Preserve Arrow IO Rust 1.98 evidence	2026-10-05T02:07:01.7906260Z Artifact download URL: https://github.com/edithatogo/kairos/actions/runs/37253816240/artifacts/11322013234
Native owner (macos-15)	Post Install pinned Python for Arrow IO interoperability	﻿2026-10-05T02:07:01.8039530Z Post job cleanup.
Native owner (macos-15)	Post Run actions/checkout@de0fac2e4500dabe0009e67214ff5f5447ce83dd	﻿2026-10-05T02:07:01.9023140Z Post job cleanup.
Native owner (macos-15)	Post Run actions/checkout@de0fac2e4500dabe0009e67214ff5f5447ce83dd	2026-10-05T02:07:01.9761530Z [command]/opt/homebrew/bin/git version
Native owner (macos-15)	Post Run actions/checkout@de0fac2e4500dabe0009e67214ff5f5447ce83dd	2026-10-05T02:07:01.9931600Z git version 2.55.0
Native owner (macos-15)	Post Run actions/checkout@de0fac2e4500dabe0009e67214ff5f5447ce83dd	2026-10-05T02:07:01.9949340Z Copying '/Users/runner/.gitconfig' to '/Users/runner/work/_temp/fa673263-5b88-424e-82a4-98ad07fd1258/.gitconfig'
Native owner (macos-15)	Post Run actions/checkout@de0fac2e4500dabe0009e67214ff5f5447ce83dd	2026-10-05T02:07:01.9955900Z Temporarily overriding HOME='/Users/runner/work/_temp/fa673263-5b88-424e-82a4-98ad07fd1258' before making global git config changes
Native owner (macos-15)	Post Run actions/checkout@de0fac2e4500dabe0009e67214ff5f5447ce83dd	2026-10-05T02:07:01.9956870Z Adding repository directory to the temporary git global config as a safe directory
Native owner (macos-15)	Post Run actions/checkout@de0fac2e4500dabe0009e67214ff5f5447ce83dd	2026-10-05T02:07:01.9959350Z [command]/opt/homebrew/bin/git config --global --add safe.directory /Users/runner/work/kairos/kairos
Native owner (macos-15)	Post Run actions/checkout@de0fac2e4500dabe0009e67214ff5f5447ce83dd	2026-10-05T02:07:02.0052370Z Removing SSH command configuration
Native owner (macos-15)	Post Run actions/checkout@de0fac2e4500dabe0009e67214ff5f5447ce83dd	2026-10-05T02:07:02.0056920Z [command]/opt/homebrew/bin/git config --local --name-only --get-regexp core\.sshCommand
Native owner (macos-15)	Post Run actions/checkout@de0fac2e4500dabe0009e67214ff5f5447ce83dd	2026-10-05T02:07:02.0105480Z [command]/opt/homebrew/bin/git submodule foreach --recursive sh -c "git config --local --name-only --get-regexp 'core\.sshCommand' && git config --local --unset-all 'core.sshCommand' || :"
Native owner (macos-15)	Post Run actions/checkout@de0fac2e4500dabe0009e67214ff5f5447ce83dd	2026-10-05T02:07:02.0790970Z Removing HTTP extra header
Native owner (macos-15)	Post Run actions/checkout@de0fac2e4500dabe0009e67214ff5f5447ce83dd	2026-10-05T02:07:02.0795210Z [command]/opt/homebrew/bin/git config --local --name-only --get-regexp http\.https\:\/\/github\.com\/\.extraheader
Native owner (macos-15)	Post Run actions/checkout@de0fac2e4500dabe0009e67214ff5f5447ce83dd	2026-10-05T02:07:02.0844280Z [command]/opt/homebrew/bin/git submodule foreach --recursive sh -c "git config --local --name-only --get-regexp 'http\.https\:\/\/github\.com\/\.extraheader' && git config --local --unset-all 'http.https://github.com/.extraheader' || :"
Native owner (macos-15)	Post Run actions/checkout@de0fac2e4500dabe0009e67214ff5f5447ce83dd	2026-10-05T02:07:02.1414090Z Removing includeIf entries pointing to credentials config files
Native owner (macos-15)	Post Run actions/checkout@de0fac2e4500dabe0009e67214ff5f5447ce83dd	2026-10-05T02:07:02.1418190Z [command]/opt/homebrew/bin/git config --local --name-only --get-regexp ^includeIf\.gitdir:
Native owner (macos-15)	Post Run actions/checkout@de0fac2e4500dabe0009e67214ff5f5447ce83dd	2026-10-05T02:07:02.1462750Z [command]/opt/homebrew/bin/git submodule foreach --recursive git config --local --show-origin --name-only --get-regexp remote.origin.url
Native owner (macos-15)	Complete job	﻿2026-10-05T02:07:02.2548540Z Cleaning up orphan processes
Native owner (macos-15)	Complete job	2026-10-05T02:07:03.2426500Z ##[warning]Node.js 20 is deprecated. The following actions target Node.js 20 but are being forced to run on Node.js 24: actions/upload-artifact@ea165f8d65b6e75b540449e92b4886f43607fa02. For more information see: https://github.blog/changelog/2025-09-19-deprecation-of-node-20-on-github-actions-runners/
