Native owner (ubuntu-24.04)	Set up job	﻿2026-10-05T02:03:05.1298419Z Current runner version: '2.337.0'
Native owner (ubuntu-24.04)	Set up job	2026-10-05T02:03:05.1335493Z ##[group]Runner Image Provisioner
Native owner (ubuntu-24.04)	Set up job	2026-10-05T02:03:05.1336183Z Hosted Compute Agent
Native owner (ubuntu-24.04)	Set up job	2026-10-05T02:03:05.1336652Z Version: 20260901.588
Native owner (ubuntu-24.04)	Set up job	2026-10-05T02:03:05.1337088Z Commit: f88ec8081b781fac6c440065ac7ff9e710ce3d0b
Native owner (ubuntu-24.04)	Set up job	2026-10-05T02:03:05.1337585Z Build Date: 2026-09-01T19:56:44Z
Native owner (ubuntu-24.04)	Set up job	2026-10-05T02:03:05.1338118Z Worker ID: {c44f4b4f-b768-4994-87ee-c4048de554c0}
Native owner (ubuntu-24.04)	Set up job	2026-10-05T02:03:05.1338623Z Azure Region: centralus
Native owner (ubuntu-24.04)	Set up job	2026-10-05T02:03:05.1339244Z ##[endgroup]
Native owner (ubuntu-24.04)	Set up job	2026-10-05T02:03:05.1340201Z ##[group]Operating System
Native owner (ubuntu-24.04)	Set up job	2026-10-05T02:03:05.1340623Z Ubuntu
Native owner (ubuntu-24.04)	Set up job	2026-10-05T02:03:05.1341010Z 24.04.5
Native owner (ubuntu-24.04)	Set up job	2026-10-05T02:03:05.1341375Z LTS
Native owner (ubuntu-24.04)	Set up job	2026-10-05T02:03:05.1341737Z ##[endgroup]
Native owner (ubuntu-24.04)	Set up job	2026-10-05T02:03:05.1342112Z ##[group]Runner Image
Native owner (ubuntu-24.04)	Set up job	2026-10-05T02:03:05.1342508Z Image: ubuntu-24.04
Native owner (ubuntu-24.04)	Set up job	2026-10-05T02:03:05.1342938Z Version: 20260927.320.1
Native owner (ubuntu-24.04)	Set up job	2026-10-05T02:03:05.1343669Z Included Software: https://github.com/actions/runner-images/blob/ubuntu24/20260927.320/images/ubuntu/Ubuntu2404-Readme.md
Native owner (ubuntu-24.04)	Set up job	2026-10-05T02:03:05.1344930Z Image Release: https://github.com/actions/runner-images/releases/tag/ubuntu24%2F20260927.320
Native owner (ubuntu-24.04)	Set up job	2026-10-05T02:03:05.1345581Z ##[endgroup]
Native owner (ubuntu-24.04)	Set up job	2026-10-05T02:03:05.1346356Z ##[group]GITHUB_TOKEN Permissions
Native owner (ubuntu-24.04)	Set up job	2026-10-05T02:03:05.1347876Z Contents: read
Native owner (ubuntu-24.04)	Set up job	2026-10-05T02:03:05.1348302Z Metadata: read
Native owner (ubuntu-24.04)	Set up job	2026-10-05T02:03:05.1348964Z ##[endgroup]
Native owner (ubuntu-24.04)	Set up job	2026-10-05T02:03:05.1350558Z Secret source: Actions
Native owner (ubuntu-24.04)	Set up job	2026-10-05T02:03:05.1351255Z Cache mode: write
Native owner (ubuntu-24.04)	Set up job	2026-10-05T02:03:05.1351737Z Prepare workflow directory
Native owner (ubuntu-24.04)	Set up job	2026-10-05T02:03:05.2097782Z Prepare all required actions
Native owner (ubuntu-24.04)	Set up job	2026-10-05T02:03:05.2134397Z Getting action download info
Native owner (ubuntu-24.04)	Set up job	2026-10-05T02:03:05.4908083Z Download action repository 'actions/checkout@de0fac2e4500dabe0009e67214ff5f5447ce83dd' (SHA:de0fac2e4500dabe0009e67214ff5f5447ce83dd)
Native owner (ubuntu-24.04)	Set up job	2026-10-05T02:03:05.7080283Z Download action repository 'actions/setup-python@a309ff8b426b58ec0e2a45f0f869d46889d02405' (SHA:a309ff8b426b58ec0e2a45f0f869d46889d02405)
Native owner (ubuntu-24.04)	Set up job	2026-10-05T02:03:06.0739650Z Download action repository 'actions/upload-artifact@ea165f8d65b6e75b540449e92b4886f43607fa02' (SHA:ea165f8d65b6e75b540449e92b4886f43607fa02)
Native owner (ubuntu-24.04)	Set up job	2026-10-05T02:03:07.1790508Z Complete job name: Native owner (ubuntu-24.04)
Native owner (ubuntu-24.04)	Run actions/checkout@de0fac2e4500dabe0009e67214ff5f5447ce83dd	﻿2026-10-05T02:03:07.2377507Z ##[group]Run actions/checkout@de0fac2e4500dabe0009e67214ff5f5447ce83dd
Native owner (ubuntu-24.04)	Run actions/checkout@de0fac2e4500dabe0009e67214ff5f5447ce83dd	2026-10-05T02:03:07.2378296Z with:
Native owner (ubuntu-24.04)	Run actions/checkout@de0fac2e4500dabe0009e67214ff5f5447ce83dd	2026-10-05T02:03:07.2378918Z   persist-credentials: false
Native owner (ubuntu-24.04)	Run actions/checkout@de0fac2e4500dabe0009e67214ff5f5447ce83dd	2026-10-05T02:03:07.2379338Z   repository: edithatogo/kairos
Native owner (ubuntu-24.04)	Run actions/checkout@de0fac2e4500dabe0009e67214ff5f5447ce83dd	2026-10-05T02:03:07.2381727Z   token: ***
Native owner (ubuntu-24.04)	Run actions/checkout@de0fac2e4500dabe0009e67214ff5f5447ce83dd	2026-10-05T02:03:07.2382057Z   ssh-strict: true
Native owner (ubuntu-24.04)	Run actions/checkout@de0fac2e4500dabe0009e67214ff5f5447ce83dd	2026-10-05T02:03:07.2382421Z   ssh-user: git
Native owner (ubuntu-24.04)	Run actions/checkout@de0fac2e4500dabe0009e67214ff5f5447ce83dd	2026-10-05T02:03:07.2382749Z   clean: true
Native owner (ubuntu-24.04)	Run actions/checkout@de0fac2e4500dabe0009e67214ff5f5447ce83dd	2026-10-05T02:03:07.2383101Z   sparse-checkout-cone-mode: true
Native owner (ubuntu-24.04)	Run actions/checkout@de0fac2e4500dabe0009e67214ff5f5447ce83dd	2026-10-05T02:03:07.2383481Z   fetch-depth: 1
Native owner (ubuntu-24.04)	Run actions/checkout@de0fac2e4500dabe0009e67214ff5f5447ce83dd	2026-10-05T02:03:07.2383794Z   fetch-tags: false
Native owner (ubuntu-24.04)	Run actions/checkout@de0fac2e4500dabe0009e67214ff5f5447ce83dd	2026-10-05T02:03:07.2384211Z   show-progress: true
Native owner (ubuntu-24.04)	Run actions/checkout@de0fac2e4500dabe0009e67214ff5f5447ce83dd	2026-10-05T02:03:07.2384541Z   lfs: false
Native owner (ubuntu-24.04)	Run actions/checkout@de0fac2e4500dabe0009e67214ff5f5447ce83dd	2026-10-05T02:03:07.2384859Z   submodules: false
Native owner (ubuntu-24.04)	Run actions/checkout@de0fac2e4500dabe0009e67214ff5f5447ce83dd	2026-10-05T02:03:07.2385190Z   set-safe-directory: true
Native owner (ubuntu-24.04)	Run actions/checkout@de0fac2e4500dabe0009e67214ff5f5447ce83dd	2026-10-05T02:03:07.2385681Z ##[endgroup]
Native owner (ubuntu-24.04)	Run actions/checkout@de0fac2e4500dabe0009e67214ff5f5447ce83dd	2026-10-05T02:03:07.3156274Z Syncing repository: edithatogo/kairos
Native owner (ubuntu-24.04)	Run actions/checkout@de0fac2e4500dabe0009e67214ff5f5447ce83dd	2026-10-05T02:03:07.3158264Z ##[group]Getting Git version info
Native owner (ubuntu-24.04)	Run actions/checkout@de0fac2e4500dabe0009e67214ff5f5447ce83dd	2026-10-05T02:03:07.3159140Z Working directory is '/home/runner/work/kairos/kairos'
Native owner (ubuntu-24.04)	Run actions/checkout@de0fac2e4500dabe0009e67214ff5f5447ce83dd	2026-10-05T02:03:07.3160391Z [command]/usr/bin/git version
Native owner (ubuntu-24.04)	Run actions/checkout@de0fac2e4500dabe0009e67214ff5f5447ce83dd	2026-10-05T02:03:07.3238041Z git version 2.55.0
Native owner (ubuntu-24.04)	Run actions/checkout@de0fac2e4500dabe0009e67214ff5f5447ce83dd	2026-10-05T02:03:07.3262835Z ##[endgroup]
Native owner (ubuntu-24.04)	Run actions/checkout@de0fac2e4500dabe0009e67214ff5f5447ce83dd	2026-10-05T02:03:07.3270824Z Temporarily overriding HOME='/home/runner/work/_temp/8d744a19-3a29-4cfc-b0f9-6cba74dcde27' before making global git config changes
Native owner (ubuntu-24.04)	Run actions/checkout@de0fac2e4500dabe0009e67214ff5f5447ce83dd	2026-10-05T02:03:07.3273556Z Adding repository directory to the temporary git global config as a safe directory
Native owner (ubuntu-24.04)	Run actions/checkout@de0fac2e4500dabe0009e67214ff5f5447ce83dd	2026-10-05T02:03:07.3274679Z [command]/usr/bin/git config --global --add safe.directory /home/runner/work/kairos/kairos
Native owner (ubuntu-24.04)	Run actions/checkout@de0fac2e4500dabe0009e67214ff5f5447ce83dd	2026-10-05T02:03:07.3642706Z Deleting the contents of '/home/runner/work/kairos/kairos'
Native owner (ubuntu-24.04)	Run actions/checkout@de0fac2e4500dabe0009e67214ff5f5447ce83dd	2026-10-05T02:03:07.3645539Z ##[group]Initializing the repository
Native owner (ubuntu-24.04)	Run actions/checkout@de0fac2e4500dabe0009e67214ff5f5447ce83dd	2026-10-05T02:03:07.3649757Z [command]/usr/bin/git init /home/runner/work/kairos/kairos
Native owner (ubuntu-24.04)	Run actions/checkout@de0fac2e4500dabe0009e67214ff5f5447ce83dd	2026-10-05T02:03:07.4882190Z hint: Using 'master' as the name for the initial branch. This default branch name
Native owner (ubuntu-24.04)	Run actions/checkout@de0fac2e4500dabe0009e67214ff5f5447ce83dd	2026-10-05T02:03:07.4883363Z hint: will change to "main" in Git 3.0. To configure the initial branch name
Native owner (ubuntu-24.04)	Run actions/checkout@de0fac2e4500dabe0009e67214ff5f5447ce83dd	2026-10-05T02:03:07.4884203Z hint: to use in all of your new repositories, which will suppress this warning,
Native owner (ubuntu-24.04)	Run actions/checkout@de0fac2e4500dabe0009e67214ff5f5447ce83dd	2026-10-05T02:03:07.4884779Z hint: call:
Native owner (ubuntu-24.04)	Run actions/checkout@de0fac2e4500dabe0009e67214ff5f5447ce83dd	2026-10-05T02:03:07.4885449Z hint:
Native owner (ubuntu-24.04)	Run actions/checkout@de0fac2e4500dabe0009e67214ff5f5447ce83dd	2026-10-05T02:03:07.4885998Z hint: 	git config --global init.defaultBranch <name>
Native owner (ubuntu-24.04)	Run actions/checkout@de0fac2e4500dabe0009e67214ff5f5447ce83dd	2026-10-05T02:03:07.4886483Z hint:
Native owner (ubuntu-24.04)	Run actions/checkout@de0fac2e4500dabe0009e67214ff5f5447ce83dd	2026-10-05T02:03:07.4887067Z hint: Names commonly chosen instead of 'master' are 'main', 'trunk' and
Native owner (ubuntu-24.04)	Run actions/checkout@de0fac2e4500dabe0009e67214ff5f5447ce83dd	2026-10-05T02:03:07.4887805Z hint: 'development'. The just-created branch can be renamed via this command:
Native owner (ubuntu-24.04)	Run actions/checkout@de0fac2e4500dabe0009e67214ff5f5447ce83dd	2026-10-05T02:03:07.4888398Z hint:
Native owner (ubuntu-24.04)	Run actions/checkout@de0fac2e4500dabe0009e67214ff5f5447ce83dd	2026-10-05T02:03:07.4889034Z hint: 	git branch -m <name>
Native owner (ubuntu-24.04)	Run actions/checkout@de0fac2e4500dabe0009e67214ff5f5447ce83dd	2026-10-05T02:03:07.4889492Z hint:
Native owner (ubuntu-24.04)	Run actions/checkout@de0fac2e4500dabe0009e67214ff5f5447ce83dd	2026-10-05T02:03:07.4890074Z hint: Disable this message with "git config set advice.defaultBranchName false"
Native owner (ubuntu-24.04)	Run actions/checkout@de0fac2e4500dabe0009e67214ff5f5447ce83dd	2026-10-05T02:03:07.4890896Z Initialized empty Git repository in /home/runner/work/kairos/kairos/.git/
Native owner (ubuntu-24.04)	Run actions/checkout@de0fac2e4500dabe0009e67214ff5f5447ce83dd	2026-10-05T02:03:07.4892555Z [command]/usr/bin/git remote add origin https://github.com/edithatogo/kairos
Native owner (ubuntu-24.04)	Run actions/checkout@de0fac2e4500dabe0009e67214ff5f5447ce83dd	2026-10-05T02:03:07.5220049Z ##[endgroup]
Native owner (ubuntu-24.04)	Run actions/checkout@de0fac2e4500dabe0009e67214ff5f5447ce83dd	2026-10-05T02:03:07.5220558Z ##[group]Disabling automatic garbage collection
Native owner (ubuntu-24.04)	Run actions/checkout@de0fac2e4500dabe0009e67214ff5f5447ce83dd	2026-10-05T02:03:07.5224563Z [command]/usr/bin/git config --local gc.auto 0
Native owner (ubuntu-24.04)	Run actions/checkout@de0fac2e4500dabe0009e67214ff5f5447ce83dd	2026-10-05T02:03:07.5253504Z ##[endgroup]
Native owner (ubuntu-24.04)	Run actions/checkout@de0fac2e4500dabe0009e67214ff5f5447ce83dd	2026-10-05T02:03:07.5253961Z ##[group]Setting up auth
Native owner (ubuntu-24.04)	Run actions/checkout@de0fac2e4500dabe0009e67214ff5f5447ce83dd	2026-10-05T02:03:07.5254815Z Removing SSH command configuration
Native owner (ubuntu-24.04)	Run actions/checkout@de0fac2e4500dabe0009e67214ff5f5447ce83dd	2026-10-05T02:03:07.5261144Z [command]/usr/bin/git config --local --name-only --get-regexp core\.sshCommand
Native owner (ubuntu-24.04)	Run actions/checkout@de0fac2e4500dabe0009e67214ff5f5447ce83dd	2026-10-05T02:03:07.5289007Z [command]/usr/bin/git submodule foreach --recursive sh -c "git config --local --name-only --get-regexp 'core\.sshCommand' && git config --local --unset-all 'core.sshCommand' || :"
Native owner (ubuntu-24.04)	Run actions/checkout@de0fac2e4500dabe0009e67214ff5f5447ce83dd	2026-10-05T02:03:07.5567995Z Removing HTTP extra header
Native owner (ubuntu-24.04)	Run actions/checkout@de0fac2e4500dabe0009e67214ff5f5447ce83dd	2026-10-05T02:03:07.5574205Z [command]/usr/bin/git config --local --name-only --get-regexp http\.https\:\/\/github\.com\/\.extraheader
Native owner (ubuntu-24.04)	Run actions/checkout@de0fac2e4500dabe0009e67214ff5f5447ce83dd	2026-10-05T02:03:07.5601635Z [command]/usr/bin/git submodule foreach --recursive sh -c "git config --local --name-only --get-regexp 'http\.https\:\/\/github\.com\/\.extraheader' && git config --local --unset-all 'http.https://github.com/.extraheader' || :"
Native owner (ubuntu-24.04)	Run actions/checkout@de0fac2e4500dabe0009e67214ff5f5447ce83dd	2026-10-05T02:03:07.5754138Z Removing includeIf entries pointing to credentials config files
Native owner (ubuntu-24.04)	Run actions/checkout@de0fac2e4500dabe0009e67214ff5f5447ce83dd	2026-10-05T02:03:07.5759608Z [command]/usr/bin/git config --local --name-only --get-regexp ^includeIf\.gitdir:
Native owner (ubuntu-24.04)	Run actions/checkout@de0fac2e4500dabe0009e67214ff5f5447ce83dd	2026-10-05T02:03:07.5785502Z [command]/usr/bin/git submodule foreach --recursive git config --local --show-origin --name-only --get-regexp remote.origin.url
Native owner (ubuntu-24.04)	Run actions/checkout@de0fac2e4500dabe0009e67214ff5f5447ce83dd	2026-10-05T02:03:07.5946473Z [command]/usr/bin/git config --file /home/runner/work/_temp/git-credentials-03a94faf-2eaa-45b4-99f7-9fe01342a6ef.config http.https://github.com/.extraheader AUTHORIZATION: basic ***
Native owner (ubuntu-24.04)	Run actions/checkout@de0fac2e4500dabe0009e67214ff5f5447ce83dd	2026-10-05T02:03:07.5976128Z [command]/usr/bin/git config --local includeIf.gitdir:/home/runner/work/kairos/kairos/.git.path /home/runner/work/_temp/git-credentials-03a94faf-2eaa-45b4-99f7-9fe01342a6ef.config
Native owner (ubuntu-24.04)	Run actions/checkout@de0fac2e4500dabe0009e67214ff5f5447ce83dd	2026-10-05T02:03:07.6001623Z [command]/usr/bin/git config --local includeIf.gitdir:/home/runner/work/kairos/kairos/.git/worktrees/*.path /home/runner/work/_temp/git-credentials-03a94faf-2eaa-45b4-99f7-9fe01342a6ef.config
Native owner (ubuntu-24.04)	Run actions/checkout@de0fac2e4500dabe0009e67214ff5f5447ce83dd	2026-10-05T02:03:07.6029486Z [command]/usr/bin/git config --local includeIf.gitdir:/github/workspace/.git.path /github/runner_temp/git-credentials-03a94faf-2eaa-45b4-99f7-9fe01342a6ef.config
Native owner (ubuntu-24.04)	Run actions/checkout@de0fac2e4500dabe0009e67214ff5f5447ce83dd	2026-10-05T02:03:07.6055901Z [command]/usr/bin/git config --local includeIf.gitdir:/github/workspace/.git/worktrees/*.path /github/runner_temp/git-credentials-03a94faf-2eaa-45b4-99f7-9fe01342a6ef.config
Native owner (ubuntu-24.04)	Run actions/checkout@de0fac2e4500dabe0009e67214ff5f5447ce83dd	2026-10-05T02:03:07.6076899Z ##[endgroup]
Native owner (ubuntu-24.04)	Run actions/checkout@de0fac2e4500dabe0009e67214ff5f5447ce83dd	2026-10-05T02:03:07.6077602Z ##[group]Fetching the repository
Native owner (ubuntu-24.04)	Run actions/checkout@de0fac2e4500dabe0009e67214ff5f5447ce83dd	2026-10-05T02:03:07.6084366Z [command]/usr/bin/git -c protocol.version=2 fetch --no-tags --prune --no-recurse-submodules --depth=1 origin +6f9560c3092325e26d6bb8c156c842577caabd9c:refs/remotes/pull/223/merge
Native owner (ubuntu-24.04)	Run actions/checkout@de0fac2e4500dabe0009e67214ff5f5447ce83dd	2026-10-05T02:03:09.2985520Z From https://github.com/edithatogo/kairos
Native owner (ubuntu-24.04)	Run actions/checkout@de0fac2e4500dabe0009e67214ff5f5447ce83dd	2026-10-05T02:03:09.2986418Z  * [new ref]         6f9560c3092325e26d6bb8c156c842577caabd9c -> pull/223/merge
Native owner (ubuntu-24.04)	Run actions/checkout@de0fac2e4500dabe0009e67214ff5f5447ce83dd	2026-10-05T02:03:09.2990100Z ##[endgroup]
Native owner (ubuntu-24.04)	Run actions/checkout@de0fac2e4500dabe0009e67214ff5f5447ce83dd	2026-10-05T02:03:09.3003604Z ##[group]Determining the checkout info
Native owner (ubuntu-24.04)	Run actions/checkout@de0fac2e4500dabe0009e67214ff5f5447ce83dd	2026-10-05T02:03:09.3004217Z ##[endgroup]
Native owner (ubuntu-24.04)	Run actions/checkout@de0fac2e4500dabe0009e67214ff5f5447ce83dd	2026-10-05T02:03:09.3004556Z [command]/usr/bin/git sparse-checkout disable
Native owner (ubuntu-24.04)	Run actions/checkout@de0fac2e4500dabe0009e67214ff5f5447ce83dd	2026-10-05T02:03:09.3044744Z [command]/usr/bin/git config --local --unset-all extensions.worktreeConfig
Native owner (ubuntu-24.04)	Run actions/checkout@de0fac2e4500dabe0009e67214ff5f5447ce83dd	2026-10-05T02:03:09.3071556Z ##[group]Checking out the ref
Native owner (ubuntu-24.04)	Run actions/checkout@de0fac2e4500dabe0009e67214ff5f5447ce83dd	2026-10-05T02:03:09.3075053Z [command]/usr/bin/git checkout --progress --force refs/remotes/pull/223/merge
Native owner (ubuntu-24.04)	Run actions/checkout@de0fac2e4500dabe0009e67214ff5f5447ce83dd	2026-10-05T02:03:09.4407326Z Note: switching to 'refs/remotes/pull/223/merge'.
Native owner (ubuntu-24.04)	Run actions/checkout@de0fac2e4500dabe0009e67214ff5f5447ce83dd	2026-10-05T02:03:09.4407761Z 
Native owner (ubuntu-24.04)	Run actions/checkout@de0fac2e4500dabe0009e67214ff5f5447ce83dd	2026-10-05T02:03:09.4408048Z You are in 'detached HEAD' state. You can look around, make experimental
Native owner (ubuntu-24.04)	Run actions/checkout@de0fac2e4500dabe0009e67214ff5f5447ce83dd	2026-10-05T02:03:09.4408565Z changes and commit them, and you can discard any commits you make in this
Native owner (ubuntu-24.04)	Run actions/checkout@de0fac2e4500dabe0009e67214ff5f5447ce83dd	2026-10-05T02:03:09.4409323Z state without impacting any branches by switching back to a branch.
Native owner (ubuntu-24.04)	Run actions/checkout@de0fac2e4500dabe0009e67214ff5f5447ce83dd	2026-10-05T02:03:09.4409694Z 
Native owner (ubuntu-24.04)	Run actions/checkout@de0fac2e4500dabe0009e67214ff5f5447ce83dd	2026-10-05T02:03:09.4409951Z If you want to create a new branch to retain commits you create, you may
Native owner (ubuntu-24.04)	Run actions/checkout@de0fac2e4500dabe0009e67214ff5f5447ce83dd	2026-10-05T02:03:09.4410516Z do so (now or later) by using -c with the switch command. Example:
Native owner (ubuntu-24.04)	Run actions/checkout@de0fac2e4500dabe0009e67214ff5f5447ce83dd	2026-10-05T02:03:09.4410811Z 
Native owner (ubuntu-24.04)	Run actions/checkout@de0fac2e4500dabe0009e67214ff5f5447ce83dd	2026-10-05T02:03:09.4410985Z   git switch -c <new-branch-name>
Native owner (ubuntu-24.04)	Run actions/checkout@de0fac2e4500dabe0009e67214ff5f5447ce83dd	2026-10-05T02:03:09.4411234Z 
Native owner (ubuntu-24.04)	Run actions/checkout@de0fac2e4500dabe0009e67214ff5f5447ce83dd	2026-10-05T02:03:09.4411392Z Or undo this operation with:
Native owner (ubuntu-24.04)	Run actions/checkout@de0fac2e4500dabe0009e67214ff5f5447ce83dd	2026-10-05T02:03:09.4412224Z 
Native owner (ubuntu-24.04)	Run actions/checkout@de0fac2e4500dabe0009e67214ff5f5447ce83dd	2026-10-05T02:03:09.4412400Z   git switch -
Native owner (ubuntu-24.04)	Run actions/checkout@de0fac2e4500dabe0009e67214ff5f5447ce83dd	2026-10-05T02:03:09.4412549Z 
Native owner (ubuntu-24.04)	Run actions/checkout@de0fac2e4500dabe0009e67214ff5f5447ce83dd	2026-10-05T02:03:09.4412793Z Turn off this advice by setting config variable advice.detachedHead to false
Native owner (ubuntu-24.04)	Run actions/checkout@de0fac2e4500dabe0009e67214ff5f5447ce83dd	2026-10-05T02:03:09.4413100Z 
Native owner (ubuntu-24.04)	Run actions/checkout@de0fac2e4500dabe0009e67214ff5f5447ce83dd	2026-10-05T02:03:09.4413457Z HEAD is now at 6f9560c Merge 4e0cce458ff708a0ff724a8d4f8f14db04ee68a2 into 21e48b257b5c89dd9756b647d9ee17f698f9496b
Native owner (ubuntu-24.04)	Run actions/checkout@de0fac2e4500dabe0009e67214ff5f5447ce83dd	2026-10-05T02:03:09.4417995Z ##[endgroup]
Native owner (ubuntu-24.04)	Run actions/checkout@de0fac2e4500dabe0009e67214ff5f5447ce83dd	2026-10-05T02:03:09.4453972Z [command]/usr/bin/git log -1 --format=%H
Native owner (ubuntu-24.04)	Run actions/checkout@de0fac2e4500dabe0009e67214ff5f5447ce83dd	2026-10-05T02:03:09.4473532Z 6f9560c3092325e26d6bb8c156c842577caabd9c
Native owner (ubuntu-24.04)	Run actions/checkout@de0fac2e4500dabe0009e67214ff5f5447ce83dd	2026-10-05T02:03:09.4481925Z ##[group]Removing auth
Native owner (ubuntu-24.04)	Run actions/checkout@de0fac2e4500dabe0009e67214ff5f5447ce83dd	2026-10-05T02:03:09.4482508Z Removing SSH command configuration
Native owner (ubuntu-24.04)	Run actions/checkout@de0fac2e4500dabe0009e67214ff5f5447ce83dd	2026-10-05T02:03:09.4483735Z [command]/usr/bin/git config --local --name-only --get-regexp core\.sshCommand
Native owner (ubuntu-24.04)	Run actions/checkout@de0fac2e4500dabe0009e67214ff5f5447ce83dd	2026-10-05T02:03:09.4506800Z [command]/usr/bin/git submodule foreach --recursive sh -c "git config --local --name-only --get-regexp 'core\.sshCommand' && git config --local --unset-all 'core.sshCommand' || :"
Native owner (ubuntu-24.04)	Run actions/checkout@de0fac2e4500dabe0009e67214ff5f5447ce83dd	2026-10-05T02:03:09.4649532Z Removing HTTP extra header
Native owner (ubuntu-24.04)	Run actions/checkout@de0fac2e4500dabe0009e67214ff5f5447ce83dd	2026-10-05T02:03:09.4651921Z [command]/usr/bin/git config --local --name-only --get-regexp http\.https\:\/\/github\.com\/\.extraheader
Native owner (ubuntu-24.04)	Run actions/checkout@de0fac2e4500dabe0009e67214ff5f5447ce83dd	2026-10-05T02:03:09.4680079Z [command]/usr/bin/git submodule foreach --recursive sh -c "git config --local --name-only --get-regexp 'http\.https\:\/\/github\.com\/\.extraheader' && git config --local --unset-all 'http.https://github.com/.extraheader' || :"
Native owner (ubuntu-24.04)	Run actions/checkout@de0fac2e4500dabe0009e67214ff5f5447ce83dd	2026-10-05T02:03:09.4820510Z Removing includeIf entries pointing to credentials config files
Native owner (ubuntu-24.04)	Run actions/checkout@de0fac2e4500dabe0009e67214ff5f5447ce83dd	2026-10-05T02:03:09.4823290Z [command]/usr/bin/git config --local --name-only --get-regexp ^includeIf\.gitdir:
Native owner (ubuntu-24.04)	Run actions/checkout@de0fac2e4500dabe0009e67214ff5f5447ce83dd	2026-10-05T02:03:09.4843695Z includeif.gitdir:/home/runner/work/kairos/kairos/.git.path
Native owner (ubuntu-24.04)	Run actions/checkout@de0fac2e4500dabe0009e67214ff5f5447ce83dd	2026-10-05T02:03:09.4844355Z includeif.gitdir:/home/runner/work/kairos/kairos/.git/worktrees/*.path
Native owner (ubuntu-24.04)	Run actions/checkout@de0fac2e4500dabe0009e67214ff5f5447ce83dd	2026-10-05T02:03:09.4844885Z includeif.gitdir:/github/workspace/.git.path
Native owner (ubuntu-24.04)	Run actions/checkout@de0fac2e4500dabe0009e67214ff5f5447ce83dd	2026-10-05T02:03:09.4845337Z includeif.gitdir:/github/workspace/.git/worktrees/*.path
Native owner (ubuntu-24.04)	Run actions/checkout@de0fac2e4500dabe0009e67214ff5f5447ce83dd	2026-10-05T02:03:09.4850448Z [command]/usr/bin/git config --local --get-all includeif.gitdir:/home/runner/work/kairos/kairos/.git.path
Native owner (ubuntu-24.04)	Run actions/checkout@de0fac2e4500dabe0009e67214ff5f5447ce83dd	2026-10-05T02:03:09.4866279Z /home/runner/work/_temp/git-credentials-03a94faf-2eaa-45b4-99f7-9fe01342a6ef.config
Native owner (ubuntu-24.04)	Run actions/checkout@de0fac2e4500dabe0009e67214ff5f5447ce83dd	2026-10-05T02:03:09.4873978Z [command]/usr/bin/git config --local --unset includeif.gitdir:/home/runner/work/kairos/kairos/.git.path /home/runner/work/_temp/git-credentials-03a94faf-2eaa-45b4-99f7-9fe01342a6ef.config
Native owner (ubuntu-24.04)	Run actions/checkout@de0fac2e4500dabe0009e67214ff5f5447ce83dd	2026-10-05T02:03:09.4899418Z [command]/usr/bin/git config --local --get-all includeif.gitdir:/home/runner/work/kairos/kairos/.git/worktrees/*.path
Native owner (ubuntu-24.04)	Run actions/checkout@de0fac2e4500dabe0009e67214ff5f5447ce83dd	2026-10-05T02:03:09.4915149Z /home/runner/work/_temp/git-credentials-03a94faf-2eaa-45b4-99f7-9fe01342a6ef.config
Native owner (ubuntu-24.04)	Run actions/checkout@de0fac2e4500dabe0009e67214ff5f5447ce83dd	2026-10-05T02:03:09.4920887Z [command]/usr/bin/git config --local --unset includeif.gitdir:/home/runner/work/kairos/kairos/.git/worktrees/*.path /home/runner/work/_temp/git-credentials-03a94faf-2eaa-45b4-99f7-9fe01342a6ef.config
Native owner (ubuntu-24.04)	Run actions/checkout@de0fac2e4500dabe0009e67214ff5f5447ce83dd	2026-10-05T02:03:09.4945198Z [command]/usr/bin/git config --local --get-all includeif.gitdir:/github/workspace/.git.path
Native owner (ubuntu-24.04)	Run actions/checkout@de0fac2e4500dabe0009e67214ff5f5447ce83dd	2026-10-05T02:03:09.4961316Z /github/runner_temp/git-credentials-03a94faf-2eaa-45b4-99f7-9fe01342a6ef.config
Native owner (ubuntu-24.04)	Run actions/checkout@de0fac2e4500dabe0009e67214ff5f5447ce83dd	2026-10-05T02:03:09.4967641Z [command]/usr/bin/git config --local --unset includeif.gitdir:/github/workspace/.git.path /github/runner_temp/git-credentials-03a94faf-2eaa-45b4-99f7-9fe01342a6ef.config
Native owner (ubuntu-24.04)	Run actions/checkout@de0fac2e4500dabe0009e67214ff5f5447ce83dd	2026-10-05T02:03:09.4992977Z [command]/usr/bin/git config --local --get-all includeif.gitdir:/github/workspace/.git/worktrees/*.path
Native owner (ubuntu-24.04)	Run actions/checkout@de0fac2e4500dabe0009e67214ff5f5447ce83dd	2026-10-05T02:03:09.5044716Z /github/runner_temp/git-credentials-03a94faf-2eaa-45b4-99f7-9fe01342a6ef.config
Native owner (ubuntu-24.04)	Run actions/checkout@de0fac2e4500dabe0009e67214ff5f5447ce83dd	2026-10-05T02:03:09.5053736Z [command]/usr/bin/git config --local --unset includeif.gitdir:/github/workspace/.git/worktrees/*.path /github/runner_temp/git-credentials-03a94faf-2eaa-45b4-99f7-9fe01342a6ef.config
Native owner (ubuntu-24.04)	Run actions/checkout@de0fac2e4500dabe0009e67214ff5f5447ce83dd	2026-10-05T02:03:09.5080725Z [command]/usr/bin/git submodule foreach --recursive git config --local --show-origin --name-only --get-regexp remote.origin.url
Native owner (ubuntu-24.04)	Run actions/checkout@de0fac2e4500dabe0009e67214ff5f5447ce83dd	2026-10-05T02:03:09.5222653Z Removing credentials config '/home/runner/work/_temp/git-credentials-03a94faf-2eaa-45b4-99f7-9fe01342a6ef.config'
Native owner (ubuntu-24.04)	Run actions/checkout@de0fac2e4500dabe0009e67214ff5f5447ce83dd	2026-10-05T02:03:09.5231301Z ##[endgroup]
Native owner (ubuntu-24.04)	Install reviewed Rust 1.99.0	﻿2026-10-05T02:03:09.5381492Z ##[group]Run mkdir -p .artifacts/ci/native
Native owner (ubuntu-24.04)	Install reviewed Rust 1.99.0	2026-10-05T02:03:09.5381957Z ^[[36;1mmkdir -p .artifacts/ci/native^[[0m
Native owner (ubuntu-24.04)	Install reviewed Rust 1.99.0	2026-10-05T02:03:09.5382220Z ^[[36;1mset -o pipefail^[[0m
Native owner (ubuntu-24.04)	Install reviewed Rust 1.99.0	2026-10-05T02:03:09.5382655Z ^[[36;1mrustup toolchain install 1.99.0 --profile minimal 2>&1 | tee .artifacts/ci/native/install.log^[[0m
Native owner (ubuntu-24.04)	Install reviewed Rust 1.99.0	2026-10-05T02:03:09.5540520Z shell: /usr/bin/bash -e {0}
Native owner (ubuntu-24.04)	Install reviewed Rust 1.99.0	2026-10-05T02:03:09.5540978Z ##[endgroup]
Native owner (ubuntu-24.04)	Install reviewed Rust 1.99.0	2026-10-05T02:03:09.6007992Z info: syncing channel updates for 1.99.0-x86_64-unknown-linux-gnu
Native owner (ubuntu-24.04)	Install reviewed Rust 1.99.0	2026-10-05T02:03:09.8157361Z info: latest update on 2026-10-01 for version 1.99.0 (b940084d7 2026-09-28)
Native owner (ubuntu-24.04)	Install reviewed Rust 1.99.0	2026-10-05T02:03:09.8157934Z info: downloading 3 components
Native owner (ubuntu-24.04)	Install reviewed Rust 1.99.0	2026-10-05T02:03:16.4898403Z 
Native owner (ubuntu-24.04)	Install reviewed Rust 1.99.0	2026-10-05T02:03:16.4960186Z   1.99.0-x86_64-unknown-linux-gnu installed - rustc 1.99.0 (b940084d7 2026-09-28)
Native owner (ubuntu-24.04)	Install reviewed Rust 1.99.0	2026-10-05T02:03:16.4960515Z 
Native owner (ubuntu-24.04)	Verify actual native host and source	﻿2026-10-05T02:03:16.5036871Z ##[group]Run set -o pipefail
Native owner (ubuntu-24.04)	Verify actual native host and source	2026-10-05T02:03:16.5037240Z ^[[36;1mset -o pipefail^[[0m
Native owner (ubuntu-24.04)	Verify actual native host and source	2026-10-05T02:03:16.5037545Z ^[[36;1mexec > >(tee -a .artifacts/ci/native/install.log) 2>&1^[[0m
Native owner (ubuntu-24.04)	Verify actual native host and source	2026-10-05T02:03:16.5037866Z ^[[36;1mgit rev-parse HEAD^[[0m
Native owner (ubuntu-24.04)	Verify actual native host and source	2026-10-05T02:03:16.5038139Z ^[[36;1mtask_rustc="$(rustup which --toolchain 1.99.0 rustc)"^[[0m
Native owner (ubuntu-24.04)	Verify actual native host and source	2026-10-05T02:03:16.5038470Z ^[[36;1m"$task_rustc" -vV^[[0m
Native owner (ubuntu-24.04)	Verify actual native host and source	2026-10-05T02:03:16.5038941Z ^[[36;1mif [ "$EXPECTED_OS" = macos-15 ]; then^[[0m
Native owner (ubuntu-24.04)	Verify actual native host and source	2026-10-05T02:03:16.5039288Z ^[[36;1m  "$task_rustc" -vV | grep -Fx 'host: aarch64-apple-darwin'^[[0m
Native owner (ubuntu-24.04)	Verify actual native host and source	2026-10-05T02:03:16.5039651Z ^[[36;1melse^[[0m
Native owner (ubuntu-24.04)	Verify actual native host and source	2026-10-05T02:03:16.5039919Z ^[[36;1m  "$task_rustc" -vV | grep -Fx 'host: x86_64-unknown-linux-gnu'^[[0m
Native owner (ubuntu-24.04)	Verify actual native host and source	2026-10-05T02:03:16.5040271Z ^[[36;1mfi^[[0m
Native owner (ubuntu-24.04)	Verify actual native host and source	2026-10-05T02:03:16.5040480Z ^[[36;1muname -a^[[0m
Native owner (ubuntu-24.04)	Verify actual native host and source	2026-10-05T02:03:16.5040719Z ^[[36;1mif [ "$EXPECTED_OS" = macos-15 ]; then^[[0m
Native owner (ubuntu-24.04)	Verify actual native host and source	2026-10-05T02:03:16.5041020Z ^[[36;1m  test "$(uname -m)" = arm64^[[0m
Native owner (ubuntu-24.04)	Verify actual native host and source	2026-10-05T02:03:16.5041271Z ^[[36;1melse^[[0m
Native owner (ubuntu-24.04)	Verify actual native host and source	2026-10-05T02:03:16.5041583Z ^[[36;1m  test "$(uname -m)" = x86_64^[[0m
Native owner (ubuntu-24.04)	Verify actual native host and source	2026-10-05T02:03:16.5041829Z ^[[36;1mfi^[[0m
Native owner (ubuntu-24.04)	Verify actual native host and source	2026-10-05T02:03:16.5076420Z shell: /usr/bin/bash -e {0}
Native owner (ubuntu-24.04)	Verify actual native host and source	2026-10-05T02:03:16.5076745Z env:
Native owner (ubuntu-24.04)	Verify actual native host and source	2026-10-05T02:03:16.5076987Z   EXPECTED_OS: ubuntu-24.04
Native owner (ubuntu-24.04)	Verify actual native host and source	2026-10-05T02:03:16.5077231Z ##[endgroup]
Native owner (ubuntu-24.04)	Verify actual native host and source	2026-10-05T02:03:16.5136580Z 6f9560c3092325e26d6bb8c156c842577caabd9c
Native owner (ubuntu-24.04)	Verify actual native host and source	2026-10-05T02:03:16.5228958Z rustc 1.99.0 (b940084d7 2026-09-28)
Native owner (ubuntu-24.04)	Verify actual native host and source	2026-10-05T02:03:16.5229874Z binary: rustc
Native owner (ubuntu-24.04)	Verify actual native host and source	2026-10-05T02:03:16.5230590Z commit-hash: b940084d7eb6a299eb4bfeb8e34901bc051e7ac4
Native owner (ubuntu-24.04)	Verify actual native host and source	2026-10-05T02:03:16.5231369Z commit-date: 2026-09-28
Native owner (ubuntu-24.04)	Verify actual native host and source	2026-10-05T02:03:16.5232109Z host: x86_64-unknown-linux-gnu
Native owner (ubuntu-24.04)	Verify actual native host and source	2026-10-05T02:03:16.5232880Z release: 1.99.0
Native owner (ubuntu-24.04)	Verify actual native host and source	2026-10-05T02:03:16.5233360Z LLVM version: 23.1.1
Native owner (ubuntu-24.04)	Verify actual native host and source	2026-10-05T02:03:16.5294622Z host: x86_64-unknown-linux-gnu
Native owner (ubuntu-24.04)	Verify actual native host and source	2026-10-05T02:03:16.5302030Z Linux runnervm8df0l 6.17.0-1022-azure #22-Ubuntu SMP Mon Jul 27 17:24:03 UTC 2026 x86_64 x86_64 x86_64 GNU/Linux
Native owner (ubuntu-24.04)	Test reusable native owner packages	﻿2026-10-05T02:03:16.5345207Z ##[group]Run mkdir -p .artifacts/ci/native
Native owner (ubuntu-24.04)	Test reusable native owner packages	2026-10-05T02:03:16.5345548Z ^[[36;1mmkdir -p .artifacts/ci/native^[[0m
Native owner (ubuntu-24.04)	Test reusable native owner packages	2026-10-05T02:03:16.5345854Z ^[[36;1mset -o pipefail^[[0m
Native owner (ubuntu-24.04)	Test reusable native owner packages	2026-10-05T02:03:16.5346137Z ^[[36;1mtask_rustc="$(rustup which --toolchain 1.99.0 rustc)"^[[0m
Native owner (ubuntu-24.04)	Test reusable native owner packages	2026-10-05T02:03:16.5346464Z ^[[36;1mtask_bin="$(dirname "$task_rustc")"^[[0m
Native owner (ubuntu-24.04)	Test reusable native owner packages	2026-10-05T02:03:16.5346853Z ^[[36;1mexport RUSTC="$task_rustc" RUSTDOC="$task_bin/rustdoc" PATH="$task_bin:$PATH"^[[0m
Native owner (ubuntu-24.04)	Test reusable native owner packages	2026-10-05T02:03:16.5347623Z ^[[36;1mcargo test --locked -p kairo-ecs-core -p kairo-ecs-types -p kairo-ecs-state -p kairo-ecs-rng -p kairo-ecs-des -p kairo-ecs-abm -p kairo-ecs-arrow -p kairo-ecs-calibration 2>&1 | tee .artifacts/ci/native/owner.log^[[0m
Native owner (ubuntu-24.04)	Test reusable native owner packages	2026-10-05T02:03:16.5374483Z shell: /usr/bin/bash -e {0}
Native owner (ubuntu-24.04)	Test reusable native owner packages	2026-10-05T02:03:16.5374772Z ##[endgroup]
Native owner (ubuntu-24.04)	Test reusable native owner packages	2026-10-05T02:03:16.5708041Z     Updating crates.io index
Native owner (ubuntu-24.04)	Test reusable native owner packages	2026-10-05T02:03:16.9761615Z  Downloading crates ...
Native owner (ubuntu-24.04)	Test reusable native owner packages	2026-10-05T02:03:17.0559474Z   Downloaded block-buffer v0.12.1
Native owner (ubuntu-24.04)	Test reusable native owner packages	2026-10-05T02:03:17.0689742Z   Downloaded bitflags v2.13.2
Native owner (ubuntu-24.04)	Test reusable native owner packages	2026-10-05T02:03:17.0709669Z   Downloaded autocfg v1.5.0
Native owner (ubuntu-24.04)	Test reusable native owner packages	2026-10-05T02:03:17.0722012Z   Downloaded cfg-if v1.0.4
Native owner (ubuntu-24.04)	Test reusable native owner packages	2026-10-05T02:03:17.0914136Z   Downloaded crypto-common v0.2.2
Native owner (ubuntu-24.04)	Test reusable native owner packages	2026-10-05T02:03:17.0920727Z   Downloaded rand_xorshift v0.4.0
Native owner (ubuntu-24.04)	Test reusable native owner packages	2026-10-05T02:03:17.1047176Z   Downloaded itoa v1.0.18
Native owner (ubuntu-24.04)	Test reusable native owner packages	2026-10-05T02:03:17.1054821Z   Downloaded cpufeatures v0.3.1
Native owner (ubuntu-24.04)	Test reusable native owner packages	2026-10-05T02:03:17.1159506Z   Downloaded rand_chacha v0.9.0
Native owner (ubuntu-24.04)	Test reusable native owner packages	2026-10-05T02:03:17.1229292Z   Downloaded unarray v0.1.4
Native owner (ubuntu-24.04)	Test reusable native owner packages	2026-10-05T02:03:17.1234334Z   Downloaded digest v0.11.3
Native owner (ubuntu-24.04)	Test reusable native owner packages	2026-10-05T02:03:17.1244238Z   Downloaded rand_core v0.9.5
Native owner (ubuntu-24.04)	Test reusable native owner packages	2026-10-05T02:03:17.1249980Z   Downloaded ppv-lite86 v0.2.21
Native owner (ubuntu-24.04)	Test reusable native owner packages	2026-10-05T02:03:17.1272564Z   Downloaded thiserror v2.0.20
Native owner (ubuntu-24.04)	Test reusable native owner packages	2026-10-05T02:03:17.1295175Z   Downloaded thiserror-impl v2.0.20
Native owner (ubuntu-24.04)	Test reusable native owner packages	2026-10-05T02:03:17.1301177Z   Downloaded quote v1.0.45
Native owner (ubuntu-24.04)	Test reusable native owner packages	2026-10-05T02:03:17.1312259Z   Downloaded hybrid-array v0.4.15
Native owner (ubuntu-24.04)	Test reusable native owner packages	2026-10-05T02:03:17.1321974Z   Downloaded sha2 v0.11.0
Native owner (ubuntu-24.04)	Test reusable native owner packages	2026-10-05T02:03:17.1335757Z   Downloaded zmij v1.0.21
Native owner (ubuntu-24.04)	Test reusable native owner packages	2026-10-05T02:03:17.1382408Z   Downloaded serde_derive v1.0.228
Native owner (ubuntu-24.04)	Test reusable native owner packages	2026-10-05T02:03:17.1396231Z   Downloaded unicode-ident v1.0.24
Native owner (ubuntu-24.04)	Test reusable native owner packages	2026-10-05T02:03:17.1408586Z   Downloaded getrandom v0.3.4
Native owner (ubuntu-24.04)	Test reusable native owner packages	2026-10-05T02:03:17.1423852Z   Downloaded serde_core v1.0.228
Native owner (ubuntu-24.04)	Test reusable native owner packages	2026-10-05T02:03:17.1436282Z   Downloaded num-traits v0.2.19
Native owner (ubuntu-24.04)	Test reusable native owner packages	2026-10-05T02:03:17.1447722Z   Downloaded proc-macro2 v1.0.106
Native owner (ubuntu-24.04)	Test reusable native owner packages	2026-10-05T02:03:17.1469531Z   Downloaded const-oid v0.10.2
Native owner (ubuntu-24.04)	Test reusable native owner packages	2026-10-05T02:03:17.1495231Z   Downloaded chrono v0.4.45
Native owner (ubuntu-24.04)	Test reusable native owner packages	2026-10-05T02:03:17.1531092Z   Downloaded serde v1.0.228
Native owner (ubuntu-24.04)	Test reusable native owner packages	2026-10-05T02:03:17.1547449Z   Downloaded typenum v1.20.1
Native owner (ubuntu-24.04)	Test reusable native owner packages	2026-10-05T02:03:17.1565299Z   Downloaded rand v0.9.5
Native owner (ubuntu-24.04)	Test reusable native owner packages	2026-10-05T02:03:17.1582977Z   Downloaded memchr v2.8.0
Native owner (ubuntu-24.04)	Test reusable native owner packages	2026-10-05T02:03:17.1606268Z   Downloaded serde_json v1.0.149
Native owner (ubuntu-24.04)	Test reusable native owner packages	2026-10-05T02:03:17.1638592Z   Downloaded proptest v1.11.0
Native owner (ubuntu-24.04)	Test reusable native owner packages	2026-10-05T02:03:17.1679673Z   Downloaded syn v3.0.6
Native owner (ubuntu-24.04)	Test reusable native owner packages	2026-10-05T02:03:17.1732729Z   Downloaded zerocopy v0.8.48
Native owner (ubuntu-24.04)	Test reusable native owner packages	2026-10-05T02:03:17.1816539Z   Downloaded syn v2.0.117
Native owner (ubuntu-24.04)	Test reusable native owner packages	2026-10-05T02:03:17.1867145Z   Downloaded regex-syntax v0.8.10
Native owner (ubuntu-24.04)	Test reusable native owner packages	2026-10-05T02:03:17.1906147Z   Downloaded libc v0.2.186
Native owner (ubuntu-24.04)	Test reusable native owner packages	2026-10-05T02:03:17.2271629Z    Compiling kairo-ecs-types v0.0.0 (/home/runner/work/kairos/kairos/crates/kairo-ecs-types)
Native owner (ubuntu-24.04)	Test reusable native owner packages	2026-10-05T02:03:17.2272405Z    Compiling proc-macro2 v1.0.106
Native owner (ubuntu-24.04)	Test reusable native owner packages	2026-10-05T02:03:17.2273002Z    Compiling unicode-ident v1.0.24
Native owner (ubuntu-24.04)	Test reusable native owner packages	2026-10-05T02:03:17.2282771Z    Compiling quote v1.0.45
Native owner (ubuntu-24.04)	Test reusable native owner packages	2026-10-05T02:03:17.2760734Z    Compiling thiserror v2.0.20
Native owner (ubuntu-24.04)	Test reusable native owner packages	2026-10-05T02:03:17.2997655Z    Compiling kairo-ecs-rng v0.0.0 (/home/runner/work/kairos/kairos/crates/kairo-ecs-rng)
Native owner (ubuntu-24.04)	Test reusable native owner packages	2026-10-05T02:03:17.3323834Z    Compiling kairo-ecs-core v0.0.0 (/home/runner/work/kairos/kairos/crates/kairo-ecs-core)
Native owner (ubuntu-24.04)	Test reusable native owner packages	2026-10-05T02:03:17.3582653Z    Compiling kairo-ecs-state v0.0.0 (/home/runner/work/kairos/kairos/crates/kairo-ecs-state)
Native owner (ubuntu-24.04)	Test reusable native owner packages	2026-10-05T02:03:17.4322962Z    Compiling cfg-if v1.0.4
Native owner (ubuntu-24.04)	Test reusable native owner packages	2026-10-05T02:03:17.4595714Z    Compiling autocfg v1.5.0
Native owner (ubuntu-24.04)	Test reusable native owner packages	2026-10-05T02:03:17.4950131Z    Compiling serde_core v1.0.228
Native owner (ubuntu-24.04)	Test reusable native owner packages	2026-10-05T02:03:17.5119349Z    Compiling zmij v1.0.21
Native owner (ubuntu-24.04)	Test reusable native owner packages	2026-10-05T02:03:17.6210236Z    Compiling serde_json v1.0.149
Native owner (ubuntu-24.04)	Test reusable native owner packages	2026-10-05T02:03:17.6549941Z    Compiling num-traits v0.2.19
Native owner (ubuntu-24.04)	Test reusable native owner packages	2026-10-05T02:03:17.8163223Z    Compiling syn v3.0.6
Native owner (ubuntu-24.04)	Test reusable native owner packages	2026-10-05T02:03:17.9969769Z    Compiling itoa v1.0.18
Native owner (ubuntu-24.04)	Test reusable native owner packages	2026-10-05T02:03:18.0849913Z    Compiling memchr v2.8.0
Native owner (ubuntu-24.04)	Test reusable native owner packages	2026-10-05T02:03:18.2240976Z    Compiling typenum v1.20.1
Native owner (ubuntu-24.04)	Test reusable native owner packages	2026-10-05T02:03:18.5404245Z    Compiling const-oid v0.10.2
Native owner (ubuntu-24.04)	Test reusable native owner packages	2026-10-05T02:03:18.6379872Z    Compiling libc v0.2.186
Native owner (ubuntu-24.04)	Test reusable native owner packages	2026-10-05T02:03:18.8000211Z    Compiling getrandom v0.3.4
Native owner (ubuntu-24.04)	Test reusable native owner packages	2026-10-05T02:03:18.8294255Z    Compiling hybrid-array v0.4.15
Native owner (ubuntu-24.04)	Test reusable native owner packages	2026-10-05T02:03:18.9266417Z    Compiling cpufeatures v0.3.1
Native owner (ubuntu-24.04)	Test reusable native owner packages	2026-10-05T02:03:19.1792365Z    Compiling block-buffer v0.12.1
Native owner (ubuntu-24.04)	Test reusable native owner packages	2026-10-05T02:03:19.2533531Z    Compiling crypto-common v0.2.2
Native owner (ubuntu-24.04)	Test reusable native owner packages	2026-10-05T02:03:19.4891448Z    Compiling thiserror-impl v2.0.20
Native owner (ubuntu-24.04)	Test reusable native owner packages	2026-10-05T02:03:19.6160563Z    Compiling chrono v0.4.45
Native owner (ubuntu-24.04)	Test reusable native owner packages	2026-10-05T02:03:19.9780266Z    Compiling digest v0.11.3
Native owner (ubuntu-24.04)	Test reusable native owner packages	2026-10-05T02:03:20.0531509Z    Compiling sha2 v0.11.0
Native owner (ubuntu-24.04)	Test reusable native owner packages	2026-10-05T02:03:20.2577747Z    Compiling zerocopy v0.8.48
Native owner (ubuntu-24.04)	Test reusable native owner packages	2026-10-05T02:03:20.3026565Z    Compiling kairo-ecs-des v0.1.0 (/home/runner/work/kairos/kairos/crates/kairo-ecs-des)
Native owner (ubuntu-24.04)	Test reusable native owner packages	2026-10-05T02:03:20.4151209Z    Compiling kairo-ecs-arrow v0.1.0 (/home/runner/work/kairos/kairos/crates/kairo-ecs-arrow)
Native owner (ubuntu-24.04)	Test reusable native owner packages	2026-10-05T02:03:20.4736190Z    Compiling rand_core v0.9.5
Native owner (ubuntu-24.04)	Test reusable native owner packages	2026-10-05T02:03:20.5800539Z    Compiling kairo-ecs-calibration v0.1.0 (/home/runner/work/kairos/kairos/crates/kairo-ecs-calibration)
Native owner (ubuntu-24.04)	Test reusable native owner packages	2026-10-05T02:03:20.6880447Z    Compiling syn v2.0.117
Native owner (ubuntu-24.04)	Test reusable native owner packages	2026-10-05T02:03:21.4010098Z    Compiling serde v1.0.228
Native owner (ubuntu-24.04)	Test reusable native owner packages	2026-10-05T02:03:21.5274273Z    Compiling rand_xorshift v0.4.0
Native owner (ubuntu-24.04)	Test reusable native owner packages	2026-10-05T02:03:21.5840320Z    Compiling rand v0.9.5
Native owner (ubuntu-24.04)	Test reusable native owner packages	2026-10-05T02:03:21.9529889Z    Compiling unarray v0.1.4
Native owner (ubuntu-24.04)	Test reusable native owner packages	2026-10-05T02:03:21.9994106Z    Compiling bitflags v2.13.2
Native owner (ubuntu-24.04)	Test reusable native owner packages	2026-10-05T02:03:22.1120534Z    Compiling regex-syntax v0.8.10
Native owner (ubuntu-24.04)	Test reusable native owner packages	2026-10-05T02:03:22.2550280Z    Compiling serde_derive v1.0.228
Native owner (ubuntu-24.04)	Test reusable native owner packages	2026-10-05T02:03:22.6910428Z    Compiling kairo-ecs-abm v0.1.0 (/home/runner/work/kairos/kairos/crates/kairo-ecs-abm)
Native owner (ubuntu-24.04)	Test reusable native owner packages	2026-10-05T02:03:23.2945893Z    Compiling ppv-lite86 v0.2.21
Native owner (ubuntu-24.04)	Test reusable native owner packages	2026-10-05T02:03:23.5119496Z    Compiling rand_chacha v0.9.0
Native owner (ubuntu-24.04)	Test reusable native owner packages	2026-10-05T02:03:23.6591575Z    Compiling proptest v1.11.0
Native owner (ubuntu-24.04)	Test reusable native owner packages	2026-10-05T02:03:33.2392557Z     Finished `test` profile [unoptimized + debuginfo] target(s) in 16.68s
Native owner (ubuntu-24.04)	Test reusable native owner packages	2026-10-05T02:03:33.2690392Z      Running unittests src/lib.rs (target/debug/deps/kairo_ecs_abm-1ac14db51e4d39c5)
Native owner (ubuntu-24.04)	Test reusable native owner packages	2026-10-05T02:03:33.2706324Z 
Native owner (ubuntu-24.04)	Test reusable native owner packages	2026-10-05T02:03:33.2706828Z running 8 tests
Native owner (ubuntu-24.04)	Test reusable native owner packages	2026-10-05T02:03:33.2715210Z test tests::behavior_simulation_replays_entity_rng ... ok
Native owner (ubuntu-24.04)	Test reusable native owner packages	2026-10-05T02:03:33.2715737Z test tests::behavior_simulation_respects_event_budget ... ok
Native owner (ubuntu-24.04)	Test reusable native owner packages	2026-10-05T02:03:33.2716120Z test tests::behavior_decision_can_despawn_agent ... ok
Native owner (ubuntu-24.04)	Test reusable native owner packages	2026-10-05T02:03:33.2716489Z test tests::behavior_simulation_updates_in_scheduler_order ... ok
Native owner (ubuntu-24.04)	Test reusable native owner packages	2026-10-05T02:03:33.2716905Z test tests::despawned_agent_future_events_do_not_update_behavior ... ok
Native owner (ubuntu-24.04)	Test reusable native owner packages	2026-10-05T02:03:33.2717240Z test tests::schedule_and_step ... ok
Native owner (ubuntu-24.04)	Test reusable native owner packages	2026-10-05T02:03:33.2717575Z test tests::spawn_and_attach ... ok
Native owner (ubuntu-24.04)	Test reusable native owner packages	2026-10-05T02:03:33.2717963Z test flow_adapter::tests::preconsume_budget_preserves_actual_private_stream_state_and_behavior ... ok
Native owner (ubuntu-24.04)	Test reusable native owner packages	2026-10-05T02:03:33.2718244Z 
Native owner (ubuntu-24.04)	Test reusable native owner packages	2026-10-05T02:03:33.2718448Z test result: ok. 8 passed; 0 failed; 0 ignored; 0 measured; 0 filtered out; finished in 0.00s
Native owner (ubuntu-24.04)	Test reusable native owner packages	2026-10-05T02:03:33.2718868Z 
Native owner (ubuntu-24.04)	Test reusable native owner packages	2026-10-05T02:03:33.2720599Z      Running tests/abm_behavior_update_v1.rs (target/debug/deps/abm_behavior_update_v1-ee916f78ef01b5d7)
Native owner (ubuntu-24.04)	Test reusable native owner packages	2026-10-05T02:03:33.2727931Z 
Native owner (ubuntu-24.04)	Test reusable native owner packages	2026-10-05T02:03:33.2728095Z running 2 tests
Native owner (ubuntu-24.04)	Test reusable native owner packages	2026-10-05T02:03:33.2730374Z test abm_behavior_update_v1_replays_entity_rng_streams ... ok
Native owner (ubuntu-24.04)	Test reusable native owner packages	2026-10-05T02:03:33.2731486Z test abm_behavior_update_v1_runs_updates_in_scheduler_order ... ok
Native owner (ubuntu-24.04)	Test reusable native owner packages	2026-10-05T02:03:33.2731949Z 
Native owner (ubuntu-24.04)	Test reusable native owner packages	2026-10-05T02:03:33.2732180Z test result: ok. 2 passed; 0 failed; 0 ignored; 0 measured; 0 filtered out; finished in 0.00s
Native owner (ubuntu-24.04)	Test reusable native owner packages	2026-10-05T02:03:33.2732483Z 
Native owner (ubuntu-24.04)	Test reusable native owner packages	2026-10-05T02:03:33.2732843Z      Running tests/abm_integration.rs (target/debug/deps/abm_integration-819c12c1c2886929)
Native owner (ubuntu-24.04)	Test reusable native owner packages	2026-10-05T02:03:33.2739557Z 
Native owner (ubuntu-24.04)	Test reusable native owner packages	2026-10-05T02:03:33.2739667Z running 3 tests
Native owner (ubuntu-24.04)	Test reusable native owner packages	2026-10-05T02:03:33.2742172Z test agent_with_components ... ok
Native owner (ubuntu-24.04)	Test reusable native owner packages	2026-10-05T02:03:33.2742552Z test multi_agent_scheduling ... ok
Native owner (ubuntu-24.04)	Test reusable native owner packages	2026-10-05T02:03:33.2742909Z test schedule_and_dispatch ... ok
Native owner (ubuntu-24.04)	Test reusable native owner packages	2026-10-05T02:03:33.2743112Z 
Native owner (ubuntu-24.04)	Test reusable native owner packages	2026-10-05T02:03:33.2743350Z test result: ok. 3 passed; 0 failed; 0 ignored; 0 measured; 0 filtered out; finished in 0.00s
Native owner (ubuntu-24.04)	Test reusable native owner packages	2026-10-05T02:03:33.2743795Z 
Native owner (ubuntu-24.04)	Test reusable native owner packages	2026-10-05T02:03:33.2744071Z      Running tests/flow_adapter_v1.rs (target/debug/deps/flow_adapter_v1-e2bf79ff4b196c05)
Native owner (ubuntu-24.04)	Test reusable native owner packages	2026-10-05T02:03:33.2751695Z 
Native owner (ubuntu-24.04)	Test reusable native owner packages	2026-10-05T02:03:33.2751863Z running 7 tests
Native owner (ubuntu-24.04)	Test reusable native owner packages	2026-10-05T02:03:33.2757459Z test recycled_actor_generation_has_fresh_stream_and_old_handle_is_stale ... ok
Native owner (ubuntu-24.04)	Test reusable native owner packages	2026-10-05T02:03:33.2759081Z test preconsume_budget_failure_preserves_behavior_draw_position_and_pending_head ... ok
Native owner (ubuntu-24.04)	Test reusable native owner packages	2026-10-05T02:03:33.2760508Z test registration_type_kind_and_unique_carrier_failures_are_atomic ... ok
Native owner (ubuntu-24.04)	Test reusable native owner packages	2026-10-05T02:03:33.2761492Z test entity_stream_draw_positions_ignore_cross_actor_order_and_pause_boundaries ... ok
Native owner (ubuntu-24.04)	Test reusable native owner packages	2026-10-05T02:03:33.2762458Z test rejected_callback_batches_keep_one_state_change_and_one_draw_without_replay ... ok
Native owner (ubuntu-24.04)	Test reusable native owner packages	2026-10-05T02:03:33.2765471Z test behavior_commands_use_real_task_leases_and_never_acquire_the_carrier ... ok
Native owner (ubuntu-24.04)	Test reusable native owner packages	2026-10-05T02:03:33.2766625Z test shared_behavior_observes_authoritative_des_time_and_buffered_peer_lifetime ... ok
Native owner (ubuntu-24.04)	Test reusable native owner packages	2026-10-05T02:03:33.2767121Z 
Native owner (ubuntu-24.04)	Test reusable native owner packages	2026-10-05T02:03:33.2767425Z test result: ok. 7 passed; 0 failed; 0 ignored; 0 measured; 0 filtered out; finished in 0.00s
Native owner (ubuntu-24.04)	Test reusable native owner packages	2026-10-05T02:03:33.2767837Z 
Native owner (ubuntu-24.04)	Test reusable native owner packages	2026-10-05T02:03:33.2768077Z      Running unittests src/lib.rs (target/debug/deps/kairo_ecs_arrow-aad195d2026faf1b)
Native owner (ubuntu-24.04)	Test reusable native owner packages	2026-10-05T02:03:33.2774126Z 
Native owner (ubuntu-24.04)	Test reusable native owner packages	2026-10-05T02:03:33.2774319Z running 6 tests
Native owner (ubuntu-24.04)	Test reusable native owner packages	2026-10-05T02:03:33.2777019Z test tests::dispatched_record_maps_core_event_fields ... ok
Native owner (ubuntu-24.04)	Test reusable native owner packages	2026-10-05T02:03:33.2777599Z test tests::previous_facade_still_flushes_records ... ok
Native owner (ubuntu-24.04)	Test reusable native owner packages	2026-10-05T02:03:33.2778248Z test tests::smoke_bytes_preserve_escaped_strings_and_payload_ref ... ok
Native owner (ubuntu-24.04)	Test reusable native owner packages	2026-10-05T02:03:33.2779055Z test tests::event_log_schema_matches_track_04_order ... ok
Native owner (ubuntu-24.04)	Test reusable native owner packages	2026-10-05T02:03:33.2779711Z test tests::event_log_batch_round_trips_smoke_bytes ... ok
Native owner (ubuntu-24.04)	Test reusable native owner packages	2026-10-05T02:03:33.2780250Z test tests::validation_rejects_incompatible_schema_version ... ok
Native owner (ubuntu-24.04)	Test reusable native owner packages	2026-10-05T02:03:33.2780628Z 
Native owner (ubuntu-24.04)	Test reusable native owner packages	2026-10-05T02:03:33.2780931Z test result: ok. 6 passed; 0 failed; 0 ignored; 0 measured; 0 filtered out; finished in 0.00s
Native owner (ubuntu-24.04)	Test reusable native owner packages	2026-10-05T02:03:33.2781368Z 
Native owner (ubuntu-24.04)	Test reusable native owner packages	2026-10-05T02:03:33.2781642Z      Running tests/legacy_smoke_bytes_v1.rs (target/debug/deps/legacy_smoke_bytes_v1-d7107fe9af2a391e)
Native owner (ubuntu-24.04)	Test reusable native owner packages	2026-10-05T02:03:33.2786074Z 
Native owner (ubuntu-24.04)	Test reusable native owner packages	2026-10-05T02:03:33.2786217Z running 1 test
Native owner (ubuntu-24.04)	Test reusable native owner packages	2026-10-05T02:03:33.2788557Z test legacy_smoke_bytes_match_frozen_custom_format_and_roundtrip ... ok
Native owner (ubuntu-24.04)	Test reusable native owner packages	2026-10-05T02:03:33.2788971Z 
Native owner (ubuntu-24.04)	Test reusable native owner packages	2026-10-05T02:03:33.2789280Z test result: ok. 1 passed; 0 failed; 0 ignored; 0 measured; 0 filtered out; finished in 0.00s
Native owner (ubuntu-24.04)	Test reusable native owner packages	2026-10-05T02:03:33.2789681Z 
Native owner (ubuntu-24.04)	Test reusable native owner packages	2026-10-05T02:03:33.2790216Z      Running tests/resource_lifecycle_v1.rs (target/debug/deps/resource_lifecycle_v1-bdb850c60d08c6df)
Native owner (ubuntu-24.04)	Test reusable native owner packages	2026-10-05T02:03:33.2796393Z 
Native owner (ubuntu-24.04)	Test reusable native owner packages	2026-10-05T02:03:33.2796513Z running 0 tests
Native owner (ubuntu-24.04)	Test reusable native owner packages	2026-10-05T02:03:33.2796740Z 
Native owner (ubuntu-24.04)	Test reusable native owner packages	2026-10-05T02:03:33.2797053Z test result: ok. 0 passed; 0 failed; 0 ignored; 0 measured; 0 filtered out; finished in 0.00s
Native owner (ubuntu-24.04)	Test reusable native owner packages	2026-10-05T02:03:33.2797491Z 
Native owner (ubuntu-24.04)	Test reusable native owner packages	2026-10-05T02:03:33.2797896Z      Running tests/schema_compatibility.rs (target/debug/deps/schema_compatibility-5233d23de3d1def1)
Native owner (ubuntu-24.04)	Test reusable native owner packages	2026-10-05T02:03:33.2804247Z 
Native owner (ubuntu-24.04)	Test reusable native owner packages	2026-10-05T02:03:33.2804610Z running 4 tests
Native owner (ubuntu-24.04)	Test reusable native owner packages	2026-10-05T02:03:33.2807032Z test event_log_schema_is_stable_for_binding_consumers ... ok
Native owner (ubuntu-24.04)	Test reusable native owner packages	2026-10-05T02:03:33.2807447Z test checked_in_schema_json_matches_runtime_contract ... ok
Native owner (ubuntu-24.04)	Test reusable native owner packages	2026-10-05T02:03:33.2808164Z test event_log_schema_fingerprint_is_stable ... ok
Native owner (ubuntu-24.04)	Test reusable native owner packages	2026-10-05T02:03:33.2808853Z test event_log_smoke_roundtrip_preserves_ordering_fields ... ok
Native owner (ubuntu-24.04)	Test reusable native owner packages	2026-10-05T02:03:33.2809145Z 
Native owner (ubuntu-24.04)	Test reusable native owner packages	2026-10-05T02:03:33.2809530Z test result: ok. 4 passed; 0 failed; 0 ignored; 0 measured; 0 filtered out; finished in 0.00s
Native owner (ubuntu-24.04)	Test reusable native owner packages	2026-10-05T02:03:33.2809784Z 
Native owner (ubuntu-24.04)	Test reusable native owner packages	2026-10-05T02:03:33.2810020Z      Running tests/trace_time.rs (target/debug/deps/trace_time-a3269a5cd7472074)
Native owner (ubuntu-24.04)	Test reusable native owner packages	2026-10-05T02:03:33.2814926Z 
Native owner (ubuntu-24.04)	Test reusable native owner packages	2026-10-05T02:03:33.2815053Z running 6 tests
Native owner (ubuntu-24.04)	Test reusable native owner packages	2026-10-05T02:03:33.2818242Z test occurrence_requires_the_right_clock_role_and_present_lineage ... ok
Native owner (ubuntu-24.04)	Test reusable native owner packages	2026-10-05T02:03:33.2819670Z test relative_ticks_are_exact_and_reject_pre_origin ... ok
Native owner (ubuntu-24.04)	Test reusable native owner packages	2026-10-05T02:03:33.2820161Z test exclusions_and_explicit_lineage_have_standard_error_and_preserve_meaning ... ok
Native owner (ubuntu-24.04)	Test reusable native owner packages	2026-10-05T02:03:33.2820725Z test minute_precision_is_retained_and_episode_end_does_not_imply_departure ... ok
Native owner (ubuntu-24.04)	Test reusable native owner packages	2026-10-05T02:03:33.2821165Z test unresolved_or_coarse_timestamps_are_exclusions_not_fabricated_ticks ... ok
Native owner (ubuntu-24.04)	Test reusable native owner packages	2026-10-05T02:03:33.2821651Z test valid_boarding_after_episode_end_is_not_rejected_as_reversed_location_time ... ok
Native owner (ubuntu-24.04)	Test reusable native owner packages	2026-10-05T02:03:33.2821982Z 
Native owner (ubuntu-24.04)	Test reusable native owner packages	2026-10-05T02:03:33.2822186Z test result: ok. 6 passed; 0 failed; 0 ignored; 0 measured; 0 filtered out; finished in 0.00s
Native owner (ubuntu-24.04)	Test reusable native owner packages	2026-10-05T02:03:33.2822589Z 
Native owner (ubuntu-24.04)	Test reusable native owner packages	2026-10-05T02:03:33.2822832Z      Running tests/trace_time_roles_v1.rs (target/debug/deps/trace_time_roles_v1-0b0c79060dbc07c5)
Native owner (ubuntu-24.04)	Test reusable native owner packages	2026-10-05T02:03:33.2826329Z 
Native owner (ubuntu-24.04)	Test reusable native owner packages	2026-10-05T02:03:33.2826472Z running 6 tests
Native owner (ubuntu-24.04)	Test reusable native owner packages	2026-10-05T02:03:33.2828454Z test accepted_occurrence_projects_to_unchanged_wrapper_fields ... ok
Native owner (ubuntu-24.04)	Test reusable native owner packages	2026-10-05T02:03:33.2829119Z test each_role_retains_existing_exclusion_classification ... ok
Native owner (ubuntu-24.04)	Test reusable native owner packages	2026-10-05T02:03:33.2829593Z test every_role_has_exact_full_signed_span_and_origin ... ok
Native owner (ubuntu-24.04)	Test reusable native owner packages	2026-10-05T02:03:33.2830041Z test every_role_precision_and_lineage_is_preserved ... ok
Native owner (ubuntu-24.04)	Test reusable native owner packages	2026-10-05T02:03:33.2830673Z test occurrence_wrapper_preserves_missing_and_role_precedence ... ok
Native owner (ubuntu-24.04)	Test reusable native owner packages	2026-10-05T02:03:33.2831276Z test shared_error_precedence_is_not_reordered ... ok
Native owner (ubuntu-24.04)	Test reusable native owner packages	2026-10-05T02:03:33.2831613Z 
Native owner (ubuntu-24.04)	Test reusable native owner packages	2026-10-05T02:03:33.2831937Z test result: ok. 6 passed; 0 failed; 0 ignored; 0 measured; 0 filtered out; finished in 0.00s
Native owner (ubuntu-24.04)	Test reusable native owner packages	2026-10-05T02:03:33.2832314Z 
Native owner (ubuntu-24.04)	Test reusable native owner packages	2026-10-05T02:03:33.2832658Z      Running tests/trace_time_signed_span.rs (target/debug/deps/trace_time_signed_span-4b2fd5e1b421b2e3)
Native owner (ubuntu-24.04)	Test reusable native owner packages	2026-10-05T02:03:33.2837268Z 
Native owner (ubuntu-24.04)	Test reusable native owner packages	2026-10-05T02:03:33.2837437Z running 1 test
Native owner (ubuntu-24.04)	Test reusable native owner packages	2026-10-05T02:03:33.2839850Z test relative_ticks_accepts_full_ordered_signed_domain ... ok
Native owner (ubuntu-24.04)	Test reusable native owner packages	2026-10-05T02:03:33.2840220Z 
Native owner (ubuntu-24.04)	Test reusable native owner packages	2026-10-05T02:03:33.2840514Z test result: ok. 1 passed; 0 failed; 0 ignored; 0 measured; 0 filtered out; finished in 0.00s
Native owner (ubuntu-24.04)	Test reusable native owner packages	2026-10-05T02:03:33.2840880Z 
Native owner (ubuntu-24.04)	Test reusable native owner packages	2026-10-05T02:03:33.2841403Z      Running unittests src/lib.rs (target/debug/deps/kairo_ecs_calibration-eb672015e46fdaf1)
Native owner (ubuntu-24.04)	Test reusable native owner packages	2026-10-05T02:03:33.2847549Z 
Native owner (ubuntu-24.04)	Test reusable native owner packages	2026-10-05T02:03:33.2847780Z running 61 tests
Native owner (ubuntu-24.04)	Test reusable native owner packages	2026-10-05T02:03:33.2848447Z test ingestion_c01::actual_transport_matrix ... ignored, requires exact physical transport source index and result directory
Native owner (ubuntu-24.04)	Test reusable native owner packages	2026-10-05T02:03:33.2862581Z test ingestion_normalize::tests::enforces_nonzero_limits_fanout_and_actual_serialized_bytes ... ok
Native owner (ubuntu-24.04)	Test reusable native owner packages	2026-10-05T02:03:33.2863584Z test ingestion_normalize::tests::order_key_projects_full_records_and_unbounded_decimal_rank ... ok
Native owner (ubuntu-24.04)	Test reusable native owner packages	2026-10-05T02:03:33.2864467Z test ingestion_normalize::tests::preserves_mapper_values_and_cumulative_partition_across_chunks ... ok
Native owner (ubuntu-24.04)	Test reusable native owner packages	2026-10-05T02:03:33.2869220Z test ingestion_normalize::tests::rejects_cross_chunk_duplicates_even_when_first_candidate_was_excluded ... ok
Native owner (ubuntu-24.04)	Test reusable native owner packages	2026-10-05T02:03:33.2870367Z test ingestion_normalize::tests::unknown_long_kind_and_outcome_duplicate_reject_transactionally ... ok
Native owner (ubuntu-24.04)	Test reusable native owner packages	2026-10-05T02:03:33.3588214Z test ingestion_c01::schema_valid_raw_marker_mutation_is_detected_by_exact_population_oracle ... ok
Native owner (ubuntu-24.04)	Test reusable native owner packages	2026-10-05T02:03:33.3624462Z test ingestion_pipeline::tests::errors_remove_only_new_bundle_and_missing_evidence_never_succeeds ... ok
Native owner (ubuntu-24.04)	Test reusable native owner packages	2026-10-05T02:03:33.3669661Z test ingestion_pipeline::tests::transported_source_rows_use_the_same_actual_pipeline ... ignored, requires actual transported source rows and original manifest
Native owner (ubuntu-24.04)	Test reusable native owner packages	2026-10-05T02:03:33.3702374Z test ingestion_sort::tests::actual_normalized_values_are_hash_identical_across_orders_and_run_layouts ... ok
Native owner (ubuntu-24.04)	Test reusable native owner packages	2026-10-05T02:03:33.3731441Z test ingestion_sort::tests::bounded_fanin_requires_multiple_merge_passes_and_handles_large_rank ... ok
Native owner (ubuntu-24.04)	Test reusable native owner packages	2026-10-05T02:03:33.3760545Z test ingestion_sort::tests::iterator_sink_oversize_invalid_key_and_temp_corruption_fail_with_cleanup ... ok
Native owner (ubuntu-24.04)	Test reusable native owner packages	2026-10-05T02:03:33.3761439Z test ingestion_pipeline::tests::rejects_duplicate_top_level_and_nested_json_members_before_value_collapse ... ok
Native owner (ubuntu-24.04)	Test reusable native owner packages	2026-10-05T02:03:33.3762118Z test ingestion_validate::tests::bad_policy_caps_cycles_and_oversize_records_reject_without_outputs ... ok
Native owner (ubuntu-24.04)	Test reusable native owner packages	2026-10-05T02:03:33.3762670Z test ingestion_validate::tests::finalization_work_limit_rejects_before_materializing_occurrence_edge_violations ... ok
Native owner (ubuntu-24.04)	Test reusable native owner packages	2026-10-05T02:03:33.3763432Z test ingestion_sort::tests::sink_failure_and_bad_limits_cleanup_workspace ... ok
Native owner (ubuntu-24.04)	Test reusable native owner packages	2026-10-05T02:03:33.3772155Z test ingestion_validate::tests::interleaved_cases_and_equal_precedence_are_valid ... ok
Native owner (ubuntu-24.04)	Test reusable native owner packages	2026-10-05T02:03:33.3773642Z test ingestion_validate::tests::reversed_precedence_quarantines_whole_interleaved_case ... ok
Native owner (ubuntu-24.04)	Test reusable native owner packages	2026-10-05T02:03:33.3779317Z test ingestion_validate::tests::runtime_case_state_and_partial_line_bounds_fail_closed ... ok
Native owner (ubuntu-24.04)	Test reusable native owner packages	2026-10-05T02:03:33.3789039Z test ingestion_validate::tests::same_tick_exit_releases_before_c0_earlier_admission ... ok
Native owner (ubuntu-24.04)	Test reusable native owner packages	2026-10-05T02:03:33.3789814Z test ingestion_validate::tests::strict_never_publishes_and_window_quarantines_whole_case ... ok
Native owner (ubuntu-24.04)	Test reusable native owner packages	2026-10-05T02:03:33.3810781Z test ingestion_validate::tests::touching_intervals_are_feasible_and_overlaps_quarantine_both ... ok
Native owner (ubuntu-24.04)	Test reusable native owner packages	2026-10-05T02:03:33.3812366Z test seed_map::tests::every_identity_field_and_root_seed_change_the_frame_and_derived_seed ... ok
Native owner (ubuntu-24.04)	Test reusable native owner packages	2026-10-05T02:03:33.3813325Z test seed_map::tests::finite_registry_is_idempotent_for_same_identity_and_rejects_collision ... ok
Native owner (ubuntu-24.04)	Test reusable native owner packages	2026-10-05T02:03:33.3815360Z test seed_map::tests::identity_validation_rejects_invalid_and_oversized_ids ... ok
Native owner (ubuntu-24.04)	Test reusable native owner packages	2026-10-05T02:03:33.3815916Z test seed_map::tests::length_framing_separates_ambiguous_concatenations ... ok
Native owner (ubuntu-24.04)	Test reusable native owner packages	2026-10-05T02:03:33.3816583Z test ingestion_validate::tests::zero_duration_occupancy_is_allowed_and_does_not_consume_capacity ... ok
Native owner (ubuntu-24.04)	Test reusable native owner packages	2026-10-05T02:03:33.3817205Z test seed_map::tests::overflow_does_not_advance_rng_or_draw_position ... ok
Native owner (ubuntu-24.04)	Test reusable native owner packages	2026-10-05T02:03:33.3820368Z test seed_map::tests::purpose_tags_are_exact_u32_little_endian_values ... ok
Native owner (ubuntu-24.04)	Test reusable native owner packages	2026-10-05T02:03:33.3821438Z test seed_map::tests::unknown_snapshot_versions_and_seed_mismatch_fail_closed ... ok
Native owner (ubuntu-24.04)	Test reusable native owner packages	2026-10-05T02:03:33.3822149Z test trace_mapping::tests::addition_and_calendar_overflow_preserve_declared_clock_evidence ... ok
Native owner (ubuntu-24.04)	Test reusable native owner packages	2026-10-05T02:03:33.3825118Z test trace_mapping::tests::classified_and_subnanosecond_reasons_are_c0_exclusions ... ok
Native owner (ubuntu-24.04)	Test reusable native owner packages	2026-10-05T02:03:33.3837815Z test seed_map::tests::normative_golden_bytes_digest_seed_and_draws_match ... ok
Native owner (ubuntu-24.04)	Test reusable native owner packages	2026-10-05T02:03:33.3839049Z test ingestion_pipeline::tests::actual_source_pipeline_hashes_survive_chunks_spills_permutations_and_counts_reconcile ... ok
Native owner (ubuntu-24.04)	Test reusable native owner packages	2026-10-05T02:03:33.3840037Z test trace_mapping::tests::duplicate_and_missing_keys_fail_dataset ... ok
Native owner (ubuntu-24.04)	Test reusable native owner packages	2026-10-05T02:03:33.3840836Z test trace_mapping::tests::four_semantic_guards_are_unresolved_without_fabricated_events ... ok
Native owner (ubuntu-24.04)	Test reusable native owner packages	2026-10-05T02:03:33.3841868Z test trace_mapping::tests::derived_lineage_is_retained_and_bad_lineage_becomes_safe_exclusion ... ok
Native owner (ubuntu-24.04)	Test reusable native owner packages	2026-10-05T02:03:33.3844744Z test trace_mapping::tests::fixture_file_executes_raw_requests_and_exact_goldens_only ... ok
Native owner (ubuntu-24.04)	Test reusable native owner packages	2026-10-05T02:03:33.3854019Z test trace_mapping::tests::integer_clock_preorigin_and_overflow_are_exclusions ... ok
Native owner (ubuntu-24.04)	Test reusable native owner packages	2026-10-05T02:03:33.3854942Z test trace_mapping::tests::identities_keep_exact_unicode_case_and_ties_ignore_input_row_permutation ... ok
Native owner (ubuntu-24.04)	Test reusable native owner packages	2026-10-05T02:03:33.3855786Z test trace_mapping::tests::integer_units_are_exactly_equivalent_for_one_second ... ok
Native owner (ubuntu-24.04)	Test reusable native owner packages	2026-10-05T02:03:33.3859631Z test trace_mapping::tests::knowledge_cutoff_equality_future_and_unknown_are_reported ... ok
Native owner (ubuntu-24.04)	Test reusable native owner packages	2026-10-05T02:03:33.3863677Z test trace_mapping::tests::missing_occurrence_keeps_available_at_raw_time_c0_safe ... ok
Native owner (ubuntu-24.04)	Test reusable native owner packages	2026-10-05T02:03:33.3864495Z test trace_mapping::tests::optional_clocks_are_role_normalized_and_distinct ... ok
Native owner (ubuntu-24.04)	Test reusable native owner packages	2026-10-05T02:03:33.3865219Z test trace_mapping::tests::outputs_full_c0_and_raw_mutation_changes_clock ... ok
Native owner (ubuntu-24.04)	Test reusable native owner packages	2026-10-05T02:03:33.3868794Z test trace_mapping::tests::ranks_above_u64_sort_numerically ... ok
Native owner (ubuntu-24.04)	Test reusable native owner packages	2026-10-05T02:03:33.3874136Z test trace_mapping::tests::observed_task_started_survives_and_future_outcome_cannot_change_knowledge ... ok
Native owner (ubuntu-24.04)	Test reusable native owner packages	2026-10-05T02:03:33.3878841Z test trace_mapping::tests::reversed_open_intervals_and_cohort_denominator_are_diagnostic_only ... ok
Native owner (ubuntu-24.04)	Test reusable native owner packages	2026-10-05T02:03:33.3879397Z test trace_mapping::tests::right_censored_outcome_keeps_last_observed_separate ... ok
Native owner (ubuntu-24.04)	Test reusable native owner packages	2026-10-05T02:03:33.3879855Z test trace_mapping::tests::semantic_guards_emit_no_c0_records ... ok
Native owner (ubuntu-24.04)	Test reusable native owner packages	2026-10-05T02:03:33.3880384Z test trace_mapping::tests::signed_relative_helper_covers_full_i128_u128_domain ... ok
Native owner (ubuntu-24.04)	Test reusable native owner packages	2026-10-05T02:03:33.3881025Z test trace_mapping::tests::source_order_and_occurrence_limits_are_validated_before_clocks ... ok
Native owner (ubuntu-24.04)	Test reusable native owner packages	2026-10-05T02:03:33.3881652Z test trace_mapping::tests::wide_episode_end_does_not_infer_later_boarding_departure ... ok
Native owner (ubuntu-24.04)	Test reusable native owner packages	2026-10-05T02:03:33.3883770Z test trace_order::tests::equal_keys_compare_equal_and_sorting_is_independent_of_all_permutations ... ok
Native owner (ubuntu-24.04)	Test reusable native owner packages	2026-10-05T02:03:33.3884608Z test trace_mapping::tests::timestamp_mutations_reject_unknown_offset_naive_and_noncanonical_but_allow_zero_tail ... ok
Native owner (ubuntu-24.04)	Test reusable native owner packages	2026-10-05T02:03:33.3885407Z test trace_mapping::tests::wide_row_emits_one_outcome_even_if_event_is_excluded ... ok
Native owner (ubuntu-24.04)	Test reusable native owner packages	2026-10-05T02:03:33.3886086Z test trace_order::tests::order_tuple_uses_each_component_in_declared_precedence ... ok
Native owner (ubuntu-24.04)	Test reusable native owner packages	2026-10-05T02:03:33.3886751Z test trace_order::tests::rank_comparison_is_numeric_without_fixed_width_conversion ... ok
Native owner (ubuntu-24.04)	Test reusable native owner packages	2026-10-05T02:03:33.3887345Z test trace_order::tests::rank_requires_canonical_ascii_unsigned_decimal ... ok
Native owner (ubuntu-24.04)	Test reusable native owner packages	2026-10-05T02:03:33.3887795Z test trace_order::tests::text_order_is_unsigned_utf8_bytewise_without_normalization ... ok
Native owner (ubuntu-24.04)	Test reusable native owner packages	2026-10-05T02:03:35.2371145Z test ingestion_c01::self_contained_three_profile_cartesian_matrix_has_exact_population_bytes ... ok
Native owner (ubuntu-24.04)	Test reusable native owner packages	2026-10-05T02:03:35.2371699Z 
Native owner (ubuntu-24.04)	Test reusable native owner packages	2026-10-05T02:03:35.2372101Z test result: ok. 59 passed; 0 failed; 2 ignored; 0 measured; 0 filtered out; finished in 1.95s
Native owner (ubuntu-24.04)	Test reusable native owner packages	2026-10-05T02:03:35.2372382Z 
Native owner (ubuntu-24.04)	Test reusable native owner packages	2026-10-05T02:03:35.2374978Z      Running tests/arrow_output_c43.rs (target/debug/deps/arrow_output_c43-d44d0afff52672d1)
Native owner (ubuntu-24.04)	Test reusable native owner packages	2026-10-05T02:03:35.2385286Z 
Native owner (ubuntu-24.04)	Test reusable native owner packages	2026-10-05T02:03:35.2385994Z running 0 tests
Native owner (ubuntu-24.04)	Test reusable native owner packages	2026-10-05T02:03:35.2386267Z 
Native owner (ubuntu-24.04)	Test reusable native owner packages	2026-10-05T02:03:35.2386556Z test result: ok. 0 passed; 0 failed; 0 ignored; 0 measured; 0 filtered out; finished in 0.00s
Native owner (ubuntu-24.04)	Test reusable native owner packages	2026-10-05T02:03:35.2386808Z 
Native owner (ubuntu-24.04)	Test reusable native owner packages	2026-10-05T02:03:35.2387034Z      Running tests/cohorts_c42.rs (target/debug/deps/cohorts_c42-906aa87a7643d790)
Native owner (ubuntu-24.04)	Test reusable native owner packages	2026-10-05T02:03:35.2394162Z 
Native owner (ubuntu-24.04)	Test reusable native owner packages	2026-10-05T02:03:35.2394527Z running 4 tests
Native owner (ubuntu-24.04)	Test reusable native owner packages	2026-10-05T02:03:35.2397575Z test source_window_and_empty_stratum_preserve_coverage ... ok
Native owner (ubuntu-24.04)	Test reusable native owner packages	2026-10-05T02:03:35.2398082Z test nonpoint_outcomes_remain_counted_with_overlap ... ok
Native owner (ubuntu-24.04)	Test reusable native owner packages	2026-10-05T02:03:35.2398816Z test identities_duplicates_and_unknown_groups_fail_without_losing_attempts ... ok
Native owner (ubuntu-24.04)	Test reusable native owner packages	2026-10-05T02:03:35.2399323Z test permutation_provenance_weight_and_window_negatives ... ok
Native owner (ubuntu-24.04)	Test reusable native owner packages	2026-10-05T02:03:35.2399592Z 
Native owner (ubuntu-24.04)	Test reusable native owner packages	2026-10-05T02:03:35.2399838Z test result: ok. 4 passed; 0 failed; 0 ignored; 0 measured; 0 filtered out; finished in 0.00s
Native owner (ubuntu-24.04)	Test reusable native owner packages	2026-10-05T02:03:35.2400198Z 
Native owner (ubuntu-24.04)	Test reusable native owner packages	2026-10-05T02:03:35.2400413Z      Running tests/distance_c42.rs (target/debug/deps/distance_c42-28e1a835590823e6)
Native owner (ubuntu-24.04)	Test reusable native owner packages	2026-10-05T02:03:35.2405981Z 
Native owner (ubuntu-24.04)	Test reusable native owner packages	2026-10-05T02:03:35.2406211Z running 14 tests
Native owner (ubuntu-24.04)	Test reusable native owner packages	2026-10-05T02:03:35.2407685Z test deterministic_100k_point_shift_timing ... ignored, bounded synthetic distance timing receipt; coordinator executes once
Native owner (ubuntu-24.04)	Test reusable native owner packages	2026-10-05T02:03:35.2408855Z test both_empty_populations_are_empty ... ok
Native owner (ubuntu-24.04)	Test reusable native owner packages	2026-10-05T02:03:35.2409362Z test checked_arithmetic_overflow_is_invalid ... ok
Native owner (ubuntu-24.04)	Test reusable native owner packages	2026-10-05T02:03:35.2409786Z test exact_common_origin_offsets_are_checked_before_conversion ... ok
Native owner (ubuntu-24.04)	Test reusable native owner packages	2026-10-05T02:03:35.2410441Z test identical_populations_compute_zero_distances ... ok
Native owner (ubuntu-24.04)	Test reusable native owner packages	2026-10-05T02:03:35.2410868Z test null_aligned_zero_weight_stays_in_count_and_adds_no_mass ... ok
Native owner (ubuntu-24.04)	Test reusable native owner packages	2026-10-05T02:03:35.2411339Z test malformed_weight_with_valid_origin_is_ordinary_invalid_precision ... ok
Native owner (ubuntu-24.04)	Test reusable native owner packages	2026-10-05T02:03:35.2411840Z test scale_and_algorithm_weight_contract_are_enforced ... ok
Native owner (ubuntu-24.04)	Test reusable native owner packages	2026-10-05T02:03:35.2412245Z test signed_rational_supports_are_exactly_ordered ... ok
Native owner (ubuntu-24.04)	Test reusable native owner packages	2026-10-05T02:03:35.2412663Z test tick_overflow_remains_rejected_precision ... ok
Native owner (ubuntu-24.04)	Test reusable native owner packages	2026-10-05T02:03:35.2413091Z test tied_weighted_support_permutation_is_bitwise_stable ... ok
Native owner (ubuntu-24.04)	Test reusable native owner packages	2026-10-05T02:03:35.2413661Z test ties_are_aggregated_before_cdf_updates ... ok
Native owner (ubuntu-24.04)	Test reusable native owner packages	2026-10-05T02:03:35.2414120Z test positive_rational_tick_scale_is_supported_exactly ... ok
Native owner (ubuntu-24.04)	Test reusable native owner packages	2026-10-05T02:03:35.2414586Z test weighted_descriptive_uses_exact_per_side_normalization ... ok
Native owner (ubuntu-24.04)	Test reusable native owner packages	2026-10-05T02:03:35.2414869Z 
Native owner (ubuntu-24.04)	Test reusable native owner packages	2026-10-05T02:03:35.2415101Z test result: ok. 13 passed; 0 failed; 1 ignored; 0 measured; 0 filtered out; finished in 0.00s
Native owner (ubuntu-24.04)	Test reusable native owner packages	2026-10-05T02:03:35.2415437Z 
Native owner (ubuntu-24.04)	Test reusable native owner packages	2026-10-05T02:03:35.2415623Z      Running tests/metrics_c41.rs (target/debug/deps/metrics_c41-2a4e35a1373c2c93)
Native owner (ubuntu-24.04)	Test reusable native owner packages	2026-10-05T02:03:35.2420742Z 
Native owner (ubuntu-24.04)	Test reusable native owner packages	2026-10-05T02:03:35.2420864Z running 9 tests
Native owner (ubuntu-24.04)	Test reusable native owner packages	2026-10-05T02:03:35.2421953Z test c42_candidate_report ... ignored, C4.2 runtime producer is not implemented; candidate report required
Native owner (ubuntu-24.04)	Test reusable native owner packages	2026-10-05T02:03:35.2473492Z test comparator_rejects_fixture_mutations ... ok
Native owner (ubuntu-24.04)	Test reusable native owner packages	2026-10-05T02:03:35.2505717Z test comparator_accepts_explicitly_labeled_mock_only ... ok
Native owner (ubuntu-24.04)	Test reusable native owner packages	2026-10-05T02:03:35.2530034Z test fixture_protocol_and_coverage ... ok
Native owner (ubuntu-24.04)	Test reusable native owner packages	2026-10-05T02:03:35.2551662Z test comparator_enforces_numeric_tolerance_boundaries_and_domains ... ok
Native owner (ubuntu-24.04)	Test reusable native owner packages	2026-10-05T02:03:35.2552713Z test reference_expected_values_are_exact_rationals_and_protocol_coherent ... ok
Native owner (ubuntu-24.04)	Test reusable native owner packages	2026-10-05T02:03:35.2599351Z test runtime_gate_rejects_mock_and_missing_producer_binding ... ok
Native owner (ubuntu-24.04)	Test reusable native owner packages	2026-10-05T02:03:35.2615983Z test comparator_rejects_omitted_metadata_and_wrong_algorithm_set ... ok
Native owner (ubuntu-24.04)	Test reusable native owner packages	2026-10-05T02:03:35.2627785Z test comparator_rejects_contract_mutations ... ok
Native owner (ubuntu-24.04)	Test reusable native owner packages	2026-10-05T02:03:35.2628056Z 
Native owner (ubuntu-24.04)	Test reusable native owner packages	2026-10-05T02:03:35.2628349Z test result: ok. 8 passed; 0 failed; 1 ignored; 0 measured; 0 filtered out; finished in 0.02s
Native owner (ubuntu-24.04)	Test reusable native owner packages	2026-10-05T02:03:35.2628780Z 
Native owner (ubuntu-24.04)	Test reusable native owner packages	2026-10-05T02:03:35.2635276Z      Running tests/metrics_c42.rs (target/debug/deps/metrics_c42-338deef3c4fd9334)
Native owner (ubuntu-24.04)	Test reusable native owner packages	2026-10-05T02:03:35.2642246Z 
Native owner (ubuntu-24.04)	Test reusable native owner packages	2026-10-05T02:03:35.2642423Z running 7 tests
Native owner (ubuntu-24.04)	Test reusable native owner packages	2026-10-05T02:03:35.2669253Z test optional_report_requires_committed_source_binding ... ok
Native owner (ubuntu-24.04)	Test reusable native owner packages	2026-10-05T02:03:35.2671961Z test nulls_remain_missing_while_malformed_and_weight_errors_are_rejected ... ok
Native owner (ubuntu-24.04)	Test reusable native owner packages	2026-10-05T02:03:35.2672712Z test actual_conditional_metric_exposes_opposite_dependence_and_keeps_empty_group ... ok
Native owner (ubuntu-24.04)	Test reusable native owner packages	2026-10-05T02:03:35.2674000Z test unrelated_or_absent_commit_claim_cannot_bind_written_report ... ok
Native owner (ubuntu-24.04)	Test reusable native owner packages	2026-10-05T02:03:35.2674707Z test unrelated_toolchain_claim_is_rejected ... ok
Native owner (ubuntu-24.04)	Test reusable native owner packages	2026-10-05T02:03:35.2790748Z test default_actual_producer_executes_all_frozen_cases ... ok
Native owner (ubuntu-24.04)	Test reusable native owner packages	2026-10-05T02:03:35.2969743Z test producer_output_is_invariant_to_removed_or_mutated_expected_values ... ok
Native owner (ubuntu-24.04)	Test reusable native owner packages	2026-10-05T02:03:35.2970177Z 
Native owner (ubuntu-24.04)	Test reusable native owner packages	2026-10-05T02:03:35.2970461Z test result: ok. 7 passed; 0 failed; 0 ignored; 0 measured; 0 filtered out; finished in 0.03s
Native owner (ubuntu-24.04)	Test reusable native owner packages	2026-10-05T02:03:35.2970857Z 
Native owner (ubuntu-24.04)	Test reusable native owner packages	2026-10-05T02:03:35.2972142Z      Running tests/residuals_c42.rs (target/debug/deps/residuals_c42-1db03ab7deeee5e8)
Native owner (ubuntu-24.04)	Test reusable native owner packages	2026-10-05T02:03:35.2978360Z 
Native owner (ubuntu-24.04)	Test reusable native owner packages	2026-10-05T02:03:35.2978480Z running 23 tests
Native owner (ubuntu-24.04)	Test reusable native owner packages	2026-10-05T02:03:35.2981763Z test contradictory_status_and_tick_inputs_are_invalid_and_retained ... ok
Native owner (ubuntu-24.04)	Test reusable native owner packages	2026-10-05T02:03:35.2982489Z test cohort_mismatch_is_invalid_across_prespecified_groups ... ok
Native owner (ubuntu-24.04)	Test reusable native owner packages	2026-10-05T02:03:35.2983131Z test exact_residual_covers_full_u128_range ... ok
Native owner (ubuntu-24.04)	Test reusable native owner packages	2026-10-05T02:03:35.2984025Z test duplicate_logical_side_key_is_invalid_not_deduplicated ... ok
Native owner (ubuntu-24.04)	Test reusable native owner packages	2026-10-05T02:03:35.2984752Z test exact_float_values_above_two_to_53_do_not_raise_rounding_flag ... ok
Native owner (ubuntu-24.04)	Test reusable native owner packages	2026-10-05T02:03:35.2985545Z test infeasible_valid_prediction_remains_in_error_summary ... ok
Native owner (ubuntu-24.04)	Test reusable native owner packages	2026-10-05T02:03:35.2986038Z test invalid_grouping_retains_raw_rows_and_counts ... ok
Native owner (ubuntu-24.04)	Test reusable native owner packages	2026-10-05T02:03:35.2987066Z test invalid_middle_pair_retains_full_batch_rows_counts_and_order ... ok
Native owner (ubuntu-24.04)	Test reusable native owner packages	2026-10-05T02:03:35.2987680Z test invalid_window_is_reported ... ok
Native owner (ubuntu-24.04)	Test reusable native owner packages	2026-10-05T02:03:35.2988125Z test logical_key_requires_all_identity_strings_and_known_purpose ... ok
Native owner (ubuntu-24.04)	Test reusable native owner packages	2026-10-05T02:03:35.2988795Z test matched_rows_are_prediction_minus_observation_and_order_invariant ... ok
Native owner (ubuntu-24.04)	Test reusable native owner packages	2026-10-05T02:03:35.2989398Z test missing_censored_failed_and_infeasible_attempts_keep_diagnostics ... ok
Native owner (ubuntu-24.04)	Test reusable native owner packages	2026-10-05T02:03:35.2990897Z test missing_selection_time_does_not_fall_back_to_prediction ... ok
Native owner (ubuntu-24.04)	Test reusable native owner packages	2026-10-05T02:03:35.2991450Z test same_logical_key_in_different_groups_is_invalid_and_retained ... ok
Native owner (ubuntu-24.04)	Test reusable native owner packages	2026-10-05T02:03:35.2991911Z test simulation_failed_or_infeasible_rows_cannot_carry_observed_ticks ... ok
Native owner (ubuntu-24.04)	Test reusable native owner packages	2026-10-05T02:03:35.2992274Z test source_selection_times_must_match_within_pair ... ok
Native owner (ubuntu-24.04)	Test reusable native owner packages	2026-10-05T02:03:35.2992622Z test statuses_and_diagnostics_are_preserved_and_overlap ... ok
Native owner (ubuntu-24.04)	Test reusable native owner packages	2026-10-05T02:03:35.2992978Z test unclamped_attestation_and_tick_unit_are_required ... ok
Native owner (ubuntu-24.04)	Test reusable native owner packages	2026-10-05T02:03:35.2993345Z test unknown_row_group_is_retained_when_other_groups_are_declared ... ok
Native owner (ubuntu-24.04)	Test reusable native owner packages	2026-10-05T02:03:35.2993677Z test prespecified_empty_group_is_emitted ... ok
Native owner (ubuntu-24.04)	Test reusable native owner packages	2026-10-05T02:03:35.2993952Z test window_is_half_open_on_selection_time ... ok
Native owner (ubuntu-24.04)	Test reusable native owner packages	2026-10-05T02:03:35.2994329Z test unsupported_provenance_is_unverified_and_retained ... ok
Native owner (ubuntu-24.04)	Test reusable native owner packages	2026-10-05T02:03:35.3118340Z test bounded_large_paired_cohort_keeps_complete_counts ... ok
Native owner (ubuntu-24.04)	Test reusable native owner packages	2026-10-05T02:03:35.3118617Z 
Native owner (ubuntu-24.04)	Test reusable native owner packages	2026-10-05T02:03:35.3119018Z test result: ok. 23 passed; 0 failed; 0 ignored; 0 measured; 0 filtered out; finished in 0.01s
Native owner (ubuntu-24.04)	Test reusable native owner packages	2026-10-05T02:03:35.3119377Z 
Native owner (ubuntu-24.04)	Test reusable native owner packages	2026-10-05T02:03:35.3119644Z      Running tests/seed_map.rs (target/debug/deps/seed_map-159b2f3c4ee82952)
Native owner (ubuntu-24.04)	Test reusable native owner packages	2026-10-05T02:03:35.3125566Z 
Native owner (ubuntu-24.04)	Test reusable native owner packages	2026-10-05T02:03:35.3125675Z running 5 tests
Native owner (ubuntu-24.04)	Test reusable native owner packages	2026-10-05T02:03:35.3128537Z test independent_python_golden_seed_and_draws_match ... ok
Native owner (ubuntu-24.04)	Test reusable native owner packages	2026-10-05T02:03:35.3129260Z test owned_snapshots_resume_at_positions_zero_and_one ... ok
Native owner (ubuntu-24.04)	Test reusable native owner packages	2026-10-05T02:03:35.3129766Z test paired_candidates_share_schedule_streams_and_independent_schedules_diverge ... ok
Native owner (ubuntu-24.04)	Test reusable native owner packages	2026-10-05T02:03:35.3130219Z test unknown_seed_map_version_fails_explicitly ... ok
Native owner (ubuntu-24.04)	Test reusable native owner packages	2026-10-05T02:03:35.3130648Z test reordered_registration_and_interleaved_draws_preserve_purpose_sequences ... ok
Native owner (ubuntu-24.04)	Test reusable native owner packages	2026-10-05T02:03:35.3130967Z 
Native owner (ubuntu-24.04)	Test reusable native owner packages	2026-10-05T02:03:35.3131242Z test result: ok. 5 passed; 0 failed; 0 ignored; 0 measured; 0 filtered out; finished in 0.00s
Native owner (ubuntu-24.04)	Test reusable native owner packages	2026-10-05T02:03:35.3131553Z 
Native owner (ubuntu-24.04)	Test reusable native owner packages	2026-10-05T02:03:35.3131847Z      Running tests/sidecar_adapter_c43.rs (target/debug/deps/sidecar_adapter_c43-3518869fd0e073a3)
Native owner (ubuntu-24.04)	Test reusable native owner packages	2026-10-05T02:03:35.3137233Z 
Native owner (ubuntu-24.04)	Test reusable native owner packages	2026-10-05T02:03:35.3137372Z running 12 tests
Native owner (ubuntu-24.04)	Test reusable native owner packages	2026-10-05T02:03:35.3159346Z test c43_contradictory_source_clocks_fail_and_retain_both_raw_sides ... ok
Native owner (ubuntu-24.04)	Test reusable native owner packages	2026-10-05T02:03:35.3179574Z test c43_empty_residual_population_still_emits_declared_empty_metric_summaries ... ok
Native owner (ubuntu-24.04)	Test reusable native owner packages	2026-10-05T02:03:35.3180429Z test c43_emits_c0_sidecars_from_kernels_and_joins_explicit_event ... ok
Native owner (ubuntu-24.04)	Test reusable native owner packages	2026-10-05T02:03:35.3181197Z test c43_in_window_nonpoint_is_ineligible_but_not_window_excluded ... ok
Native owner (ubuntu-24.04)	Test reusable native owner packages	2026-10-05T02:03:35.3181895Z test c43_failed_prediction_preserves_reference_censor_and_missing_lineage ... ok
Native owner (ubuntu-24.04)	Test reusable native owner packages	2026-10-05T02:03:35.3182694Z test c43_max_u128_is_exact_and_window_exclusion_does_not_rewrite_point_residual ... ok
Native owner (ubuntu-24.04)	Test reusable native owner packages	2026-10-05T02:03:35.3183438Z test c43_input_permutation_preserves_logical_records_and_metric_bits ... ok
Native owner (ubuntu-24.04)	Test reusable native owner packages	2026-10-05T02:03:35.3184253Z test c43_invalid_run_event_hash_and_duplicate_key_fail_with_raw_diagnostics ... ok
Native owner (ubuntu-24.04)	Test reusable native owner packages	2026-10-05T02:03:35.3184933Z test c43_noncomputed_statuses_keep_null_contract_and_overlapping_counts ... ok
Native owner (ubuntu-24.04)	Test reusable native owner packages	2026-10-05T02:03:35.3185985Z test c43_structurally_invalid_metric_rows_fail_with_both_raw_cohorts ... ok
Native owner (ubuntu-24.04)	Test reusable native owner packages	2026-10-05T02:03:35.3193329Z test c43_paired_metric_denominator_is_matched_pairs_and_manifest_keeps_cohort_counts ... ok
Native owner (ubuntu-24.04)	Test reusable native owner packages	2026-10-05T02:03:35.3203180Z test c43_unmatched_missing_failed_and_infeasible_pairs_keep_schema_statuses ... ok
Native owner (ubuntu-24.04)	Test reusable native owner packages	2026-10-05T02:03:35.3203564Z 
Native owner (ubuntu-24.04)	Test reusable native owner packages	2026-10-05T02:03:35.3203776Z test result: ok. 12 passed; 0 failed; 0 ignored; 0 measured; 0 filtered out; finished in 0.01s
Native owner (ubuntu-24.04)	Test reusable native owner packages	2026-10-05T02:03:35.3204058Z 
Native owner (ubuntu-24.04)	Test reusable native owner packages	2026-10-05T02:03:35.3204861Z      Running tests/sidecar_pipeline_c43.rs (target/debug/deps/sidecar_pipeline_c43-114923d49ca947a2)
Native owner (ubuntu-24.04)	Test reusable native owner packages	2026-10-05T02:03:35.3210955Z 
Native owner (ubuntu-24.04)	Test reusable native owner packages	2026-10-05T02:03:35.3211257Z running 0 tests
Native owner (ubuntu-24.04)	Test reusable native owner packages	2026-10-05T02:03:35.3211404Z 
Native owner (ubuntu-24.04)	Test reusable native owner packages	2026-10-05T02:03:35.3211667Z test result: ok. 0 passed; 0 failed; 0 ignored; 0 measured; 0 filtered out; finished in 0.00s
Native owner (ubuntu-24.04)	Test reusable native owner packages	2026-10-05T02:03:35.3212016Z 
Native owner (ubuntu-24.04)	Test reusable native owner packages	2026-10-05T02:03:35.3212193Z      Running unittests src/lib.rs (target/debug/deps/kairo_ecs_core-d6ad40ea52d9b42c)
Native owner (ubuntu-24.04)	Test reusable native owner packages	2026-10-05T02:03:35.3217876Z 
Native owner (ubuntu-24.04)	Test reusable native owner packages	2026-10-05T02:03:35.3217987Z running 17 tests
Native owner (ubuntu-24.04)	Test reusable native owner packages	2026-10-05T02:03:35.3221482Z test tests::cancelled_future_event_does_not_force_limit_after_active_events_finish ... ok
Native owner (ubuntu-24.04)	Test reusable native owner packages	2026-10-05T02:03:35.3222231Z test tests::cancellation_rejects_unknown_and_dispatched_events ... ok
Native owner (ubuntu-24.04)	Test reusable native owner packages	2026-10-05T02:03:35.3222723Z test tests::core_status_codes_match_the_ffi_contract ... ok
Native owner (ubuntu-24.04)	Test reusable native owner packages	2026-10-05T02:03:35.3223181Z test tests::cancellation_skips_event_without_reordering_rest ... ok
Native owner (ubuntu-24.04)	Test reusable native owner packages	2026-10-05T02:03:35.3223667Z test tests::facade_exposes_scheduler_stats_snapshot ... ok
Native owner (ubuntu-24.04)	Test reusable native owner packages	2026-10-05T02:03:35.3224048Z test tests::dispatches_by_time_priority_then_sequence ... ok
Native owner (ubuntu-24.04)	Test reusable native owner packages	2026-10-05T02:03:35.3224480Z test tests::facade_maps_cancellation_and_limit_statuses ... ok
Native owner (ubuntu-24.04)	Test reusable native owner packages	2026-10-05T02:03:35.3224924Z test tests::facade_schedules_steps_and_exposes_status_codes ... ok
Native owner (ubuntu-24.04)	Test reusable native owner packages	2026-10-05T02:03:35.3225428Z test tests::recording_scheduler_exposes_cancel_run_and_state ... ok
Native owner (ubuntu-24.04)	Test reusable native owner packages	2026-10-05T02:03:35.3225857Z test tests::run_for_with_zero_limit_reports_limit_reached ... ok
Native owner (ubuntu-24.04)	Test reusable native owner packages	2026-10-05T02:03:35.3226315Z test tests::facade_reports_invalid_priority_without_scheduling ... ok
Native owner (ubuntu-24.04)	Test reusable native owner packages	2026-10-05T02:03:35.3226705Z test tests::run_for_is_bounded ... ok
Native owner (ubuntu-24.04)	Test reusable native owner packages	2026-10-05T02:03:35.3227074Z test tests::run_until_or_for_does_not_dispatch_past_time_limit_with_remaining_budget ... ok
Native owner (ubuntu-24.04)	Test reusable native owner packages	2026-10-05T02:03:35.3227531Z test tests::run_until_or_for_reports_limit_reached_when_event_budget_is_exhausted_first ... ok
Native owner (ubuntu-24.04)	Test reusable native owner packages	2026-10-05T02:03:35.3227942Z test tests::run_until_or_for_stops_on_bounds ... ok
Native owner (ubuntu-24.04)	Test reusable native owner packages	2026-10-05T02:03:35.3228302Z test tests::scheduler_stats_track_scheduled_cancelled_dispatched_and_pending ... ok
Native owner (ubuntu-24.04)	Test reusable native owner packages	2026-10-05T02:03:35.3228861Z test tests::run_until_stops_at_time_limit ... ok
Native owner (ubuntu-24.04)	Test reusable native owner packages	2026-10-05T02:03:35.3229067Z 
Native owner (ubuntu-24.04)	Test reusable native owner packages	2026-10-05T02:03:35.3229331Z test result: ok. 17 passed; 0 failed; 0 ignored; 0 measured; 0 filtered out; finished in 0.00s
Native owner (ubuntu-24.04)	Test reusable native owner packages	2026-10-05T02:03:35.3229714Z 
Native owner (ubuntu-24.04)	Test reusable native owner packages	2026-10-05T02:03:35.3230103Z      Running tests/conformance_fixtures.rs (target/debug/deps/conformance_fixtures-2ca61a2cbafea90f)
Native owner (ubuntu-24.04)	Test reusable native owner packages	2026-10-05T02:03:35.3236418Z 
Native owner (ubuntu-24.04)	Test reusable native owner packages	2026-10-05T02:03:35.3236773Z running 4 tests
Native owner (ubuntu-24.04)	Test reusable native owner packages	2026-10-05T02:03:35.3239288Z test conformance_rng_replay ... ok
Native owner (ubuntu-24.04)	Test reusable native owner packages	2026-10-05T02:03:35.3239800Z test conformance_cancellation ... ok
Native owner (ubuntu-24.04)	Test reusable native owner packages	2026-10-05T02:03:35.3240208Z test conformance_deterministic_ordering ... ok
Native owner (ubuntu-24.04)	Test reusable native owner packages	2026-10-05T02:03:35.3240618Z test conformance_zero_delay_guard ... ok
Native owner (ubuntu-24.04)	Test reusable native owner packages	2026-10-05T02:03:35.3240902Z 
Native owner (ubuntu-24.04)	Test reusable native owner packages	2026-10-05T02:03:35.3241140Z test result: ok. 4 passed; 0 failed; 0 ignored; 0 measured; 0 filtered out; finished in 0.00s
Native owner (ubuntu-24.04)	Test reusable native owner packages	2026-10-05T02:03:35.3241479Z 
Native owner (ubuntu-24.04)	Test reusable native owner packages	2026-10-05T02:03:35.3241749Z      Running tests/integration.rs (target/debug/deps/integration-b51e6ac311abbdd4)
Native owner (ubuntu-24.04)	Test reusable native owner packages	2026-10-05T02:03:35.3247064Z 
Native owner (ubuntu-24.04)	Test reusable native owner packages	2026-10-05T02:03:35.3247238Z running 8 tests
Native owner (ubuntu-24.04)	Test reusable native owner packages	2026-10-05T02:03:35.3249809Z test test_cancel_then_schedule ... ok
Native owner (ubuntu-24.04)	Test reusable native owner packages	2026-10-05T02:03:35.3250357Z test test_deterministic_replay ... ok
Native owner (ubuntu-24.04)	Test reusable native owner packages	2026-10-05T02:03:35.3250887Z test test_empty_scheduler ... ok
Native owner (ubuntu-24.04)	Test reusable native owner packages	2026-10-05T02:03:35.3251306Z test test_run_until_bounds ... ok
Native owner (ubuntu-24.04)	Test reusable native owner packages	2026-10-05T02:03:35.3251790Z test test_zero_delay_guard ... ok
Native owner (ubuntu-24.04)	Test reusable native owner packages	2026-10-05T02:03:35.3252361Z test test_run_for_bounds ... ok
Native owner (ubuntu-24.04)	Test reusable native owner packages	2026-10-05T02:03:35.3252783Z test test_trace_recorder ... ok
Native owner (ubuntu-24.04)	Test reusable native owner packages	2026-10-05T02:03:35.3397978Z test test_large_event_count ... ok
Native owner (ubuntu-24.04)	Test reusable native owner packages	2026-10-05T02:03:35.3398227Z 
Native owner (ubuntu-24.04)	Test reusable native owner packages	2026-10-05T02:03:35.3398847Z test result: ok. 8 passed; 0 failed; 0 ignored; 0 measured; 0 filtered out; finished in 0.02s
Native owner (ubuntu-24.04)	Test reusable native owner packages	2026-10-05T02:03:35.3399275Z 
Native owner (ubuntu-24.04)	Test reusable native owner packages	2026-10-05T02:03:35.3399591Z      Running tests/scheduler_preview_v1.rs (target/debug/deps/scheduler_preview_v1-ee0a260622fe7b21)
Native owner (ubuntu-24.04)	Test reusable native owner packages	2026-10-05T02:03:35.3405992Z 
Native owner (ubuntu-24.04)	Test reusable native owner packages	2026-10-05T02:03:35.3406473Z running 7 tests
Native owner (ubuntu-24.04)	Test reusable native owner packages	2026-10-05T02:03:35.3408165Z test all_fields_and_copied_snapshot_match_exact_dispatch ... ok
Native owner (ubuntu-24.04)	Test reusable native owner packages	2026-10-05T02:03:35.3408819Z test cancelled_future_only_queue_is_empty_not_limit_reached ... ok
Native owner (ubuntu-24.04)	Test reusable native owner packages	2026-10-05T02:03:35.3409412Z test cancelled_heads_are_pruned_without_stats_or_time_changes ... ok
Native owner (ubuntu-24.04)	Test reusable native owner packages	2026-10-05T02:03:35.3409898Z test empty_preview_preserves_all_stats ... ok
Native owner (ubuntu-24.04)	Test reusable native owner packages	2026-10-05T02:03:35.3410300Z test ordering_is_time_then_priority_then_insertion_sequence ... ok
Native owner (ubuntu-24.04)	Test reusable native owner packages	2026-10-05T02:03:35.3410716Z test preview_then_cancel_exposes_next_live_identity ... ok
Native owner (ubuntu-24.04)	Test reusable native owner packages	2026-10-05T02:03:35.3411057Z test scheduling_can_change_preview_without_consuming_old_head ... ok
Native owner (ubuntu-24.04)	Test reusable native owner packages	2026-10-05T02:03:35.3411350Z 
Native owner (ubuntu-24.04)	Test reusable native owner packages	2026-10-05T02:03:35.3411577Z test result: ok. 7 passed; 0 failed; 0 ignored; 0 measured; 0 filtered out; finished in 0.00s
Native owner (ubuntu-24.04)	Test reusable native owner packages	2026-10-05T02:03:35.3411910Z 
Native owner (ubuntu-24.04)	Test reusable native owner packages	2026-10-05T02:03:35.3412221Z      Running tests/scheduler_properties.rs (target/debug/deps/scheduler_properties-22d04bbb31a22e9f)
Native owner (ubuntu-24.04)	Test reusable native owner packages	2026-10-05T02:03:35.3416703Z 
Native owner (ubuntu-24.04)	Test reusable native owner packages	2026-10-05T02:03:35.3416825Z running 3 tests
Native owner (ubuntu-24.04)	Test reusable native owner packages	2026-10-05T02:03:35.3419956Z test repeated_equal_priority_events_keep_their_insertion_sequence ... ok
Native owner (ubuntu-24.04)	Test reusable native owner packages	2026-10-05T02:03:35.3775705Z test generated_events_follow_time_priority_and_insertion_order ... ok
Native owner (ubuntu-24.04)	Test reusable native owner packages	2026-10-05T02:03:35.3796550Z test generated_cancellations_remove_only_selected_events ... ok
Native owner (ubuntu-24.04)	Test reusable native owner packages	2026-10-05T02:03:35.3796945Z 
Native owner (ubuntu-24.04)	Test reusable native owner packages	2026-10-05T02:03:35.3797193Z test result: ok. 3 passed; 0 failed; 0 ignored; 0 measured; 0 filtered out; finished in 0.04s
Native owner (ubuntu-24.04)	Test reusable native owner packages	2026-10-05T02:03:35.3797467Z 
Native owner (ubuntu-24.04)	Test reusable native owner packages	2026-10-05T02:03:35.3797876Z      Running unittests src/lib.rs (target/debug/deps/kairo_ecs_des-60026d72d43d5da2)
Native owner (ubuntu-24.04)	Test reusable native owner packages	2026-10-05T02:03:35.3805131Z 
Native owner (ubuntu-24.04)	Test reusable native owner packages	2026-10-05T02:03:35.3805420Z running 125 tests
Native owner (ubuntu-24.04)	Test reusable native owner packages	2026-10-05T02:03:35.3810762Z test flow::actor_domain_private_tests::carrier_batch_counter_overflow_reserves_nothing ... ok
Native owner (ubuntu-24.04)	Test reusable native owner packages	2026-10-05T02:03:35.3811502Z test flow::actor_domain_private_tests::carrier_aggregate_cleanup_overflow_retains_exact_head ... ok
Native owner (ubuntu-24.04)	Test reusable native owner packages	2026-10-05T02:03:35.3812290Z test flow::actor_domain_private_tests::carrier_cleanup_corruption_retains_despawn_head_and_context ... ok
Native owner (ubuntu-24.04)	Test reusable native owner packages	2026-10-05T02:03:35.3813104Z test flow::actor_domain_private_tests::carrier_cleanup_counts_actor_and_each_owned_work_once ... ok
Native owner (ubuntu-24.04)	Test reusable native owner packages	2026-10-05T02:03:35.3814048Z test flow::actor_domain_private_tests::carrier_active_resource_cleanup_overflow_retains_allocation_queue_and_progress ... ok
Native owner (ubuntu-24.04)	Test reusable native owner packages	2026-10-05T02:03:35.3814969Z test flow::actor_domain_private_tests::carrier_missing_context_is_consumed_stale_not_structural_error ... ok
Native owner (ubuntu-24.04)	Test reusable native owner packages	2026-10-05T02:03:35.3815836Z test flow::actor_domain_private_tests::carrier_corrupt_role_index_and_metadata_retain_domain_head ... ok
Native owner (ubuntu-24.04)	Test reusable native owner packages	2026-10-05T02:03:35.3816727Z test flow::actor_domain_private_tests::carrier_creation_counter_overflow_has_no_partial_entity_or_index ... ok
Native owner (ubuntu-24.04)	Test reusable native owner packages	2026-10-05T02:03:35.3820107Z test flow::actor_domain_private_tests::carrier_creation_orphan_and_task_index_reject_atomically ... ok
Native owner (ubuntu-24.04)	Test reusable native owner packages	2026-10-05T02:03:35.3821234Z test flow::actor_domain_private_tests::carrier_missing_spec_with_either_ownership_witness_retains_exact_head ... ok
Native owner (ubuntu-24.04)	Test reusable native owner packages	2026-10-05T02:03:35.3823178Z test flow::actor_domain_private_tests::task_missing_spec_remains_consumed_stale ... ok
Native owner (ubuntu-24.04)	Test reusable native owner packages	2026-10-05T02:03:35.3824175Z test flow::buffered_despawn_private_tests::despawn_aggregate_cleanup_overflow_retains_pending_reservation_and_exact_head ... ok
Native owner (ubuntu-24.04)	Test reusable native owner packages	2026-10-05T02:03:35.3825089Z test flow::buffered_despawn_private_tests::despawn_batch_acquire_then_despawn_and_reverse_admit_atomically ... ok
Native owner (ubuntu-24.04)	Test reusable native owner packages	2026-10-05T02:03:35.3826023Z test flow::buffered_despawn_private_tests::despawn_batch_release_then_duplicate_rolls_back_all_reservations ... ok
Native owner (ubuntu-24.04)	Test reusable native owner packages	2026-10-05T02:03:35.3826923Z test flow::buffered_despawn_private_tests::despawn_batch_time_counter_and_cap_failures_roll_back ... ok
Native owner (ubuntu-24.04)	Test reusable native owner packages	2026-10-05T02:03:35.3827683Z test flow::buffered_despawn_private_tests::despawn_budget_fail_stop_retains_pending_head ... ok
Native owner (ubuntu-24.04)	Test reusable native owner packages	2026-10-05T02:03:35.3828565Z test flow::buffered_despawn_private_tests::despawn_direct_duplicate_reservation_preserves_first_event_and_actor ... ok
Native owner (ubuntu-24.04)	Test reusable native owner packages	2026-10-05T02:03:35.3838405Z test flow::buffered_despawn_private_tests::despawn_cleanup_invalidates_old_domain_completion_and_notification_without_callbacks ... ok
Native owner (ubuntu-24.04)	Test reusable native owner packages	2026-10-05T02:03:35.3839386Z test flow::continuation_private::batch_identity_overflow_retains_head_context_and_budget ... ok
Native owner (ubuntu-24.04)	Test reusable native owner packages	2026-10-05T02:03:35.3840001Z test flow::continuation_private::batch_time_and_foreign_forward_non_acquire_ticket_rejection_is_atomic ... ok
Native owner (ubuntu-24.04)	Test reusable native owner packages	2026-10-05T02:03:35.3840590Z test flow::buffered_despawn_private_tests::despawn_metadata_and_notification_token_overflow_retains_pending_head ... ok
Native owner (ubuntu-24.04)	Test reusable native owner packages	2026-10-05T02:03:35.3841172Z test flow::continuation_private::cap_poison_overrides_later_validation_and_never_grows_vector ... ok
Native owner (ubuntu-24.04)	Test reusable native owner packages	2026-10-05T02:03:35.3841678Z test flow::continuation_private::committed_batch_receipt_actual_event_and_deadline_order ... ok
Native owner (ubuntu-24.04)	Test reusable native owner packages	2026-10-05T02:03:35.3842187Z test flow::continuation_private::second_acquire_entity_counter_overflow_rolls_back_every_reservation ... ok
Native owner (ubuntu-24.04)	Test reusable native owner packages	2026-10-05T02:03:35.3842759Z test flow::continuation_private::second_command_scheduler_and_deadline_counter_overflow_has_no_partial_ids ... ok
Native owner (ubuntu-24.04)	Test reusable native owner packages	2026-10-05T02:03:35.3843363Z test flow::continuation_private::legacy_and_continuation_tokens_aggregate_overflow_before_factory_or_cleanup ... ok
Native owner (ubuntu-24.04)	Test reusable native owner packages	2026-10-05T02:03:35.3843923Z test flow::continuation_private::second_release_duplicate_reservation_rejection_restores_pending_set ... ok
Native owner (ubuntu-24.04)	Test reusable native owner packages	2026-10-05T02:03:35.3844453Z test flow::domain_view_private_tests::view_batch_identity_overflow_retains_exact_head_and_live_context ... ok
Native owner (ubuntu-24.04)	Test reusable native owner packages	2026-10-05T02:03:35.3845030Z test flow::domain_view_private_tests::view_budget_arithmetic_overflow_retains_exact_head_and_live_context ... ok
Native owner (ubuntu-24.04)	Test reusable native owner packages	2026-10-05T02:03:35.3845587Z test flow::continuation_private::completed_context_snapshot_and_restart_factory_nonrollback_delivery ... ok
Native owner (ubuntu-24.04)	Test reusable native owner packages	2026-10-05T02:03:35.3846146Z test flow::domain_view_private_tests::view_missing_context_inspection_is_nonmutating_then_consumed_stale ... ok
Native owner (ubuntu-24.04)	Test reusable native owner packages	2026-10-05T02:03:35.3846709Z test flow::domain_view_private_tests::view_missing_descriptor_preserves_consumed_semantic_error ... ok
Native owner (ubuntu-24.04)	Test reusable native owner packages	2026-10-05T02:03:35.3854016Z test flow::domain_view_private_tests::view_wrong_context_inspection_is_nonmutating_then_consumed_stale ... ok
Native owner (ubuntu-24.04)	Test reusable native owner packages	2026-10-05T02:03:35.3856733Z test flow::q52_bench::benchmark_q52_measurements ... ignored, explicit Q5.2 release measurement; emits supplementary raw rows
Native owner (ubuntu-24.04)	Test reusable native owner packages	2026-10-05T02:03:35.3857932Z test flow::continuation_private::stale_context_or_work_delivery_zero_cost_and_unregistered_domain_defensive_error ... ok
Native owner (ubuntu-24.04)	Test reusable native owner packages	2026-10-05T02:03:35.3859011Z test flow::q52_bench::q52_kernel_correctness_small ... ok
Native owner (ubuntu-24.04)	Test reusable native owner packages	2026-10-05T02:03:35.3859792Z test flow::q52_deadline_index_tests::deadline_command_checks_future_tuple_and_component_witness ... ok
Native owner (ubuntu-24.04)	Test reusable native owner packages	2026-10-05T02:03:35.3862359Z test flow::q52_deadline_index_tests::multi_resource_due_failure_keeps_authoritative_indexes_unchanged ... ok
Native owner (ubuntu-24.04)	Test reusable native owner packages	2026-10-05T02:03:35.3863131Z test flow::q52_deadline_index_tests::due_prefix_restores_resource_then_priority_order_across_deadlines ... ok
Native owner (ubuntu-24.04)	Test reusable native owner packages	2026-10-05T02:03:35.3863904Z test flow::q52_deadline_index_tests::pending_and_terminal_deadlines_are_not_indexed_or_rejected ... ok
Native owner (ubuntu-24.04)	Test reusable native owner packages	2026-10-05T02:03:35.3864563Z test flow::q52_deadline_index_tests::queued_deadline_tracks_rekey_cancel_and_inclusive_expiration ... ok
Native owner (ubuntu-24.04)	Test reusable native owner packages	2026-10-05T02:03:35.3865282Z test flow::q52_deadline_index_tests::resource_removal_checks_deadline_index_and_cleans_component ... ok
Native owner (ubuntu-24.04)	Test reusable native owner packages	2026-10-05T02:03:35.3865849Z test flow::q52_deadline_index_tests::grant_and_preemption_do_not_restore_a_cleared_deadline ... ok
Native owner (ubuntu-24.04)	Test reusable native owner packages	2026-10-05T02:03:35.3866506Z test flow::q52_deadline_index_tests::touched_active_deadline_is_invalid_and_removal_requires_empty_indexes ... ok
Native owner (ubuntu-24.04)	Test reusable native owner packages	2026-10-05T02:03:35.3867074Z test flow::q52_key_removal_tests::active_reprioritize_updates_lease_without_queue_membership ... ok
Native owner (ubuntu-24.04)	Test reusable native owner packages	2026-10-05T02:03:35.3869474Z test flow::q52_key_removal_tests::despawn_directly_removes_all_owned_waiters_across_resources ... ok
Native owner (ubuntu-24.04)	Test reusable native owner packages	2026-10-05T02:03:35.3870359Z test flow::q52_key_removal_tests::despawn_rolls_back_earlier_resource_when_later_waiting_key_is_corrupt ... ok
Native owner (ubuntu-24.04)	Test reusable native owner packages	2026-10-05T02:03:35.3871017Z test flow::q52_key_removal_tests::pending_cancel_does_not_require_waiting_key ... ok
Native owner (ubuntu-24.04)	Test reusable native owner packages	2026-10-05T02:03:35.3871599Z test flow::q52_key_removal_tests::queued_cancel_removes_exact_key_and_preserves_tied_peer_order ... ok
Native owner (ubuntu-24.04)	Test reusable native owner packages	2026-10-05T02:03:35.3872329Z test flow::q52_key_removal_tests::missing_or_wrong_waiting_keys_fail_cancel_reprioritize_and_despawn_atomically ... ok
Native owner (ubuntu-24.04)	Test reusable native owner packages	2026-10-05T02:03:35.3873070Z test flow::q52_key_removal_tests::queued_reprioritize_preserves_admission_sequence_and_tie_order ... ok
Native owner (ubuntu-24.04)	Test reusable native owner packages	2026-10-05T02:03:35.3873965Z test flow::q52_key_removal_tests::suspended_cancel_removes_its_key_and_preserves_urgent_lease ... ok
Native owner (ubuntu-24.04)	Test reusable native owner packages	2026-10-05T02:03:35.3874802Z test flow::q52_key_removal_tests::suspended_reprioritize_uses_original_admission_sequence_for_ties ... ok
Native owner (ubuntu-24.04)	Test reusable native owner packages	2026-10-05T02:03:35.3875631Z test flow::q52_preempting_index_tests::active_reprioritization_keeps_the_request_out_of_the_waiter_index ... ok
Native owner (ubuntu-24.04)	Test reusable native owner packages	2026-10-05T02:03:35.3876503Z test flow::q52_preempting_index_tests::component_count_and_deadline_pair_corruption_fail_before_head_mutation ... ok
Native owner (ubuntu-24.04)	Test reusable native owner packages	2026-10-05T02:03:35.3877347Z test flow::q52_key_removal_tests::wrong_waiting_key_fails_replacement_atomically ... ok
Native owner (ubuntu-24.04)	Test reusable native owner packages	2026-10-05T02:03:35.3878193Z test flow::q52_preempting_index_tests::empty_cache_returns_before_poisoned_holder_projection_on_ordinary_submit ... ok
Native owner (ubuntu-24.04)	Test reusable native owner packages	2026-10-05T02:03:35.3879462Z test flow::q52_preempting_index_tests::first_cached_key_is_validated_against_request_and_primary_queue ... ok
Native owner (ubuntu-24.04)	Test reusable native owner packages	2026-10-05T02:03:35.3880257Z test flow::q52_preempting_index_tests::first_cached_key_rejects_request_and_queue_corruption_matrix ... ok
Native owner (ubuntu-24.04)	Test reusable native owner packages	2026-10-05T02:03:35.3883651Z test flow::q52_preempting_index_tests::multi_resource_failure_rolls_back_earlier_preempting_index_changes ... ok
Native owner (ubuntu-24.04)	Test reusable native owner packages	2026-10-05T02:03:35.3884514Z test flow::q52_preempting_index_tests::timeout_despawn_and_grant_remove_waiting_preemptors ... ok
Native owner (ubuntu-24.04)	Test reusable native owner packages	2026-10-05T02:03:35.3885652Z test flow::q52_preempting_index_tests::resource_creation_removal_and_pending_admission_track_exact_cache_membership ... ok
Native owner (ubuntu-24.04)	Test reusable native owner packages	2026-10-05T02:03:35.3886835Z test flow::q52_queue_staging_tests::absent_remove_target_keeps_explicit_invalid_resource_error_order ... ok
Native owner (ubuntu-24.04)	Test reusable native owner packages	2026-10-05T02:03:35.3887931Z test flow::q52_preempting_index_tests::runtime_cache_tracks_waiting_preemptors_and_excludes_active_requests ... ok
Native owner (ubuntu-24.04)	Test reusable native owner packages	2026-10-05T02:03:35.3900253Z test flow::q52_queue_staging_tests::missing_component_on_registered_target_is_structural_before_planning ... ok
Native owner (ubuntu-24.04)	Test reusable native owner packages	2026-10-05T02:03:35.3900975Z test flow::q52_queue_staging_tests::despawn_corrupt_second_queue_rejects_without_mutating_first_or_runtime ... ok
Native owner (ubuntu-24.04)	Test reusable native owner packages	2026-10-05T02:03:35.3901714Z test flow::q52_preempting_index_tests::victim_strategy_requeues_only_suspend_and_restart_preemptors ... ok
Native owner (ubuntu-24.04)	Test reusable native owner packages	2026-10-05T02:03:35.3902331Z test flow::queue_delta::tests::export_preflight_and_apply_match_independent_baseline ... ok
Native owner (ubuntu-24.04)	Test reusable native owner packages	2026-10-05T02:03:35.3902938Z test flow::queue_delta::tests::failed_apply_is_atomic_for_missing_remove_and_present_addition ... ok
Native owner (ubuntu-24.04)	Test reusable native owner packages	2026-10-05T02:03:35.3903619Z test flow::queue_delta::tests::mixed_operations_match_independent_btree_baseline_and_keep_base_unchanged ... ok
Native owner (ubuntu-24.04)	Test reusable native owner packages	2026-10-05T02:03:35.3919429Z test flow::queue_delta::tests::ordered_iterator_and_cloned_snapshot_are_independent ... ok
Native owner (ubuntu-24.04)	Test reusable native owner packages	2026-10-05T02:03:35.3930388Z test flow::queue_delta::tests::equal_key_insert_remove_and_reinsert_cancel_the_delta ... ok
Native owner (ubuntu-24.04)	Test reusable native owner packages	2026-10-05T02:03:35.3932400Z test flow::queue_delta::tests::tuple_key_rekey_preserves_tie_order_and_applies_export ... ok
Native owner (ubuntu-24.04)	Test reusable native owner packages	2026-10-05T02:03:35.3944867Z test flow::queue_delta::tests::snapshot_clone_cost_scales_with_delta_not_large_base ... ok
Native owner (ubuntu-24.04)	Test reusable native owner packages	2026-10-05T02:03:35.3946219Z test flow::record_delta::tests::insert_replaces_an_existing_base_key_without_mutating_the_base ... ok
Native owner (ubuntu-24.04)	Test reusable native owner packages	2026-10-05T02:03:35.3947139Z test flow::record_delta::tests::mutable_lookup_clones_only_once_and_reads_clone_nothing ... ok
Native owner (ubuntu-24.04)	Test reusable native owner packages	2026-10-05T02:03:35.3959764Z test flow::record_delta::tests::clone_is_an_independent_snapshot_and_export_owns_exact_writes ... ok
Native owner (ubuntu-24.04)	Test reusable native owner packages	2026-10-05T02:03:35.3961732Z test flow::record_delta::tests::reads_through_and_writes_are_boundary_local ... ok
Native owner (ubuntu-24.04)	Test reusable native owner packages	2026-10-05T02:03:35.3965538Z test flow::same_tick_budget_private::arithmetic_injections_preserve_real_head_and_all_admission_state ... ok
Native owner (ubuntu-24.04)	Test reusable native owner packages	2026-10-05T02:03:35.3966388Z test flow::record_delta::tests::readonly_registry_snapshots_clone_no_records ... ok
Native owner (ubuntu-24.04)	Test reusable native owner packages	2026-10-05T02:03:35.3972251Z test flow::same_tick_budget_private::cleanup_and_budget_add_overflow_preserve_head ... ok
Native owner (ubuntu-24.04)	Test reusable native owner packages	2026-10-05T02:03:35.3973736Z test flow::same_tick_budget_private::cleanup_missing_typed_context_or_dead_work_is_rejected_before_consume ... ok
Native owner (ubuntu-24.04)	Test reusable native owner packages	2026-10-05T02:03:35.4019547Z test flow::same_tick_budget_private::missing_owner_context_or_handler_notification_is_zero_cost_at_limit ... ok
Native owner (ubuntu-24.04)	Test reusable native owner packages	2026-10-05T02:03:35.4020288Z test flow::same_tick_budget_private::private_release_due_boundary_budget_is_atomic_in_both_dispositions ... ok
Native owner (ubuntu-24.04)	Test reusable native owner packages	2026-10-05T02:03:35.4021123Z test flow::same_tick_budget_private::restart_factory_is_not_called_for_budget_rejected_resume ... ok
Native owner (ubuntu-24.04)	Test reusable native owner packages	2026-10-05T02:03:35.4021720Z test flow::tests::admission_counter_overflow_preserves_pending_request ... ok
Native owner (ubuntu-24.04)	Test reusable native owner packages	2026-10-05T02:03:35.4022270Z test flow::same_tick_budget_private::zero_duration_admission_is_one_three_row_plan_or_retains_pending_command ... ok
Native owner (ubuntu-24.04)	Test reusable native owner packages	2026-10-05T02:03:35.4031410Z test flow::tests::capacity_growth_cannot_grant_at_deadline_in_either_token_order ... ok
Native owner (ubuntu-24.04)	Test reusable native owner packages	2026-10-05T02:03:35.4032575Z test flow::tests::cleanup_preflights_all_owned_work_before_mutation ... ok
Native owner (ubuntu-24.04)	Test reusable native owner packages	2026-10-05T02:03:35.4050115Z test flow::tests::counter_admission_rejection_has_no_partial_spawn ... ok
Native owner (ubuntu-24.04)	Test reusable native owner packages	2026-10-05T02:03:35.4060760Z test flow::tests::deadline_admission_reserves_both_tokens_before_work_association ... ok
Native owner (ubuntu-24.04)	Test reusable native owner packages	2026-10-05T02:03:35.4062956Z test flow::q52_record_staging_tests::despawn_plan_stages_only_affected_records_with_many_unrelated_rows ... ok
Native owner (ubuntu-24.04)	Test reusable native owner packages	2026-10-05T02:03:35.4064391Z test flow::tests::grant_overflow_rejects_the_entire_capacity_command ... ok
Native owner (ubuntu-24.04)	Test reusable native owner packages	2026-10-05T02:03:35.4069975Z test flow::tests::failed_release_preflight_preserves_lease_head_and_reservation ... ok
Native owner (ubuntu-24.04)	Test reusable native owner packages	2026-10-05T02:03:35.4070961Z test flow::tests::invalid_timed_capabilities_reject_before_any_request_or_work_association ... ok
Native owner (ubuntu-24.04)	Test reusable native owner packages	2026-10-05T02:03:35.4074678Z test flow::tests::notification_budget_is_atomic_and_consumption_and_removed_context_are_once_only ... ok
Native owner (ubuntu-24.04)	Test reusable native owner packages	2026-10-05T02:03:35.4075563Z test flow::tests::overflow_rejects_even_due_completion_boundary ... ok
Native owner (ubuntu-24.04)	Test reusable native owner packages	2026-10-05T02:03:35.4089527Z test flow::tests::rejected_release_preserves_due_completion_and_replacement_boundary ... ok
Native owner (ubuntu-24.04)	Test reusable native owner packages	2026-10-05T02:03:35.4092605Z test flow::tests::restart_factory_waits_for_aggregate_preflight_and_attempt_overflow_is_atomic ... ok
Native owner (ubuntu-24.04)	Test reusable native owner packages	2026-10-05T02:03:35.4102218Z test flow::tests::second_replacement_overflow_rolls_back_first_eviction ... ok
Native owner (ubuntu-24.04)	Test reusable native owner packages	2026-10-05T02:03:35.4106567Z test flow::tests::stale_completion_cannot_process_same_tick_neighbor_or_mismatched_future_boundary ... ok
Native owner (ubuntu-24.04)	Test reusable native owner packages	2026-10-05T02:03:35.4108211Z test flow::tests::timed_owner_cleanup_overflow_preserves_all_live_context_and_progress ... ok
Native owner (ubuntu-24.04)	Test reusable native owner packages	2026-10-05T02:03:35.4135752Z test flow::tests::timed_preflight_failures_leave_holder_request_progress_and_queue_unchanged ... ok
Native owner (ubuntu-24.04)	Test reusable native owner packages	2026-10-05T02:03:35.4136749Z test flow::tests::transition_ordinal_is_checked_uint32 ... ok
Native owner (ubuntu-24.04)	Test reusable native owner packages	2026-10-05T02:03:35.4142912Z test flow::tests::work_admission_counter_failure_preserves_both_associations ... ok
Native owner (ubuntu-24.04)	Test reusable native owner packages	2026-10-05T02:03:35.4145704Z test preemption::tests::chooses_worst_priority_then_latest_original_admission_then_largest_id ... ok
Native owner (ubuntu-24.04)	Test reusable native owner packages	2026-10-05T02:03:35.4146660Z test preemption::tests::each_replacement_reselects_from_the_remaining_holder_projection ... ok
Native owner (ubuntu-24.04)	Test reusable native owner packages	2026-10-05T02:03:35.4147707Z test preemption::tests::excludes_untimed_nonpreemptible_zero_due_and_missing_completion_holders ... ok
Native owner (ubuntu-24.04)	Test reusable native owner packages	2026-10-05T02:03:35.4148489Z test preemption::tests::holder_iteration_permutations_select_the_same_victim ... ok
Native owner (ubuntu-24.04)	Test reusable native owner packages	2026-10-05T02:03:35.4149651Z test preemption::tests::ordered_selector_does_not_consume_waiters_without_eligible_holders ... ok
Native owner (ubuntu-24.04)	Test reusable native owner packages	2026-10-05T02:03:35.4150478Z test preemption::tests::ordered_selector_keeps_first_eligible_waiter_tie_and_worst_holder_tie ... ok
Native owner (ubuntu-24.04)	Test reusable native owner packages	2026-10-05T02:03:35.4151359Z test preemption::tests::ordered_selector_matches_sorting_reference_over_deterministic_grid ... ok
Native owner (ubuntu-24.04)	Test reusable native owner packages	2026-10-05T02:03:35.4152189Z test preemption::tests::ordered_selector_stops_at_equal_or_worse_priority_cutoff ... ok
Native owner (ubuntu-24.04)	Test reusable native owner packages	2026-10-05T02:03:35.4152952Z test preemption::tests::priority_extremes_do_not_require_negation_or_overflow ... ok
Native owner (ubuntu-24.04)	Test reusable native owner packages	2026-10-05T02:03:35.4153812Z test preemption::tests::replacement_search_returns_none_when_no_waiter_has_a_victim ... ok
Native owner (ubuntu-24.04)	Test reusable native owner packages	2026-10-05T02:03:35.4154581Z test preemption::tests::requires_preempting_incoming_claim_and_strictly_worse_holder ... ok
Native owner (ubuntu-24.04)	Test reusable native owner packages	2026-10-05T02:03:35.4155507Z test preemption::tests::scans_past_earlier_nonpreempting_waiter_and_sorts_waiter_order ... ok
Native owner (ubuntu-24.04)	Test reusable native owner packages	2026-10-05T02:03:35.4156187Z test tests::des_context_creates ... ok
Native owner (ubuntu-24.04)	Test reusable native owner packages	2026-10-05T02:03:35.4156671Z test tests::resource_request_blocks ... ok
Native owner (ubuntu-24.04)	Test reusable native owner packages	2026-10-05T02:03:35.4157227Z test tests::schedule_and_step ... ok
Native owner (ubuntu-24.04)	Test reusable native owner packages	2026-10-05T02:03:35.4157719Z test tests::trajectory_records_scheduler_order ... ok
Native owner (ubuntu-24.04)	Test reusable native owner packages	2026-10-05T02:03:35.4158304Z test tests::trajectory_reports_event_budget_limit ... ok
Native owner (ubuntu-24.04)	Test reusable native owner packages	2026-10-05T02:03:35.4177889Z test flow::tests::repeated_interruption_grid_preserves_effort_and_terminal_uniqueness ... ok
Native owner (ubuntu-24.04)	Test reusable native owner packages	2026-10-05T02:03:35.4341618Z test flow::q52_queue_staging_tests::reprioritize_stages_one_large_target_queue_and_keeps_priority_order ... ok
Native owner (ubuntu-24.04)	Test reusable native owner packages	2026-10-05T02:03:35.5161104Z test flow::tests::bounded_generated_operations_preserve_capacity_and_membership ... ok
Native owner (ubuntu-24.04)	Test reusable native owner packages	2026-10-05T02:03:35.5161421Z 
Native owner (ubuntu-24.04)	Test reusable native owner packages	2026-10-05T02:03:35.5161746Z test result: ok. 124 passed; 0 failed; 1 ignored; 0 measured; 0 filtered out; finished in 0.14s
Native owner (ubuntu-24.04)	Test reusable native owner packages	2026-10-05T02:03:35.5162080Z 
Native owner (ubuntu-24.04)	Test reusable native owner packages	2026-10-05T02:03:35.5163505Z      Running tests/des_integration.rs (target/debug/deps/des_integration-f7e4a5d543f01e2a)
Native owner (ubuntu-24.04)	Test reusable native owner packages	2026-10-05T02:03:35.5173268Z 
Native owner (ubuntu-24.04)	Test reusable native owner packages	2026-10-05T02:03:35.5173696Z running 4 tests
Native owner (ubuntu-24.04)	Test reusable native owner packages	2026-10-05T02:03:35.5174156Z test factory_bottleneck_smoke ... ok
Native owner (ubuntu-24.04)	Test reusable native owner packages	2026-10-05T02:03:35.5176532Z test resource_not_found ... ok
Native owner (ubuntu-24.04)	Test reusable native owner packages	2026-10-05T02:03:35.5176866Z test resource_queue_fifo ... ok
Native owner (ubuntu-24.04)	Test reusable native owner packages	2026-10-05T02:03:35.5177184Z test parallel_resources ... ok
Native owner (ubuntu-24.04)	Test reusable native owner packages	2026-10-05T02:03:35.5177367Z 
Native owner (ubuntu-24.04)	Test reusable native owner packages	2026-10-05T02:03:35.5177559Z test result: ok. 4 passed; 0 failed; 0 ignored; 0 measured; 0 filtered out; finished in 0.00s
Native owner (ubuntu-24.04)	Test reusable native owner packages	2026-10-05T02:03:35.5177837Z 
Native owner (ubuntu-24.04)	Test reusable native owner packages	2026-10-05T02:03:35.5178061Z      Running tests/des_resource_queue_v1.rs (target/debug/deps/des_resource_queue_v1-25a7140a6d300077)
Native owner (ubuntu-24.04)	Test reusable native owner packages	2026-10-05T02:03:35.5184583Z 
Native owner (ubuntu-24.04)	Test reusable native owner packages	2026-10-05T02:03:35.5184753Z running 2 tests
Native owner (ubuntu-24.04)	Test reusable native owner packages	2026-10-05T02:03:35.5186429Z test des_resource_queue_v1_preserves_fifo_admission ... ok
Native owner (ubuntu-24.04)	Test reusable native owner packages	2026-10-05T02:03:35.5187088Z test des_resource_queue_v1_replays_fixed_tick_trajectory_order ... ok
Native owner (ubuntu-24.04)	Test reusable native owner packages	2026-10-05T02:03:35.5187374Z 
Native owner (ubuntu-24.04)	Test reusable native owner packages	2026-10-05T02:03:35.5187739Z test result: ok. 2 passed; 0 failed; 0 ignored; 0 measured; 0 filtered out; finished in 0.00s
Native owner (ubuntu-24.04)	Test reusable native owner packages	2026-10-05T02:03:35.5188047Z 
Native owner (ubuntu-24.04)	Test reusable native owner packages	2026-10-05T02:03:35.5188355Z      Running tests/fidelity_lineage_v1.rs (target/debug/deps/fidelity_lineage_v1-24620ebd6203734e)
Native owner (ubuntu-24.04)	Test reusable native owner packages	2026-10-05T02:03:35.5194968Z 
Native owner (ubuntu-24.04)	Test reusable native owner packages	2026-10-05T02:03:35.5195086Z running 3 tests
Native owner (ubuntu-24.04)	Test reusable native owner packages	2026-10-05T02:03:35.5198777Z test failed_initial_admission_does_not_bind_a_runtime ... ok
Native owner (ubuntu-24.04)	Test reusable native owner packages	2026-10-05T02:03:35.5199347Z test opaque_identity_survives_moves_and_clone_but_distinguishes_instances ... ok
Native owner (ubuntu-24.04)	Test reusable native owner packages	2026-10-05T02:03:35.5204287Z test foreign_terminal_work_never_bypasses_bound_live_work ... ok
Native owner (ubuntu-24.04)	Test reusable native owner packages	2026-10-05T02:03:35.5204730Z 
Native owner (ubuntu-24.04)	Test reusable native owner packages	2026-10-05T02:03:35.5205020Z test result: ok. 3 passed; 0 failed; 0 ignored; 0 measured; 0 filtered out; finished in 0.00s
Native owner (ubuntu-24.04)	Test reusable native owner packages	2026-10-05T02:03:35.5205369Z 
Native owner (ubuntu-24.04)	Test reusable native owner packages	2026-10-05T02:03:35.5207229Z      Running tests/fidelity_mode_c21.rs (target/debug/deps/fidelity_mode_c21-69411e559a890cc4)
Native owner (ubuntu-24.04)	Test reusable native owner packages	2026-10-05T02:03:35.5213501Z 
Native owner (ubuntu-24.04)	Test reusable native owner packages	2026-10-05T02:03:35.5213670Z running 10 tests
Native owner (ubuntu-24.04)	Test reusable native owner packages	2026-10-05T02:03:35.5221350Z test colliding_work_ids_cannot_cross_flow_runtime_instances ... ok
Native owner (ubuntu-24.04)	Test reusable native owner packages	2026-10-05T02:03:35.5222045Z test boundary_checks_every_admitted_work_even_when_the_first_is_terminal ... ok
Native owner (ubuntu-24.04)	Test reusable native owner packages	2026-10-05T02:03:35.5222559Z test actual_pending_active_and_suspended_work_block_policy_application ... ok
Native owner (ubuntu-24.04)	Test reusable native owner packages	2026-10-05T02:03:35.5222984Z test active_and_suspended_work_cannot_be_admitted_and_failed_admission_does_not_bind ... ok
Native owner (ubuntu-24.04)	Test reusable native owner packages	2026-10-05T02:03:35.5226172Z test entity_overrides_use_live_generational_flow_identities ... ok
Native owner (ubuntu-24.04)	Test reusable native owner packages	2026-10-05T02:03:35.5226817Z test despawned_bound_work_fails_closed_without_consuming_pending_policy ... ok
Native owner (ubuntu-24.04)	Test reusable native owner packages	2026-10-05T02:03:35.5227566Z test failed_missing_or_duplicate_admission_preserves_the_first_decision ... ok
Native owner (ubuntu-24.04)	Test reusable native owner packages	2026-10-05T02:03:35.5228405Z test every_terminal_state_preserves_old_work_and_uses_replaced_policy_for_future_work ... ok
Native owner (ubuntu-24.04)	Test reusable native owner packages	2026-10-05T02:03:35.5229377Z test policy_resolves_all_sixteen_scope_presence_masks ... ok
Native owner (ubuntu-24.04)	Test reusable native owner packages	2026-10-05T02:03:35.5230253Z test version_missing_policy_and_subsystem_identity_are_checked ... ok
Native owner (ubuntu-24.04)	Test reusable native owner packages	2026-10-05T02:03:35.5230510Z 
Native owner (ubuntu-24.04)	Test reusable native owner packages	2026-10-05T02:03:35.5230721Z test result: ok. 10 passed; 0 failed; 0 ignored; 0 measured; 0 filtered out; finished in 0.00s
Native owner (ubuntu-24.04)	Test reusable native owner packages	2026-10-05T02:03:35.5231009Z 
Native owner (ubuntu-24.04)	Test reusable native owner packages	2026-10-05T02:03:35.5231372Z      Running tests/flow_actor_domain_context_v1.rs (target/debug/deps/flow_actor_domain_context_v1-a0f40dae10201d52)
Native owner (ubuntu-24.04)	Test reusable native owner packages	2026-10-05T02:03:35.5236939Z 
Native owner (ubuntu-24.04)	Test reusable native owner packages	2026-10-05T02:03:35.5237373Z running 6 tests
Native owner (ubuntu-24.04)	Test reusable native owner packages	2026-10-05T02:03:35.5242815Z test carrier_is_pending_zero_duration_and_unique_across_registered_keys_and_kinds ... ok
Native owner (ubuntu-24.04)	Test reusable native owner packages	2026-10-05T02:03:35.5243491Z test carrier_requires_exact_view_registration_and_type_without_partial_association ... ok
Native owner (ubuntu-24.04)	Test reusable native owner packages	2026-10-05T02:03:35.5244130Z test batch_manual_and_timed_carrier_acquire_reject_whole_batch_at_issued_ticket ... ok
Native owner (ubuntu-24.04)	Test reusable native owner packages	2026-10-05T02:03:35.5244714Z test carrier_manual_and_timed_acquire_reject_but_normal_zero_duration_task_completes ... ok
Native owner (ubuntu-24.04)	Test reusable native owner packages	2026-10-05T02:03:35.5245307Z test ordinary_actor_cleanup_removes_carrier_index_and_old_update_is_stale ... ok
Native owner (ubuntu-24.04)	Test reusable native owner packages	2026-10-05T02:03:35.5245787Z test direct_and_batch_carrier_domain_kind_is_bound_and_atomic ... ok
Native owner (ubuntu-24.04)	Test reusable native owner packages	2026-10-05T02:03:35.5246099Z 
Native owner (ubuntu-24.04)	Test reusable native owner packages	2026-10-05T02:03:35.5246335Z test result: ok. 6 passed; 0 failed; 0 ignored; 0 measured; 0 filtered out; finished in 0.00s
Native owner (ubuntu-24.04)	Test reusable native owner packages	2026-10-05T02:03:35.5246606Z 
Native owner (ubuntu-24.04)	Test reusable native owner packages	2026-10-05T02:03:35.5246834Z      Running tests/flow_builder_migration_v1.rs (target/debug/deps/flow_builder_migration_v1-02525eb5cad941f8)
Native owner (ubuntu-24.04)	Test reusable native owner packages	2026-10-05T02:03:35.5251808Z 
Native owner (ubuntu-24.04)	Test reusable native owner packages	2026-10-05T02:03:35.5252055Z running 6 tests
Native owner (ubuntu-24.04)	Test reusable native owner packages	2026-10-05T02:03:35.5260114Z test failed_admission_preserves_association_and_full_public_scheduler_stats ... ok
Native owner (ubuntu-24.04)	Test reusable native owner packages	2026-10-05T02:03:35.5260575Z test defaults_and_explicit_policy_translate_to_request ... ok
Native owner (ubuntu-24.04)	Test reusable native owner packages	2026-10-05T02:03:35.5261070Z test deadline_at_completion_expires_without_replacement_grant_in_both_insertions ... ok
Native owner (ubuntu-24.04)	Test reusable native owner packages	2026-10-05T02:03:35.5261505Z test boundary_pause_retains_context_and_matches_uninterrupted_causal_records ... ok
Native owner (ubuntu-24.04)	Test reusable native owner packages	2026-10-05T02:03:35.5261966Z test fifo_migration_keeps_label_order_and_teaches_buffered_lease_release ... ok
Native owner (ubuntu-24.04)	Test reusable native owner packages	2026-10-05T02:03:35.5262665Z test scheduler_admission_priority_is_distinct_from_resource_queue_priority ... ok
Native owner (ubuntu-24.04)	Test reusable native owner packages	2026-10-05T02:03:35.5262967Z 
Native owner (ubuntu-24.04)	Test reusable native owner packages	2026-10-05T02:03:35.5263280Z test result: ok. 6 passed; 0 failed; 0 ignored; 0 measured; 0 filtered out; finished in 0.00s
Native owner (ubuntu-24.04)	Test reusable native owner packages	2026-10-05T02:03:35.5263587Z 
Native owner (ubuntu-24.04)	Test reusable native owner packages	2026-10-05T02:03:35.5264219Z      Running tests/flow_capacity_v1.rs (target/debug/deps/flow_capacity_v1-d5d4777766b8e66e)
Native owner (ubuntu-24.04)	Test reusable native owner packages	2026-10-05T02:03:35.5270726Z 
Native owner (ubuntu-24.04)	Test reusable native owner packages	2026-10-05T02:03:35.5270863Z running 5 tests
Native owner (ubuntu-24.04)	Test reusable native owner packages	2026-10-05T02:03:35.5275543Z test partial_builder_rejects_before_allocating_request_or_event ... ok
Native owner (ubuntu-24.04)	Test reusable native owner packages	2026-10-05T02:03:35.5277592Z test past_submission_has_no_partial_state_and_run_budget_preserves_work ... ok
Native owner (ubuntu-24.04)	Test reusable native owner packages	2026-10-05T02:03:35.5278064Z test dispatch_revalidates_capacity_change_without_partial_mutation ... ok
Native owner (ubuntu-24.04)	Test reusable native owner packages	2026-10-05T02:03:35.5278524Z test closed_resource_waits_then_capacity_growth_grants ... ok
Native owner (ubuntu-24.04)	Test reusable native owner packages	2026-10-05T02:03:35.5279266Z test shrink_and_busy_removal_are_transactional ... ok
Native owner (ubuntu-24.04)	Test reusable native owner packages	2026-10-05T02:03:35.5279524Z 
Native owner (ubuntu-24.04)	Test reusable native owner packages	2026-10-05T02:03:35.5279742Z test result: ok. 5 passed; 0 failed; 0 ignored; 0 measured; 0 filtered out; finished in 0.00s
Native owner (ubuntu-24.04)	Test reusable native owner packages	2026-10-05T02:03:35.5280249Z 
Native owner (ubuntu-24.04)	Test reusable native owner packages	2026-10-05T02:03:35.5280566Z      Running tests/flow_continuations_v1.rs (target/debug/deps/flow_continuations_v1-1a2110d99682a0df)
Native owner (ubuntu-24.04)	Test reusable native owner packages	2026-10-05T02:03:35.5285590Z 
Native owner (ubuntu-24.04)	Test reusable native owner packages	2026-10-05T02:03:35.5285893Z running 8 tests
Native owner (ubuntu-24.04)	Test reusable native owner packages	2026-10-05T02:03:35.5292694Z test defaults_preserve_flow_config_shape_and_require_no_context_default ... ok
Native owner (ubuntu-24.04)	Test reusable native owner packages	2026-10-05T02:03:35.5293438Z test callback_emitted_zero_duration_is_charged_on_its_later_dispatch ... ok
Native owner (ubuntu-24.04)	Test reusable native owner packages	2026-10-05T02:03:35.5296461Z test domain_context_and_reserved_ingress_are_explicit ... ok
Native owner (ubuntu-24.04)	Test reusable native owner packages	2026-10-05T02:03:35.5297174Z test completion_stages_existing_b_work_with_real_receipts_and_causal_snapshot ... ok
Native owner (ubuntu-24.04)	Test reusable native owner packages	2026-10-05T02:03:35.5297962Z test legacy_first_coexistence_type_checks_and_exact_delivery_budget ... ok
Native owner (ubuntu-24.04)	Test reusable native owner packages	2026-10-05T02:03:35.5300086Z test local_ticket_resolves_pending_cancel_and_foreign_or_non_acquire_reject ... ok
Native owner (ubuntu-24.04)	Test reusable native owner packages	2026-10-05T02:03:35.5300518Z test rejected_batch_has_no_partial_association_but_keeps_context_effect ... ok
Native owner (ubuntu-24.04)	Test reusable native owner packages	2026-10-05T02:03:35.5326561Z test ignored_poison_is_atomic_for_every_kind_and_default_cap_is_1024 ... ok
Native owner (ubuntu-24.04)	Test reusable native owner packages	2026-10-05T02:03:35.5326979Z 
Native owner (ubuntu-24.04)	Test reusable native owner packages	2026-10-05T02:03:35.5327248Z test result: ok. 8 passed; 0 failed; 0 ignored; 0 measured; 0 filtered out; finished in 0.00s
Native owner (ubuntu-24.04)	Test reusable native owner packages	2026-10-05T02:03:35.5327563Z 
Native owner (ubuntu-24.04)	Test reusable native owner packages	2026-10-05T02:03:35.5327850Z      Running tests/flow_determinism_conformance_v1.rs (target/debug/deps/flow_determinism_conformance_v1-be6f5c0e3e970476)
Native owner (ubuntu-24.04)	Test reusable native owner packages	2026-10-05T02:03:35.5334556Z 
Native owner (ubuntu-24.04)	Test reusable native owner packages	2026-10-05T02:03:35.5334847Z running 1 test
Native owner (ubuntu-24.04)	Test reusable native owner packages	2026-10-05T02:03:35.5718840Z test independent_replications_match_across_repeat_and_worker_schedules ... ok
Native owner (ubuntu-24.04)	Test reusable native owner packages	2026-10-05T02:03:35.5719167Z 
Native owner (ubuntu-24.04)	Test reusable native owner packages	2026-10-05T02:03:35.5719886Z test result: ok. 1 passed; 0 failed; 0 ignored; 0 measured; 0 filtered out; finished in 0.04s
Native owner (ubuntu-24.04)	Test reusable native owner packages	2026-10-05T02:03:35.5720304Z 
Native owner (ubuntu-24.04)	Test reusable native owner packages	2026-10-05T02:03:35.5720591Z      Running tests/flow_errors_v1.rs (target/debug/deps/flow_errors_v1-9639b4f498d19add)
Native owner (ubuntu-24.04)	Test reusable native owner packages	2026-10-05T02:03:35.5727000Z 
Native owner (ubuntu-24.04)	Test reusable native owner packages	2026-10-05T02:03:35.5727335Z running 1 test
Native owner (ubuntu-24.04)	Test reusable native owner packages	2026-10-05T02:03:35.5728280Z test flow_errors_implement_standard_error_without_hidden_sources ... ok
Native owner (ubuntu-24.04)	Test reusable native owner packages	2026-10-05T02:03:35.5728629Z 
Native owner (ubuntu-24.04)	Test reusable native owner packages	2026-10-05T02:03:35.5729072Z test result: ok. 1 passed; 0 failed; 0 ignored; 0 measured; 0 filtered out; finished in 0.00s
Native owner (ubuntu-24.04)	Test reusable native owner packages	2026-10-05T02:03:35.5729401Z 
Native owner (ubuntu-24.04)	Test reusable native owner packages	2026-10-05T02:03:35.5730232Z      Running tests/flow_lifecycle_snapshot_v1.rs (target/debug/deps/flow_lifecycle_snapshot_v1-ee133e83dc79b652)
Native owner (ubuntu-24.04)	Test reusable native owner packages	2026-10-05T02:03:35.5737036Z 
Native owner (ubuntu-24.04)	Test reusable native owner packages	2026-10-05T02:03:35.5737168Z running 8 tests
Native owner (ubuntu-24.04)	Test reusable native owner packages	2026-10-05T02:03:35.5743264Z test public_handle_getters_and_zero_duration_rows_capture_each_mutation ... ok
Native owner (ubuntu-24.04)	Test reusable native owner packages	2026-10-05T02:03:35.5744060Z test abort_emits_preempted_removal_then_aborted_state_with_same_causal_lease ... ok
Native owner (ubuntu-24.04)	Test reusable native owner packages	2026-10-05T02:03:35.5746227Z test manual_and_actor_cleanup_rows_keep_null_work_or_pre_despawn_work_identity ... ok
Native owner (ubuntu-24.04)	Test reusable native owner packages	2026-10-05T02:03:35.5746879Z test rejected_same_tick_plan_emits_no_partial_rows_or_state_changes ... ok
Native owner (ubuntu-24.04)	Test reusable native owner packages	2026-10-05T02:03:35.5747460Z test release_and_cancel_snapshot_checkpointed_progress_and_removed_lease ... ok
Native owner (ubuntu-24.04)	Test reusable native owner packages	2026-10-05T02:03:35.5747990Z test restart_snapshot_preserves_pre_reset_progress_and_records_new_attempt ... ok
Native owner (ubuntu-24.04)	Test reusable native owner packages	2026-10-05T02:03:35.5749248Z test same_runtime_pause_preserves_canonical_lifecycle_snapshots ... ok
Native owner (ubuntu-24.04)	Test reusable native owner packages	2026-10-05T02:03:35.5749849Z test suspend_snapshot_keeps_victim_lease_progress_and_preemptor_before_requeue ... ok
Native owner (ubuntu-24.04)	Test reusable native owner packages	2026-10-05T02:03:35.5750203Z 
Native owner (ubuntu-24.04)	Test reusable native owner packages	2026-10-05T02:03:35.5750554Z test result: ok. 8 passed; 0 failed; 0 ignored; 0 measured; 0 filtered out; finished in 0.00s
Native owner (ubuntu-24.04)	Test reusable native owner packages	2026-10-05T02:03:35.5750914Z 
Native owner (ubuntu-24.04)	Test reusable native owner packages	2026-10-05T02:03:35.5751256Z      Running tests/flow_lifecycle_v1.rs (target/debug/deps/flow_lifecycle_v1-855e3458033a21f5)
Native owner (ubuntu-24.04)	Test reusable native owner packages	2026-10-05T02:03:35.5757697Z 
Native owner (ubuntu-24.04)	Test reusable native owner packages	2026-10-05T02:03:35.5757797Z running 4 tests
Native owner (ubuntu-24.04)	Test reusable native owner packages	2026-10-05T02:03:35.5762747Z test admission_is_buffered_and_duplicate_release_cannot_free_twice ... ok
Native owner (ubuntu-24.04)	Test reusable native owner packages	2026-10-05T02:03:35.5763528Z test despawn_cancels_all_owned_work_before_granting_other_actors ... ok
Native owner (ubuntu-24.04)	Test reusable native owner packages	2026-10-05T02:03:35.5764632Z test recycled_owner_never_releases_a_new_lease ... ok
Native owner (ubuntu-24.04)	Test reusable native owner packages	2026-10-05T02:03:35.5765259Z test stale_pending_admission_is_not_mistaken_for_idle ... ok
Native owner (ubuntu-24.04)	Test reusable native owner packages	2026-10-05T02:03:35.5765610Z 
Native owner (ubuntu-24.04)	Test reusable native owner packages	2026-10-05T02:03:35.5765977Z test result: ok. 4 passed; 0 failed; 0 ignored; 0 measured; 0 filtered out; finished in 0.00s
Native owner (ubuntu-24.04)	Test reusable native owner packages	2026-10-05T02:03:35.5766325Z 
Native owner (ubuntu-24.04)	Test reusable native owner packages	2026-10-05T02:03:35.5767788Z      Running tests/flow_preemption_eligibility_v1.rs (target/debug/deps/flow_preemption_eligibility_v1-8f10cce2738cb17d)
Native owner (ubuntu-24.04)	Test reusable native owner packages	2026-10-05T02:03:35.5773406Z 
Native owner (ubuntu-24.04)	Test reusable native owner packages	2026-10-05T02:03:35.5773504Z running 8 tests
Native owner (ubuntu-24.04)	Test reusable native owner packages	2026-10-05T02:03:35.5780186Z test active_inspection_at_due_tick_caps_effort_without_committing_completion ... ok
Native owner (ubuntu-24.04)	Test reusable native owner packages	2026-10-05T02:03:35.5780748Z test eligible_waiter_scan_skips_a_then_b_preempts_and_a_gets_next_unit ... ok
Native owner (ubuntu-24.04)	Test reusable native owner packages	2026-10-05T02:03:35.5784884Z test completion_at_interruption_tick_wins_both_token_insertion_orders ... ok
Native owner (ubuntu-24.04)	Test reusable native owner packages	2026-10-05T02:03:35.5789552Z test equal_priority_missing_capability_and_nonpreemptible_holder_are_ineligible ... ok
Native owner (ubuntu-24.04)	Test reusable native owner packages	2026-10-05T02:03:35.5790064Z test capacity_two_selects_latest_equal_priority_victim_then_next ... ok
Native owner (ubuntu-24.04)	Test reusable native owner packages	2026-10-05T02:03:35.5790529Z test nested_suspend_cycles_and_live_progress_inspection ... ok
Native owner (ubuntu-24.04)	Test reusable native owner packages	2026-10-05T02:03:35.5790981Z test suspended_work_can_be_cancelled_without_later_resume ... ok
Native owner (ubuntu-24.04)	Test reusable native owner packages	2026-10-05T02:03:35.5791500Z test zero_duration_work_completes_at_grant_without_duplicate_terminal ... ok
Native owner (ubuntu-24.04)	Test reusable native owner packages	2026-10-05T02:03:35.5791859Z 
Native owner (ubuntu-24.04)	Test reusable native owner packages	2026-10-05T02:03:35.5792115Z test result: ok. 8 passed; 0 failed; 0 ignored; 0 measured; 0 filtered out; finished in 0.00s
Native owner (ubuntu-24.04)	Test reusable native owner packages	2026-10-05T02:03:35.5792453Z 
Native owner (ubuntu-24.04)	Test reusable native owner packages	2026-10-05T02:03:35.5792704Z      Running tests/flow_preemption_primary_v1.rs (target/debug/deps/flow_preemption_primary_v1-e8340ddec04bec4f)
Native owner (ubuntu-24.04)	Test reusable native owner packages	2026-10-05T02:03:35.5799076Z 
Native owner (ubuntu-24.04)	Test reusable native owner packages	2026-10-05T02:03:35.5799361Z running 1 test
Native owner (ubuntu-24.04)	Test reusable native owner packages	2026-10-05T02:03:35.5806903Z test timed_work_preemption_primary_oracle_for_all_strategies ... ok
Native owner (ubuntu-24.04)	Test reusable native owner packages	2026-10-05T02:03:35.5807167Z 
Native owner (ubuntu-24.04)	Test reusable native owner packages	2026-10-05T02:03:35.5807456Z test result: ok. 1 passed; 0 failed; 0 ignored; 0 measured; 0 filtered out; finished in 0.00s
Native owner (ubuntu-24.04)	Test reusable native owner packages	2026-10-05T02:03:35.5807798Z 
Native owner (ubuntu-24.04)	Test reusable native owner packages	2026-10-05T02:03:35.5808297Z      Running tests/flow_preemption_property_v1.rs (target/debug/deps/flow_preemption_property_v1-adafdd5cc8b47b2b)
Native owner (ubuntu-24.04)	Test reusable native owner packages	2026-10-05T02:03:35.5814980Z 
Native owner (ubuntu-24.04)	Test reusable native owner packages	2026-10-05T02:03:35.5815261Z running 1 test
Native owner (ubuntu-24.04)	Test reusable native owner packages	2026-10-05T02:03:35.8132049Z test seeded_timed_cycles_match_independent_interval_model_v1 ... ok
Native owner (ubuntu-24.04)	Test reusable native owner packages	2026-10-05T02:03:35.8132506Z 
Native owner (ubuntu-24.04)	Test reusable native owner packages	2026-10-05T02:03:35.8132814Z test result: ok. 1 passed; 0 failed; 0 ignored; 0 measured; 0 filtered out; finished in 0.23s
Native owner (ubuntu-24.04)	Test reusable native owner packages	2026-10-05T02:03:35.8133271Z 
Native owner (ubuntu-24.04)	Test reusable native owner packages	2026-10-05T02:03:35.8134290Z      Running tests/flow_preemption_secondary_v1.rs (target/debug/deps/flow_preemption_secondary_v1-0c2e2c70b412882e)
Native owner (ubuntu-24.04)	Test reusable native owner packages	2026-10-05T02:03:35.8144652Z 
Native owner (ubuntu-24.04)	Test reusable native owner packages	2026-10-05T02:03:35.8144871Z running 1 test
Native owner (ubuntu-24.04)	Test reusable native owner packages	2026-10-05T02:03:35.8154216Z test independent_timed_preemption_timeline_0_4_7 ... ok
Native owner (ubuntu-24.04)	Test reusable native owner packages	2026-10-05T02:03:35.8154579Z 
Native owner (ubuntu-24.04)	Test reusable native owner packages	2026-10-05T02:03:35.8154913Z test result: ok. 1 passed; 0 failed; 0 ignored; 0 measured; 0 filtered out; finished in 0.00s
Native owner (ubuntu-24.04)	Test reusable native owner packages	2026-10-05T02:03:35.8155479Z 
Native owner (ubuntu-24.04)	Test reusable native owner packages	2026-10-05T02:03:35.8156167Z      Running tests/flow_queue_v1.rs (target/debug/deps/flow_queue_v1-23e44a40c2b90d2f)
Native owner (ubuntu-24.04)	Test reusable native owner packages	2026-10-05T02:03:35.8164278Z 
Native owner (ubuntu-24.04)	Test reusable native owner packages	2026-10-05T02:03:35.8164420Z running 8 tests
Native owner (ubuntu-24.04)	Test reusable native owner packages	2026-10-05T02:03:35.8170426Z test grant_clears_deadline_and_immediate_expiry_never_grants ... ok
Native owner (ubuntu-24.04)	Test reusable native owner packages	2026-10-05T02:03:35.8171897Z test cancellation_and_rekey_follow_scheduler_order_and_resubmission_is_new ... ok
Native owner (ubuntu-24.04)	Test reusable native owner packages	2026-10-05T02:03:35.8172726Z test equal_priority_reverse_command_insertion_and_active_rekey ... ok
Native owner (ubuntu-24.04)	Test reusable native owner packages	2026-10-05T02:03:35.8174959Z test deadline_expires_before_release_in_both_insertion_orders ... ok
Native owner (ubuntu-24.04)	Test reusable native owner packages	2026-10-05T02:03:35.8175726Z test timeout_evidence_survives_rejected_rekey_at_boundary ... ok
Native owner (ubuntu-24.04)	Test reusable native owner packages	2026-10-05T02:03:35.8176535Z test pending_cancel_has_one_terminal_transition_and_stale_tokens ... ok
Native owner (ubuntu-24.04)	Test reusable native owner packages	2026-10-05T02:03:35.8177377Z test unrelated_resource_command_cannot_steal_timeout_causality ... ok
Native owner (ubuntu-24.04)	Test reusable native owner packages	2026-10-05T02:03:35.8179035Z test priority_fifo_and_rekey_preserve_admission_sequence ... ok
Native owner (ubuntu-24.04)	Test reusable native owner packages	2026-10-05T02:03:35.8179571Z 
Native owner (ubuntu-24.04)	Test reusable native owner packages	2026-10-05T02:03:35.8179852Z test result: ok. 8 passed; 0 failed; 0 ignored; 0 measured; 0 filtered out; finished in 0.00s
Native owner (ubuntu-24.04)	Test reusable native owner packages	2026-10-05T02:03:35.8180146Z 
Native owner (ubuntu-24.04)	Test reusable native owner packages	2026-10-05T02:03:35.8180973Z      Running tests/flow_registration_phase_v1.rs (target/debug/deps/flow_registration_phase_v1-28ae5936f61a896a)
Native owner (ubuntu-24.04)	Test reusable native owner packages	2026-10-05T02:03:35.8189138Z 
Native owner (ubuntu-24.04)	Test reusable native owner packages	2026-10-05T02:03:35.8189356Z running 5 tests
Native owner (ubuntu-24.04)	Test reusable native owner packages	2026-10-05T02:03:35.8193397Z test failed_creation_does_not_close_registration_phase ... ok
Native owner (ubuntu-24.04)	Test reusable native owner packages	2026-10-05T02:03:35.8194473Z test existing_domain_registration_semantics_remain_available ... ok
Native owner (ubuntu-24.04)	Test reusable native owner packages	2026-10-05T02:03:35.8195209Z test actors_and_resources_do_not_close_registration_phase ... ok
Native owner (ubuntu-24.04)	Test reusable native owner packages	2026-10-05T02:03:35.8195806Z test successful_task_closes_global_registration_phase ... ok
Native owner (ubuntu-24.04)	Test reusable native owner packages	2026-10-05T02:03:35.8196233Z test cleanup_does_not_reopen_registration_phase ... ok
Native owner (ubuntu-24.04)	Test reusable native owner packages	2026-10-05T02:03:35.8196523Z 
Native owner (ubuntu-24.04)	Test reusable native owner packages	2026-10-05T02:03:35.8196812Z test result: ok. 5 passed; 0 failed; 0 ignored; 0 measured; 0 filtered out; finished in 0.00s
Native owner (ubuntu-24.04)	Test reusable native owner packages	2026-10-05T02:03:35.8197166Z 
Native owner (ubuntu-24.04)	Test reusable native owner packages	2026-10-05T02:03:35.8197436Z      Running tests/flow_same_tick_budget_v1.rs (target/debug/deps/flow_same_tick_budget_v1-c7999e52c9cabdb4)
Native owner (ubuntu-24.04)	Test reusable native owner packages	2026-10-05T02:03:35.8205735Z 
Native owner (ubuntu-24.04)	Test reusable native owner packages	2026-10-05T02:03:35.8206309Z running 9 tests
Native owner (ubuntu-24.04)	Test reusable native owner packages	2026-10-05T02:03:35.8211931Z test defaults_and_constructor_only_override ... ok
Native owner (ubuntu-24.04)	Test reusable native owner packages	2026-10-05T02:03:35.8212685Z test delivered_cancel_notification_counts_once_after_terminal_commit ... ok
Native owner (ubuntu-24.04)	Test reusable native owner packages	2026-10-05T02:03:35.8216435Z test exact_limit_and_normal_later_tick_reset_respect_max_events ... ok
Native owner (ubuntu-24.04)	Test reusable native owner packages	2026-10-05T02:03:35.8217061Z test blocked_notification_preserves_context_and_pending_token ... ok
Native owner (ubuntu-24.04)	Test reusable native owner packages	2026-10-05T02:03:35.8217650Z test first_admission_overflow_retains_head_and_permanently_halts ... ok
Native owner (ubuntu-24.04)	Test reusable native owner packages	2026-10-05T02:03:35.8221724Z test predicted_obsolete_completion_has_zero_cost_and_natural_tick_reset ... ok
Native owner (ubuntu-24.04)	Test reusable native owner packages	2026-10-05T02:03:35.8222606Z test release_and_replacement_are_one_atomic_budget_plan ... ok
Native owner (ubuntu-24.04)	Test reusable native owner packages	2026-10-05T02:03:35.8223544Z test timed_admission_uses_effective_dispatch_timestamp ... ok
Native owner (ubuntu-24.04)	Test reusable native owner packages	2026-10-05T02:03:35.8229039Z test due_boundary_and_rejected_cancel_eight_independent_ordering_cases ... ok
Native owner (ubuntu-24.04)	Test reusable native owner packages	2026-10-05T02:03:35.8229482Z 
Native owner (ubuntu-24.04)	Test reusable native owner packages	2026-10-05T02:03:35.8229741Z test result: ok. 9 passed; 0 failed; 0 ignored; 0 measured; 0 filtered out; finished in 0.00s
Native owner (ubuntu-24.04)	Test reusable native owner packages	2026-10-05T02:03:35.8230223Z 
Native owner (ubuntu-24.04)	Test reusable native owner packages	2026-10-05T02:03:35.8230667Z      Running tests/flow_shared_domain_v1.rs (target/debug/deps/flow_shared_domain_v1-9c1b4bdc04c57096)
Native owner (ubuntu-24.04)	Test reusable native owner packages	2026-10-05T02:03:35.8238099Z 
Native owner (ubuntu-24.04)	Test reusable native owner packages	2026-10-05T02:03:35.8238256Z running 7 tests
Native owner (ubuntu-24.04)	Test reusable native owner packages	2026-10-05T02:03:35.8242401Z test carrier_creation_registration_type_and_actor_failures_leave_no_association ... ok
Native owner (ubuntu-24.04)	Test reusable native owner packages	2026-10-05T02:03:35.8243343Z test duplicate_pending_despawn_is_explicit_while_actor_still_live ... ok
Native owner (ubuntu-24.04)	Test reusable native owner packages	2026-10-05T02:03:35.8245244Z test carrier_role_rejects_manual_and_timed_acquire_without_association ... ok
Native owner (ubuntu-24.04)	Test reusable native owner packages	2026-10-05T02:03:35.8245935Z test callback_actor_despawn_is_buffered_and_cleans_task_carrier_and_stale_update ... ok
Native owner (ubuntu-24.04)	Test reusable native owner packages	2026-10-05T02:03:35.8246604Z test explicitly_registered_carrier_is_unique_per_actor_and_kind_bound ... ok
Native owner (ubuntu-24.04)	Test reusable native owner packages	2026-10-05T02:03:35.8248569Z test same_batch_duplicate_despawn_rejects_atomically_at_second_ticket_but_context_changes_once ... ok
Native owner (ubuntu-24.04)	Test reusable native owner packages	2026-10-05T02:03:35.8249496Z test same_tick_update_and_despawn_priority_controls_live_delivery_without_competing_time ... ok
Native owner (ubuntu-24.04)	Test reusable native owner packages	2026-10-05T02:03:35.8249904Z 
Native owner (ubuntu-24.04)	Test reusable native owner packages	2026-10-05T02:03:35.8250264Z test result: ok. 7 passed; 0 failed; 0 ignored; 0 measured; 0 filtered out; finished in 0.00s
Native owner (ubuntu-24.04)	Test reusable native owner packages	2026-10-05T02:03:35.8250590Z 
Native owner (ubuntu-24.04)	Test reusable native owner packages	2026-10-05T02:03:35.8250902Z      Running tests/flow_staff_bed_cleaning_v1.rs (target/debug/deps/flow_staff_bed_cleaning_v1-199011c01b75701d)
Native owner (ubuntu-24.04)	Test reusable native owner packages	2026-10-05T02:03:35.8258413Z 
Native owner (ubuntu-24.04)	Test reusable native owner packages	2026-10-05T02:03:35.8258590Z running 6 tests
Native owner (ubuntu-24.04)	Test reusable native owner packages	2026-10-05T02:03:35.8274966Z test bed_capacity_context_terminal_state_and_paused_raw_parity_are_preserved ... ok
Native owner (ubuntu-24.04)	Test reusable native owner packages	2026-10-05T02:03:35.8278884Z test named_staff_context_and_terminal_values_remain_typed ... ok
Native owner (ubuntu-24.04)	Test reusable native owner packages	2026-10-05T02:03:35.8279906Z test named_staff_lifecycle_keeps_exact_urgent_suspend_timeline ... ok
Native owner (ubuntu-24.04)	Test reusable native owner packages	2026-10-05T02:03:35.8283286Z test staff_boundaries_preserve_capacity_and_finish_drained ... ok
Native owner (ubuntu-24.04)	Test reusable native owner packages	2026-10-05T02:03:35.8286566Z test continuous_and_paused_modes_match_raw_lifecycle_records ... ok
Native owner (ubuntu-24.04)	Test reusable native owner packages	2026-10-05T02:03:35.8288430Z test staged_bed_cleaning_keeps_patient_a_lease_until_ordered_release ... ok
Native owner (ubuntu-24.04)	Test reusable native owner packages	2026-10-05T02:03:35.8289172Z 
Native owner (ubuntu-24.04)	Test reusable native owner packages	2026-10-05T02:03:35.8289507Z test result: ok. 6 passed; 0 failed; 0 ignored; 0 measured; 0 filtered out; finished in 0.00s
Native owner (ubuntu-24.04)	Test reusable native owner packages	2026-10-05T02:03:35.8289881Z 
Native owner (ubuntu-24.04)	Test reusable native owner packages	2026-10-05T02:03:35.8290696Z      Running tests/flow_work_v1.rs (target/debug/deps/flow_work_v1-8134fea989941108)
Native owner (ubuntu-24.04)	Test reusable native owner packages	2026-10-05T02:03:35.8299135Z 
Native owner (ubuntu-24.04)	Test reusable native owner packages	2026-10-05T02:03:35.8299577Z running 4 tests
Native owner (ubuntu-24.04)	Test reusable native owner packages	2026-10-05T02:03:35.8304394Z test actor_cleanup_drops_context_and_recycled_work_id_is_stale ... ok
Native owner (ubuntu-24.04)	Test reusable native owner packages	2026-10-05T02:03:35.8305100Z test manual_allocation_inspection_preserves_owner_work_and_grant_time ... ok
Native owner (ubuntu-24.04)	Test reusable native owner packages	2026-10-05T02:03:35.8305590Z test work_owns_typed_context_and_rejects_wrong_types ... ok
Native owner (ubuntu-24.04)	Test reusable native owner packages	2026-10-05T02:03:35.8306041Z test work_association_is_checked_and_not_implicitly_reused ... ok
Native owner (ubuntu-24.04)	Test reusable native owner packages	2026-10-05T02:03:35.8306344Z 
Native owner (ubuntu-24.04)	Test reusable native owner packages	2026-10-05T02:03:35.8306607Z test result: ok. 4 passed; 0 failed; 0 ignored; 0 measured; 0 filtered out; finished in 0.00s
Native owner (ubuntu-24.04)	Test reusable native owner packages	2026-10-05T02:03:35.8306948Z 
Native owner (ubuntu-24.04)	Test reusable native owner packages	2026-10-05T02:03:35.8309390Z      Running tests/flow_world_view_v1.rs (target/debug/deps/flow_world_view_v1-d915ce5e42b3e142)
Native owner (ubuntu-24.04)	Test reusable native owner packages	2026-10-05T02:03:35.8316155Z 
Native owner (ubuntu-24.04)	Test reusable native owner packages	2026-10-05T02:03:35.8316437Z running 6 tests
Native owner (ubuntu-24.04)	Test reusable native owner packages	2026-10-05T02:03:35.8320948Z test real_view_callback_preserves_atomic_batch_rejection_and_nonrollback_context ... ok
Native owner (ubuntu-24.04)	Test reusable native owner packages	2026-10-05T02:03:35.8322185Z test legacy_view_descriptor_duplicates_both_orders_and_compatible_kind_coexistence ... ok
Native owner (ubuntu-24.04)	Test reusable native owner packages	2026-10-05T02:03:35.8323047Z test reserved_kinds_and_public_wrong_context_reject_without_scheduling ... ok
Native owner (ubuntu-24.04)	Test reusable native owner packages	2026-10-05T02:03:35.8323682Z test real_world_time_hrtb_and_deferred_command_delivery ... ok
Native owner (ubuntu-24.04)	Test reusable native owner packages	2026-10-05T02:03:35.8324263Z test removed_work_view_event_is_consumed_stale_without_callback ... ok
Native owner (ubuntu-24.04)	Test reusable native owner packages	2026-10-05T02:03:35.8324971Z test view_registration_after_same_key_work_preserves_existing_gate ... ok
Native owner (ubuntu-24.04)	Test reusable native owner packages	2026-10-05T02:03:35.8325300Z 
Native owner (ubuntu-24.04)	Test reusable native owner packages	2026-10-05T02:03:35.8325618Z test result: ok. 6 passed; 0 failed; 0 ignored; 0 measured; 0 filtered out; finished in 0.00s
Native owner (ubuntu-24.04)	Test reusable native owner packages	2026-10-05T02:03:35.8325921Z 
Native owner (ubuntu-24.04)	Test reusable native owner packages	2026-10-05T02:03:35.8326212Z      Running tests/q53_legacy_public_surface_v1.rs (target/debug/deps/q53_legacy_public_surface_v1-0e24e8b3b1a772b8)
Native owner (ubuntu-24.04)	Test reusable native owner packages	2026-10-05T02:03:35.8332505Z 
Native owner (ubuntu-24.04)	Test reusable native owner packages	2026-10-05T02:03:35.8332621Z running 3 tests
Native owner (ubuntu-24.04)	Test reusable native owner packages	2026-10-05T02:03:35.8334753Z test legacy_context_public_fields_and_methods_remain_usable ... ok
Native owner (ubuntu-24.04)	Test reusable native owner packages	2026-10-05T02:03:35.8335422Z test legacy_resource_capacity_two_fifo_release_conserves_capacity ... ok
Native owner (ubuntu-24.04)	Test reusable native owner packages	2026-10-05T02:03:35.8336224Z test legacy_trajectory_accessors_preserve_dispatch_order_and_event_limit ... ok
Native owner (ubuntu-24.04)	Test reusable native owner packages	2026-10-05T02:03:35.8336663Z 
Native owner (ubuntu-24.04)	Test reusable native owner packages	2026-10-05T02:03:35.8336968Z test result: ok. 3 passed; 0 failed; 0 ignored; 0 measured; 0 filtered out; finished in 0.00s
Native owner (ubuntu-24.04)	Test reusable native owner packages	2026-10-05T02:03:35.8337258Z 
Native owner (ubuntu-24.04)	Test reusable native owner packages	2026-10-05T02:03:35.8337561Z      Running unittests src/lib.rs (target/debug/deps/kairo_ecs_rng-49568d60f0f44a2b)
Native owner (ubuntu-24.04)	Test reusable native owner packages	2026-10-05T02:03:35.8344809Z 
Native owner (ubuntu-24.04)	Test reusable native owner packages	2026-10-05T02:03:35.8344952Z running 5 tests
Native owner (ubuntu-24.04)	Test reusable native owner packages	2026-10-05T02:03:35.8347055Z test tests::different_run_seeds_diverge ... ok
Native owner (ubuntu-24.04)	Test reusable native owner packages	2026-10-05T02:03:35.8347710Z test tests::entity_stream_replays_exactly ... ok
Native owner (ubuntu-24.04)	Test reusable native owner packages	2026-10-05T02:03:35.8348432Z test tests::entity_seed_is_reproducible ... ok
Native owner (ubuntu-24.04)	Test reusable native owner packages	2026-10-05T02:03:35.8349528Z test tests::distinct_entity_inputs_diverge ... ok
Native owner (ubuntu-24.04)	Test reusable native owner packages	2026-10-05T02:03:35.8350169Z test tests::stream_replays_from_run_seed ... ok
Native owner (ubuntu-24.04)	Test reusable native owner packages	2026-10-05T02:03:35.8350544Z 
Native owner (ubuntu-24.04)	Test reusable native owner packages	2026-10-05T02:03:35.8350825Z test result: ok. 5 passed; 0 failed; 0 ignored; 0 measured; 0 filtered out; finished in 0.00s
Native owner (ubuntu-24.04)	Test reusable native owner packages	2026-10-05T02:03:35.8351116Z 
Native owner (ubuntu-24.04)	Test reusable native owner packages	2026-10-05T02:03:35.8351367Z      Running unittests src/lib.rs (target/debug/deps/kairo_ecs_state-1c1f2efdc0cf0aaa)
Native owner (ubuntu-24.04)	Test reusable native owner packages	2026-10-05T02:03:35.8357114Z 
Native owner (ubuntu-24.04)	Test reusable native owner packages	2026-10-05T02:03:35.8357375Z running 0 tests
Native owner (ubuntu-24.04)	Test reusable native owner packages	2026-10-05T02:03:35.8357612Z 
Native owner (ubuntu-24.04)	Test reusable native owner packages	2026-10-05T02:03:35.8357902Z test result: ok. 0 passed; 0 failed; 0 ignored; 0 measured; 0 filtered out; finished in 0.00s
Native owner (ubuntu-24.04)	Test reusable native owner packages	2026-10-05T02:03:35.8358577Z 
Native owner (ubuntu-24.04)	Test reusable native owner packages	2026-10-05T02:03:35.8359101Z      Running tests/component_storage.rs (target/debug/deps/component_storage-9a8758452572b748)
Native owner (ubuntu-24.04)	Test reusable native owner packages	2026-10-05T02:03:35.8365850Z 
Native owner (ubuntu-24.04)	Test reusable native owner packages	2026-10-05T02:03:35.8366454Z running 6 tests
Native owner (ubuntu-24.04)	Test reusable native owner packages	2026-10-05T02:03:35.8369055Z test component_registry_multi_type_and_remove ... ok
Native owner (ubuntu-24.04)	Test reusable native owner packages	2026-10-05T02:03:35.8371430Z test component_store_replaces_same_entity_without_duplicate_row ... ok
Native owner (ubuntu-24.04)	Test reusable native owner packages	2026-10-05T02:03:35.8371915Z test component_store_newer_generation_supersedes_stale_row ... ok
Native owner (ubuntu-24.04)	Test reusable native owner packages	2026-10-05T02:03:35.8372410Z test component_store_rejects_stale_generation_for_same_index ... ok
Native owner (ubuntu-24.04)	Test reusable native owner packages	2026-10-05T02:03:35.8372879Z test world_entity_lifecycle_recycles_indices_and_rejects_stale_handles ... ok
Native owner (ubuntu-24.04)	Test reusable native owner packages	2026-10-05T02:03:35.8373399Z test world_snapshot_is_deterministic_across_repeated_reads ... ok
Native owner (ubuntu-24.04)	Test reusable native owner packages	2026-10-05T02:03:35.8373662Z 
Native owner (ubuntu-24.04)	Test reusable native owner packages	2026-10-05T02:03:35.8373917Z test result: ok. 6 passed; 0 failed; 0 ignored; 0 measured; 0 filtered out; finished in 0.00s
Native owner (ubuntu-24.04)	Test reusable native owner packages	2026-10-05T02:03:35.8374204Z 
Native owner (ubuntu-24.04)	Test reusable native owner packages	2026-10-05T02:03:35.8374420Z      Running unittests src/lib.rs (target/debug/deps/kairo_ecs_types-e7892b4992b3f3cc)
Native owner (ubuntu-24.04)	Test reusable native owner packages	2026-10-05T02:03:35.8378864Z 
Native owner (ubuntu-24.04)	Test reusable native owner packages	2026-10-05T02:03:35.8379041Z running 8 tests
Native owner (ubuntu-24.04)	Test reusable native owner packages	2026-10-05T02:03:35.8381610Z test tests::handles_are_deterministically_ordered ... ok
Native owner (ubuntu-24.04)	Test reusable native owner packages	2026-10-05T02:03:35.8382209Z test tests::constructors_validate_wide_inputs ... ok
Native owner (ubuntu-24.04)	Test reusable native owner packages	2026-10-05T02:03:35.8382768Z test tests::request_construction_validates_priority_range ... ok
Native owner (ubuntu-24.04)	Test reusable native owner packages	2026-10-05T02:03:35.8383496Z test tests::schedule_request_and_dispatch_are_stable_and_ordered ... ok
Native owner (ubuntu-24.04)	Test reusable native owner packages	2026-10-05T02:03:35.8383972Z test tests::sim_time_checked_add_overflow_is_none ... ok
Native owner (ubuntu-24.04)	Test reusable native owner packages	2026-10-05T02:03:35.8384319Z test tests::step_outcome_accessors_work ... ok
Native owner (ubuntu-24.04)	Test reusable native owner packages	2026-10-05T02:03:35.8384639Z test tests::sim_time_uses_fixed_ticks ... ok
Native owner (ubuntu-24.04)	Test reusable native owner packages	2026-10-05T02:03:35.8384999Z test tests::versioned_wrapper_carries_version_and_value ... ok
Native owner (ubuntu-24.04)	Test reusable native owner packages	2026-10-05T02:03:35.8385292Z 
Native owner (ubuntu-24.04)	Test reusable native owner packages	2026-10-05T02:03:35.8385515Z test result: ok. 8 passed; 0 failed; 0 ignored; 0 measured; 0 filtered out; finished in 0.00s
Native owner (ubuntu-24.04)	Test reusable native owner packages	2026-10-05T02:03:35.8385850Z 
Native owner (ubuntu-24.04)	Test reusable native owner packages	2026-10-05T02:03:35.8386004Z    Doc-tests kairo_ecs_abm
Native owner (ubuntu-24.04)	Test reusable native owner packages	2026-10-05T02:03:35.8550380Z 
Native owner (ubuntu-24.04)	Test reusable native owner packages	2026-10-05T02:03:35.8550764Z running 0 tests
Native owner (ubuntu-24.04)	Test reusable native owner packages	2026-10-05T02:03:35.8550951Z 
Native owner (ubuntu-24.04)	Test reusable native owner packages	2026-10-05T02:03:35.8551321Z test result: ok. 0 passed; 0 failed; 0 ignored; 0 measured; 0 filtered out; finished in 0.00s
Native owner (ubuntu-24.04)	Test reusable native owner packages	2026-10-05T02:03:35.8551686Z 
Native owner (ubuntu-24.04)	Test reusable native owner packages	2026-10-05T02:03:35.8557872Z    Doc-tests kairo_ecs_arrow
Native owner (ubuntu-24.04)	Test reusable native owner packages	2026-10-05T02:03:35.8763945Z 
Native owner (ubuntu-24.04)	Test reusable native owner packages	2026-10-05T02:03:35.8764450Z running 0 tests
Native owner (ubuntu-24.04)	Test reusable native owner packages	2026-10-05T02:03:35.8764765Z 
Native owner (ubuntu-24.04)	Test reusable native owner packages	2026-10-05T02:03:35.8765105Z test result: ok. 0 passed; 0 failed; 0 ignored; 0 measured; 0 filtered out; finished in 0.00s
Native owner (ubuntu-24.04)	Test reusable native owner packages	2026-10-05T02:03:35.8765476Z 
Native owner (ubuntu-24.04)	Test reusable native owner packages	2026-10-05T02:03:35.8771911Z    Doc-tests kairo_ecs_calibration
Native owner (ubuntu-24.04)	Test reusable native owner packages	2026-10-05T02:03:35.9421609Z 
Native owner (ubuntu-24.04)	Test reusable native owner packages	2026-10-05T02:03:35.9422135Z running 0 tests
Native owner (ubuntu-24.04)	Test reusable native owner packages	2026-10-05T02:03:35.9422406Z 
Native owner (ubuntu-24.04)	Test reusable native owner packages	2026-10-05T02:03:35.9422718Z test result: ok. 0 passed; 0 failed; 0 ignored; 0 measured; 0 filtered out; finished in 0.00s
Native owner (ubuntu-24.04)	Test reusable native owner packages	2026-10-05T02:03:35.9423091Z 
Native owner (ubuntu-24.04)	Test reusable native owner packages	2026-10-05T02:03:35.9429935Z    Doc-tests kairo_ecs_core
Native owner (ubuntu-24.04)	Test reusable native owner packages	2026-10-05T02:03:35.9582037Z 
Native owner (ubuntu-24.04)	Test reusable native owner packages	2026-10-05T02:03:35.9582477Z running 0 tests
Native owner (ubuntu-24.04)	Test reusable native owner packages	2026-10-05T02:03:35.9582663Z 
Native owner (ubuntu-24.04)	Test reusable native owner packages	2026-10-05T02:03:35.9582917Z test result: ok. 0 passed; 0 failed; 0 ignored; 0 measured; 0 filtered out; finished in 0.00s
Native owner (ubuntu-24.04)	Test reusable native owner packages	2026-10-05T02:03:35.9583302Z 
Native owner (ubuntu-24.04)	Test reusable native owner packages	2026-10-05T02:03:35.9588568Z    Doc-tests kairo_ecs_des
Native owner (ubuntu-24.04)	Test reusable native owner packages	2026-10-05T02:03:36.0093932Z 
Native owner (ubuntu-24.04)	Test reusable native owner packages	2026-10-05T02:03:36.0094576Z running 0 tests
Native owner (ubuntu-24.04)	Test reusable native owner packages	2026-10-05T02:03:36.0094876Z 
Native owner (ubuntu-24.04)	Test reusable native owner packages	2026-10-05T02:03:36.0095198Z test result: ok. 0 passed; 0 failed; 0 ignored; 0 measured; 0 filtered out; finished in 0.00s
Native owner (ubuntu-24.04)	Test reusable native owner packages	2026-10-05T02:03:36.0095604Z 
Native owner (ubuntu-24.04)	Test reusable native owner packages	2026-10-05T02:03:36.0100962Z    Doc-tests kairo_ecs_rng
Native owner (ubuntu-24.04)	Test reusable native owner packages	2026-10-05T02:03:36.0208044Z 
Native owner (ubuntu-24.04)	Test reusable native owner packages	2026-10-05T02:03:36.0208514Z running 0 tests
Native owner (ubuntu-24.04)	Test reusable native owner packages	2026-10-05T02:03:36.0208978Z 
Native owner (ubuntu-24.04)	Test reusable native owner packages	2026-10-05T02:03:36.0209299Z test result: ok. 0 passed; 0 failed; 0 ignored; 0 measured; 0 filtered out; finished in 0.00s
Native owner (ubuntu-24.04)	Test reusable native owner packages	2026-10-05T02:03:36.0209591Z 
Native owner (ubuntu-24.04)	Test reusable native owner packages	2026-10-05T02:03:36.0214375Z    Doc-tests kairo_ecs_state
Native owner (ubuntu-24.04)	Test reusable native owner packages	2026-10-05T02:03:36.0350660Z 
Native owner (ubuntu-24.04)	Test reusable native owner packages	2026-10-05T02:03:36.0351239Z running 0 tests
Native owner (ubuntu-24.04)	Test reusable native owner packages	2026-10-05T02:03:36.0351547Z 
Native owner (ubuntu-24.04)	Test reusable native owner packages	2026-10-05T02:03:36.0352216Z test result: ok. 0 passed; 0 failed; 0 ignored; 0 measured; 0 filtered out; finished in 0.00s
Native owner (ubuntu-24.04)	Test reusable native owner packages	2026-10-05T02:03:36.0352612Z 
Native owner (ubuntu-24.04)	Test reusable native owner packages	2026-10-05T02:03:36.0356259Z    Doc-tests kairo_ecs_types
Native owner (ubuntu-24.04)	Test reusable native owner packages	2026-10-05T02:03:36.0503840Z 
Native owner (ubuntu-24.04)	Test reusable native owner packages	2026-10-05T02:03:36.0504472Z running 0 tests
Native owner (ubuntu-24.04)	Test reusable native owner packages	2026-10-05T02:03:36.0504692Z 
Native owner (ubuntu-24.04)	Test reusable native owner packages	2026-10-05T02:03:36.0504973Z test result: ok. 0 passed; 0 failed; 0 ignored; 0 measured; 0 filtered out; finished in 0.00s
Native owner (ubuntu-24.04)	Test reusable native owner packages	2026-10-05T02:03:36.0505243Z 
Native owner (ubuntu-24.04)	Test optional calibration package floor	﻿2026-10-05T02:03:36.0617481Z ##[group]Run set -o pipefail
Native owner (ubuntu-24.04)	Test optional calibration package floor	2026-10-05T02:03:36.0617849Z ^[[36;1mset -o pipefail^[[0m
Native owner (ubuntu-24.04)	Test optional calibration package floor	2026-10-05T02:03:36.0618306Z ^[[36;1mrustup toolchain install 1.88.0 --profile minimal 2>&1 | tee .artifacts/ci/native/calibration-install.log^[[0m
Native owner (ubuntu-24.04)	Test optional calibration package floor	2026-10-05T02:03:36.0619079Z ^[[36;1mtask_rustc="$(rustup which --toolchain 1.88.0 rustc)"^[[0m
Native owner (ubuntu-24.04)	Test optional calibration package floor	2026-10-05T02:03:36.0619454Z ^[[36;1mtask_bin="$(dirname "$task_rustc")"^[[0m
Native owner (ubuntu-24.04)	Test optional calibration package floor	2026-10-05T02:03:36.0619858Z ^[[36;1mexport RUSTC="$task_rustc" RUSTDOC="$task_bin/rustdoc" PATH="$task_bin:$PATH"^[[0m
Native owner (ubuntu-24.04)	Test optional calibration package floor	2026-10-05T02:03:36.0620329Z ^[[36;1mrustc -vV | tee .artifacts/ci/native/calibration-floor.log^[[0m
Native owner (ubuntu-24.04)	Test optional calibration package floor	2026-10-05T02:03:36.0620816Z ^[[36;1mgrep -Fx 'release: 1.88.0' .artifacts/ci/native/calibration-floor.log^[[0m
Native owner (ubuntu-24.04)	Test optional calibration package floor	2026-10-05T02:03:36.0621276Z ^[[36;1mif [ "$EXPECTED_OS" = macos-15 ]; then^[[0m
Native owner (ubuntu-24.04)	Test optional calibration package floor	2026-10-05T02:03:36.0621722Z ^[[36;1m  grep -Fx 'host: aarch64-apple-darwin' .artifacts/ci/native/calibration-floor.log^[[0m
Native owner (ubuntu-24.04)	Test optional calibration package floor	2026-10-05T02:03:36.0622131Z ^[[36;1melse^[[0m
Native owner (ubuntu-24.04)	Test optional calibration package floor	2026-10-05T02:03:36.0622480Z ^[[36;1m  grep -Fx 'host: x86_64-unknown-linux-gnu' .artifacts/ci/native/calibration-floor.log^[[0m
Native owner (ubuntu-24.04)	Test optional calibration package floor	2026-10-05T02:03:36.0622999Z ^[[36;1mfi^[[0m
Native owner (ubuntu-24.04)	Test optional calibration package floor	2026-10-05T02:03:36.0623423Z ^[[36;1mcargo test --locked -p kairo-ecs-calibration 2>&1 | tee -a .artifacts/ci/native/calibration-floor.log^[[0m
Native owner (ubuntu-24.04)	Test optional calibration package floor	2026-10-05T02:03:36.0623992Z ^[[36;1mrustc -vV | tee .artifacts/ci/native/resource-lifecycle-floor.log^[[0m
Native owner (ubuntu-24.04)	Test optional calibration package floor	2026-10-05T02:03:36.0624648Z ^[[36;1mcargo test --locked -p kairo-ecs-arrow --features resource-lifecycle-io 2>&1 | tee -a .artifacts/ci/native/resource-lifecycle-floor.log^[[0m
Native owner (ubuntu-24.04)	Test optional calibration package floor	2026-10-05T02:03:36.0660089Z shell: /usr/bin/bash -e {0}
Native owner (ubuntu-24.04)	Test optional calibration package floor	2026-10-05T02:03:36.0660426Z env:
Native owner (ubuntu-24.04)	Test optional calibration package floor	2026-10-05T02:03:36.0660682Z   EXPECTED_OS: ubuntu-24.04
Native owner (ubuntu-24.04)	Test optional calibration package floor	2026-10-05T02:03:36.0660942Z ##[endgroup]
Native owner (ubuntu-24.04)	Test optional calibration package floor	2026-10-05T02:03:36.0751393Z info: syncing channel updates for 1.88.0-x86_64-unknown-linux-gnu
Native owner (ubuntu-24.04)	Test optional calibration package floor	2026-10-05T02:03:36.2489726Z info: latest update on 2025-06-26 for version 1.88.0 (6b00bc388 2025-06-23)
Native owner (ubuntu-24.04)	Test optional calibration package floor	2026-10-05T02:03:36.2490290Z info: downloading 3 components
Native owner (ubuntu-24.04)	Test optional calibration package floor	2026-10-05T02:03:43.0583459Z 
Native owner (ubuntu-24.04)	Test optional calibration package floor	2026-10-05T02:03:43.0653815Z   1.88.0-x86_64-unknown-linux-gnu installed - rustc 1.88.0 (6b00bc388 2025-06-23)
Native owner (ubuntu-24.04)	Test optional calibration package floor	2026-10-05T02:03:43.0654365Z 
Native owner (ubuntu-24.04)	Test optional calibration package floor	2026-10-05T02:03:43.0794322Z rustc 1.88.0 (6b00bc388 2025-06-23)
Native owner (ubuntu-24.04)	Test optional calibration package floor	2026-10-05T02:03:43.0794993Z binary: rustc
Native owner (ubuntu-24.04)	Test optional calibration package floor	2026-10-05T02:03:43.0795300Z commit-hash: 6b00bc3880198600130e1cf62b8f8a93494488cc
Native owner (ubuntu-24.04)	Test optional calibration package floor	2026-10-05T02:03:43.0795974Z commit-date: 2025-06-23
Native owner (ubuntu-24.04)	Test optional calibration package floor	2026-10-05T02:03:43.0796469Z host: x86_64-unknown-linux-gnu
Native owner (ubuntu-24.04)	Test optional calibration package floor	2026-10-05T02:03:43.0796934Z release: 1.88.0
Native owner (ubuntu-24.04)	Test optional calibration package floor	2026-10-05T02:03:43.0797364Z LLVM version: 20.1.5
Native owner (ubuntu-24.04)	Test optional calibration package floor	2026-10-05T02:03:43.0812063Z release: 1.88.0
Native owner (ubuntu-24.04)	Test optional calibration package floor	2026-10-05T02:03:43.0820718Z host: x86_64-unknown-linux-gnu
Native owner (ubuntu-24.04)	Test optional calibration package floor	2026-10-05T02:03:43.1383502Z    Compiling proc-macro2 v1.0.106
Native owner (ubuntu-24.04)	Test optional calibration package floor	2026-10-05T02:03:43.1384253Z    Compiling unicode-ident v1.0.24
Native owner (ubuntu-24.04)	Test optional calibration package floor	2026-10-05T02:03:43.1384785Z    Compiling quote v1.0.45
Native owner (ubuntu-24.04)	Test optional calibration package floor	2026-10-05T02:03:43.1385381Z    Compiling typenum v1.20.1
Native owner (ubuntu-24.04)	Test optional calibration package floor	2026-10-05T02:03:43.1933104Z    Compiling autocfg v1.5.0
Native owner (ubuntu-24.04)	Test optional calibration package floor	2026-10-05T02:03:43.3169704Z    Compiling thiserror v2.0.20
Native owner (ubuntu-24.04)	Test optional calibration package floor	2026-10-05T02:03:43.4382391Z    Compiling num-traits v0.2.19
Native owner (ubuntu-24.04)	Test optional calibration package floor	2026-10-05T02:03:43.5100886Z    Compiling serde_core v1.0.228
Native owner (ubuntu-24.04)	Test optional calibration package floor	2026-10-05T02:03:43.5469846Z    Compiling zmij v1.0.21
Native owner (ubuntu-24.04)	Test optional calibration package floor	2026-10-05T02:03:43.7190158Z    Compiling hybrid-array v0.4.15
Native owner (ubuntu-24.04)	Test optional calibration package floor	2026-10-05T02:03:43.7806665Z    Compiling syn v3.0.6
Native owner (ubuntu-24.04)	Test optional calibration package floor	2026-10-05T02:03:43.8196380Z    Compiling kairo-ecs-types v0.0.0 (/home/runner/work/kairos/kairos/crates/kairo-ecs-types)
Native owner (ubuntu-24.04)	Test optional calibration package floor	2026-10-05T02:03:43.8210298Z    Compiling const-oid v0.10.2
Native owner (ubuntu-24.04)	Test optional calibration package floor	2026-10-05T02:03:43.9210239Z    Compiling serde_json v1.0.149
Native owner (ubuntu-24.04)	Test optional calibration package floor	2026-10-05T02:03:44.1010203Z    Compiling block-buffer v0.12.1
Native owner (ubuntu-24.04)	Test optional calibration package floor	2026-10-05T02:03:44.1719697Z    Compiling crypto-common v0.2.2
Native owner (ubuntu-24.04)	Test optional calibration package floor	2026-10-05T02:03:44.5252956Z    Compiling memchr v2.8.0
Native owner (ubuntu-24.04)	Test optional calibration package floor	2026-10-05T02:03:45.0381740Z    Compiling digest v0.11.3
Native owner (ubuntu-24.04)	Test optional calibration package floor	2026-10-05T02:03:45.0749870Z    Compiling cpufeatures v0.3.1
Native owner (ubuntu-24.04)	Test optional calibration package floor	2026-10-05T02:03:45.0979981Z    Compiling cfg-if v1.0.4
Native owner (ubuntu-24.04)	Test optional calibration package floor	2026-10-05T02:03:45.1150136Z    Compiling itoa v1.0.18
Native owner (ubuntu-24.04)	Test optional calibration package floor	2026-10-05T02:03:45.1199579Z    Compiling sha2 v0.11.0
Native owner (ubuntu-24.04)	Test optional calibration package floor	2026-10-05T02:03:45.2130117Z    Compiling chrono v0.4.45
Native owner (ubuntu-24.04)	Test optional calibration package floor	2026-10-05T02:03:45.5380226Z    Compiling thiserror-impl v2.0.20
Native owner (ubuntu-24.04)	Test optional calibration package floor	2026-10-05T02:03:45.7761842Z    Compiling kairo-ecs-rng v0.0.0 (/home/runner/work/kairos/kairos/crates/kairo-ecs-rng)
Native owner (ubuntu-24.04)	Test optional calibration package floor	2026-10-05T02:03:46.2504246Z    Compiling kairo-ecs-arrow v0.1.0 (/home/runner/work/kairos/kairos/crates/kairo-ecs-arrow)
Native owner (ubuntu-24.04)	Test optional calibration package floor	2026-10-05T02:03:46.3647954Z    Compiling kairo-ecs-calibration v0.1.0 (/home/runner/work/kairos/kairos/crates/kairo-ecs-calibration)
Native owner (ubuntu-24.04)	Test optional calibration package floor	2026-10-05T02:03:46.8688215Z warning: this lint expectation is unfulfilled
Native owner (ubuntu-24.04)	Test optional calibration package floor	2026-10-05T02:03:46.8689113Z   --> crates/kairo-ecs-calibration/src/lib.rs:33:9
Native owner (ubuntu-24.04)	Test optional calibration package floor	2026-10-05T02:03:46.8689859Z    |
Native owner (ubuntu-24.04)	Test optional calibration package floor	2026-10-05T02:03:46.8690122Z 33 |         dead_code,
Native owner (ubuntu-24.04)	Test optional calibration package floor	2026-10-05T02:03:46.8690409Z    |         ^^^^^^^^^
Native owner (ubuntu-24.04)	Test optional calibration package floor	2026-10-05T02:03:46.8690752Z    |
Native owner (ubuntu-24.04)	Test optional calibration package floor	2026-10-05T02:03:46.8691226Z    = note: Private C1 adapters are exercised by conformance tests; public API review is pending
Native owner (ubuntu-24.04)	Test optional calibration package floor	2026-10-05T02:03:46.8691858Z    = note: `#[warn(unfulfilled_lint_expectations)]` on by default
Native owner (ubuntu-24.04)	Test optional calibration package floor	2026-10-05T02:03:46.8692170Z 
Native owner (ubuntu-24.04)	Test optional calibration package floor	2026-10-05T02:03:46.8692356Z warning: this lint expectation is unfulfilled
Native owner (ubuntu-24.04)	Test optional calibration package floor	2026-10-05T02:03:46.8692718Z   --> crates/kairo-ecs-calibration/src/lib.rs:43:9
Native owner (ubuntu-24.04)	Test optional calibration package floor	2026-10-05T02:03:46.8693116Z    |
Native owner (ubuntu-24.04)	Test optional calibration package floor	2026-10-05T02:03:46.8693335Z 43 |         dead_code,
Native owner (ubuntu-24.04)	Test optional calibration package floor	2026-10-05T02:03:46.8693589Z    |         ^^^^^^^^^
Native owner (ubuntu-24.04)	Test optional calibration package floor	2026-10-05T02:03:46.8693855Z    |
Native owner (ubuntu-24.04)	Test optional calibration package floor	2026-10-05T02:03:46.8694252Z    = note: Private C1 adapters are exercised by conformance tests; public API review is pending
Native owner (ubuntu-24.04)	Test optional calibration package floor	2026-10-05T02:03:46.8694671Z 
Native owner (ubuntu-24.04)	Test optional calibration package floor	2026-10-05T02:03:46.8694854Z warning: this lint expectation is unfulfilled
Native owner (ubuntu-24.04)	Test optional calibration package floor	2026-10-05T02:03:46.8695259Z   --> crates/kairo-ecs-calibration/src/lib.rs:71:9
Native owner (ubuntu-24.04)	Test optional calibration package floor	2026-10-05T02:03:46.8695615Z    |
Native owner (ubuntu-24.04)	Test optional calibration package floor	2026-10-05T02:03:46.8695865Z 71 |         dead_code,
Native owner (ubuntu-24.04)	Test optional calibration package floor	2026-10-05T02:03:46.8696157Z    |         ^^^^^^^^^
Native owner (ubuntu-24.04)	Test optional calibration package floor	2026-10-05T02:03:46.8696466Z    |
Native owner (ubuntu-24.04)	Test optional calibration package floor	2026-10-05T02:03:46.8696898Z    = note: Private C1 adapters are exercised by conformance tests; public API review is pending
Native owner (ubuntu-24.04)	Test optional calibration package floor	2026-10-05T02:03:46.8697319Z 
Native owner (ubuntu-24.04)	Test optional calibration package floor	2026-10-05T02:03:47.0906880Z warning: `kairo-ecs-calibration` (lib) generated 3 warnings
Native owner (ubuntu-24.04)	Test optional calibration package floor	2026-10-05T02:03:50.9426702Z     Finished `test` profile [unoptimized + debuginfo] target(s) in 7.85s
Native owner (ubuntu-24.04)	Test optional calibration package floor	2026-10-05T02:03:50.9458539Z      Running unittests src/lib.rs (target/debug/deps/kairo_ecs_calibration-9dce6421f136f310)
Native owner (ubuntu-24.04)	Test optional calibration package floor	2026-10-05T02:03:50.9467125Z 
Native owner (ubuntu-24.04)	Test optional calibration package floor	2026-10-05T02:03:50.9467328Z running 61 tests
Native owner (ubuntu-24.04)	Test optional calibration package floor	2026-10-05T02:03:50.9476162Z test ingestion_c01::actual_transport_matrix ... ignored, requires exact physical transport source index and result directory
Native owner (ubuntu-24.04)	Test optional calibration package floor	2026-10-05T02:03:50.9477357Z test ingestion_normalize::tests::enforces_nonzero_limits_fanout_and_actual_serialized_bytes ... ok
Native owner (ubuntu-24.04)	Test optional calibration package floor	2026-10-05T02:03:50.9486234Z test ingestion_normalize::tests::order_key_projects_full_records_and_unbounded_decimal_rank ... ok
Native owner (ubuntu-24.04)	Test optional calibration package floor	2026-10-05T02:03:50.9492249Z test ingestion_normalize::tests::preserves_mapper_values_and_cumulative_partition_across_chunks ... ok
Native owner (ubuntu-24.04)	Test optional calibration package floor	2026-10-05T02:03:50.9493138Z test ingestion_normalize::tests::rejects_cross_chunk_duplicates_even_when_first_candidate_was_excluded ... ok
Native owner (ubuntu-24.04)	Test optional calibration package floor	2026-10-05T02:03:50.9494218Z test ingestion_normalize::tests::unknown_long_kind_and_outcome_duplicate_reject_transactionally ... ok
Native owner (ubuntu-24.04)	Test optional calibration package floor	2026-10-05T02:03:50.9917718Z test ingestion_c01::schema_valid_raw_marker_mutation_is_detected_by_exact_population_oracle ... ok
Native owner (ubuntu-24.04)	Test optional calibration package floor	2026-10-05T02:03:51.0070095Z test ingestion_pipeline::tests::rejects_duplicate_top_level_and_nested_json_members_before_value_collapse ... ok
Native owner (ubuntu-24.04)	Test optional calibration package floor	2026-10-05T02:03:51.0071014Z test ingestion_pipeline::tests::transported_source_rows_use_the_same_actual_pipeline ... ignored, requires actual transported source rows and original manifest
Native owner (ubuntu-24.04)	Test optional calibration package floor	2026-10-05T02:03:51.0101735Z test ingestion_pipeline::tests::errors_remove_only_new_bundle_and_missing_evidence_never_succeeds ... ok
Native owner (ubuntu-24.04)	Test optional calibration package floor	2026-10-05T02:03:51.0129585Z test ingestion_sort::tests::actual_normalized_values_are_hash_identical_across_orders_and_run_layouts ... ok
Native owner (ubuntu-24.04)	Test optional calibration package floor	2026-10-05T02:03:51.0130389Z test ingestion_sort::tests::bounded_fanin_requires_multiple_merge_passes_and_handles_large_rank ... ok
Native owner (ubuntu-24.04)	Test optional calibration package floor	2026-10-05T02:03:51.0149875Z test ingestion_sort::tests::iterator_sink_oversize_invalid_key_and_temp_corruption_fail_with_cleanup ... ok
Native owner (ubuntu-24.04)	Test optional calibration package floor	2026-10-05T02:03:51.0151426Z test ingestion_sort::tests::sink_failure_and_bad_limits_cleanup_workspace ... ok
Native owner (ubuntu-24.04)	Test optional calibration package floor	2026-10-05T02:03:51.0152482Z test ingestion_validate::tests::bad_policy_caps_cycles_and_oversize_records_reject_without_outputs ... ok
Native owner (ubuntu-24.04)	Test optional calibration package floor	2026-10-05T02:03:51.0157338Z test ingestion_validate::tests::finalization_work_limit_rejects_before_materializing_occurrence_edge_violations ... ok
Native owner (ubuntu-24.04)	Test optional calibration package floor	2026-10-05T02:03:51.0160193Z test ingestion_validate::tests::interleaved_cases_and_equal_precedence_are_valid ... ok
Native owner (ubuntu-24.04)	Test optional calibration package floor	2026-10-05T02:03:51.0165511Z test ingestion_validate::tests::reversed_precedence_quarantines_whole_interleaved_case ... ok
Native owner (ubuntu-24.04)	Test optional calibration package floor	2026-10-05T02:03:51.0173936Z test ingestion_validate::tests::runtime_case_state_and_partial_line_bounds_fail_closed ... ok
Native owner (ubuntu-24.04)	Test optional calibration package floor	2026-10-05T02:03:51.0177246Z test ingestion_validate::tests::same_tick_exit_releases_before_c0_earlier_admission ... ok
Native owner (ubuntu-24.04)	Test optional calibration package floor	2026-10-05T02:03:51.0183574Z test ingestion_validate::tests::strict_never_publishes_and_window_quarantines_whole_case ... ok
Native owner (ubuntu-24.04)	Test optional calibration package floor	2026-10-05T02:03:51.0190074Z test ingestion_pipeline::tests::actual_source_pipeline_hashes_survive_chunks_spills_permutations_and_counts_reconcile ... ok
Native owner (ubuntu-24.04)	Test optional calibration package floor	2026-10-05T02:03:51.0193942Z test seed_map::tests::every_identity_field_and_root_seed_change_the_frame_and_derived_seed ... ok
Native owner (ubuntu-24.04)	Test optional calibration package floor	2026-10-05T02:03:51.0195450Z test seed_map::tests::finite_registry_is_idempotent_for_same_identity_and_rejects_collision ... ok
Native owner (ubuntu-24.04)	Test optional calibration package floor	2026-10-05T02:03:51.0196391Z test ingestion_validate::tests::zero_duration_occupancy_is_allowed_and_does_not_consume_capacity ... ok
Native owner (ubuntu-24.04)	Test optional calibration package floor	2026-10-05T02:03:51.0197417Z test seed_map::tests::length_framing_separates_ambiguous_concatenations ... ok
Native owner (ubuntu-24.04)	Test optional calibration package floor	2026-10-05T02:03:51.0198225Z test seed_map::tests::normative_golden_bytes_digest_seed_and_draws_match ... ok
Native owner (ubuntu-24.04)	Test optional calibration package floor	2026-10-05T02:03:51.0199062Z test seed_map::tests::overflow_does_not_advance_rng_or_draw_position ... ok
Native owner (ubuntu-24.04)	Test optional calibration package floor	2026-10-05T02:03:51.0199778Z test seed_map::tests::purpose_tags_are_exact_u32_little_endian_values ... ok
Native owner (ubuntu-24.04)	Test optional calibration package floor	2026-10-05T02:03:51.0205416Z test seed_map::tests::unknown_snapshot_versions_and_seed_mismatch_fail_closed ... ok
Native owner (ubuntu-24.04)	Test optional calibration package floor	2026-10-05T02:03:51.0206197Z test seed_map::tests::identity_validation_rejects_invalid_and_oversized_ids ... ok
Native owner (ubuntu-24.04)	Test optional calibration package floor	2026-10-05T02:03:51.0206960Z test trace_mapping::tests::addition_and_calendar_overflow_preserve_declared_clock_evidence ... ok
Native owner (ubuntu-24.04)	Test optional calibration package floor	2026-10-05T02:03:51.0207923Z test ingestion_validate::tests::touching_intervals_are_feasible_and_overlaps_quarantine_both ... ok
Native owner (ubuntu-24.04)	Test optional calibration package floor	2026-10-05T02:03:51.0208958Z test trace_mapping::tests::classified_and_subnanosecond_reasons_are_c0_exclusions ... ok
Native owner (ubuntu-24.04)	Test optional calibration package floor	2026-10-05T02:03:51.0213634Z test trace_mapping::tests::derived_lineage_is_retained_and_bad_lineage_becomes_safe_exclusion ... ok
Native owner (ubuntu-24.04)	Test optional calibration package floor	2026-10-05T02:03:51.0215972Z test trace_mapping::tests::duplicate_and_missing_keys_fail_dataset ... ok
Native owner (ubuntu-24.04)	Test optional calibration package floor	2026-10-05T02:03:51.0216976Z test trace_mapping::tests::fixture_file_executes_raw_requests_and_exact_goldens_only ... ok
Native owner (ubuntu-24.04)	Test optional calibration package floor	2026-10-05T02:03:51.0217870Z test trace_mapping::tests::four_semantic_guards_are_unresolved_without_fabricated_events ... ok
Native owner (ubuntu-24.04)	Test optional calibration package floor	2026-10-05T02:03:51.0224248Z test trace_mapping::tests::identities_keep_exact_unicode_case_and_ties_ignore_input_row_permutation ... ok
Native owner (ubuntu-24.04)	Test optional calibration package floor	2026-10-05T02:03:51.0228937Z test trace_mapping::tests::integer_units_are_exactly_equivalent_for_one_second ... ok
Native owner (ubuntu-24.04)	Test optional calibration package floor	2026-10-05T02:03:51.0229983Z test trace_mapping::tests::integer_clock_preorigin_and_overflow_are_exclusions ... ok
Native owner (ubuntu-24.04)	Test optional calibration package floor	2026-10-05T02:03:51.0231201Z test trace_mapping::tests::missing_occurrence_keeps_available_at_raw_time_c0_safe ... ok
Native owner (ubuntu-24.04)	Test optional calibration package floor	2026-10-05T02:03:51.0242756Z test trace_mapping::tests::optional_clocks_are_role_normalized_and_distinct ... ok
Native owner (ubuntu-24.04)	Test optional calibration package floor	2026-10-05T02:03:51.0250524Z test trace_mapping::tests::knowledge_cutoff_equality_future_and_unknown_are_reported ... ok
Native owner (ubuntu-24.04)	Test optional calibration package floor	2026-10-05T02:03:51.0251578Z test trace_mapping::tests::outputs_full_c0_and_raw_mutation_changes_clock ... ok
Native owner (ubuntu-24.04)	Test optional calibration package floor	2026-10-05T02:03:51.0252177Z test trace_mapping::tests::ranks_above_u64_sort_numerically ... ok
Native owner (ubuntu-24.04)	Test optional calibration package floor	2026-10-05T02:03:51.0252871Z test trace_mapping::tests::observed_task_started_survives_and_future_outcome_cannot_change_knowledge ... ok
Native owner (ubuntu-24.04)	Test optional calibration package floor	2026-10-05T02:03:51.0253311Z test trace_mapping::tests::semantic_guards_emit_no_c0_records ... ok
Native owner (ubuntu-24.04)	Test optional calibration package floor	2026-10-05T02:03:51.0253710Z test trace_mapping::tests::signed_relative_helper_covers_full_i128_u128_domain ... ok
Native owner (ubuntu-24.04)	Test optional calibration package floor	2026-10-05T02:03:51.0254170Z test trace_mapping::tests::reversed_open_intervals_and_cohort_denominator_are_diagnostic_only ... ok
Native owner (ubuntu-24.04)	Test optional calibration package floor	2026-10-05T02:03:51.0254619Z test trace_mapping::tests::right_censored_outcome_keeps_last_observed_separate ... ok
Native owner (ubuntu-24.04)	Test optional calibration package floor	2026-10-05T02:03:51.0255073Z test trace_mapping::tests::source_order_and_occurrence_limits_are_validated_before_clocks ... ok
Native owner (ubuntu-24.04)	Test optional calibration package floor	2026-10-05T02:03:51.0255564Z test trace_mapping::tests::wide_episode_end_does_not_infer_later_boarding_departure ... ok
Native owner (ubuntu-24.04)	Test optional calibration package floor	2026-10-05T02:03:51.0256056Z test trace_mapping::tests::timestamp_mutations_reject_unknown_offset_naive_and_noncanonical_but_allow_zero_tail ... ok
Native owner (ubuntu-24.04)	Test optional calibration package floor	2026-10-05T02:03:51.0256611Z test trace_order::tests::equal_keys_compare_equal_and_sorting_is_independent_of_all_permutations ... ok
Native owner (ubuntu-24.04)	Test optional calibration package floor	2026-10-05T02:03:51.0257073Z test trace_order::tests::rank_comparison_is_numeric_without_fixed_width_conversion ... ok
Native owner (ubuntu-24.04)	Test optional calibration package floor	2026-10-05T02:03:51.0257492Z test trace_order::tests::order_tuple_uses_each_component_in_declared_precedence ... ok
Native owner (ubuntu-24.04)	Test optional calibration package floor	2026-10-05T02:03:51.0257902Z test trace_mapping::tests::wide_row_emits_one_outcome_even_if_event_is_excluded ... ok
Native owner (ubuntu-24.04)	Test optional calibration package floor	2026-10-05T02:03:51.0258323Z test trace_order::tests::rank_requires_canonical_ascii_unsigned_decimal ... ok
Native owner (ubuntu-24.04)	Test optional calibration package floor	2026-10-05T02:03:51.0259181Z test trace_order::tests::text_order_is_unsigned_utf8_bytewise_without_normalization ... ok
Native owner (ubuntu-24.04)	Test optional calibration package floor	2026-10-05T02:03:52.4181988Z test ingestion_c01::self_contained_three_profile_cartesian_matrix_has_exact_population_bytes ... ok
Native owner (ubuntu-24.04)	Test optional calibration package floor	2026-10-05T02:03:52.4182434Z 
Native owner (ubuntu-24.04)	Test optional calibration package floor	2026-10-05T02:03:52.4182625Z test result: ok. 59 passed; 0 failed; 2 ignored; 0 measured; 0 filtered out; finished in 1.47s
Native owner (ubuntu-24.04)	Test optional calibration package floor	2026-10-05T02:03:52.4183007Z 
Native owner (ubuntu-24.04)	Test optional calibration package floor	2026-10-05T02:03:52.4184880Z      Running tests/arrow_output_c43.rs (target/debug/deps/arrow_output_c43-2cc62c573609dbe3)
Native owner (ubuntu-24.04)	Test optional calibration package floor	2026-10-05T02:03:52.4195861Z 
Native owner (ubuntu-24.04)	Test optional calibration package floor	2026-10-05T02:03:52.4196529Z running 0 tests
Native owner (ubuntu-24.04)	Test optional calibration package floor	2026-10-05T02:03:52.4196698Z 
Native owner (ubuntu-24.04)	Test optional calibration package floor	2026-10-05T02:03:52.4197083Z test result: ok. 0 passed; 0 failed; 0 ignored; 0 measured; 0 filtered out; finished in 0.00s
Native owner (ubuntu-24.04)	Test optional calibration package floor	2026-10-05T02:03:52.4197463Z 
Native owner (ubuntu-24.04)	Test optional calibration package floor	2026-10-05T02:03:52.4197666Z      Running tests/cohorts_c42.rs (target/debug/deps/cohorts_c42-d836f495b53ad965)
Native owner (ubuntu-24.04)	Test optional calibration package floor	2026-10-05T02:03:52.4204666Z 
Native owner (ubuntu-24.04)	Test optional calibration package floor	2026-10-05T02:03:52.4205064Z running 4 tests
Native owner (ubuntu-24.04)	Test optional calibration package floor	2026-10-05T02:03:52.4209154Z test identities_duplicates_and_unknown_groups_fail_without_losing_attempts ... ok
Native owner (ubuntu-24.04)	Test optional calibration package floor	2026-10-05T02:03:52.4209808Z test permutation_provenance_weight_and_window_negatives ... ok
Native owner (ubuntu-24.04)	Test optional calibration package floor	2026-10-05T02:03:52.4210359Z test nonpoint_outcomes_remain_counted_with_overlap ... ok
Native owner (ubuntu-24.04)	Test optional calibration package floor	2026-10-05T02:03:52.4210744Z test source_window_and_empty_stratum_preserve_coverage ... ok
Native owner (ubuntu-24.04)	Test optional calibration package floor	2026-10-05T02:03:52.4211041Z 
Native owner (ubuntu-24.04)	Test optional calibration package floor	2026-10-05T02:03:52.4211314Z test result: ok. 4 passed; 0 failed; 0 ignored; 0 measured; 0 filtered out; finished in 0.00s
Native owner (ubuntu-24.04)	Test optional calibration package floor	2026-10-05T02:03:52.4211723Z 
Native owner (ubuntu-24.04)	Test optional calibration package floor	2026-10-05T02:03:52.4211914Z      Running tests/distance_c42.rs (target/debug/deps/distance_c42-294cfba09cccb41f)
Native owner (ubuntu-24.04)	Test optional calibration package floor	2026-10-05T02:03:52.4218351Z 
Native owner (ubuntu-24.04)	Test optional calibration package floor	2026-10-05T02:03:52.4218487Z running 14 tests
Native owner (ubuntu-24.04)	Test optional calibration package floor	2026-10-05T02:03:52.4219778Z test deterministic_100k_point_shift_timing ... ignored, bounded synthetic distance timing receipt; coordinator executes once
Native owner (ubuntu-24.04)	Test optional calibration package floor	2026-10-05T02:03:52.4220800Z test checked_arithmetic_overflow_is_invalid ... ok
Native owner (ubuntu-24.04)	Test optional calibration package floor	2026-10-05T02:03:52.4221285Z test exact_common_origin_offsets_are_checked_before_conversion ... ok
Native owner (ubuntu-24.04)	Test optional calibration package floor	2026-10-05T02:03:52.4222149Z test both_empty_populations_are_empty ... ok
Native owner (ubuntu-24.04)	Test optional calibration package floor	2026-10-05T02:03:52.4222646Z test identical_populations_compute_zero_distances ... ok
Native owner (ubuntu-24.04)	Test optional calibration package floor	2026-10-05T02:03:52.4223318Z test malformed_weight_with_valid_origin_is_ordinary_invalid_precision ... ok
Native owner (ubuntu-24.04)	Test optional calibration package floor	2026-10-05T02:03:52.4223862Z test positive_rational_tick_scale_is_supported_exactly ... ok
Native owner (ubuntu-24.04)	Test optional calibration package floor	2026-10-05T02:03:52.4224583Z test signed_rational_supports_are_exactly_ordered ... ok
Native owner (ubuntu-24.04)	Test optional calibration package floor	2026-10-05T02:03:52.4225307Z test null_aligned_zero_weight_stays_in_count_and_adds_no_mass ... ok
Native owner (ubuntu-24.04)	Test optional calibration package floor	2026-10-05T02:03:52.4225734Z test tick_overflow_remains_rejected_precision ... ok
Native owner (ubuntu-24.04)	Test optional calibration package floor	2026-10-05T02:03:52.4226189Z test scale_and_algorithm_weight_contract_are_enforced ... ok
Native owner (ubuntu-24.04)	Test optional calibration package floor	2026-10-05T02:03:52.4226597Z test tied_weighted_support_permutation_is_bitwise_stable ... ok
Native owner (ubuntu-24.04)	Test optional calibration package floor	2026-10-05T02:03:52.4226934Z test ties_are_aggregated_before_cdf_updates ... ok
Native owner (ubuntu-24.04)	Test optional calibration package floor	2026-10-05T02:03:52.4227305Z test weighted_descriptive_uses_exact_per_side_normalization ... ok
Native owner (ubuntu-24.04)	Test optional calibration package floor	2026-10-05T02:03:52.4227585Z 
Native owner (ubuntu-24.04)	Test optional calibration package floor	2026-10-05T02:03:52.4227781Z test result: ok. 13 passed; 0 failed; 1 ignored; 0 measured; 0 filtered out; finished in 0.00s
Native owner (ubuntu-24.04)	Test optional calibration package floor	2026-10-05T02:03:52.4228047Z 
Native owner (ubuntu-24.04)	Test optional calibration package floor	2026-10-05T02:03:52.4228279Z      Running tests/metrics_c41.rs (target/debug/deps/metrics_c41-71b724f103d6ab48)
Native owner (ubuntu-24.04)	Test optional calibration package floor	2026-10-05T02:03:52.4233526Z 
Native owner (ubuntu-24.04)	Test optional calibration package floor	2026-10-05T02:03:52.4233840Z running 9 tests
Native owner (ubuntu-24.04)	Test optional calibration package floor	2026-10-05T02:03:52.4235561Z test c42_candidate_report ... ignored, C4.2 runtime producer is not implemented; candidate report required
Native owner (ubuntu-24.04)	Test optional calibration package floor	2026-10-05T02:03:52.4315762Z test comparator_rejects_fixture_mutations ... ok
Native owner (ubuntu-24.04)	Test optional calibration package floor	2026-10-05T02:03:52.4359713Z test comparator_accepts_explicitly_labeled_mock_only ... ok
Native owner (ubuntu-24.04)	Test optional calibration package floor	2026-10-05T02:03:52.4371916Z test fixture_protocol_and_coverage ... ok
Native owner (ubuntu-24.04)	Test optional calibration package floor	2026-10-05T02:03:52.4409572Z test reference_expected_values_are_exact_rationals_and_protocol_coherent ... ok
Native owner (ubuntu-24.04)	Test optional calibration package floor	2026-10-05T02:03:52.4439886Z test comparator_enforces_numeric_tolerance_boundaries_and_domains ... ok
Native owner (ubuntu-24.04)	Test optional calibration package floor	2026-10-05T02:03:52.4449537Z test comparator_rejects_omitted_metadata_and_wrong_algorithm_set ... ok
Native owner (ubuntu-24.04)	Test optional calibration package floor	2026-10-05T02:03:52.4457284Z test comparator_rejects_contract_mutations ... ok
Native owner (ubuntu-24.04)	Test optional calibration package floor	2026-10-05T02:03:52.4472461Z test runtime_gate_rejects_mock_and_missing_producer_binding ... ok
Native owner (ubuntu-24.04)	Test optional calibration package floor	2026-10-05T02:03:52.4472804Z 
Native owner (ubuntu-24.04)	Test optional calibration package floor	2026-10-05T02:03:52.4472999Z test result: ok. 8 passed; 0 failed; 1 ignored; 0 measured; 0 filtered out; finished in 0.02s
Native owner (ubuntu-24.04)	Test optional calibration package floor	2026-10-05T02:03:52.4473274Z 
Native owner (ubuntu-24.04)	Test optional calibration package floor	2026-10-05T02:03:52.4481068Z      Running tests/metrics_c42.rs (target/debug/deps/metrics_c42-770e3f82f76b1dcb)
Native owner (ubuntu-24.04)	Test optional calibration package floor	2026-10-05T02:03:52.4486800Z 
Native owner (ubuntu-24.04)	Test optional calibration package floor	2026-10-05T02:03:52.4486964Z running 7 tests
Native owner (ubuntu-24.04)	Test optional calibration package floor	2026-10-05T02:03:52.4511266Z test optional_report_requires_committed_source_binding ... ok
Native owner (ubuntu-24.04)	Test optional calibration package floor	2026-10-05T02:03:52.4520047Z test actual_conditional_metric_exposes_opposite_dependence_and_keeps_empty_group ... ok
Native owner (ubuntu-24.04)	Test optional calibration package floor	2026-10-05T02:03:52.4521083Z test nulls_remain_missing_while_malformed_and_weight_errors_are_rejected ... ok
Native owner (ubuntu-24.04)	Test optional calibration package floor	2026-10-05T02:03:52.4521799Z test unrelated_or_absent_commit_claim_cannot_bind_written_report ... ok
Native owner (ubuntu-24.04)	Test optional calibration package floor	2026-10-05T02:03:52.4522461Z test unrelated_toolchain_claim_is_rejected ... ok
Native owner (ubuntu-24.04)	Test optional calibration package floor	2026-10-05T02:03:52.4653941Z test default_actual_producer_executes_all_frozen_cases ... ok
Native owner (ubuntu-24.04)	Test optional calibration package floor	2026-10-05T02:03:52.4859167Z test producer_output_is_invariant_to_removed_or_mutated_expected_values ... ok
Native owner (ubuntu-24.04)	Test optional calibration package floor	2026-10-05T02:03:52.4859453Z 
Native owner (ubuntu-24.04)	Test optional calibration package floor	2026-10-05T02:03:52.4859741Z test result: ok. 7 passed; 0 failed; 0 ignored; 0 measured; 0 filtered out; finished in 0.04s
Native owner (ubuntu-24.04)	Test optional calibration package floor	2026-10-05T02:03:52.4860028Z 
Native owner (ubuntu-24.04)	Test optional calibration package floor	2026-10-05T02:03:52.4862960Z      Running tests/residuals_c42.rs (target/debug/deps/residuals_c42-f961fe2869e214e6)
Native owner (ubuntu-24.04)	Test optional calibration package floor	2026-10-05T02:03:52.4869456Z 
Native owner (ubuntu-24.04)	Test optional calibration package floor	2026-10-05T02:03:52.4870232Z running 23 tests
Native owner (ubuntu-24.04)	Test optional calibration package floor	2026-10-05T02:03:52.4872414Z test contradictory_status_and_tick_inputs_are_invalid_and_retained ... ok
Native owner (ubuntu-24.04)	Test optional calibration package floor	2026-10-05T02:03:52.4873395Z test cohort_mismatch_is_invalid_across_prespecified_groups ... ok
Native owner (ubuntu-24.04)	Test optional calibration package floor	2026-10-05T02:03:52.4873967Z test duplicate_logical_side_key_is_invalid_not_deduplicated ... ok
Native owner (ubuntu-24.04)	Test optional calibration package floor	2026-10-05T02:03:52.4874617Z test exact_float_values_above_two_to_53_do_not_raise_rounding_flag ... ok
Native owner (ubuntu-24.04)	Test optional calibration package floor	2026-10-05T02:03:52.4875547Z test exact_residual_covers_full_u128_range ... ok
Native owner (ubuntu-24.04)	Test optional calibration package floor	2026-10-05T02:03:52.4876630Z test infeasible_valid_prediction_remains_in_error_summary ... ok
Native owner (ubuntu-24.04)	Test optional calibration package floor	2026-10-05T02:03:52.4877158Z test invalid_grouping_retains_raw_rows_and_counts ... ok
Native owner (ubuntu-24.04)	Test optional calibration package floor	2026-10-05T02:03:52.4878535Z test invalid_middle_pair_retains_full_batch_rows_counts_and_order ... ok
Native owner (ubuntu-24.04)	Test optional calibration package floor	2026-10-05T02:03:52.4879206Z test invalid_window_is_reported ... ok
Native owner (ubuntu-24.04)	Test optional calibration package floor	2026-10-05T02:03:52.4879719Z test logical_key_requires_all_identity_strings_and_known_purpose ... ok
Native owner (ubuntu-24.04)	Test optional calibration package floor	2026-10-05T02:03:52.4880392Z test missing_censored_failed_and_infeasible_attempts_keep_diagnostics ... ok
Native owner (ubuntu-24.04)	Test optional calibration package floor	2026-10-05T02:03:52.4880919Z test matched_rows_are_prediction_minus_observation_and_order_invariant ... ok
Native owner (ubuntu-24.04)	Test optional calibration package floor	2026-10-05T02:03:52.4890372Z test prespecified_empty_group_is_emitted ... ok
Native owner (ubuntu-24.04)	Test optional calibration package floor	2026-10-05T02:03:52.4891342Z test same_logical_key_in_different_groups_is_invalid_and_retained ... ok
Native owner (ubuntu-24.04)	Test optional calibration package floor	2026-10-05T02:03:52.4891955Z test missing_selection_time_does_not_fall_back_to_prediction ... ok
Native owner (ubuntu-24.04)	Test optional calibration package floor	2026-10-05T02:03:52.4892484Z test simulation_failed_or_infeasible_rows_cannot_carry_observed_ticks ... ok
Native owner (ubuntu-24.04)	Test optional calibration package floor	2026-10-05T02:03:52.4892954Z test source_selection_times_must_match_within_pair ... ok
Native owner (ubuntu-24.04)	Test optional calibration package floor	2026-10-05T02:03:52.4893439Z test statuses_and_diagnostics_are_preserved_and_overlap ... ok
Native owner (ubuntu-24.04)	Test optional calibration package floor	2026-10-05T02:03:52.4894100Z test unclamped_attestation_and_tick_unit_are_required ... ok
Native owner (ubuntu-24.04)	Test optional calibration package floor	2026-10-05T02:03:52.4894629Z test unknown_row_group_is_retained_when_other_groups_are_declared ... ok
Native owner (ubuntu-24.04)	Test optional calibration package floor	2026-10-05T02:03:52.4895163Z test unsupported_provenance_is_unverified_and_retained ... ok
Native owner (ubuntu-24.04)	Test optional calibration package floor	2026-10-05T02:03:52.4895585Z test window_is_half_open_on_selection_time ... ok
Native owner (ubuntu-24.04)	Test optional calibration package floor	2026-10-05T02:03:52.5057486Z test bounded_large_paired_cohort_keeps_complete_counts ... ok
Native owner (ubuntu-24.04)	Test optional calibration package floor	2026-10-05T02:03:52.5057814Z 
Native owner (ubuntu-24.04)	Test optional calibration package floor	2026-10-05T02:03:52.5058056Z test result: ok. 23 passed; 0 failed; 0 ignored; 0 measured; 0 filtered out; finished in 0.02s
Native owner (ubuntu-24.04)	Test optional calibration package floor	2026-10-05T02:03:52.5058383Z 
Native owner (ubuntu-24.04)	Test optional calibration package floor	2026-10-05T02:03:52.5059919Z      Running tests/seed_map.rs (target/debug/deps/seed_map-2a75705b655e3273)
Native owner (ubuntu-24.04)	Test optional calibration package floor	2026-10-05T02:03:52.5067564Z 
Native owner (ubuntu-24.04)	Test optional calibration package floor	2026-10-05T02:03:52.5068073Z running 5 tests
Native owner (ubuntu-24.04)	Test optional calibration package floor	2026-10-05T02:03:52.5070576Z test independent_python_golden_seed_and_draws_match ... ok
Native owner (ubuntu-24.04)	Test optional calibration package floor	2026-10-05T02:03:52.5071134Z test paired_candidates_share_schedule_streams_and_independent_schedules_diverge ... ok
Native owner (ubuntu-24.04)	Test optional calibration package floor	2026-10-05T02:03:52.5071691Z test reordered_registration_and_interleaved_draws_preserve_purpose_sequences ... ok
Native owner (ubuntu-24.04)	Test optional calibration package floor	2026-10-05T02:03:52.5072189Z test unknown_seed_map_version_fails_explicitly ... ok
Native owner (ubuntu-24.04)	Test optional calibration package floor	2026-10-05T02:03:52.5072700Z test owned_snapshots_resume_at_positions_zero_and_one ... ok
Native owner (ubuntu-24.04)	Test optional calibration package floor	2026-10-05T02:03:52.5072984Z 
Native owner (ubuntu-24.04)	Test optional calibration package floor	2026-10-05T02:03:52.5073260Z test result: ok. 5 passed; 0 failed; 0 ignored; 0 measured; 0 filtered out; finished in 0.00s
Native owner (ubuntu-24.04)	Test optional calibration package floor	2026-10-05T02:03:52.5073521Z 
Native owner (ubuntu-24.04)	Test optional calibration package floor	2026-10-05T02:03:52.5073786Z      Running tests/sidecar_adapter_c43.rs (target/debug/deps/sidecar_adapter_c43-6a0b89ee79221097)
Native owner (ubuntu-24.04)	Test optional calibration package floor	2026-10-05T02:03:52.5079844Z 
Native owner (ubuntu-24.04)	Test optional calibration package floor	2026-10-05T02:03:52.5079961Z running 12 tests
Native owner (ubuntu-24.04)	Test optional calibration package floor	2026-10-05T02:03:52.5087535Z test c43_contradictory_source_clocks_fail_and_retain_both_raw_sides ... ok
Native owner (ubuntu-24.04)	Test optional calibration package floor	2026-10-05T02:03:52.5093839Z test c43_emits_c0_sidecars_from_kernels_and_joins_explicit_event ... ok
Native owner (ubuntu-24.04)	Test optional calibration package floor	2026-10-05T02:03:52.5097809Z test c43_in_window_nonpoint_is_ineligible_but_not_window_excluded ... ok
Native owner (ubuntu-24.04)	Test optional calibration package floor	2026-10-05T02:03:52.5103638Z test c43_empty_residual_population_still_emits_declared_empty_metric_summaries ... ok
Native owner (ubuntu-24.04)	Test optional calibration package floor	2026-10-05T02:03:52.5117081Z test c43_failed_prediction_preserves_reference_censor_and_missing_lineage ... ok
Native owner (ubuntu-24.04)	Test optional calibration package floor	2026-10-05T02:03:52.5117722Z test c43_input_permutation_preserves_logical_records_and_metric_bits ... ok
Native owner (ubuntu-24.04)	Test optional calibration package floor	2026-10-05T02:03:52.5118183Z test c43_max_u128_is_exact_and_window_exclusion_does_not_rewrite_point_residual ... ok
Native owner (ubuntu-24.04)	Test optional calibration package floor	2026-10-05T02:03:52.5121346Z test c43_invalid_run_event_hash_and_duplicate_key_fail_with_raw_diagnostics ... ok
Native owner (ubuntu-24.04)	Test optional calibration package floor	2026-10-05T02:03:52.5127356Z test c43_structurally_invalid_metric_rows_fail_with_both_raw_cohorts ... ok
Native owner (ubuntu-24.04)	Test optional calibration package floor	2026-10-05T02:03:52.5133690Z test c43_noncomputed_statuses_keep_null_contract_and_overlapping_counts ... ok
Native owner (ubuntu-24.04)	Test optional calibration package floor	2026-10-05T02:03:52.5142232Z test c43_paired_metric_denominator_is_matched_pairs_and_manifest_keeps_cohort_counts ... ok
Native owner (ubuntu-24.04)	Test optional calibration package floor	2026-10-05T02:03:52.5149199Z test c43_unmatched_missing_failed_and_infeasible_pairs_keep_schema_statuses ... ok
Native owner (ubuntu-24.04)	Test optional calibration package floor	2026-10-05T02:03:52.5149481Z 
Native owner (ubuntu-24.04)	Test optional calibration package floor	2026-10-05T02:03:52.5149724Z test result: ok. 12 passed; 0 failed; 0 ignored; 0 measured; 0 filtered out; finished in 0.01s
Native owner (ubuntu-24.04)	Test optional calibration package floor	2026-10-05T02:03:52.5150003Z 
Native owner (ubuntu-24.04)	Test optional calibration package floor	2026-10-05T02:03:52.5151689Z      Running tests/sidecar_pipeline_c43.rs (target/debug/deps/sidecar_pipeline_c43-bb4f94790ccadec1)
Native owner (ubuntu-24.04)	Test optional calibration package floor	2026-10-05T02:03:52.5158185Z 
Native owner (ubuntu-24.04)	Test optional calibration package floor	2026-10-05T02:03:52.5158450Z running 0 tests
Native owner (ubuntu-24.04)	Test optional calibration package floor	2026-10-05T02:03:52.5158741Z 
Native owner (ubuntu-24.04)	Test optional calibration package floor	2026-10-05T02:03:52.5159005Z test result: ok. 0 passed; 0 failed; 0 ignored; 0 measured; 0 filtered out; finished in 0.00s
Native owner (ubuntu-24.04)	Test optional calibration package floor	2026-10-05T02:03:52.5159372Z 
Native owner (ubuntu-24.04)	Test optional calibration package floor	2026-10-05T02:03:52.5159614Z    Doc-tests kairo_ecs_calibration
Native owner (ubuntu-24.04)	Test optional calibration package floor	2026-10-05T02:03:52.5766646Z 
Native owner (ubuntu-24.04)	Test optional calibration package floor	2026-10-05T02:03:52.5767477Z running 0 tests
Native owner (ubuntu-24.04)	Test optional calibration package floor	2026-10-05T02:03:52.5767688Z 
Native owner (ubuntu-24.04)	Test optional calibration package floor	2026-10-05T02:03:52.5768039Z test result: ok. 0 passed; 0 failed; 0 ignored; 0 measured; 0 filtered out; finished in 0.00s
Native owner (ubuntu-24.04)	Test optional calibration package floor	2026-10-05T02:03:52.5768369Z 
Native owner (ubuntu-24.04)	Test optional calibration package floor	2026-10-05T02:03:52.5851378Z rustc 1.88.0 (6b00bc388 2025-06-23)
Native owner (ubuntu-24.04)	Test optional calibration package floor	2026-10-05T02:03:52.5852047Z binary: rustc
Native owner (ubuntu-24.04)	Test optional calibration package floor	2026-10-05T02:03:52.5852358Z commit-hash: 6b00bc3880198600130e1cf62b8f8a93494488cc
Native owner (ubuntu-24.04)	Test optional calibration package floor	2026-10-05T02:03:52.5852772Z commit-date: 2025-06-23
Native owner (ubuntu-24.04)	Test optional calibration package floor	2026-10-05T02:03:52.5853137Z host: x86_64-unknown-linux-gnu
Native owner (ubuntu-24.04)	Test optional calibration package floor	2026-10-05T02:03:52.5853449Z release: 1.88.0
Native owner (ubuntu-24.04)	Test optional calibration package floor	2026-10-05T02:03:52.5853741Z LLVM version: 20.1.5
Native owner (ubuntu-24.04)	Test optional calibration package floor	2026-10-05T02:03:52.6167082Z  Downloading crates ...
Native owner (ubuntu-24.04)	Test optional calibration package floor	2026-10-05T02:03:52.6816866Z   Downloaded arrow-cmp v60.0.0
Native owner (ubuntu-24.04)	Test optional calibration package floor	2026-10-05T02:03:52.7029409Z   Downloaded const-random v0.1.18
Native owner (ubuntu-24.04)	Test optional calibration package floor	2026-10-05T02:03:52.7055531Z   Downloaded rustc_version v0.4.1
Native owner (ubuntu-24.04)	Test optional calibration package floor	2026-10-05T02:03:52.7165670Z   Downloaded version_check v0.9.5
Native owner (ubuntu-24.04)	Test optional calibration package floor	2026-10-05T02:03:52.7171893Z   Downloaded const-random-macro v0.1.16
Native owner (ubuntu-24.04)	Test optional calibration package floor	2026-10-05T02:03:52.7275461Z   Downloaded crunchy v0.2.4
Native owner (ubuntu-24.04)	Test optional calibration package floor	2026-10-05T02:03:52.7280276Z   Downloaded arrow-data v60.0.0
Native owner (ubuntu-24.04)	Test optional calibration package floor	2026-10-05T02:03:52.7334441Z   Downloaded num-complex v0.4.6
Native owner (ubuntu-24.04)	Test optional calibration package floor	2026-10-05T02:03:52.7354027Z   Downloaded flatbuffers v25.12.19
Native owner (ubuntu-24.04)	Test optional calibration package floor	2026-10-05T02:03:52.7382836Z   Downloaded num-integer v0.1.47
Native owner (ubuntu-24.04)	Test optional calibration package floor	2026-10-05T02:03:52.7392269Z   Downloaded tiny-keccak v2.0.2
Native owner (ubuntu-24.04)	Test optional calibration package floor	2026-10-05T02:03:52.7428480Z   Downloaded ahash v0.8.12
Native owner (ubuntu-24.04)	Test optional calibration package floor	2026-10-05T02:03:52.7441868Z   Downloaded once_cell v1.21.4
Native owner (ubuntu-24.04)	Test optional calibration package floor	2026-10-05T02:03:52.7453337Z   Downloaded getrandom v0.2.17
Native owner (ubuntu-24.04)	Test optional calibration package floor	2026-10-05T02:03:52.7468006Z   Downloaded iana-time-zone v0.1.65
Native owner (ubuntu-24.04)	Test optional calibration package floor	2026-10-05T02:03:52.7481482Z   Downloaded bytes v1.12.1
Native owner (ubuntu-24.04)	Test optional calibration package floor	2026-10-05T02:03:52.7500077Z   Downloaded semver v1.0.28
Native owner (ubuntu-24.04)	Test optional calibration package floor	2026-10-05T02:03:52.7510747Z   Downloaded half v2.7.1
Native owner (ubuntu-24.04)	Test optional calibration package floor	2026-10-05T02:03:52.7589571Z   Downloaded arrow-schema v60.0.0
Native owner (ubuntu-24.04)	Test optional calibration package floor	2026-10-05T02:03:52.7644804Z   Downloaded zerocopy-derive v0.8.48
Native owner (ubuntu-24.04)	Test optional calibration package floor	2026-10-05T02:03:52.7683512Z   Downloaded num-bigint v0.5.1
Native owner (ubuntu-24.04)	Test optional calibration package floor	2026-10-05T02:03:52.7709566Z   Downloaded arrow-buffer v60.0.0
Native owner (ubuntu-24.04)	Test optional calibration package floor	2026-10-05T02:03:52.7732751Z   Downloaded arrow-select v60.0.0
Native owner (ubuntu-24.04)	Test optional calibration package floor	2026-10-05T02:03:52.7753359Z   Downloaded libm v0.2.16
Native owner (ubuntu-24.04)	Test optional calibration package floor	2026-10-05T02:03:52.7796452Z   Downloaded hashbrown v0.17.1
Native owner (ubuntu-24.04)	Test optional calibration package floor	2026-10-05T02:03:52.7824208Z   Downloaded arrow-ipc v60.0.0
Native owner (ubuntu-24.04)	Test optional calibration package floor	2026-10-05T02:03:52.7846959Z   Downloaded arrow-array v60.0.0
Native owner (ubuntu-24.04)	Test optional calibration package floor	2026-10-05T02:03:52.7976403Z    Compiling libm v0.2.16
Native owner (ubuntu-24.04)	Test optional calibration package floor	2026-10-05T02:03:52.7976875Z    Compiling num-traits v0.2.19
Native owner (ubuntu-24.04)	Test optional calibration package floor	2026-10-05T02:03:52.7977291Z    Compiling zerocopy v0.8.48
Native owner (ubuntu-24.04)	Test optional calibration package floor	2026-10-05T02:03:52.7977554Z    Compiling syn v2.0.117
Native owner (ubuntu-24.04)	Test optional calibration package floor	2026-10-05T02:03:52.9710243Z    Compiling libc v0.2.186
Native owner (ubuntu-24.04)	Test optional calibration package floor	2026-10-05T02:03:53.0425498Z    Compiling getrandom v0.3.4
Native owner (ubuntu-24.04)	Test optional calibration package floor	2026-10-05T02:03:53.2221065Z    Compiling version_check v0.9.5
Native owner (ubuntu-24.04)	Test optional calibration package floor	2026-10-05T02:03:53.4120429Z    Compiling ahash v0.8.12
Native owner (ubuntu-24.04)	Test optional calibration package floor	2026-10-05T02:03:53.5320269Z    Compiling bytes v1.12.1
Native owner (ubuntu-24.04)	Test optional calibration package floor	2026-10-05T02:03:54.0400196Z    Compiling arrow-schema v60.0.0
Native owner (ubuntu-24.04)	Test optional calibration package floor	2026-10-05T02:03:54.1160132Z    Compiling iana-time-zone v0.1.65
Native owner (ubuntu-24.04)	Test optional calibration package floor	2026-10-05T02:03:54.2723844Z    Compiling semver v1.0.28
Native owner (ubuntu-24.04)	Test optional calibration package floor	2026-10-05T02:03:54.4460468Z    Compiling num-integer v0.1.47
Native owner (ubuntu-24.04)	Test optional calibration package floor	2026-10-05T02:03:54.4880223Z    Compiling once_cell v1.21.4
Native owner (ubuntu-24.04)	Test optional calibration package floor	2026-10-05T02:03:54.5640228Z    Compiling num-complex v0.4.6
Native owner (ubuntu-24.04)	Test optional calibration package floor	2026-10-05T02:03:54.6850543Z    Compiling num-bigint v0.5.1
Native owner (ubuntu-24.04)	Test optional calibration package floor	2026-10-05T02:03:54.8971412Z    Compiling chrono v0.4.45
Native owner (ubuntu-24.04)	Test optional calibration package floor	2026-10-05T02:03:55.2661497Z    Compiling rustc_version v0.4.1
Native owner (ubuntu-24.04)	Test optional calibration package floor	2026-10-05T02:03:55.4355168Z    Compiling hashbrown v0.17.1
Native owner (ubuntu-24.04)	Test optional calibration package floor	2026-10-05T02:03:55.7010236Z    Compiling zerocopy-derive v0.8.48
Native owner (ubuntu-24.04)	Test optional calibration package floor	2026-10-05T02:03:55.8380261Z    Compiling flatbuffers v25.12.19
Native owner (ubuntu-24.04)	Test optional calibration package floor	2026-10-05T02:03:55.8630081Z    Compiling bitflags v2.13.2
Native owner (ubuntu-24.04)	Test optional calibration package floor	2026-10-05T02:03:55.9763449Z    Compiling kairo-ecs-core v0.0.0 (/home/runner/work/kairos/kairos/crates/kairo-ecs-core)
Native owner (ubuntu-24.04)	Test optional calibration package floor	2026-10-05T02:03:56.0863408Z    Compiling kairo-ecs-state v0.0.0 (/home/runner/work/kairos/kairos/crates/kairo-ecs-state)
Native owner (ubuntu-24.04)	Test optional calibration package floor	2026-10-05T02:03:56.2429942Z    Compiling kairo-ecs-des v0.1.0 (/home/runner/work/kairos/kairos/crates/kairo-ecs-des)
Native owner (ubuntu-24.04)	Test optional calibration package floor	2026-10-05T02:03:58.6450034Z    Compiling half v2.7.1
Native owner (ubuntu-24.04)	Test optional calibration package floor	2026-10-05T02:03:58.8047714Z    Compiling arrow-buffer v60.0.0
Native owner (ubuntu-24.04)	Test optional calibration package floor	2026-10-05T02:03:59.1968617Z    Compiling arrow-data v60.0.0
Native owner (ubuntu-24.04)	Test optional calibration package floor	2026-10-05T02:03:59.6184624Z    Compiling arrow-array v60.0.0
Native owner (ubuntu-24.04)	Test optional calibration package floor	2026-10-05T02:04:00.8703468Z    Compiling arrow-cmp v60.0.0
Native owner (ubuntu-24.04)	Test optional calibration package floor	2026-10-05T02:04:01.1050333Z    Compiling arrow-select v60.0.0
Native owner (ubuntu-24.04)	Test optional calibration package floor	2026-10-05T02:04:02.5135951Z    Compiling arrow-ipc v60.0.0
Native owner (ubuntu-24.04)	Test optional calibration package floor	2026-10-05T02:04:03.3820780Z    Compiling kairo-ecs-arrow-io v0.1.0 (/home/runner/work/kairos/kairos/crates/kairo-ecs-arrow-io)
Native owner (ubuntu-24.04)	Test optional calibration package floor	2026-10-05T02:04:03.9250622Z    Compiling kairo-ecs-arrow v0.1.0 (/home/runner/work/kairos/kairos/crates/kairo-ecs-arrow)
Native owner (ubuntu-24.04)	Test optional calibration package floor	2026-10-05T02:04:07.2199402Z     Finished `test` profile [unoptimized + debuginfo] target(s) in 14.63s
Native owner (ubuntu-24.04)	Test optional calibration package floor	2026-10-05T02:04:07.2253468Z      Running unittests src/lib.rs (target/debug/deps/kairo_ecs_arrow-16149a22cac1c222)
Native owner (ubuntu-24.04)	Test optional calibration package floor	2026-10-05T02:04:07.2263585Z 
Native owner (ubuntu-24.04)	Test optional calibration package floor	2026-10-05T02:04:07.2264192Z running 7 tests
Native owner (ubuntu-24.04)	Test optional calibration package floor	2026-10-05T02:04:07.2266353Z test resource_lifecycle::tests::ordinal_validation_does_not_saturate_at_u32_max ... ok
Native owner (ubuntu-24.04)	Test optional calibration package floor	2026-10-05T02:04:07.2267333Z test tests::event_log_schema_matches_track_04_order ... ok
Native owner (ubuntu-24.04)	Test optional calibration package floor	2026-10-05T02:04:07.2267938Z test tests::dispatched_record_maps_core_event_fields ... ok
Native owner (ubuntu-24.04)	Test optional calibration package floor	2026-10-05T02:04:07.2268567Z test tests::event_log_batch_round_trips_smoke_bytes ... ok
Native owner (ubuntu-24.04)	Test optional calibration package floor	2026-10-05T02:04:07.2269309Z test tests::previous_facade_still_flushes_records ... ok
Native owner (ubuntu-24.04)	Test optional calibration package floor	2026-10-05T02:04:07.2269880Z test tests::validation_rejects_incompatible_schema_version ... ok
Native owner (ubuntu-24.04)	Test optional calibration package floor	2026-10-05T02:04:07.2270369Z test tests::smoke_bytes_preserve_escaped_strings_and_payload_ref ... ok
Native owner (ubuntu-24.04)	Test optional calibration package floor	2026-10-05T02:04:07.2270733Z 
Native owner (ubuntu-24.04)	Test optional calibration package floor	2026-10-05T02:04:07.2271196Z test result: ok. 7 passed; 0 failed; 0 ignored; 0 measured; 0 filtered out; finished in 0.00s
Native owner (ubuntu-24.04)	Test optional calibration package floor	2026-10-05T02:04:07.2271551Z 
Native owner (ubuntu-24.04)	Test optional calibration package floor	2026-10-05T02:04:07.2271871Z      Running tests/legacy_smoke_bytes_v1.rs (target/debug/deps/legacy_smoke_bytes_v1-6f567abe2600879c)
Native owner (ubuntu-24.04)	Test optional calibration package floor	2026-10-05T02:04:07.2278545Z 
Native owner (ubuntu-24.04)	Test optional calibration package floor	2026-10-05T02:04:07.2279009Z running 1 test
Native owner (ubuntu-24.04)	Test optional calibration package floor	2026-10-05T02:04:07.2280921Z test legacy_smoke_bytes_match_frozen_custom_format_and_roundtrip ... ok
Native owner (ubuntu-24.04)	Test optional calibration package floor	2026-10-05T02:04:07.2281188Z 
Native owner (ubuntu-24.04)	Test optional calibration package floor	2026-10-05T02:04:07.2281451Z test result: ok. 1 passed; 0 failed; 0 ignored; 0 measured; 0 filtered out; finished in 0.00s
Native owner (ubuntu-24.04)	Test optional calibration package floor	2026-10-05T02:04:07.2281702Z 
Native owner (ubuntu-24.04)	Test optional calibration package floor	2026-10-05T02:04:07.2282694Z      Running tests/resource_lifecycle_v1.rs (target/debug/deps/resource_lifecycle_v1-1a71ed9aa2923a9a)
Native owner (ubuntu-24.04)	Test optional calibration package floor	2026-10-05T02:04:07.2291660Z 
Native owner (ubuntu-24.04)	Test optional calibration package floor	2026-10-05T02:04:07.2291778Z running 6 tests
Native owner (ubuntu-24.04)	Test optional calibration package floor	2026-10-05T02:04:07.2305469Z test engine_records_cover_every_enum_token_and_full_width_values ... ok
Native owner (ubuntu-24.04)	Test optional calibration package floor	2026-10-05T02:04:07.2309311Z test frozen_schema_order_types_nullability_and_metadata_match_contract ... ok
Native owner (ubuntu-24.04)	Test optional calibration package floor	2026-10-05T02:04:07.2309833Z test empty_batch_and_manual_work_nulls_are_typed_and_distinct_from_zero ... ok
Native owner (ubuntu-24.04)	Test optional calibration package floor	2026-10-05T02:04:07.2310329Z test every_column_maps_the_expected_source_value ... ok
Native owner (ubuntu-24.04)	Test optional calibration package floor	2026-10-05T02:04:07.2310718Z test rejects_malformed_event_order_run_ids_and_snapshot_references ... ok
Native owner (ubuntu-24.04)	Test optional calibration package floor	2026-10-05T02:04:07.2313085Z test bounded_arrowio_stream_and_file_roundtrip_preserve_all_columns_and_metadata ... ok
Native owner (ubuntu-24.04)	Test optional calibration package floor	2026-10-05T02:04:07.2313559Z 
Native owner (ubuntu-24.04)	Test optional calibration package floor	2026-10-05T02:04:07.2313859Z test result: ok. 6 passed; 0 failed; 0 ignored; 0 measured; 0 filtered out; finished in 0.00s
Native owner (ubuntu-24.04)	Test optional calibration package floor	2026-10-05T02:04:07.2314278Z 
Native owner (ubuntu-24.04)	Test optional calibration package floor	2026-10-05T02:04:07.2315770Z      Running tests/schema_compatibility.rs (target/debug/deps/schema_compatibility-9785683f3e01b8d2)
Native owner (ubuntu-24.04)	Test optional calibration package floor	2026-10-05T02:04:07.2323309Z 
Native owner (ubuntu-24.04)	Test optional calibration package floor	2026-10-05T02:04:07.2323723Z running 4 tests
Native owner (ubuntu-24.04)	Test optional calibration package floor	2026-10-05T02:04:07.2326252Z test event_log_schema_is_stable_for_binding_consumers ... ok
Native owner (ubuntu-24.04)	Test optional calibration package floor	2026-10-05T02:04:07.2326733Z test checked_in_schema_json_matches_runtime_contract ... ok
Native owner (ubuntu-24.04)	Test optional calibration package floor	2026-10-05T02:04:07.2327172Z test event_log_schema_fingerprint_is_stable ... ok
Native owner (ubuntu-24.04)	Test optional calibration package floor	2026-10-05T02:04:07.2327736Z test event_log_smoke_roundtrip_preserves_ordering_fields ... ok
Native owner (ubuntu-24.04)	Test optional calibration package floor	2026-10-05T02:04:07.2328018Z 
Native owner (ubuntu-24.04)	Test optional calibration package floor	2026-10-05T02:04:07.2328236Z test result: ok. 4 passed; 0 failed; 0 ignored; 0 measured; 0 filtered out; finished in 0.00s
Native owner (ubuntu-24.04)	Test optional calibration package floor	2026-10-05T02:04:07.2328735Z 
Native owner (ubuntu-24.04)	Test optional calibration package floor	2026-10-05T02:04:07.2328987Z      Running tests/trace_time.rs (target/debug/deps/trace_time-750ee5feead482c5)
Native owner (ubuntu-24.04)	Test optional calibration package floor	2026-10-05T02:04:07.2334779Z 
Native owner (ubuntu-24.04)	Test optional calibration package floor	2026-10-05T02:04:07.2335007Z running 6 tests
Native owner (ubuntu-24.04)	Test optional calibration package floor	2026-10-05T02:04:07.2336996Z test exclusions_and_explicit_lineage_have_standard_error_and_preserve_meaning ... ok
Native owner (ubuntu-24.04)	Test optional calibration package floor	2026-10-05T02:04:07.2337914Z test minute_precision_is_retained_and_episode_end_does_not_imply_departure ... ok
Native owner (ubuntu-24.04)	Test optional calibration package floor	2026-10-05T02:04:07.2338535Z test occurrence_requires_the_right_clock_role_and_present_lineage ... ok
Native owner (ubuntu-24.04)	Test optional calibration package floor	2026-10-05T02:04:07.2339214Z test relative_ticks_are_exact_and_reject_pre_origin ... ok
Native owner (ubuntu-24.04)	Test optional calibration package floor	2026-10-05T02:04:07.2339725Z test unresolved_or_coarse_timestamps_are_exclusions_not_fabricated_ticks ... ok
Native owner (ubuntu-24.04)	Test optional calibration package floor	2026-10-05T02:04:07.2340426Z test valid_boarding_after_episode_end_is_not_rejected_as_reversed_location_time ... ok
Native owner (ubuntu-24.04)	Test optional calibration package floor	2026-10-05T02:04:07.2340774Z 
Native owner (ubuntu-24.04)	Test optional calibration package floor	2026-10-05T02:04:07.2341045Z test result: ok. 6 passed; 0 failed; 0 ignored; 0 measured; 0 filtered out; finished in 0.00s
Native owner (ubuntu-24.04)	Test optional calibration package floor	2026-10-05T02:04:07.2341296Z 
Native owner (ubuntu-24.04)	Test optional calibration package floor	2026-10-05T02:04:07.2341526Z      Running tests/trace_time_roles_v1.rs (target/debug/deps/trace_time_roles_v1-8ecb5d13bda48d7e)
Native owner (ubuntu-24.04)	Test optional calibration package floor	2026-10-05T02:04:07.2346096Z 
Native owner (ubuntu-24.04)	Test optional calibration package floor	2026-10-05T02:04:07.2346206Z running 6 tests
Native owner (ubuntu-24.04)	Test optional calibration package floor	2026-10-05T02:04:07.2348434Z test every_role_has_exact_full_signed_span_and_origin ... ok
Native owner (ubuntu-24.04)	Test optional calibration package floor	2026-10-05T02:04:07.2349305Z test accepted_occurrence_projects_to_unchanged_wrapper_fields ... ok
Native owner (ubuntu-24.04)	Test optional calibration package floor	2026-10-05T02:04:07.2349799Z test each_role_retains_existing_exclusion_classification ... ok
Native owner (ubuntu-24.04)	Test optional calibration package floor	2026-10-05T02:04:07.2350272Z test every_role_precision_and_lineage_is_preserved ... ok
Native owner (ubuntu-24.04)	Test optional calibration package floor	2026-10-05T02:04:07.2350783Z test occurrence_wrapper_preserves_missing_and_role_precedence ... ok
Native owner (ubuntu-24.04)	Test optional calibration package floor	2026-10-05T02:04:07.2351250Z test shared_error_precedence_is_not_reordered ... ok
Native owner (ubuntu-24.04)	Test optional calibration package floor	2026-10-05T02:04:07.2351488Z 
Native owner (ubuntu-24.04)	Test optional calibration package floor	2026-10-05T02:04:07.2351788Z test result: ok. 6 passed; 0 failed; 0 ignored; 0 measured; 0 filtered out; finished in 0.00s
Native owner (ubuntu-24.04)	Test optional calibration package floor	2026-10-05T02:04:07.2352022Z 
Native owner (ubuntu-24.04)	Test optional calibration package floor	2026-10-05T02:04:07.2352389Z      Running tests/trace_time_signed_span.rs (target/debug/deps/trace_time_signed_span-23fea8e449e5ac18)
Native owner (ubuntu-24.04)	Test optional calibration package floor	2026-10-05T02:04:07.2357357Z 
Native owner (ubuntu-24.04)	Test optional calibration package floor	2026-10-05T02:04:07.2357544Z running 1 test
Native owner (ubuntu-24.04)	Test optional calibration package floor	2026-10-05T02:04:07.2358885Z test relative_ticks_accepts_full_ordered_signed_domain ... ok
Native owner (ubuntu-24.04)	Test optional calibration package floor	2026-10-05T02:04:07.2359191Z 
Native owner (ubuntu-24.04)	Test optional calibration package floor	2026-10-05T02:04:07.2359416Z test result: ok. 1 passed; 0 failed; 0 ignored; 0 measured; 0 filtered out; finished in 0.00s
Native owner (ubuntu-24.04)	Test optional calibration package floor	2026-10-05T02:04:07.2359777Z 
Native owner (ubuntu-24.04)	Test optional calibration package floor	2026-10-05T02:04:07.2360223Z    Doc-tests kairo_ecs_arrow
Native owner (ubuntu-24.04)	Test optional calibration package floor	2026-10-05T02:04:07.2625493Z 
Native owner (ubuntu-24.04)	Test optional calibration package floor	2026-10-05T02:04:07.2625875Z running 0 tests
Native owner (ubuntu-24.04)	Test optional calibration package floor	2026-10-05T02:04:07.2626043Z 
Native owner (ubuntu-24.04)	Test optional calibration package floor	2026-10-05T02:04:07.2626261Z test result: ok. 0 passed; 0 failed; 0 ignored; 0 measured; 0 filtered out; finished in 0.00s
Native owner (ubuntu-24.04)	Test optional calibration package floor	2026-10-05T02:04:07.2626589Z 
Native owner (ubuntu-24.04)	Initialize Arrow IO Rust 1.99.0 evidence directory	﻿2026-10-05T02:04:07.2709932Z ##[group]Run mkdir -p ".artifacts/ci/arrow-io/1.99.0/ubuntu-24.04"
Native owner (ubuntu-24.04)	Initialize Arrow IO Rust 1.99.0 evidence directory	2026-10-05T02:04:07.2710365Z ^[[36;1mmkdir -p ".artifacts/ci/arrow-io/1.99.0/ubuntu-24.04"^[[0m
Native owner (ubuntu-24.04)	Initialize Arrow IO Rust 1.99.0 evidence directory	2026-10-05T02:04:07.2744885Z shell: /usr/bin/bash -e {0}
Native owner (ubuntu-24.04)	Initialize Arrow IO Rust 1.99.0 evidence directory	2026-10-05T02:04:07.2745163Z ##[endgroup]
Native owner (ubuntu-24.04)	Install pinned Python for Arrow IO interoperability	﻿2026-10-05T02:04:07.3004422Z ##[group]Run actions/setup-python@a309ff8b426b58ec0e2a45f0f869d46889d02405
Native owner (ubuntu-24.04)	Install pinned Python for Arrow IO interoperability	2026-10-05T02:04:07.3004700Z with:
Native owner (ubuntu-24.04)	Install pinned Python for Arrow IO interoperability	2026-10-05T02:04:07.3004848Z   python-version: 3.14.8
Native owner (ubuntu-24.04)	Install pinned Python for Arrow IO interoperability	2026-10-05T02:04:07.3005015Z   check-latest: false
Native owner (ubuntu-24.04)	Install pinned Python for Arrow IO interoperability	2026-10-05T02:04:07.3006762Z   token: ***
Native owner (ubuntu-24.04)	Install pinned Python for Arrow IO interoperability	2026-10-05T02:04:07.3006920Z   update-environment: true
Native owner (ubuntu-24.04)	Install pinned Python for Arrow IO interoperability	2026-10-05T02:04:07.3007212Z   allow-prereleases: false
Native owner (ubuntu-24.04)	Install pinned Python for Arrow IO interoperability	2026-10-05T02:04:07.3007366Z   freethreaded: false
Native owner (ubuntu-24.04)	Install pinned Python for Arrow IO interoperability	2026-10-05T02:04:07.3007511Z ##[endgroup]
Native owner (ubuntu-24.04)	Install pinned Python for Arrow IO interoperability	2026-10-05T02:04:07.3935711Z ##[group]Installed versions
Native owner (ubuntu-24.04)	Install pinned Python for Arrow IO interoperability	2026-10-05T02:04:07.3951111Z Version 3.14.8 was not found in the local cache
Native owner (ubuntu-24.04)	Install pinned Python for Arrow IO interoperability	2026-10-05T02:04:08.2096079Z Version 3.14.8 is available for downloading
Native owner (ubuntu-24.04)	Install pinned Python for Arrow IO interoperability	2026-10-05T02:04:08.2097088Z Download from "https://github.com/actions/python-versions/releases/download/3.14.8-36806082737/python-3.14.8-linux-24.04-x64.tar.gz"
Native owner (ubuntu-24.04)	Install pinned Python for Arrow IO interoperability	2026-10-05T02:04:08.7997572Z Extract downloaded archive
Native owner (ubuntu-24.04)	Install pinned Python for Arrow IO interoperability	2026-10-05T02:04:08.8085522Z [command]/usr/bin/tar xz --warning=no-unknown-keyword --overwrite -C /home/runner/work/_temp/39093b1a-d95c-45a7-9371-b5dbc49e7fa6 -f /home/runner/work/_temp/125f8130-d399-45a3-883d-b7006786ee7c
Native owner (ubuntu-24.04)	Install pinned Python for Arrow IO interoperability	2026-10-05T02:04:10.6379143Z Execute installation script
Native owner (ubuntu-24.04)	Install pinned Python for Arrow IO interoperability	2026-10-05T02:04:10.6463003Z Check if Python hostedtoolcache folder exist...
Native owner (ubuntu-24.04)	Install pinned Python for Arrow IO interoperability	2026-10-05T02:04:10.6463438Z Create Python 3.14.8 folder
Native owner (ubuntu-24.04)	Install pinned Python for Arrow IO interoperability	2026-10-05T02:04:10.6470981Z Copy Python binaries to hostedtoolcache folder
Native owner (ubuntu-24.04)	Install pinned Python for Arrow IO interoperability	2026-10-05T02:04:10.8804674Z Create additional symlinks (Required for the UsePythonVersion Azure Pipelines task and the setup-python GitHub Action)
Native owner (ubuntu-24.04)	Install pinned Python for Arrow IO interoperability	2026-10-05T02:04:10.8832197Z Upgrading pip...
Native owner (ubuntu-24.04)	Install pinned Python for Arrow IO interoperability	2026-10-05T02:04:14.0499782Z Collecting pip
Native owner (ubuntu-24.04)	Install pinned Python for Arrow IO interoperability	2026-10-05T02:04:14.1180656Z Downloading pip-26.2.1-py3-none-any.whl.metadata (4.6 kB)
Native owner (ubuntu-24.04)	Install pinned Python for Arrow IO interoperability	2026-10-05T02:04:14.1356236Z Downloading pip-26.2.1-py3-none-any.whl (1.8 MB)
Native owner (ubuntu-24.04)	Install pinned Python for Arrow IO interoperability	2026-10-05T02:04:14.2332588Z ━━━━━━━━━━━━━━━━━━━━━━━━━━━━━━━━━━━━━━━━ 1.8/1.8 MB 27.5 MB/s  0:00:00
Native owner (ubuntu-24.04)	Install pinned Python for Arrow IO interoperability	2026-10-05T02:04:14.2332920Z 
Native owner (ubuntu-24.04)	Install pinned Python for Arrow IO interoperability	2026-10-05T02:04:14.3037002Z Installing collected packages: pip
Native owner (ubuntu-24.04)	Install pinned Python for Arrow IO interoperability	2026-10-05T02:04:14.3037908Z Attempting uninstall: pip
Native owner (ubuntu-24.04)	Install pinned Python for Arrow IO interoperability	2026-10-05T02:04:14.3052568Z Found existing installation: pip 26.2.1
Native owner (ubuntu-24.04)	Install pinned Python for Arrow IO interoperability	2026-10-05T02:04:14.3202480Z Uninstalling pip-26.2.1:
Native owner (ubuntu-24.04)	Install pinned Python for Arrow IO interoperability	2026-10-05T02:04:14.3233353Z Successfully uninstalled pip-26.2.1
Native owner (ubuntu-24.04)	Install pinned Python for Arrow IO interoperability	2026-10-05T02:04:15.0953078Z Successfully installed pip-26.2.1
Native owner (ubuntu-24.04)	Install pinned Python for Arrow IO interoperability	2026-10-05T02:04:15.1600953Z Create complete file
Native owner (ubuntu-24.04)	Install pinned Python for Arrow IO interoperability	2026-10-05T02:04:15.1629205Z Successfully set up CPython (3.14.8)
Native owner (ubuntu-24.04)	Install pinned Python for Arrow IO interoperability	2026-10-05T02:04:15.1630568Z ##[endgroup]
Native owner (ubuntu-24.04)	Q5.1 deterministic queues and bounded SimPy reference	﻿2026-10-05T02:04:15.1724919Z ##[group]Run set -euo pipefail
Native owner (ubuntu-24.04)	Q5.1 deterministic queues and bounded SimPy reference	2026-10-05T02:04:15.1725180Z ^[[36;1mset -euo pipefail^[[0m
Native owner (ubuntu-24.04)	Q5.1 deterministic queues and bounded SimPy reference	2026-10-05T02:04:15.1725465Z ^[[36;1m# Only declared generated CI outputs are ignored; source changes remain visible.^[[0m
Native owner (ubuntu-24.04)	Q5.1 deterministic queues and bounded SimPy reference	2026-10-05T02:04:15.1725860Z ^[[36;1mprintf '%s\n' '/.artifacts/ci/' >> "$(git rev-parse --git-path info/exclude)"^[[0m
Native owner (ubuntu-24.04)	Q5.1 deterministic queues and bounded SimPy reference	2026-10-05T02:04:15.1726153Z ^[[36;1mlog_dir=".artifacts/ci/q51"^[[0m
Native owner (ubuntu-24.04)	Q5.1 deterministic queues and bounded SimPy reference	2026-10-05T02:04:15.1726347Z ^[[36;1mmkdir -p "$log_dir"^[[0m
Native owner (ubuntu-24.04)	Q5.1 deterministic queues and bounded SimPy reference	2026-10-05T02:04:15.1726557Z ^[[36;1mgit rev-parse HEAD | tee "$log_dir/source.log"^[[0m
Native owner (ubuntu-24.04)	Q5.1 deterministic queues and bounded SimPy reference	2026-10-05T02:04:15.1726836Z ^[[36;1mrustup run 1.99.0 cargo -V | tee -a "$log_dir/source.log"^[[0m
Native owner (ubuntu-24.04)	Q5.1 deterministic queues and bounded SimPy reference	2026-10-05T02:04:15.1727129Z ^[[36;1mrustup run 1.99.0 rustc -vV | tee -a "$log_dir/source.log"^[[0m
Native owner (ubuntu-24.04)	Q5.1 deterministic queues and bounded SimPy reference	2026-10-05T02:04:15.1727672Z ^[[36;1mrustup run 1.99.0 cargo test --locked -p kairo-ecs-des --test flow_determinism_conformance_v1 --test flow_preemption_property_v1 -- --nocapture 2>&1 | tee "$log_dir/debug.log"^[[0m
Native owner (ubuntu-24.04)	Q5.1 deterministic queues and bounded SimPy reference	2026-10-05T02:04:15.1728345Z ^[[36;1mrustup run 1.99.0 cargo test --locked -p kairo-ecs-des --release -- --nocapture 2>&1 | tee "$log_dir/release.log"^[[0m
Native owner (ubuntu-24.04)	Q5.1 deterministic queues and bounded SimPy reference	2026-10-05T02:04:15.1729149Z ^[[36;1mrustup run 1.99.0 cargo run --locked -p kairo-ecs-des --example flow_simpy_shared_v1 > "$log_dir/rust.json" 2> "$log_dir/rust-emitter.log"^[[0m
Native owner (ubuntu-24.04)	Q5.1 deterministic queues and bounded SimPy reference	2026-10-05T02:04:15.1729790Z ^[[36;1mpython -m unittest discover -s tests/conformance -p queue_simpy_v1_test.py -v 2>&1 | tee "$log_dir/comparator-tests.log"^[[0m
Native owner (ubuntu-24.04)	Q5.1 deterministic queues and bounded SimPy reference	2026-10-05T02:04:15.1730215Z ^[[36;1mreference_dir="$RUNNER_TEMP/q51-reference-python"^[[0m
Native owner (ubuntu-24.04)	Q5.1 deterministic queues and bounded SimPy reference	2026-10-05T02:04:15.1730457Z ^[[36;1mpython -m venv "$reference_dir"^[[0m
Native owner (ubuntu-24.04)	Q5.1 deterministic queues and bounded SimPy reference	2026-10-05T02:04:15.1730746Z ^[[36;1m"$reference_dir/bin/python" --version | tee "$log_dir/reference-install.log"^[[0m
Native owner (ubuntu-24.04)	Q5.1 deterministic queues and bounded SimPy reference	2026-10-05T02:04:15.1731465Z ^[[36;1m"$reference_dir/bin/python" -m pip install --disable-pip-version-check --no-input --only-binary=:all: --no-deps --require-hashes -r tests/conformance/queue_simpy_v1_requirements.txt 2>&1 | tee -a "$log_dir/reference-install.log"^[[0m
Native owner (ubuntu-24.04)	Q5.1 deterministic queues and bounded SimPy reference	2026-10-05T02:04:15.1732503Z ^[[36;1m"$reference_dir/bin/python" tests/conformance/queue_simpy_v1.py --rust-trace "$log_dir/rust.json" --output "$log_dir/comparison.json" 2>&1 | tee "$log_dir/reference.log"^[[0m
Native owner (ubuntu-24.04)	Q5.1 deterministic queues and bounded SimPy reference	2026-10-05T02:04:15.1769536Z shell: /usr/bin/bash -e {0}
Native owner (ubuntu-24.04)	Q5.1 deterministic queues and bounded SimPy reference	2026-10-05T02:04:15.1769754Z env:
Native owner (ubuntu-24.04)	Q5.1 deterministic queues and bounded SimPy reference	2026-10-05T02:04:15.1769965Z   pythonLocation: /opt/hostedtoolcache/Python/3.14.8/x64
Native owner (ubuntu-24.04)	Q5.1 deterministic queues and bounded SimPy reference	2026-10-05T02:04:15.1770289Z   PKG_CONFIG_PATH: /opt/hostedtoolcache/Python/3.14.8/x64/lib/pkgconfig
Native owner (ubuntu-24.04)	Q5.1 deterministic queues and bounded SimPy reference	2026-10-05T02:04:15.1770645Z   Python_ROOT_DIR: /opt/hostedtoolcache/Python/3.14.8/x64
Native owner (ubuntu-24.04)	Q5.1 deterministic queues and bounded SimPy reference	2026-10-05T02:04:15.1770921Z   Python2_ROOT_DIR: /opt/hostedtoolcache/Python/3.14.8/x64
Native owner (ubuntu-24.04)	Q5.1 deterministic queues and bounded SimPy reference	2026-10-05T02:04:15.1771190Z   Python3_ROOT_DIR: /opt/hostedtoolcache/Python/3.14.8/x64
Native owner (ubuntu-24.04)	Q5.1 deterministic queues and bounded SimPy reference	2026-10-05T02:04:15.1771610Z   LD_LIBRARY_PATH: /opt/hostedtoolcache/Python/3.14.8/x64/lib
Native owner (ubuntu-24.04)	Q5.1 deterministic queues and bounded SimPy reference	2026-10-05T02:04:15.1771920Z ##[endgroup]
Native owner (ubuntu-24.04)	Q5.1 deterministic queues and bounded SimPy reference	2026-10-05T02:04:15.1852810Z 6f9560c3092325e26d6bb8c156c842577caabd9c
Native owner (ubuntu-24.04)	Q5.1 deterministic queues and bounded SimPy reference	2026-10-05T02:04:15.1915127Z cargo 1.99.0 (5f94df478 2026-08-27)
Native owner (ubuntu-24.04)	Q5.1 deterministic queues and bounded SimPy reference	2026-10-05T02:04:15.2003398Z rustc 1.99.0 (b940084d7 2026-09-28)
Native owner (ubuntu-24.04)	Q5.1 deterministic queues and bounded SimPy reference	2026-10-05T02:04:15.2003846Z binary: rustc
Native owner (ubuntu-24.04)	Q5.1 deterministic queues and bounded SimPy reference	2026-10-05T02:04:15.2004122Z commit-hash: b940084d7eb6a299eb4bfeb8e34901bc051e7ac4
Native owner (ubuntu-24.04)	Q5.1 deterministic queues and bounded SimPy reference	2026-10-05T02:04:15.2004423Z commit-date: 2026-09-28
Native owner (ubuntu-24.04)	Q5.1 deterministic queues and bounded SimPy reference	2026-10-05T02:04:15.2004730Z host: x86_64-unknown-linux-gnu
Native owner (ubuntu-24.04)	Q5.1 deterministic queues and bounded SimPy reference	2026-10-05T02:04:15.2005031Z release: 1.99.0
Native owner (ubuntu-24.04)	Q5.1 deterministic queues and bounded SimPy reference	2026-10-05T02:04:15.2005243Z LLVM version: 23.1.1
Native owner (ubuntu-24.04)	Q5.1 deterministic queues and bounded SimPy reference	2026-10-05T02:04:15.2480172Z     Finished `test` profile [unoptimized + debuginfo] target(s) in 0.04s
Native owner (ubuntu-24.04)	Q5.1 deterministic queues and bounded SimPy reference	2026-10-05T02:04:15.2490134Z      Running tests/flow_determinism_conformance_v1.rs (target/debug/deps/flow_determinism_conformance_v1-be6f5c0e3e970476)
Native owner (ubuntu-24.04)	Q5.1 deterministic queues and bounded SimPy reference	2026-10-05T02:04:15.2497067Z 
Native owner (ubuntu-24.04)	Q5.1 deterministic queues and bounded SimPy reference	2026-10-05T02:04:15.2497161Z running 1 test
Native owner (ubuntu-24.04)	Q5.1 deterministic queues and bounded SimPy reference	2026-10-05T02:04:15.2539829Z Q51_BATCH workers=1 assignment=ordered traces=24 completion_order=[0] aggregate_fnv1a64=47cfb7dca4211252
Native owner (ubuntu-24.04)	Q5.1 deterministic queues and bounded SimPy reference	2026-10-05T02:04:15.2578391Z Q51_BATCH workers=1 assignment=ordered traces=24 completion_order=[0] aggregate_fnv1a64=47cfb7dca4211252
Native owner (ubuntu-24.04)	Q5.1 deterministic queues and bounded SimPy reference	2026-10-05T02:04:15.2619254Z Q51_BATCH workers=1 assignment=reversed traces=24 completion_order=[0] aggregate_fnv1a64=47cfb7dca4211252
Native owner (ubuntu-24.04)	Q5.1 deterministic queues and bounded SimPy reference	2026-10-05T02:04:15.2660150Z Q51_BATCH workers=1 assignment=ordered traces=24 completion_order=[0] aggregate_fnv1a64=47cfb7dca4211252
Native owner (ubuntu-24.04)	Q5.1 deterministic queues and bounded SimPy reference	2026-10-05T02:04:15.2700185Z Q51_BATCH workers=1 assignment=reversed traces=24 completion_order=[0] aggregate_fnv1a64=47cfb7dca4211252
Native owner (ubuntu-24.04)	Q5.1 deterministic queues and bounded SimPy reference	2026-10-05T02:04:15.2740418Z Q51_BATCH workers=1 assignment=permuted traces=24 completion_order=[0] aggregate_fnv1a64=47cfb7dca4211252
Native owner (ubuntu-24.04)	Q5.1 deterministic queues and bounded SimPy reference	2026-10-05T02:04:15.2766004Z Q51_BATCH workers=2 assignment=ordered traces=24 completion_order=[0, 1] aggregate_fnv1a64=47cfb7dca4211252
Native owner (ubuntu-24.04)	Q5.1 deterministic queues and bounded SimPy reference	2026-10-05T02:04:15.2790732Z Q51_BATCH workers=2 assignment=reversed traces=24 completion_order=[1, 0] aggregate_fnv1a64=47cfb7dca4211252
Native owner (ubuntu-24.04)	Q5.1 deterministic queues and bounded SimPy reference	2026-10-05T02:04:15.2815005Z Q51_BATCH workers=2 assignment=permuted traces=24 completion_order=[1, 0] aggregate_fnv1a64=47cfb7dca4211252
Native owner (ubuntu-24.04)	Q5.1 deterministic queues and bounded SimPy reference	2026-10-05T02:04:15.2837350Z Q51_BATCH workers=4 assignment=ordered traces=24 completion_order=[0, 1, 2, 3] aggregate_fnv1a64=47cfb7dca4211252
Native owner (ubuntu-24.04)	Q5.1 deterministic queues and bounded SimPy reference	2026-10-05T02:04:15.2860155Z Q51_BATCH workers=4 assignment=reversed traces=24 completion_order=[3, 2, 1, 0] aggregate_fnv1a64=47cfb7dca4211252
Native owner (ubuntu-24.04)	Q5.1 deterministic queues and bounded SimPy reference	2026-10-05T02:04:15.2883365Z Q51_BATCH workers=4 assignment=permuted traces=24 completion_order=[1, 0, 3, 2] aggregate_fnv1a64=47cfb7dca4211252
Native owner (ubuntu-24.04)	Q5.1 deterministic queues and bounded SimPy reference	2026-10-05T02:04:15.2886951Z test independent_replications_match_across_repeat_and_worker_schedules ... ok
Native owner (ubuntu-24.04)	Q5.1 deterministic queues and bounded SimPy reference	2026-10-05T02:04:15.2887194Z 
Native owner (ubuntu-24.04)	Q5.1 deterministic queues and bounded SimPy reference	2026-10-05T02:04:15.2887380Z test result: ok. 1 passed; 0 failed; 0 ignored; 0 measured; 0 filtered out; finished in 0.04s
Native owner (ubuntu-24.04)	Q5.1 deterministic queues and bounded SimPy reference	2026-10-05T02:04:15.2887662Z 
Native owner (ubuntu-24.04)	Q5.1 deterministic queues and bounded SimPy reference	2026-10-05T02:04:15.2889230Z      Running tests/flow_preemption_property_v1.rs (target/debug/deps/flow_preemption_property_v1-adafdd5cc8b47b2b)
Native owner (ubuntu-24.04)	Q5.1 deterministic queues and bounded SimPy reference	2026-10-05T02:04:15.2896078Z 
Native owner (ubuntu-24.04)	Q5.1 deterministic queues and bounded SimPy reference	2026-10-05T02:04:15.2896173Z running 1 test
Native owner (ubuntu-24.04)	Q5.1 deterministic queues and bounded SimPy reference	2026-10-05T02:04:15.5114544Z test seeded_timed_cycles_match_independent_interval_model_v1 ... ok
Native owner (ubuntu-24.04)	Q5.1 deterministic queues and bounded SimPy reference	2026-10-05T02:04:15.5115079Z 
Native owner (ubuntu-24.04)	Q5.1 deterministic queues and bounded SimPy reference	2026-10-05T02:04:15.5115255Z test result: ok. 1 passed; 0 failed; 0 ignored; 0 measured; 0 filtered out; finished in 0.22s
Native owner (ubuntu-24.04)	Q5.1 deterministic queues and bounded SimPy reference	2026-10-05T02:04:15.5115505Z 
Native owner (ubuntu-24.04)	Q5.1 deterministic queues and bounded SimPy reference	2026-10-05T02:04:15.5447958Z    Compiling proc-macro2 v1.0.106
Native owner (ubuntu-24.04)	Q5.1 deterministic queues and bounded SimPy reference	2026-10-05T02:04:15.5454480Z    Compiling unicode-ident v1.0.24
Native owner (ubuntu-24.04)	Q5.1 deterministic queues and bounded SimPy reference	2026-10-05T02:04:15.5463880Z    Compiling quote v1.0.45
Native owner (ubuntu-24.04)	Q5.1 deterministic queues and bounded SimPy reference	2026-10-05T02:04:15.5464456Z    Compiling kairo-ecs-types v0.0.0 (/home/runner/work/kairos/kairos/crates/kairo-ecs-types)
Native owner (ubuntu-24.04)	Q5.1 deterministic queues and bounded SimPy reference	2026-10-05T02:04:15.5974375Z    Compiling thiserror v2.0.20
Native owner (ubuntu-24.04)	Q5.1 deterministic queues and bounded SimPy reference	2026-10-05T02:04:15.6363850Z    Compiling kairo-ecs-rng v0.0.0 (/home/runner/work/kairos/kairos/crates/kairo-ecs-rng)
Native owner (ubuntu-24.04)	Q5.1 deterministic queues and bounded SimPy reference	2026-10-05T02:04:15.6427960Z    Compiling kairo-ecs-state v0.0.0 (/home/runner/work/kairos/kairos/crates/kairo-ecs-state)
Native owner (ubuntu-24.04)	Q5.1 deterministic queues and bounded SimPy reference	2026-10-05T02:04:15.6826254Z    Compiling kairo-ecs-core v0.0.0 (/home/runner/work/kairos/kairos/crates/kairo-ecs-core)
Native owner (ubuntu-24.04)	Q5.1 deterministic queues and bounded SimPy reference	2026-10-05T02:04:16.0601107Z    Compiling syn v3.0.6
Native owner (ubuntu-24.04)	Q5.1 deterministic queues and bounded SimPy reference	2026-10-05T02:04:16.9485903Z    Compiling thiserror-impl v2.0.20
Native owner (ubuntu-24.04)	Q5.1 deterministic queues and bounded SimPy reference	2026-10-05T02:04:17.3482308Z    Compiling kairo-ecs-des v0.1.0 (/home/runner/work/kairos/kairos/crates/kairo-ecs-des)
Native owner (ubuntu-24.04)	Q5.1 deterministic queues and bounded SimPy reference	2026-10-05T02:04:35.4186241Z     Finished `release` profile [optimized] target(s) in 19.89s
Native owner (ubuntu-24.04)	Q5.1 deterministic queues and bounded SimPy reference	2026-10-05T02:04:35.4209016Z      Running unittests src/lib.rs (target/release/deps/kairo_ecs_des-e718b81ac879d362)
Native owner (ubuntu-24.04)	Q5.1 deterministic queues and bounded SimPy reference	2026-10-05T02:04:35.4216580Z 
Native owner (ubuntu-24.04)	Q5.1 deterministic queues and bounded SimPy reference	2026-10-05T02:04:35.4217004Z running 125 tests
Native owner (ubuntu-24.04)	Q5.1 deterministic queues and bounded SimPy reference	2026-10-05T02:04:35.4220628Z test flow::actor_domain_private_tests::carrier_cleanup_corruption_retains_despawn_head_and_context ... ok
Native owner (ubuntu-24.04)	Q5.1 deterministic queues and bounded SimPy reference	2026-10-05T02:04:35.4221542Z test flow::actor_domain_private_tests::carrier_active_resource_cleanup_overflow_retains_allocation_queue_and_progress ... ok
Native owner (ubuntu-24.04)	Q5.1 deterministic queues and bounded SimPy reference	2026-10-05T02:04:35.4222352Z test flow::actor_domain_private_tests::carrier_batch_counter_overflow_reserves_nothing ... ok
Native owner (ubuntu-24.04)	Q5.1 deterministic queues and bounded SimPy reference	2026-10-05T02:04:35.4223173Z test flow::actor_domain_private_tests::carrier_aggregate_cleanup_overflow_retains_exact_head ... ok
Native owner (ubuntu-24.04)	Q5.1 deterministic queues and bounded SimPy reference	2026-10-05T02:04:35.4223985Z test flow::actor_domain_private_tests::carrier_cleanup_counts_actor_and_each_owned_work_once ... ok
Native owner (ubuntu-24.04)	Q5.1 deterministic queues and bounded SimPy reference	2026-10-05T02:04:35.4224768Z test flow::actor_domain_private_tests::carrier_creation_counter_overflow_has_no_partial_entity_or_index ... ok
Native owner (ubuntu-24.04)	Q5.1 deterministic queues and bounded SimPy reference	2026-10-05T02:04:35.4225795Z test flow::actor_domain_private_tests::carrier_corrupt_role_index_and_metadata_retain_domain_head ... ok
Native owner (ubuntu-24.04)	Q5.1 deterministic queues and bounded SimPy reference	2026-10-05T02:04:35.4226400Z test flow::actor_domain_private_tests::carrier_creation_orphan_and_task_index_reject_atomically ... ok
Native owner (ubuntu-24.04)	Q5.1 deterministic queues and bounded SimPy reference	2026-10-05T02:04:35.4227018Z test flow::actor_domain_private_tests::carrier_missing_spec_with_either_ownership_witness_retains_exact_head ... ok
Native owner (ubuntu-24.04)	Q5.1 deterministic queues and bounded SimPy reference	2026-10-05T02:04:35.4227755Z test flow::actor_domain_private_tests::carrier_missing_context_is_consumed_stale_not_structural_error ... ok
Native owner (ubuntu-24.04)	Q5.1 deterministic queues and bounded SimPy reference	2026-10-05T02:04:35.4228352Z test flow::actor_domain_private_tests::task_missing_spec_remains_consumed_stale ... ok
Native owner (ubuntu-24.04)	Q5.1 deterministic queues and bounded SimPy reference	2026-10-05T02:04:35.4229308Z test flow::buffered_despawn_private_tests::despawn_aggregate_cleanup_overflow_retains_pending_reservation_and_exact_head ... ok
Native owner (ubuntu-24.04)	Q5.1 deterministic queues and bounded SimPy reference	2026-10-05T02:04:35.4230082Z test flow::buffered_despawn_private_tests::despawn_batch_release_then_duplicate_rolls_back_all_reservations ... ok
Native owner (ubuntu-24.04)	Q5.1 deterministic queues and bounded SimPy reference	2026-10-05T02:04:35.4230757Z test flow::buffered_despawn_private_tests::despawn_batch_time_counter_and_cap_failures_roll_back ... ok
Native owner (ubuntu-24.04)	Q5.1 deterministic queues and bounded SimPy reference	2026-10-05T02:04:35.4231381Z test flow::buffered_despawn_private_tests::despawn_batch_acquire_then_despawn_and_reverse_admit_atomically ... ok
Native owner (ubuntu-24.04)	Q5.1 deterministic queues and bounded SimPy reference	2026-10-05T02:04:35.4231995Z test flow::buffered_despawn_private_tests::despawn_budget_fail_stop_retains_pending_head ... ok
Native owner (ubuntu-24.04)	Q5.1 deterministic queues and bounded SimPy reference	2026-10-05T02:04:35.4232623Z test flow::buffered_despawn_private_tests::despawn_direct_duplicate_reservation_preserves_first_event_and_actor ... ok
Native owner (ubuntu-24.04)	Q5.1 deterministic queues and bounded SimPy reference	2026-10-05T02:04:35.4233374Z test flow::buffered_despawn_private_tests::despawn_cleanup_invalidates_old_domain_completion_and_notification_without_callbacks ... ok
Native owner (ubuntu-24.04)	Q5.1 deterministic queues and bounded SimPy reference	2026-10-05T02:04:35.4234046Z test flow::continuation_private::batch_identity_overflow_retains_head_context_and_budget ... ok
Native owner (ubuntu-24.04)	Q5.1 deterministic queues and bounded SimPy reference	2026-10-05T02:04:35.4234571Z test flow::continuation_private::cap_poison_overrides_later_validation_and_never_grows_vector ... ok
Native owner (ubuntu-24.04)	Q5.1 deterministic queues and bounded SimPy reference	2026-10-05T02:04:35.4235232Z test flow::continuation_private::batch_time_and_foreign_forward_non_acquire_ticket_rejection_is_atomic ... ok
Native owner (ubuntu-24.04)	Q5.1 deterministic queues and bounded SimPy reference	2026-10-05T02:04:35.4235898Z test flow::continuation_private::committed_batch_receipt_actual_event_and_deadline_order ... ok
Native owner (ubuntu-24.04)	Q5.1 deterministic queues and bounded SimPy reference	2026-10-05T02:04:35.4236563Z test flow::continuation_private::legacy_and_continuation_tokens_aggregate_overflow_before_factory_or_cleanup ... ok
Native owner (ubuntu-24.04)	Q5.1 deterministic queues and bounded SimPy reference	2026-10-05T02:04:35.4237205Z test flow::continuation_private::completed_context_snapshot_and_restart_factory_nonrollback_delivery ... ok
Native owner (ubuntu-24.04)	Q5.1 deterministic queues and bounded SimPy reference	2026-10-05T02:04:35.4237843Z test flow::continuation_private::second_acquire_entity_counter_overflow_rolls_back_every_reservation ... ok
Native owner (ubuntu-24.04)	Q5.1 deterministic queues and bounded SimPy reference	2026-10-05T02:04:35.4238477Z test flow::continuation_private::second_command_scheduler_and_deadline_counter_overflow_has_no_partial_ids ... ok
Native owner (ubuntu-24.04)	Q5.1 deterministic queues and bounded SimPy reference	2026-10-05T02:04:35.4239225Z test flow::domain_view_private_tests::view_batch_identity_overflow_retains_exact_head_and_live_context ... ok
Native owner (ubuntu-24.04)	Q5.1 deterministic queues and bounded SimPy reference	2026-10-05T02:04:35.4239866Z test flow::continuation_private::stale_context_or_work_delivery_zero_cost_and_unregistered_domain_defensive_error ... ok
Native owner (ubuntu-24.04)	Q5.1 deterministic queues and bounded SimPy reference	2026-10-05T02:04:35.4240557Z test flow::buffered_despawn_private_tests::despawn_metadata_and_notification_token_overflow_retains_pending_head ... ok
Native owner (ubuntu-24.04)	Q5.1 deterministic queues and bounded SimPy reference	2026-10-05T02:04:35.4241230Z test flow::domain_view_private_tests::view_missing_context_inspection_is_nonmutating_then_consumed_stale ... ok
Native owner (ubuntu-24.04)	Q5.1 deterministic queues and bounded SimPy reference	2026-10-05T02:04:35.4241919Z test flow::domain_view_private_tests::view_budget_arithmetic_overflow_retains_exact_head_and_live_context ... ok
Native owner (ubuntu-24.04)	Q5.1 deterministic queues and bounded SimPy reference	2026-10-05T02:04:35.4242521Z test flow::domain_view_private_tests::view_missing_descriptor_preserves_consumed_semantic_error ... ok
Native owner (ubuntu-24.04)	Q5.1 deterministic queues and bounded SimPy reference	2026-10-05T02:04:35.4243180Z test flow::q52_bench::benchmark_q52_measurements ... ignored, explicit Q5.2 release measurement; emits supplementary raw rows
Native owner (ubuntu-24.04)	Q5.1 deterministic queues and bounded SimPy reference	2026-10-05T02:04:35.4243835Z test flow::domain_view_private_tests::view_wrong_context_inspection_is_nonmutating_then_consumed_stale ... ok
Native owner (ubuntu-24.04)	Q5.1 deterministic queues and bounded SimPy reference	2026-10-05T02:04:35.4244322Z test flow::q52_bench::q52_kernel_correctness_small ... ok
Native owner (ubuntu-24.04)	Q5.1 deterministic queues and bounded SimPy reference	2026-10-05T02:04:35.4244776Z test flow::q52_deadline_index_tests::deadline_command_checks_future_tuple_and_component_witness ... ok
Native owner (ubuntu-24.04)	Q5.1 deterministic queues and bounded SimPy reference	2026-10-05T02:04:35.4245498Z test flow::q52_deadline_index_tests::due_prefix_restores_resource_then_priority_order_across_deadlines ... ok
Native owner (ubuntu-24.04)	Q5.1 deterministic queues and bounded SimPy reference	2026-10-05T02:04:35.4246077Z test flow::q52_deadline_index_tests::grant_and_preemption_do_not_restore_a_cleared_deadline ... ok
Native owner (ubuntu-24.04)	Q5.1 deterministic queues and bounded SimPy reference	2026-10-05T02:04:35.4246703Z test flow::q52_deadline_index_tests::multi_resource_due_failure_keeps_authoritative_indexes_unchanged ... ok
Native owner (ubuntu-24.04)	Q5.1 deterministic queues and bounded SimPy reference	2026-10-05T02:04:35.4247302Z test flow::q52_deadline_index_tests::pending_and_terminal_deadlines_are_not_indexed_or_rejected ... ok
Native owner (ubuntu-24.04)	Q5.1 deterministic queues and bounded SimPy reference	2026-10-05T02:04:35.4247758Z test flow::q52_deadline_index_tests::resource_removal_checks_deadline_index_and_cleans_component ... ok
Native owner (ubuntu-24.04)	Q5.1 deterministic queues and bounded SimPy reference	2026-10-05T02:04:35.4248214Z test flow::q52_deadline_index_tests::queued_deadline_tracks_rekey_cancel_and_inclusive_expiration ... ok
Native owner (ubuntu-24.04)	Q5.1 deterministic queues and bounded SimPy reference	2026-10-05T02:04:35.4249054Z test flow::q52_deadline_index_tests::touched_active_deadline_is_invalid_and_removal_requires_empty_indexes ... ok
Native owner (ubuntu-24.04)	Q5.1 deterministic queues and bounded SimPy reference	2026-10-05T02:04:35.4249719Z test flow::q52_key_removal_tests::active_reprioritize_updates_lease_without_queue_membership ... ok
Native owner (ubuntu-24.04)	Q5.1 deterministic queues and bounded SimPy reference	2026-10-05T02:04:35.4250174Z test flow::q52_key_removal_tests::despawn_directly_removes_all_owned_waiters_across_resources ... ok
Native owner (ubuntu-24.04)	Q5.1 deterministic queues and bounded SimPy reference	2026-10-05T02:04:35.4250625Z test flow::q52_key_removal_tests::despawn_rolls_back_earlier_resource_when_later_waiting_key_is_corrupt ... ok
Native owner (ubuntu-24.04)	Q5.1 deterministic queues and bounded SimPy reference	2026-10-05T02:04:35.4251124Z test flow::q52_key_removal_tests::missing_or_wrong_waiting_keys_fail_cancel_reprioritize_and_despawn_atomically ... ok
Native owner (ubuntu-24.04)	Q5.1 deterministic queues and bounded SimPy reference	2026-10-05T02:04:35.4251561Z test flow::q52_key_removal_tests::pending_cancel_does_not_require_waiting_key ... ok
Native owner (ubuntu-24.04)	Q5.1 deterministic queues and bounded SimPy reference	2026-10-05T02:04:35.4251970Z test flow::q52_key_removal_tests::queued_cancel_removes_exact_key_and_preserves_tied_peer_order ... ok
Native owner (ubuntu-24.04)	Q5.1 deterministic queues and bounded SimPy reference	2026-10-05T02:04:35.4252509Z test flow::q52_key_removal_tests::queued_reprioritize_preserves_admission_sequence_and_tie_order ... ok
Native owner (ubuntu-24.04)	Q5.1 deterministic queues and bounded SimPy reference	2026-10-05T02:04:35.4253117Z test flow::q52_key_removal_tests::suspended_reprioritize_uses_original_admission_sequence_for_ties ... ok
Native owner (ubuntu-24.04)	Q5.1 deterministic queues and bounded SimPy reference	2026-10-05T02:04:35.4253557Z test flow::q52_key_removal_tests::wrong_waiting_key_fails_replacement_atomically ... ok
Native owner (ubuntu-24.04)	Q5.1 deterministic queues and bounded SimPy reference	2026-10-05T02:04:35.4254009Z test flow::q52_preempting_index_tests::active_reprioritization_keeps_the_request_out_of_the_waiter_index ... ok
Native owner (ubuntu-24.04)	Q5.1 deterministic queues and bounded SimPy reference	2026-10-05T02:04:35.4254531Z test flow::q52_preempting_index_tests::component_count_and_deadline_pair_corruption_fail_before_head_mutation ... ok
Native owner (ubuntu-24.04)	Q5.1 deterministic queues and bounded SimPy reference	2026-10-05T02:04:35.4255040Z test flow::q52_preempting_index_tests::empty_cache_returns_before_poisoned_holder_projection_on_ordinary_submit ... ok
Native owner (ubuntu-24.04)	Q5.1 deterministic queues and bounded SimPy reference	2026-10-05T02:04:35.4255528Z test flow::q52_preempting_index_tests::first_cached_key_is_validated_against_request_and_primary_queue ... ok
Native owner (ubuntu-24.04)	Q5.1 deterministic queues and bounded SimPy reference	2026-10-05T02:04:35.4256003Z test flow::q52_preempting_index_tests::first_cached_key_rejects_request_and_queue_corruption_matrix ... ok
Native owner (ubuntu-24.04)	Q5.1 deterministic queues and bounded SimPy reference	2026-10-05T02:04:35.4256477Z test flow::q52_preempting_index_tests::multi_resource_failure_rolls_back_earlier_preempting_index_changes ... ok
Native owner (ubuntu-24.04)	Q5.1 deterministic queues and bounded SimPy reference	2026-10-05T02:04:35.4256968Z test flow::continuation_private::second_release_duplicate_reservation_rejection_restores_pending_set ... ok
Native owner (ubuntu-24.04)	Q5.1 deterministic queues and bounded SimPy reference	2026-10-05T02:04:35.4257473Z test flow::q52_preempting_index_tests::resource_creation_removal_and_pending_admission_track_exact_cache_membership ... ok
Native owner (ubuntu-24.04)	Q5.1 deterministic queues and bounded SimPy reference	2026-10-05T02:04:35.4257981Z test flow::q52_preempting_index_tests::runtime_cache_tracks_waiting_preemptors_and_excludes_active_requests ... ok
Native owner (ubuntu-24.04)	Q5.1 deterministic queues and bounded SimPy reference	2026-10-05T02:04:35.4258442Z test flow::q52_preempting_index_tests::timeout_despawn_and_grant_remove_waiting_preemptors ... ok
Native owner (ubuntu-24.04)	Q5.1 deterministic queues and bounded SimPy reference	2026-10-05T02:04:35.4259116Z test flow::q52_preempting_index_tests::victim_strategy_requeues_only_suspend_and_restart_preemptors ... ok
Native owner (ubuntu-24.04)	Q5.1 deterministic queues and bounded SimPy reference	2026-10-05T02:04:35.4259751Z test flow::q52_queue_staging_tests::absent_remove_target_keeps_explicit_invalid_resource_error_order ... ok
Native owner (ubuntu-24.04)	Q5.1 deterministic queues and bounded SimPy reference	2026-10-05T02:04:35.4260399Z test flow::q52_queue_staging_tests::despawn_corrupt_second_queue_rejects_without_mutating_first_or_runtime ... ok
Native owner (ubuntu-24.04)	Q5.1 deterministic queues and bounded SimPy reference	2026-10-05T02:04:35.4261052Z test flow::q52_queue_staging_tests::missing_component_on_registered_target_is_structural_before_planning ... ok
Native owner (ubuntu-24.04)	Q5.1 deterministic queues and bounded SimPy reference	2026-10-05T02:04:35.4261757Z test flow::q52_key_removal_tests::suspended_cancel_removes_its_key_and_preserves_urgent_lease ... ok
Native owner (ubuntu-24.04)	Q5.1 deterministic queues and bounded SimPy reference	2026-10-05T02:04:35.4262291Z test flow::queue_delta::tests::equal_key_insert_remove_and_reinsert_cancel_the_delta ... ok
Native owner (ubuntu-24.04)	Q5.1 deterministic queues and bounded SimPy reference	2026-10-05T02:04:35.4263689Z test flow::queue_delta::tests::export_preflight_and_apply_match_independent_baseline ... ok
Native owner (ubuntu-24.04)	Q5.1 deterministic queues and bounded SimPy reference	2026-10-05T02:04:35.4264246Z test flow::queue_delta::tests::failed_apply_is_atomic_for_missing_remove_and_present_addition ... ok
Native owner (ubuntu-24.04)	Q5.1 deterministic queues and bounded SimPy reference	2026-10-05T02:04:35.4265583Z test flow::queue_delta::tests::mixed_operations_match_independent_btree_baseline_and_keep_base_unchanged ... ok
Native owner (ubuntu-24.04)	Q5.1 deterministic queues and bounded SimPy reference	2026-10-05T02:04:35.4266160Z test flow::queue_delta::tests::ordered_iterator_and_cloned_snapshot_are_independent ... ok
Native owner (ubuntu-24.04)	Q5.1 deterministic queues and bounded SimPy reference	2026-10-05T02:04:35.4267671Z test flow::q52_record_staging_tests::despawn_plan_stages_only_affected_records_with_many_unrelated_rows ... ok
Native owner (ubuntu-24.04)	Q5.1 deterministic queues and bounded SimPy reference	2026-10-05T02:04:35.4270183Z test flow::record_delta::tests::clone_is_an_independent_snapshot_and_export_owns_exact_writes ... ok
Native owner (ubuntu-24.04)	Q5.1 deterministic queues and bounded SimPy reference	2026-10-05T02:04:35.4270957Z test flow::queue_delta::tests::tuple_key_rekey_preserves_tie_order_and_applies_export ... ok
Native owner (ubuntu-24.04)	Q5.1 deterministic queues and bounded SimPy reference	2026-10-05T02:04:35.4272388Z test flow::queue_delta::tests::snapshot_clone_cost_scales_with_delta_not_large_base ... ok
Native owner (ubuntu-24.04)	Q5.1 deterministic queues and bounded SimPy reference	2026-10-05T02:04:35.4273133Z test flow::record_delta::tests::insert_replaces_an_existing_base_key_without_mutating_the_base ... ok
Native owner (ubuntu-24.04)	Q5.1 deterministic queues and bounded SimPy reference	2026-10-05T02:04:35.4273969Z test flow::record_delta::tests::mutable_lookup_clones_only_once_and_reads_clone_nothing ... ok
Native owner (ubuntu-24.04)	Q5.1 deterministic queues and bounded SimPy reference	2026-10-05T02:04:35.4275304Z test flow::record_delta::tests::readonly_registry_snapshots_clone_no_records ... ok
Native owner (ubuntu-24.04)	Q5.1 deterministic queues and bounded SimPy reference	2026-10-05T02:04:35.4275914Z test flow::record_delta::tests::reads_through_and_writes_are_boundary_local ... ok
Native owner (ubuntu-24.04)	Q5.1 deterministic queues and bounded SimPy reference	2026-10-05T02:04:35.4276655Z test flow::same_tick_budget_private::arithmetic_injections_preserve_real_head_and_all_admission_state ... ok
Native owner (ubuntu-24.04)	Q5.1 deterministic queues and bounded SimPy reference	2026-10-05T02:04:35.4277718Z test flow::same_tick_budget_private::cleanup_missing_typed_context_or_dead_work_is_rejected_before_consume ... ok
Native owner (ubuntu-24.04)	Q5.1 deterministic queues and bounded SimPy reference	2026-10-05T02:04:35.4278727Z test flow::same_tick_budget_private::missing_owner_context_or_handler_notification_is_zero_cost_at_limit ... ok
Native owner (ubuntu-24.04)	Q5.1 deterministic queues and bounded SimPy reference	2026-10-05T02:04:35.4279385Z test flow::same_tick_budget_private::private_release_due_boundary_budget_is_atomic_in_both_dispositions ... ok
Native owner (ubuntu-24.04)	Q5.1 deterministic queues and bounded SimPy reference	2026-10-05T02:04:35.4280214Z test flow::same_tick_budget_private::restart_factory_is_not_called_for_budget_rejected_resume ... ok
Native owner (ubuntu-24.04)	Q5.1 deterministic queues and bounded SimPy reference	2026-10-05T02:04:35.4281093Z test flow::same_tick_budget_private::zero_duration_admission_is_one_three_row_plan_or_retains_pending_command ... ok
Native owner (ubuntu-24.04)	Q5.1 deterministic queues and bounded SimPy reference	2026-10-05T02:04:35.4281930Z test flow::tests::admission_counter_overflow_preserves_pending_request ... ok
Native owner (ubuntu-24.04)	Q5.1 deterministic queues and bounded SimPy reference	2026-10-05T02:04:35.4283445Z test flow::tests::capacity_growth_cannot_grant_at_deadline_in_either_token_order ... ok
Native owner (ubuntu-24.04)	Q5.1 deterministic queues and bounded SimPy reference	2026-10-05T02:04:35.4284166Z test flow::same_tick_budget_private::cleanup_and_budget_add_overflow_preserve_head ... ok
Native owner (ubuntu-24.04)	Q5.1 deterministic queues and bounded SimPy reference	2026-10-05T02:04:35.4290572Z test flow::tests::counter_admission_rejection_has_no_partial_spawn ... ok
Native owner (ubuntu-24.04)	Q5.1 deterministic queues and bounded SimPy reference	2026-10-05T02:04:35.4291293Z test flow::tests::cleanup_preflights_all_owned_work_before_mutation ... ok
Native owner (ubuntu-24.04)	Q5.1 deterministic queues and bounded SimPy reference	2026-10-05T02:04:35.4291941Z test flow::tests::deadline_admission_reserves_both_tokens_before_work_association ... ok
Native owner (ubuntu-24.04)	Q5.1 deterministic queues and bounded SimPy reference	2026-10-05T02:04:35.4297254Z test flow::q52_queue_staging_tests::reprioritize_stages_one_large_target_queue_and_keeps_priority_order ... ok
Native owner (ubuntu-24.04)	Q5.1 deterministic queues and bounded SimPy reference	2026-10-05T02:04:35.4298191Z test flow::tests::invalid_timed_capabilities_reject_before_any_request_or_work_association ... ok
Native owner (ubuntu-24.04)	Q5.1 deterministic queues and bounded SimPy reference	2026-10-05T02:04:35.4299556Z test flow::tests::notification_budget_is_atomic_and_consumption_and_removed_context_are_once_only ... ok
Native owner (ubuntu-24.04)	Q5.1 deterministic queues and bounded SimPy reference	2026-10-05T02:04:35.4300209Z test flow::tests::overflow_rejects_even_due_completion_boundary ... ok
Native owner (ubuntu-24.04)	Q5.1 deterministic queues and bounded SimPy reference	2026-10-05T02:04:35.4300791Z test flow::tests::rejected_release_preserves_due_completion_and_replacement_boundary ... ok
Native owner (ubuntu-24.04)	Q5.1 deterministic queues and bounded SimPy reference	2026-10-05T02:04:35.4309700Z test flow::tests::repeated_interruption_grid_preserves_effort_and_terminal_uniqueness ... ok
Native owner (ubuntu-24.04)	Q5.1 deterministic queues and bounded SimPy reference	2026-10-05T02:04:35.4311901Z test flow::tests::restart_factory_waits_for_aggregate_preflight_and_attempt_overflow_is_atomic ... ok
Native owner (ubuntu-24.04)	Q5.1 deterministic queues and bounded SimPy reference	2026-10-05T02:04:35.4312448Z test flow::tests::grant_overflow_rejects_the_entire_capacity_command ... ok
Native owner (ubuntu-24.04)	Q5.1 deterministic queues and bounded SimPy reference	2026-10-05T02:04:35.4313015Z test flow::tests::failed_release_preflight_preserves_lease_head_and_reservation ... ok
Native owner (ubuntu-24.04)	Q5.1 deterministic queues and bounded SimPy reference	2026-10-05T02:04:35.4313618Z test flow::tests::second_replacement_overflow_rolls_back_first_eviction ... ok
Native owner (ubuntu-24.04)	Q5.1 deterministic queues and bounded SimPy reference	2026-10-05T02:04:35.4314115Z test flow::tests::timed_owner_cleanup_overflow_preserves_all_live_context_and_progress ... ok
Native owner (ubuntu-24.04)	Q5.1 deterministic queues and bounded SimPy reference	2026-10-05T02:04:35.4315122Z test flow::tests::stale_completion_cannot_process_same_tick_neighbor_or_mismatched_future_boundary ... ok
Native owner (ubuntu-24.04)	Q5.1 deterministic queues and bounded SimPy reference	2026-10-05T02:04:35.4316641Z test flow::tests::work_admission_counter_failure_preserves_both_associations ... ok
Native owner (ubuntu-24.04)	Q5.1 deterministic queues and bounded SimPy reference	2026-10-05T02:04:35.4317232Z test preemption::tests::chooses_worst_priority_then_latest_original_admission_then_largest_id ... ok
Native owner (ubuntu-24.04)	Q5.1 deterministic queues and bounded SimPy reference	2026-10-05T02:04:35.4317765Z test preemption::tests::each_replacement_reselects_from_the_remaining_holder_projection ... ok
Native owner (ubuntu-24.04)	Q5.1 deterministic queues and bounded SimPy reference	2026-10-05T02:04:35.4318906Z test preemption::tests::excludes_untimed_nonpreemptible_zero_due_and_missing_completion_holders ... ok
Native owner (ubuntu-24.04)	Q5.1 deterministic queues and bounded SimPy reference	2026-10-05T02:04:35.4319621Z test preemption::tests::holder_iteration_permutations_select_the_same_victim ... ok
Native owner (ubuntu-24.04)	Q5.1 deterministic queues and bounded SimPy reference	2026-10-05T02:04:35.4320284Z test preemption::tests::ordered_selector_does_not_consume_waiters_without_eligible_holders ... ok
Native owner (ubuntu-24.04)	Q5.1 deterministic queues and bounded SimPy reference	2026-10-05T02:04:35.4321115Z test preemption::tests::ordered_selector_keeps_first_eligible_waiter_tie_and_worst_holder_tie ... ok
Native owner (ubuntu-24.04)	Q5.1 deterministic queues and bounded SimPy reference	2026-10-05T02:04:35.4321873Z test flow::tests::timed_preflight_failures_leave_holder_request_progress_and_queue_unchanged ... ok
Native owner (ubuntu-24.04)	Q5.1 deterministic queues and bounded SimPy reference	2026-10-05T02:04:35.4322562Z test flow::tests::transition_ordinal_is_checked_uint32 ... ok
Native owner (ubuntu-24.04)	Q5.1 deterministic queues and bounded SimPy reference	2026-10-05T02:04:35.4323219Z test preemption::tests::ordered_selector_matches_sorting_reference_over_deterministic_grid ... ok
Native owner (ubuntu-24.04)	Q5.1 deterministic queues and bounded SimPy reference	2026-10-05T02:04:35.4324159Z test preemption::tests::ordered_selector_stops_at_equal_or_worse_priority_cutoff ... ok
Native owner (ubuntu-24.04)	Q5.1 deterministic queues and bounded SimPy reference	2026-10-05T02:04:35.4324651Z test preemption::tests::priority_extremes_do_not_require_negation_or_overflow ... ok
Native owner (ubuntu-24.04)	Q5.1 deterministic queues and bounded SimPy reference	2026-10-05T02:04:35.4325184Z test preemption::tests::replacement_search_returns_none_when_no_waiter_has_a_victim ... ok
Native owner (ubuntu-24.04)	Q5.1 deterministic queues and bounded SimPy reference	2026-10-05T02:04:35.4326006Z test preemption::tests::requires_preempting_incoming_claim_and_strictly_worse_holder ... ok
Native owner (ubuntu-24.04)	Q5.1 deterministic queues and bounded SimPy reference	2026-10-05T02:04:35.4326749Z test preemption::tests::scans_past_earlier_nonpreempting_waiter_and_sorts_waiter_order ... ok
Native owner (ubuntu-24.04)	Q5.1 deterministic queues and bounded SimPy reference	2026-10-05T02:04:35.4327270Z test tests::des_context_creates ... ok
Native owner (ubuntu-24.04)	Q5.1 deterministic queues and bounded SimPy reference	2026-10-05T02:04:35.4327589Z test tests::resource_request_blocks ... ok
Native owner (ubuntu-24.04)	Q5.1 deterministic queues and bounded SimPy reference	2026-10-05T02:04:35.4327911Z test tests::schedule_and_step ... ok
Native owner (ubuntu-24.04)	Q5.1 deterministic queues and bounded SimPy reference	2026-10-05T02:04:35.4328265Z test tests::trajectory_records_scheduler_order ... ok
Native owner (ubuntu-24.04)	Q5.1 deterministic queues and bounded SimPy reference	2026-10-05T02:04:35.4328938Z test tests::trajectory_reports_event_budget_limit ... ok
Native owner (ubuntu-24.04)	Q5.1 deterministic queues and bounded SimPy reference	2026-10-05T02:04:35.4379950Z test flow::tests::bounded_generated_operations_preserve_capacity_and_membership ... ok
Native owner (ubuntu-24.04)	Q5.1 deterministic queues and bounded SimPy reference	2026-10-05T02:04:35.4380283Z 
Native owner (ubuntu-24.04)	Q5.1 deterministic queues and bounded SimPy reference	2026-10-05T02:04:35.4380483Z test result: ok. 124 passed; 0 failed; 1 ignored; 0 measured; 0 filtered out; finished in 0.02s
Native owner (ubuntu-24.04)	Q5.1 deterministic queues and bounded SimPy reference	2026-10-05T02:04:35.4380826Z 
Native owner (ubuntu-24.04)	Q5.1 deterministic queues and bounded SimPy reference	2026-10-05T02:04:35.4382221Z      Running tests/des_integration.rs (target/release/deps/des_integration-66d71c2c2c2d3097)
Native owner (ubuntu-24.04)	Q5.1 deterministic queues and bounded SimPy reference	2026-10-05T02:04:35.4390021Z 
Native owner (ubuntu-24.04)	Q5.1 deterministic queues and bounded SimPy reference	2026-10-05T02:04:35.4390424Z running 4 tests
Native owner (ubuntu-24.04)	Q5.1 deterministic queues and bounded SimPy reference	2026-10-05T02:04:35.4392384Z test factory_bottleneck_smoke ... ok
Native owner (ubuntu-24.04)	Q5.1 deterministic queues and bounded SimPy reference	2026-10-05T02:04:35.4392714Z test resource_not_found ... ok
Native owner (ubuntu-24.04)	Q5.1 deterministic queues and bounded SimPy reference	2026-10-05T02:04:35.4392983Z test parallel_resources ... ok
Native owner (ubuntu-24.04)	Q5.1 deterministic queues and bounded SimPy reference	2026-10-05T02:04:35.4393232Z test resource_queue_fifo ... ok
Native owner (ubuntu-24.04)	Q5.1 deterministic queues and bounded SimPy reference	2026-10-05T02:04:35.4393387Z 
Native owner (ubuntu-24.04)	Q5.1 deterministic queues and bounded SimPy reference	2026-10-05T02:04:35.4394617Z test result: ok. 4 passed; 0 failed; 0 ignored; 0 measured; 0 filtered out; finished in 0.00s
Native owner (ubuntu-24.04)	Q5.1 deterministic queues and bounded SimPy reference	2026-10-05T02:04:35.4395054Z 
Native owner (ubuntu-24.04)	Q5.1 deterministic queues and bounded SimPy reference	2026-10-05T02:04:35.4395374Z      Running tests/des_resource_queue_v1.rs (target/release/deps/des_resource_queue_v1-8f48f12d444cef77)
Native owner (ubuntu-24.04)	Q5.1 deterministic queues and bounded SimPy reference	2026-10-05T02:04:35.4402208Z 
Native owner (ubuntu-24.04)	Q5.1 deterministic queues and bounded SimPy reference	2026-10-05T02:04:35.4402347Z running 2 tests
Native owner (ubuntu-24.04)	Q5.1 deterministic queues and bounded SimPy reference	2026-10-05T02:04:35.4403410Z test des_resource_queue_v1_preserves_fifo_admission ... ok
Native owner (ubuntu-24.04)	Q5.1 deterministic queues and bounded SimPy reference	2026-10-05T02:04:35.4403914Z test des_resource_queue_v1_replays_fixed_tick_trajectory_order ... ok
Native owner (ubuntu-24.04)	Q5.1 deterministic queues and bounded SimPy reference	2026-10-05T02:04:35.4404314Z 
Native owner (ubuntu-24.04)	Q5.1 deterministic queues and bounded SimPy reference	2026-10-05T02:04:35.4404784Z test result: ok. 2 passed; 0 failed; 0 ignored; 0 measured; 0 filtered out; finished in 0.00s
Native owner (ubuntu-24.04)	Q5.1 deterministic queues and bounded SimPy reference	2026-10-05T02:04:35.4405139Z 
Native owner (ubuntu-24.04)	Q5.1 deterministic queues and bounded SimPy reference	2026-10-05T02:04:35.4405493Z      Running tests/fidelity_lineage_v1.rs (target/release/deps/fidelity_lineage_v1-9611b31b277d0f35)
Native owner (ubuntu-24.04)	Q5.1 deterministic queues and bounded SimPy reference	2026-10-05T02:04:35.4411377Z 
Native owner (ubuntu-24.04)	Q5.1 deterministic queues and bounded SimPy reference	2026-10-05T02:04:35.4411480Z running 3 tests
Native owner (ubuntu-24.04)	Q5.1 deterministic queues and bounded SimPy reference	2026-10-05T02:04:35.4413911Z test opaque_identity_survives_moves_and_clone_but_distinguishes_instances ... ok
Native owner (ubuntu-24.04)	Q5.1 deterministic queues and bounded SimPy reference	2026-10-05T02:04:35.4414280Z test failed_initial_admission_does_not_bind_a_runtime ... ok
Native owner (ubuntu-24.04)	Q5.1 deterministic queues and bounded SimPy reference	2026-10-05T02:04:35.4415287Z test foreign_terminal_work_never_bypasses_bound_live_work ... ok
Native owner (ubuntu-24.04)	Q5.1 deterministic queues and bounded SimPy reference	2026-10-05T02:04:35.4415584Z 
Native owner (ubuntu-24.04)	Q5.1 deterministic queues and bounded SimPy reference	2026-10-05T02:04:35.4415827Z test result: ok. 3 passed; 0 failed; 0 ignored; 0 measured; 0 filtered out; finished in 0.00s
Native owner (ubuntu-24.04)	Q5.1 deterministic queues and bounded SimPy reference	2026-10-05T02:04:35.4416084Z 
Native owner (ubuntu-24.04)	Q5.1 deterministic queues and bounded SimPy reference	2026-10-05T02:04:35.4416969Z      Running tests/fidelity_mode_c21.rs (target/release/deps/fidelity_mode_c21-c0fbb281f7ce2081)
Native owner (ubuntu-24.04)	Q5.1 deterministic queues and bounded SimPy reference	2026-10-05T02:04:35.4424425Z 
Native owner (ubuntu-24.04)	Q5.1 deterministic queues and bounded SimPy reference	2026-10-05T02:04:35.4424591Z running 10 tests
Native owner (ubuntu-24.04)	Q5.1 deterministic queues and bounded SimPy reference	2026-10-05T02:04:35.4429336Z test actual_pending_active_and_suspended_work_block_policy_application ... ok
Native owner (ubuntu-24.04)	Q5.1 deterministic queues and bounded SimPy reference	2026-10-05T02:04:35.4430327Z test active_and_suspended_work_cannot_be_admitted_and_failed_admission_does_not_bind ... ok
Native owner (ubuntu-24.04)	Q5.1 deterministic queues and bounded SimPy reference	2026-10-05T02:04:35.4430822Z test colliding_work_ids_cannot_cross_flow_runtime_instances ... ok
Native owner (ubuntu-24.04)	Q5.1 deterministic queues and bounded SimPy reference	2026-10-05T02:04:35.4431278Z test boundary_checks_every_admitted_work_even_when_the_first_is_terminal ... ok
Native owner (ubuntu-24.04)	Q5.1 deterministic queues and bounded SimPy reference	2026-10-05T02:04:35.4431770Z test despawned_bound_work_fails_closed_without_consuming_pending_policy ... ok
Native owner (ubuntu-24.04)	Q5.1 deterministic queues and bounded SimPy reference	2026-10-05T02:04:35.4432205Z test entity_overrides_use_live_generational_flow_identities ... ok
Native owner (ubuntu-24.04)	Q5.1 deterministic queues and bounded SimPy reference	2026-10-05T02:04:35.4432637Z test failed_missing_or_duplicate_admission_preserves_the_first_decision ... ok
Native owner (ubuntu-24.04)	Q5.1 deterministic queues and bounded SimPy reference	2026-10-05T02:04:35.4433242Z test every_terminal_state_preserves_old_work_and_uses_replaced_policy_for_future_work ... ok
Native owner (ubuntu-24.04)	Q5.1 deterministic queues and bounded SimPy reference	2026-10-05T02:04:35.4433753Z test policy_resolves_all_sixteen_scope_presence_masks ... ok
Native owner (ubuntu-24.04)	Q5.1 deterministic queues and bounded SimPy reference	2026-10-05T02:04:35.4434149Z test version_missing_policy_and_subsystem_identity_are_checked ... ok
Native owner (ubuntu-24.04)	Q5.1 deterministic queues and bounded SimPy reference	2026-10-05T02:04:35.4434437Z 
Native owner (ubuntu-24.04)	Q5.1 deterministic queues and bounded SimPy reference	2026-10-05T02:04:35.4434756Z test result: ok. 10 passed; 0 failed; 0 ignored; 0 measured; 0 filtered out; finished in 0.00s
Native owner (ubuntu-24.04)	Q5.1 deterministic queues and bounded SimPy reference	2026-10-05T02:04:35.4435148Z 
Native owner (ubuntu-24.04)	Q5.1 deterministic queues and bounded SimPy reference	2026-10-05T02:04:35.4439274Z      Running tests/flow_actor_domain_context_v1.rs (target/release/deps/flow_actor_domain_context_v1-f2e758c18d38099a)
Native owner (ubuntu-24.04)	Q5.1 deterministic queues and bounded SimPy reference	2026-10-05T02:04:35.4439665Z 
Native owner (ubuntu-24.04)	Q5.1 deterministic queues and bounded SimPy reference	2026-10-05T02:04:35.4439803Z running 6 tests
Native owner (ubuntu-24.04)	Q5.1 deterministic queues and bounded SimPy reference	2026-10-05T02:04:35.4442168Z test carrier_is_pending_zero_duration_and_unique_across_registered_keys_and_kinds ... ok
Native owner (ubuntu-24.04)	Q5.1 deterministic queues and bounded SimPy reference	2026-10-05T02:04:35.4442780Z test batch_manual_and_timed_carrier_acquire_reject_whole_batch_at_issued_ticket ... ok
Native owner (ubuntu-24.04)	Q5.1 deterministic queues and bounded SimPy reference	2026-10-05T02:04:35.4443363Z test carrier_manual_and_timed_acquire_reject_but_normal_zero_duration_task_completes ... ok
Native owner (ubuntu-24.04)	Q5.1 deterministic queues and bounded SimPy reference	2026-10-05T02:04:35.4443852Z test carrier_requires_exact_view_registration_and_type_without_partial_association ... ok
Native owner (ubuntu-24.04)	Q5.1 deterministic queues and bounded SimPy reference	2026-10-05T02:04:35.4444368Z test direct_and_batch_carrier_domain_kind_is_bound_and_atomic ... ok
Native owner (ubuntu-24.04)	Q5.1 deterministic queues and bounded SimPy reference	2026-10-05T02:04:35.4444821Z test ordinary_actor_cleanup_removes_carrier_index_and_old_update_is_stale ... ok
Native owner (ubuntu-24.04)	Q5.1 deterministic queues and bounded SimPy reference	2026-10-05T02:04:35.4445087Z 
Native owner (ubuntu-24.04)	Q5.1 deterministic queues and bounded SimPy reference	2026-10-05T02:04:35.4445272Z test result: ok. 6 passed; 0 failed; 0 ignored; 0 measured; 0 filtered out; finished in 0.00s
Native owner (ubuntu-24.04)	Q5.1 deterministic queues and bounded SimPy reference	2026-10-05T02:04:35.4445492Z 
Native owner (ubuntu-24.04)	Q5.1 deterministic queues and bounded SimPy reference	2026-10-05T02:04:35.4445754Z      Running tests/flow_builder_migration_v1.rs (target/release/deps/flow_builder_migration_v1-08bfd90afdc5f0f9)
Native owner (ubuntu-24.04)	Q5.1 deterministic queues and bounded SimPy reference	2026-10-05T02:04:35.4451215Z 
Native owner (ubuntu-24.04)	Q5.1 deterministic queues and bounded SimPy reference	2026-10-05T02:04:35.4452002Z running 6 tests
Native owner (ubuntu-24.04)	Q5.1 deterministic queues and bounded SimPy reference	2026-10-05T02:04:35.4454667Z test boundary_pause_retains_context_and_matches_uninterrupted_causal_records ... ok
Native owner (ubuntu-24.04)	Q5.1 deterministic queues and bounded SimPy reference	2026-10-05T02:04:35.4455461Z test defaults_and_explicit_policy_translate_to_request ... ok
Native owner (ubuntu-24.04)	Q5.1 deterministic queues and bounded SimPy reference	2026-10-05T02:04:35.4455985Z test fifo_migration_keeps_label_order_and_teaches_buffered_lease_release ... ok
Native owner (ubuntu-24.04)	Q5.1 deterministic queues and bounded SimPy reference	2026-10-05T02:04:35.4456644Z test deadline_at_completion_expires_without_replacement_grant_in_both_insertions ... ok
Native owner (ubuntu-24.04)	Q5.1 deterministic queues and bounded SimPy reference	2026-10-05T02:04:35.4457385Z test failed_admission_preserves_association_and_full_public_scheduler_stats ... ok
Native owner (ubuntu-24.04)	Q5.1 deterministic queues and bounded SimPy reference	2026-10-05T02:04:35.4457871Z test scheduler_admission_priority_is_distinct_from_resource_queue_priority ... ok
Native owner (ubuntu-24.04)	Q5.1 deterministic queues and bounded SimPy reference	2026-10-05T02:04:35.4458145Z 
Native owner (ubuntu-24.04)	Q5.1 deterministic queues and bounded SimPy reference	2026-10-05T02:04:35.4458372Z test result: ok. 6 passed; 0 failed; 0 ignored; 0 measured; 0 filtered out; finished in 0.00s
Native owner (ubuntu-24.04)	Q5.1 deterministic queues and bounded SimPy reference	2026-10-05T02:04:35.4458798Z 
Native owner (ubuntu-24.04)	Q5.1 deterministic queues and bounded SimPy reference	2026-10-05T02:04:35.4459046Z      Running tests/flow_capacity_v1.rs (target/release/deps/flow_capacity_v1-ae9ae0787496eea9)
Native owner (ubuntu-24.04)	Q5.1 deterministic queues and bounded SimPy reference	2026-10-05T02:04:35.4464816Z 
Native owner (ubuntu-24.04)	Q5.1 deterministic queues and bounded SimPy reference	2026-10-05T02:04:35.4464915Z running 5 tests
Native owner (ubuntu-24.04)	Q5.1 deterministic queues and bounded SimPy reference	2026-10-05T02:04:35.4467141Z test closed_resource_waits_then_capacity_growth_grants ... ok
Native owner (ubuntu-24.04)	Q5.1 deterministic queues and bounded SimPy reference	2026-10-05T02:04:35.4467856Z test past_submission_has_no_partial_state_and_run_budget_preserves_work ... ok
Native owner (ubuntu-24.04)	Q5.1 deterministic queues and bounded SimPy reference	2026-10-05T02:04:35.4468281Z test shrink_and_busy_removal_are_transactional ... ok
Native owner (ubuntu-24.04)	Q5.1 deterministic queues and bounded SimPy reference	2026-10-05T02:04:35.4468878Z test dispatch_revalidates_capacity_change_without_partial_mutation ... ok
Native owner (ubuntu-24.04)	Q5.1 deterministic queues and bounded SimPy reference	2026-10-05T02:04:35.4469339Z test partial_builder_rejects_before_allocating_request_or_event ... ok
Native owner (ubuntu-24.04)	Q5.1 deterministic queues and bounded SimPy reference	2026-10-05T02:04:35.4469626Z 
Native owner (ubuntu-24.04)	Q5.1 deterministic queues and bounded SimPy reference	2026-10-05T02:04:35.4469883Z test result: ok. 5 passed; 0 failed; 0 ignored; 0 measured; 0 filtered out; finished in 0.00s
Native owner (ubuntu-24.04)	Q5.1 deterministic queues and bounded SimPy reference	2026-10-05T02:04:35.4470220Z 
Native owner (ubuntu-24.04)	Q5.1 deterministic queues and bounded SimPy reference	2026-10-05T02:04:35.4470494Z      Running tests/flow_continuations_v1.rs (target/release/deps/flow_continuations_v1-9ec214b4eab6d866)
Native owner (ubuntu-24.04)	Q5.1 deterministic queues and bounded SimPy reference	2026-10-05T02:04:35.4476509Z 
Native owner (ubuntu-24.04)	Q5.1 deterministic queues and bounded SimPy reference	2026-10-05T02:04:35.4476603Z running 8 tests
Native owner (ubuntu-24.04)	Q5.1 deterministic queues and bounded SimPy reference	2026-10-05T02:04:35.4485858Z test defaults_preserve_flow_config_shape_and_require_no_context_default ... ok
Native owner (ubuntu-24.04)	Q5.1 deterministic queues and bounded SimPy reference	2026-10-05T02:04:35.4486429Z test callback_emitted_zero_duration_is_charged_on_its_later_dispatch ... ok
Native owner (ubuntu-24.04)	Q5.1 deterministic queues and bounded SimPy reference	2026-10-05T02:04:35.4486932Z test completion_stages_existing_b_work_with_real_receipts_and_causal_snapshot ... ok
Native owner (ubuntu-24.04)	Q5.1 deterministic queues and bounded SimPy reference	2026-10-05T02:04:35.4487506Z test domain_context_and_reserved_ingress_are_explicit ... ok
Native owner (ubuntu-24.04)	Q5.1 deterministic queues and bounded SimPy reference	2026-10-05T02:04:35.4488318Z test ignored_poison_is_atomic_for_every_kind_and_default_cap_is_1024 ... ok
Native owner (ubuntu-24.04)	Q5.1 deterministic queues and bounded SimPy reference	2026-10-05T02:04:35.4488989Z test legacy_first_coexistence_type_checks_and_exact_delivery_budget ... ok
Native owner (ubuntu-24.04)	Q5.1 deterministic queues and bounded SimPy reference	2026-10-05T02:04:35.4489457Z test rejected_batch_has_no_partial_association_but_keeps_context_effect ... ok
Native owner (ubuntu-24.04)	Q5.1 deterministic queues and bounded SimPy reference	2026-10-05T02:04:35.4489971Z test local_ticket_resolves_pending_cancel_and_foreign_or_non_acquire_reject ... ok
Native owner (ubuntu-24.04)	Q5.1 deterministic queues and bounded SimPy reference	2026-10-05T02:04:35.4490397Z 
Native owner (ubuntu-24.04)	Q5.1 deterministic queues and bounded SimPy reference	2026-10-05T02:04:35.4490726Z test result: ok. 8 passed; 0 failed; 0 ignored; 0 measured; 0 filtered out; finished in 0.00s
Native owner (ubuntu-24.04)	Q5.1 deterministic queues and bounded SimPy reference	2026-10-05T02:04:35.4491111Z 
Native owner (ubuntu-24.04)	Q5.1 deterministic queues and bounded SimPy reference	2026-10-05T02:04:35.4491677Z      Running tests/flow_determinism_conformance_v1.rs (target/release/deps/flow_determinism_conformance_v1-3c58aea5caa74a1f)
Native owner (ubuntu-24.04)	Q5.1 deterministic queues and bounded SimPy reference	2026-10-05T02:04:35.4495409Z 
Native owner (ubuntu-24.04)	Q5.1 deterministic queues and bounded SimPy reference	2026-10-05T02:04:35.4495715Z running 1 test
Native owner (ubuntu-24.04)	Q5.1 deterministic queues and bounded SimPy reference	2026-10-05T02:04:35.4504009Z Q51_BATCH workers=1 assignment=ordered traces=24 completion_order=[0] aggregate_fnv1a64=47cfb7dca4211252
Native owner (ubuntu-24.04)	Q5.1 deterministic queues and bounded SimPy reference	2026-10-05T02:04:35.4510073Z Q51_BATCH workers=1 assignment=ordered traces=24 completion_order=[0] aggregate_fnv1a64=47cfb7dca4211252
Native owner (ubuntu-24.04)	Q5.1 deterministic queues and bounded SimPy reference	2026-10-05T02:04:35.4517307Z Q51_BATCH workers=1 assignment=reversed traces=24 completion_order=[0] aggregate_fnv1a64=47cfb7dca4211252
Native owner (ubuntu-24.04)	Q5.1 deterministic queues and bounded SimPy reference	2026-10-05T02:04:35.4524237Z Q51_BATCH workers=1 assignment=ordered traces=24 completion_order=[0] aggregate_fnv1a64=47cfb7dca4211252
Native owner (ubuntu-24.04)	Q5.1 deterministic queues and bounded SimPy reference	2026-10-05T02:04:35.4531100Z Q51_BATCH workers=1 assignment=reversed traces=24 completion_order=[0] aggregate_fnv1a64=47cfb7dca4211252
Native owner (ubuntu-24.04)	Q5.1 deterministic queues and bounded SimPy reference	2026-10-05T02:04:35.4537783Z Q51_BATCH workers=1 assignment=permuted traces=24 completion_order=[0] aggregate_fnv1a64=47cfb7dca4211252
Native owner (ubuntu-24.04)	Q5.1 deterministic queues and bounded SimPy reference	2026-10-05T02:04:35.4543448Z Q51_BATCH workers=2 assignment=ordered traces=24 completion_order=[0, 1] aggregate_fnv1a64=47cfb7dca4211252
Native owner (ubuntu-24.04)	Q5.1 deterministic queues and bounded SimPy reference	2026-10-05T02:04:35.4548629Z Q51_BATCH workers=2 assignment=reversed traces=24 completion_order=[1, 0] aggregate_fnv1a64=47cfb7dca4211252
Native owner (ubuntu-24.04)	Q5.1 deterministic queues and bounded SimPy reference	2026-10-05T02:04:35.4553543Z Q51_BATCH workers=2 assignment=permuted traces=24 completion_order=[1, 0] aggregate_fnv1a64=47cfb7dca4211252
Native owner (ubuntu-24.04)	Q5.1 deterministic queues and bounded SimPy reference	2026-10-05T02:04:35.4559354Z Q51_BATCH workers=4 assignment=ordered traces=24 completion_order=[0, 1, 2, 3] aggregate_fnv1a64=47cfb7dca4211252
Native owner (ubuntu-24.04)	Q5.1 deterministic queues and bounded SimPy reference	2026-10-05T02:04:35.4564358Z Q51_BATCH workers=4 assignment=reversed traces=24 completion_order=[3, 2, 1, 0] aggregate_fnv1a64=47cfb7dca4211252
Native owner (ubuntu-24.04)	Q5.1 deterministic queues and bounded SimPy reference	2026-10-05T02:04:35.4569582Z Q51_BATCH workers=4 assignment=permuted traces=24 completion_order=[1, 0, 3, 2] aggregate_fnv1a64=47cfb7dca4211252
Native owner (ubuntu-24.04)	Q5.1 deterministic queues and bounded SimPy reference	2026-10-05T02:04:35.4571625Z test independent_replications_match_across_repeat_and_worker_schedules ... ok
Native owner (ubuntu-24.04)	Q5.1 deterministic queues and bounded SimPy reference	2026-10-05T02:04:35.4571958Z 
Native owner (ubuntu-24.04)	Q5.1 deterministic queues and bounded SimPy reference	2026-10-05T02:04:35.4572234Z test result: ok. 1 passed; 0 failed; 0 ignored; 0 measured; 0 filtered out; finished in 0.01s
Native owner (ubuntu-24.04)	Q5.1 deterministic queues and bounded SimPy reference	2026-10-05T02:04:35.4572543Z 
Native owner (ubuntu-24.04)	Q5.1 deterministic queues and bounded SimPy reference	2026-10-05T02:04:35.4573423Z      Running tests/flow_errors_v1.rs (target/release/deps/flow_errors_v1-49ddac709e33020f)
Native owner (ubuntu-24.04)	Q5.1 deterministic queues and bounded SimPy reference	2026-10-05T02:04:35.4579937Z 
Native owner (ubuntu-24.04)	Q5.1 deterministic queues and bounded SimPy reference	2026-10-05T02:04:35.4580029Z running 1 test
Native owner (ubuntu-24.04)	Q5.1 deterministic queues and bounded SimPy reference	2026-10-05T02:04:35.4581497Z test flow_errors_implement_standard_error_without_hidden_sources ... ok
Native owner (ubuntu-24.04)	Q5.1 deterministic queues and bounded SimPy reference	2026-10-05T02:04:35.4581729Z 
Native owner (ubuntu-24.04)	Q5.1 deterministic queues and bounded SimPy reference	2026-10-05T02:04:35.4581951Z test result: ok. 1 passed; 0 failed; 0 ignored; 0 measured; 0 filtered out; finished in 0.00s
Native owner (ubuntu-24.04)	Q5.1 deterministic queues and bounded SimPy reference	2026-10-05T02:04:35.4582262Z 
Native owner (ubuntu-24.04)	Q5.1 deterministic queues and bounded SimPy reference	2026-10-05T02:04:35.4582963Z      Running tests/flow_lifecycle_snapshot_v1.rs (target/release/deps/flow_lifecycle_snapshot_v1-8ccbf51aca5b4b0b)
Native owner (ubuntu-24.04)	Q5.1 deterministic queues and bounded SimPy reference	2026-10-05T02:04:35.4589191Z 
Native owner (ubuntu-24.04)	Q5.1 deterministic queues and bounded SimPy reference	2026-10-05T02:04:35.4589327Z running 8 tests
Native owner (ubuntu-24.04)	Q5.1 deterministic queues and bounded SimPy reference	2026-10-05T02:04:35.4592021Z test public_handle_getters_and_zero_duration_rows_capture_each_mutation ... ok
Native owner (ubuntu-24.04)	Q5.1 deterministic queues and bounded SimPy reference	2026-10-05T02:04:35.4593537Z test abort_emits_preempted_removal_then_aborted_state_with_same_causal_lease ... ok
Native owner (ubuntu-24.04)	Q5.1 deterministic queues and bounded SimPy reference	2026-10-05T02:04:35.4594033Z test manual_and_actor_cleanup_rows_keep_null_work_or_pre_despawn_work_identity ... ok
Native owner (ubuntu-24.04)	Q5.1 deterministic queues and bounded SimPy reference	2026-10-05T02:04:35.4594544Z test rejected_same_tick_plan_emits_no_partial_rows_or_state_changes ... ok
Native owner (ubuntu-24.04)	Q5.1 deterministic queues and bounded SimPy reference	2026-10-05T02:04:35.4595132Z test release_and_cancel_snapshot_checkpointed_progress_and_removed_lease ... ok
Native owner (ubuntu-24.04)	Q5.1 deterministic queues and bounded SimPy reference	2026-10-05T02:04:35.4595600Z test same_runtime_pause_preserves_canonical_lifecycle_snapshots ... ok
Native owner (ubuntu-24.04)	Q5.1 deterministic queues and bounded SimPy reference	2026-10-05T02:04:35.4596176Z test restart_snapshot_preserves_pre_reset_progress_and_records_new_attempt ... ok
Native owner (ubuntu-24.04)	Q5.1 deterministic queues and bounded SimPy reference	2026-10-05T02:04:35.4596673Z test suspend_snapshot_keeps_victim_lease_progress_and_preemptor_before_requeue ... ok
Native owner (ubuntu-24.04)	Q5.1 deterministic queues and bounded SimPy reference	2026-10-05T02:04:35.4596963Z 
Native owner (ubuntu-24.04)	Q5.1 deterministic queues and bounded SimPy reference	2026-10-05T02:04:35.4597205Z test result: ok. 8 passed; 0 failed; 0 ignored; 0 measured; 0 filtered out; finished in 0.00s
Native owner (ubuntu-24.04)	Q5.1 deterministic queues and bounded SimPy reference	2026-10-05T02:04:35.4597507Z 
Native owner (ubuntu-24.04)	Q5.1 deterministic queues and bounded SimPy reference	2026-10-05T02:04:35.4597755Z      Running tests/flow_lifecycle_v1.rs (target/release/deps/flow_lifecycle_v1-c83b003c7d72d5e8)
Native owner (ubuntu-24.04)	Q5.1 deterministic queues and bounded SimPy reference	2026-10-05T02:04:35.4602346Z 
Native owner (ubuntu-24.04)	Q5.1 deterministic queues and bounded SimPy reference	2026-10-05T02:04:35.4602433Z running 4 tests
Native owner (ubuntu-24.04)	Q5.1 deterministic queues and bounded SimPy reference	2026-10-05T02:04:35.4605379Z test admission_is_buffered_and_duplicate_release_cannot_free_twice ... ok
Native owner (ubuntu-24.04)	Q5.1 deterministic queues and bounded SimPy reference	2026-10-05T02:04:35.4605760Z test stale_pending_admission_is_not_mistaken_for_idle ... ok
Native owner (ubuntu-24.04)	Q5.1 deterministic queues and bounded SimPy reference	2026-10-05T02:04:35.4606048Z test recycled_owner_never_releases_a_new_lease ... ok
Native owner (ubuntu-24.04)	Q5.1 deterministic queues and bounded SimPy reference	2026-10-05T02:04:35.4606358Z test despawn_cancels_all_owned_work_before_granting_other_actors ... ok
Native owner (ubuntu-24.04)	Q5.1 deterministic queues and bounded SimPy reference	2026-10-05T02:04:35.4606644Z 
Native owner (ubuntu-24.04)	Q5.1 deterministic queues and bounded SimPy reference	2026-10-05T02:04:35.4606894Z test result: ok. 4 passed; 0 failed; 0 ignored; 0 measured; 0 filtered out; finished in 0.00s
Native owner (ubuntu-24.04)	Q5.1 deterministic queues and bounded SimPy reference	2026-10-05T02:04:35.4607181Z 
Native owner (ubuntu-24.04)	Q5.1 deterministic queues and bounded SimPy reference	2026-10-05T02:04:35.4607457Z      Running tests/flow_preemption_eligibility_v1.rs (target/release/deps/flow_preemption_eligibility_v1-b984781f5b97178f)
Native owner (ubuntu-24.04)	Q5.1 deterministic queues and bounded SimPy reference	2026-10-05T02:04:35.4613107Z 
Native owner (ubuntu-24.04)	Q5.1 deterministic queues and bounded SimPy reference	2026-10-05T02:04:35.4613436Z running 8 tests
Native owner (ubuntu-24.04)	Q5.1 deterministic queues and bounded SimPy reference	2026-10-05T02:04:35.4615958Z test active_inspection_at_due_tick_caps_effort_without_committing_completion ... ok
Native owner (ubuntu-24.04)	Q5.1 deterministic queues and bounded SimPy reference	2026-10-05T02:04:35.4617480Z test capacity_two_selects_latest_equal_priority_victim_then_next ... ok
Native owner (ubuntu-24.04)	Q5.1 deterministic queues and bounded SimPy reference	2026-10-05T02:04:35.4617947Z test eligible_waiter_scan_skips_a_then_b_preempts_and_a_gets_next_unit ... ok
Native owner (ubuntu-24.04)	Q5.1 deterministic queues and bounded SimPy reference	2026-10-05T02:04:35.4618352Z test equal_priority_missing_capability_and_nonpreemptible_holder_are_ineligible ... ok
Native owner (ubuntu-24.04)	Q5.1 deterministic queues and bounded SimPy reference	2026-10-05T02:04:35.4619038Z test completion_at_interruption_tick_wins_both_token_insertion_orders ... ok
Native owner (ubuntu-24.04)	Q5.1 deterministic queues and bounded SimPy reference	2026-10-05T02:04:35.4619522Z test nested_suspend_cycles_and_live_progress_inspection ... ok
Native owner (ubuntu-24.04)	Q5.1 deterministic queues and bounded SimPy reference	2026-10-05T02:04:35.4619942Z test suspended_work_can_be_cancelled_without_later_resume ... ok
Native owner (ubuntu-24.04)	Q5.1 deterministic queues and bounded SimPy reference	2026-10-05T02:04:35.4620474Z test zero_duration_work_completes_at_grant_without_duplicate_terminal ... ok
Native owner (ubuntu-24.04)	Q5.1 deterministic queues and bounded SimPy reference	2026-10-05T02:04:35.4620745Z 
Native owner (ubuntu-24.04)	Q5.1 deterministic queues and bounded SimPy reference	2026-10-05T02:04:35.4620977Z test result: ok. 8 passed; 0 failed; 0 ignored; 0 measured; 0 filtered out; finished in 0.00s
Native owner (ubuntu-24.04)	Q5.1 deterministic queues and bounded SimPy reference	2026-10-05T02:04:35.4621293Z 
Native owner (ubuntu-24.04)	Q5.1 deterministic queues and bounded SimPy reference	2026-10-05T02:04:35.4621525Z      Running tests/flow_preemption_primary_v1.rs (target/release/deps/flow_preemption_primary_v1-9ef0595b32578eb6)
Native owner (ubuntu-24.04)	Q5.1 deterministic queues and bounded SimPy reference	2026-10-05T02:04:35.4625951Z 
Native owner (ubuntu-24.04)	Q5.1 deterministic queues and bounded SimPy reference	2026-10-05T02:04:35.4626055Z running 1 test
Native owner (ubuntu-24.04)	Q5.1 deterministic queues and bounded SimPy reference	2026-10-05T02:04:35.4628526Z test timed_work_preemption_primary_oracle_for_all_strategies ... ok
Native owner (ubuntu-24.04)	Q5.1 deterministic queues and bounded SimPy reference	2026-10-05T02:04:35.4628888Z 
Native owner (ubuntu-24.04)	Q5.1 deterministic queues and bounded SimPy reference	2026-10-05T02:04:35.4629111Z test result: ok. 1 passed; 0 failed; 0 ignored; 0 measured; 0 filtered out; finished in 0.00s
Native owner (ubuntu-24.04)	Q5.1 deterministic queues and bounded SimPy reference	2026-10-05T02:04:35.4629409Z 
Native owner (ubuntu-24.04)	Q5.1 deterministic queues and bounded SimPy reference	2026-10-05T02:04:35.4629883Z      Running tests/flow_preemption_property_v1.rs (target/release/deps/flow_preemption_property_v1-6bc463944b06db23)
Native owner (ubuntu-24.04)	Q5.1 deterministic queues and bounded SimPy reference	2026-10-05T02:04:35.4635853Z 
Native owner (ubuntu-24.04)	Q5.1 deterministic queues and bounded SimPy reference	2026-10-05T02:04:35.4635952Z running 1 test
Native owner (ubuntu-24.04)	Q5.1 deterministic queues and bounded SimPy reference	2026-10-05T02:04:35.4873119Z test seeded_timed_cycles_match_independent_interval_model_v1 ... ok
Native owner (ubuntu-24.04)	Q5.1 deterministic queues and bounded SimPy reference	2026-10-05T02:04:35.4873383Z 
Native owner (ubuntu-24.04)	Q5.1 deterministic queues and bounded SimPy reference	2026-10-05T02:04:35.4873609Z test result: ok. 1 passed; 0 failed; 0 ignored; 0 measured; 0 filtered out; finished in 0.02s
Native owner (ubuntu-24.04)	Q5.1 deterministic queues and bounded SimPy reference	2026-10-05T02:04:35.4873899Z 
Native owner (ubuntu-24.04)	Q5.1 deterministic queues and bounded SimPy reference	2026-10-05T02:04:35.4874577Z      Running tests/flow_preemption_secondary_v1.rs (target/release/deps/flow_preemption_secondary_v1-97625392f0aa4ceb)
Native owner (ubuntu-24.04)	Q5.1 deterministic queues and bounded SimPy reference	2026-10-05T02:04:35.4880808Z 
Native owner (ubuntu-24.04)	Q5.1 deterministic queues and bounded SimPy reference	2026-10-05T02:04:35.4880896Z running 1 test
Native owner (ubuntu-24.04)	Q5.1 deterministic queues and bounded SimPy reference	2026-10-05T02:04:35.4883477Z test independent_timed_preemption_timeline_0_4_7 ... ok
Native owner (ubuntu-24.04)	Q5.1 deterministic queues and bounded SimPy reference	2026-10-05T02:04:35.4883793Z 
Native owner (ubuntu-24.04)	Q5.1 deterministic queues and bounded SimPy reference	2026-10-05T02:04:35.4884012Z test result: ok. 1 passed; 0 failed; 0 ignored; 0 measured; 0 filtered out; finished in 0.00s
Native owner (ubuntu-24.04)	Q5.1 deterministic queues and bounded SimPy reference	2026-10-05T02:04:35.4884298Z 
Native owner (ubuntu-24.04)	Q5.1 deterministic queues and bounded SimPy reference	2026-10-05T02:04:35.4884510Z      Running tests/flow_queue_v1.rs (target/release/deps/flow_queue_v1-e2afd04782ab0e9d)
Native owner (ubuntu-24.04)	Q5.1 deterministic queues and bounded SimPy reference	2026-10-05T02:04:35.4890873Z 
Native owner (ubuntu-24.04)	Q5.1 deterministic queues and bounded SimPy reference	2026-10-05T02:04:35.4890995Z running 8 tests
Native owner (ubuntu-24.04)	Q5.1 deterministic queues and bounded SimPy reference	2026-10-05T02:04:35.4894707Z test equal_priority_reverse_command_insertion_and_active_rekey ... ok
Native owner (ubuntu-24.04)	Q5.1 deterministic queues and bounded SimPy reference	2026-10-05T02:04:35.4896474Z test cancellation_and_rekey_follow_scheduler_order_and_resubmission_is_new ... ok
Native owner (ubuntu-24.04)	Q5.1 deterministic queues and bounded SimPy reference	2026-10-05T02:04:35.4897065Z test deadline_expires_before_release_in_both_insertion_orders ... ok
Native owner (ubuntu-24.04)	Q5.1 deterministic queues and bounded SimPy reference	2026-10-05T02:04:35.4897629Z test grant_clears_deadline_and_immediate_expiry_never_grants ... ok
Native owner (ubuntu-24.04)	Q5.1 deterministic queues and bounded SimPy reference	2026-10-05T02:04:35.4898074Z test pending_cancel_has_one_terminal_transition_and_stale_tokens ... ok
Native owner (ubuntu-24.04)	Q5.1 deterministic queues and bounded SimPy reference	2026-10-05T02:04:35.4898529Z test timeout_evidence_survives_rejected_rekey_at_boundary ... ok
Native owner (ubuntu-24.04)	Q5.1 deterministic queues and bounded SimPy reference	2026-10-05T02:04:35.4898991Z test unrelated_resource_command_cannot_steal_timeout_causality ... ok
Native owner (ubuntu-24.04)	Q5.1 deterministic queues and bounded SimPy reference	2026-10-05T02:04:35.4899312Z test priority_fifo_and_rekey_preserve_admission_sequence ... ok
Native owner (ubuntu-24.04)	Q5.1 deterministic queues and bounded SimPy reference	2026-10-05T02:04:35.4899490Z 
Native owner (ubuntu-24.04)	Q5.1 deterministic queues and bounded SimPy reference	2026-10-05T02:04:35.4899668Z test result: ok. 8 passed; 0 failed; 0 ignored; 0 measured; 0 filtered out; finished in 0.00s
Native owner (ubuntu-24.04)	Q5.1 deterministic queues and bounded SimPy reference	2026-10-05T02:04:35.4899951Z 
Native owner (ubuntu-24.04)	Q5.1 deterministic queues and bounded SimPy reference	2026-10-05T02:04:35.4900172Z      Running tests/flow_registration_phase_v1.rs (target/release/deps/flow_registration_phase_v1-359261d83b171345)
Native owner (ubuntu-24.04)	Q5.1 deterministic queues and bounded SimPy reference	2026-10-05T02:04:35.4903189Z 
Native owner (ubuntu-24.04)	Q5.1 deterministic queues and bounded SimPy reference	2026-10-05T02:04:35.4903274Z running 5 tests
Native owner (ubuntu-24.04)	Q5.1 deterministic queues and bounded SimPy reference	2026-10-05T02:04:35.4905795Z test actors_and_resources_do_not_close_registration_phase ... ok
Native owner (ubuntu-24.04)	Q5.1 deterministic queues and bounded SimPy reference	2026-10-05T02:04:35.4906270Z test existing_domain_registration_semantics_remain_available ... ok
Native owner (ubuntu-24.04)	Q5.1 deterministic queues and bounded SimPy reference	2026-10-05T02:04:35.4906731Z test failed_creation_does_not_close_registration_phase ... ok
Native owner (ubuntu-24.04)	Q5.1 deterministic queues and bounded SimPy reference	2026-10-05T02:04:35.4907131Z test cleanup_does_not_reopen_registration_phase ... ok
Native owner (ubuntu-24.04)	Q5.1 deterministic queues and bounded SimPy reference	2026-10-05T02:04:35.4907529Z test successful_task_closes_global_registration_phase ... ok
Native owner (ubuntu-24.04)	Q5.1 deterministic queues and bounded SimPy reference	2026-10-05T02:04:35.4907765Z 
Native owner (ubuntu-24.04)	Q5.1 deterministic queues and bounded SimPy reference	2026-10-05T02:04:35.4907972Z test result: ok. 5 passed; 0 failed; 0 ignored; 0 measured; 0 filtered out; finished in 0.00s
Native owner (ubuntu-24.04)	Q5.1 deterministic queues and bounded SimPy reference	2026-10-05T02:04:35.4908250Z 
Native owner (ubuntu-24.04)	Q5.1 deterministic queues and bounded SimPy reference	2026-10-05T02:04:35.4908474Z      Running tests/flow_same_tick_budget_v1.rs (target/release/deps/flow_same_tick_budget_v1-38d2a84dc2f8c79a)
Native owner (ubuntu-24.04)	Q5.1 deterministic queues and bounded SimPy reference	2026-10-05T02:04:35.4914048Z 
Native owner (ubuntu-24.04)	Q5.1 deterministic queues and bounded SimPy reference	2026-10-05T02:04:35.4914130Z running 9 tests
Native owner (ubuntu-24.04)	Q5.1 deterministic queues and bounded SimPy reference	2026-10-05T02:04:35.4919228Z test defaults_and_constructor_only_override ... ok
Native owner (ubuntu-24.04)	Q5.1 deterministic queues and bounded SimPy reference	2026-10-05T02:04:35.4920006Z test blocked_notification_preserves_context_and_pending_token ... ok
Native owner (ubuntu-24.04)	Q5.1 deterministic queues and bounded SimPy reference	2026-10-05T02:04:35.4920652Z test delivered_cancel_notification_counts_once_after_terminal_commit ... ok
Native owner (ubuntu-24.04)	Q5.1 deterministic queues and bounded SimPy reference	2026-10-05T02:04:35.4921156Z test due_boundary_and_rejected_cancel_eight_independent_ordering_cases ... ok
Native owner (ubuntu-24.04)	Q5.1 deterministic queues and bounded SimPy reference	2026-10-05T02:04:35.4921555Z test exact_limit_and_normal_later_tick_reset_respect_max_events ... ok
Native owner (ubuntu-24.04)	Q5.1 deterministic queues and bounded SimPy reference	2026-10-05T02:04:35.4921889Z test first_admission_overflow_retains_head_and_permanently_halts ... ok
Native owner (ubuntu-24.04)	Q5.1 deterministic queues and bounded SimPy reference	2026-10-05T02:04:35.4922209Z test release_and_replacement_are_one_atomic_budget_plan ... ok
Native owner (ubuntu-24.04)	Q5.1 deterministic queues and bounded SimPy reference	2026-10-05T02:04:35.4922503Z test timed_admission_uses_effective_dispatch_timestamp ... ok
Native owner (ubuntu-24.04)	Q5.1 deterministic queues and bounded SimPy reference	2026-10-05T02:04:35.4922825Z test predicted_obsolete_completion_has_zero_cost_and_natural_tick_reset ... ok
Native owner (ubuntu-24.04)	Q5.1 deterministic queues and bounded SimPy reference	2026-10-05T02:04:35.4923047Z 
Native owner (ubuntu-24.04)	Q5.1 deterministic queues and bounded SimPy reference	2026-10-05T02:04:35.4923220Z test result: ok. 9 passed; 0 failed; 0 ignored; 0 measured; 0 filtered out; finished in 0.00s
Native owner (ubuntu-24.04)	Q5.1 deterministic queues and bounded SimPy reference	2026-10-05T02:04:35.4923460Z 
Native owner (ubuntu-24.04)	Q5.1 deterministic queues and bounded SimPy reference	2026-10-05T02:04:35.4924632Z      Running tests/flow_shared_domain_v1.rs (target/release/deps/flow_shared_domain_v1-f8ffc78fb344f286)
Native owner (ubuntu-24.04)	Q5.1 deterministic queues and bounded SimPy reference	2026-10-05T02:04:35.4931045Z 
Native owner (ubuntu-24.04)	Q5.1 deterministic queues and bounded SimPy reference	2026-10-05T02:04:35.4931314Z running 7 tests
Native owner (ubuntu-24.04)	Q5.1 deterministic queues and bounded SimPy reference	2026-10-05T02:04:35.4933926Z test carrier_creation_registration_type_and_actor_failures_leave_no_association ... ok
Native owner (ubuntu-24.04)	Q5.1 deterministic queues and bounded SimPy reference	2026-10-05T02:04:35.4934650Z test carrier_role_rejects_manual_and_timed_acquire_without_association ... ok
Native owner (ubuntu-24.04)	Q5.1 deterministic queues and bounded SimPy reference	2026-10-05T02:04:35.4935300Z test callback_actor_despawn_is_buffered_and_cleans_task_carrier_and_stale_update ... ok
Native owner (ubuntu-24.04)	Q5.1 deterministic queues and bounded SimPy reference	2026-10-05T02:04:35.4935924Z test duplicate_pending_despawn_is_explicit_while_actor_still_live ... ok
Native owner (ubuntu-24.04)	Q5.1 deterministic queues and bounded SimPy reference	2026-10-05T02:04:35.4936630Z test explicitly_registered_carrier_is_unique_per_actor_and_kind_bound ... ok
Native owner (ubuntu-24.04)	Q5.1 deterministic queues and bounded SimPy reference	2026-10-05T02:04:35.4937269Z test same_tick_update_and_despawn_priority_controls_live_delivery_without_competing_time ... ok
Native owner (ubuntu-24.04)	Q5.1 deterministic queues and bounded SimPy reference	2026-10-05T02:04:35.4937848Z test same_batch_duplicate_despawn_rejects_atomically_at_second_ticket_but_context_changes_once ... ok
Native owner (ubuntu-24.04)	Q5.1 deterministic queues and bounded SimPy reference	2026-10-05T02:04:35.4938617Z 
Native owner (ubuntu-24.04)	Q5.1 deterministic queues and bounded SimPy reference	2026-10-05T02:04:35.4939080Z test result: ok. 7 passed; 0 failed; 0 ignored; 0 measured; 0 filtered out; finished in 0.00s
Native owner (ubuntu-24.04)	Q5.1 deterministic queues and bounded SimPy reference	2026-10-05T02:04:35.4939409Z 
Native owner (ubuntu-24.04)	Q5.1 deterministic queues and bounded SimPy reference	2026-10-05T02:04:35.4939699Z      Running tests/flow_staff_bed_cleaning_v1.rs (target/release/deps/flow_staff_bed_cleaning_v1-6160ad62e4b1cd42)
Native owner (ubuntu-24.04)	Q5.1 deterministic queues and bounded SimPy reference	2026-10-05T02:04:35.4943317Z 
Native owner (ubuntu-24.04)	Q5.1 deterministic queues and bounded SimPy reference	2026-10-05T02:04:35.4943440Z running 6 tests
Native owner (ubuntu-24.04)	Q5.1 deterministic queues and bounded SimPy reference	2026-10-05T02:04:35.4947313Z test continuous_and_paused_modes_match_raw_lifecycle_records ... ok
Native owner (ubuntu-24.04)	Q5.1 deterministic queues and bounded SimPy reference	2026-10-05T02:04:35.4948352Z test bed_capacity_context_terminal_state_and_paused_raw_parity_are_preserved ... ok
Native owner (ubuntu-24.04)	Q5.1 deterministic queues and bounded SimPy reference	2026-10-05T02:04:35.4949310Z test named_staff_lifecycle_keeps_exact_urgent_suspend_timeline ... ok
Native owner (ubuntu-24.04)	Q5.1 deterministic queues and bounded SimPy reference	2026-10-05T02:04:35.4949914Z test staff_boundaries_preserve_capacity_and_finish_drained ... ok
Native owner (ubuntu-24.04)	Q5.1 deterministic queues and bounded SimPy reference	2026-10-05T02:04:35.4950438Z test named_staff_context_and_terminal_values_remain_typed ... ok
Native owner (ubuntu-24.04)	Q5.1 deterministic queues and bounded SimPy reference	2026-10-05T02:04:35.4950946Z test staged_bed_cleaning_keeps_patient_a_lease_until_ordered_release ... ok
Native owner (ubuntu-24.04)	Q5.1 deterministic queues and bounded SimPy reference	2026-10-05T02:04:35.4951335Z 
Native owner (ubuntu-24.04)	Q5.1 deterministic queues and bounded SimPy reference	2026-10-05T02:04:35.4951641Z test result: ok. 6 passed; 0 failed; 0 ignored; 0 measured; 0 filtered out; finished in 0.00s
Native owner (ubuntu-24.04)	Q5.1 deterministic queues and bounded SimPy reference	2026-10-05T02:04:35.4951992Z 
Native owner (ubuntu-24.04)	Q5.1 deterministic queues and bounded SimPy reference	2026-10-05T02:04:35.4952361Z      Running tests/flow_work_v1.rs (target/release/deps/flow_work_v1-6f5d71065fdfb590)
Native owner (ubuntu-24.04)	Q5.1 deterministic queues and bounded SimPy reference	2026-10-05T02:04:35.4958230Z 
Native owner (ubuntu-24.04)	Q5.1 deterministic queues and bounded SimPy reference	2026-10-05T02:04:35.4958361Z running 4 tests
Native owner (ubuntu-24.04)	Q5.1 deterministic queues and bounded SimPy reference	2026-10-05T02:04:35.4962730Z test actor_cleanup_drops_context_and_recycled_work_id_is_stale ... ok
Native owner (ubuntu-24.04)	Q5.1 deterministic queues and bounded SimPy reference	2026-10-05T02:04:35.4963304Z test manual_allocation_inspection_preserves_owner_work_and_grant_time ... ok
Native owner (ubuntu-24.04)	Q5.1 deterministic queues and bounded SimPy reference	2026-10-05T02:04:35.4963723Z test work_owns_typed_context_and_rejects_wrong_types ... ok
Native owner (ubuntu-24.04)	Q5.1 deterministic queues and bounded SimPy reference	2026-10-05T02:04:35.4964066Z test work_association_is_checked_and_not_implicitly_reused ... ok
Native owner (ubuntu-24.04)	Q5.1 deterministic queues and bounded SimPy reference	2026-10-05T02:04:35.4964251Z 
Native owner (ubuntu-24.04)	Q5.1 deterministic queues and bounded SimPy reference	2026-10-05T02:04:35.4964466Z test result: ok. 4 passed; 0 failed; 0 ignored; 0 measured; 0 filtered out; finished in 0.00s
Native owner (ubuntu-24.04)	Q5.1 deterministic queues and bounded SimPy reference	2026-10-05T02:04:35.4964777Z 
Native owner (ubuntu-24.04)	Q5.1 deterministic queues and bounded SimPy reference	2026-10-05T02:04:35.4965033Z      Running tests/flow_world_view_v1.rs (target/release/deps/flow_world_view_v1-a7e59b3498052252)
Native owner (ubuntu-24.04)	Q5.1 deterministic queues and bounded SimPy reference	2026-10-05T02:04:35.4969877Z 
Native owner (ubuntu-24.04)	Q5.1 deterministic queues and bounded SimPy reference	2026-10-05T02:04:35.4969999Z running 6 tests
Native owner (ubuntu-24.04)	Q5.1 deterministic queues and bounded SimPy reference	2026-10-05T02:04:35.4973493Z test real_view_callback_preserves_atomic_batch_rejection_and_nonrollback_context ... ok
Native owner (ubuntu-24.04)	Q5.1 deterministic queues and bounded SimPy reference	2026-10-05T02:04:35.4973994Z test removed_work_view_event_is_consumed_stale_without_callback ... ok
Native owner (ubuntu-24.04)	Q5.1 deterministic queues and bounded SimPy reference	2026-10-05T02:04:35.4974442Z test real_world_time_hrtb_and_deferred_command_delivery ... ok
Native owner (ubuntu-24.04)	Q5.1 deterministic queues and bounded SimPy reference	2026-10-05T02:04:35.4974902Z test legacy_view_descriptor_duplicates_both_orders_and_compatible_kind_coexistence ... ok
Native owner (ubuntu-24.04)	Q5.1 deterministic queues and bounded SimPy reference	2026-10-05T02:04:35.4975410Z test reserved_kinds_and_public_wrong_context_reject_without_scheduling ... ok
Native owner (ubuntu-24.04)	Q5.1 deterministic queues and bounded SimPy reference	2026-10-05T02:04:35.4975863Z test view_registration_after_same_key_work_preserves_existing_gate ... ok
Native owner (ubuntu-24.04)	Q5.1 deterministic queues and bounded SimPy reference	2026-10-05T02:04:35.4976135Z 
Native owner (ubuntu-24.04)	Q5.1 deterministic queues and bounded SimPy reference	2026-10-05T02:04:35.4976353Z test result: ok. 6 passed; 0 failed; 0 ignored; 0 measured; 0 filtered out; finished in 0.00s
Native owner (ubuntu-24.04)	Q5.1 deterministic queues and bounded SimPy reference	2026-10-05T02:04:35.4976683Z 
Native owner (ubuntu-24.04)	Q5.1 deterministic queues and bounded SimPy reference	2026-10-05T02:04:35.4976951Z      Running tests/q53_legacy_public_surface_v1.rs (target/release/deps/q53_legacy_public_surface_v1-518958072398ff50)
Native owner (ubuntu-24.04)	Q5.1 deterministic queues and bounded SimPy reference	2026-10-05T02:04:35.4981424Z 
Native owner (ubuntu-24.04)	Q5.1 deterministic queues and bounded SimPy reference	2026-10-05T02:04:35.4981522Z running 3 tests
Native owner (ubuntu-24.04)	Q5.1 deterministic queues and bounded SimPy reference	2026-10-05T02:04:35.4983222Z test legacy_context_public_fields_and_methods_remain_usable ... ok
Native owner (ubuntu-24.04)	Q5.1 deterministic queues and bounded SimPy reference	2026-10-05T02:04:35.4983654Z test legacy_resource_capacity_two_fifo_release_conserves_capacity ... ok
Native owner (ubuntu-24.04)	Q5.1 deterministic queues and bounded SimPy reference	2026-10-05T02:04:35.4984138Z test legacy_trajectory_accessors_preserve_dispatch_order_and_event_limit ... ok
Native owner (ubuntu-24.04)	Q5.1 deterministic queues and bounded SimPy reference	2026-10-05T02:04:35.4984408Z 
Native owner (ubuntu-24.04)	Q5.1 deterministic queues and bounded SimPy reference	2026-10-05T02:04:35.4984587Z test result: ok. 3 passed; 0 failed; 0 ignored; 0 measured; 0 filtered out; finished in 0.00s
Native owner (ubuntu-24.04)	Q5.1 deterministic queues and bounded SimPy reference	2026-10-05T02:04:35.4984814Z 
Native owner (ubuntu-24.04)	Q5.1 deterministic queues and bounded SimPy reference	2026-10-05T02:04:35.4985002Z    Doc-tests kairo_ecs_des
Native owner (ubuntu-24.04)	Q5.1 deterministic queues and bounded SimPy reference	2026-10-05T02:04:35.5463807Z 
Native owner (ubuntu-24.04)	Q5.1 deterministic queues and bounded SimPy reference	2026-10-05T02:04:35.5464191Z running 0 tests
Native owner (ubuntu-24.04)	Q5.1 deterministic queues and bounded SimPy reference	2026-10-05T02:04:35.5464345Z 
Native owner (ubuntu-24.04)	Q5.1 deterministic queues and bounded SimPy reference	2026-10-05T02:04:35.5464550Z test result: ok. 0 passed; 0 failed; 0 ignored; 0 measured; 0 filtered out; finished in 0.00s
Native owner (ubuntu-24.04)	Q5.1 deterministic queues and bounded SimPy reference	2026-10-05T02:04:35.5464802Z 
Native owner (ubuntu-24.04)	Q5.1 deterministic queues and bounded SimPy reference	2026-10-05T02:04:35.6642861Z test_altered_event_fails (queue_simpy_v1_test.ComparatorValidationTests.test_altered_event_fails) ... ok
Native owner (ubuntu-24.04)	Q5.1 deterministic queues and bounded SimPy reference	2026-10-05T02:04:35.6643954Z test_bool_is_not_fixture_integer_version (queue_simpy_v1_test.ComparatorValidationTests.test_bool_is_not_fixture_integer_version) ... ok
Native owner (ubuntu-24.04)	Q5.1 deterministic queues and bounded SimPy reference	2026-10-05T02:04:35.6645177Z test_duplicate_event_fails (queue_simpy_v1_test.ComparatorValidationTests.test_duplicate_event_fails) ... ok
Native owner (ubuntu-24.04)	Q5.1 deterministic queues and bounded SimPy reference	2026-10-05T02:04:35.6647712Z test_hand_derived_rows_match (queue_simpy_v1_test.ComparatorValidationTests.test_hand_derived_rows_match) ... ok
Native owner (ubuntu-24.04)	Q5.1 deterministic queues and bounded SimPy reference	2026-10-05T02:04:35.6649277Z test_missing_event_fails (queue_simpy_v1_test.ComparatorValidationTests.test_missing_event_fails) ... ok
Native owner (ubuntu-24.04)	Q5.1 deterministic queues and bounded SimPy reference	2026-10-05T02:04:35.6651657Z test_unknown_case_or_operation_fails (queue_simpy_v1_test.ComparatorValidationTests.test_unknown_case_or_operation_fails) ... ok
Native owner (ubuntu-24.04)	Q5.1 deterministic queues and bounded SimPy reference	2026-10-05T02:04:35.6652526Z test_wrong_kairos_version_fails (queue_simpy_v1_test.ComparatorValidationTests.test_wrong_kairos_version_fails) ... ok
Native owner (ubuntu-24.04)	Q5.1 deterministic queues and bounded SimPy reference	2026-10-05T02:04:35.6653532Z test_wrong_simpy_version_fails (queue_simpy_v1_test.ComparatorValidationTests.test_wrong_simpy_version_fails) ... ok
Native owner (ubuntu-24.04)	Q5.1 deterministic queues and bounded SimPy reference	2026-10-05T02:04:35.6653929Z 
Native owner (ubuntu-24.04)	Q5.1 deterministic queues and bounded SimPy reference	2026-10-05T02:04:35.6654083Z ----------------------------------------------------------------------
Native owner (ubuntu-24.04)	Q5.1 deterministic queues and bounded SimPy reference	2026-10-05T02:04:35.6654387Z Ran 8 tests in 0.001s
Native owner (ubuntu-24.04)	Q5.1 deterministic queues and bounded SimPy reference	2026-10-05T02:04:35.6654492Z 
Native owner (ubuntu-24.04)	Q5.1 deterministic queues and bounded SimPy reference	2026-10-05T02:04:35.6654560Z OK
Native owner (ubuntu-24.04)	Q5.1 deterministic queues and bounded SimPy reference	2026-10-05T02:04:37.6673027Z Python 3.14.8
Native owner (ubuntu-24.04)	Q5.1 deterministic queues and bounded SimPy reference	2026-10-05T02:04:38.4452631Z Collecting simpy==4.1.2 (from -r tests/conformance/queue_simpy_v1_requirements.txt (line 3))
Native owner (ubuntu-24.04)	Q5.1 deterministic queues and bounded SimPy reference	2026-10-05T02:04:38.5192487Z   Downloading simpy-4.1.2-py3-none-any.whl (27 kB)
Native owner (ubuntu-24.04)	Q5.1 deterministic queues and bounded SimPy reference	2026-10-05T02:04:38.5427087Z Installing collected packages: simpy
Native owner (ubuntu-24.04)	Q5.1 deterministic queues and bounded SimPy reference	2026-10-05T02:04:38.5570780Z Successfully installed simpy-4.1.2
Native owner (ubuntu-24.04)	Q5.1 deterministic queues and bounded SimPy reference	2026-10-05T02:04:38.7847280Z {"expected_events_sha256": "9574cd5f31ad7585a41bdede0aac74eacd907f32673e95a83082d662e2468016", "matched_hand_derived_rows": true, "output": ".artifacts/ci/q51/comparison.json"}
Native owner (ubuntu-24.04)	Q5.2 supplementary queue benchmark checks	﻿2026-10-05T02:04:38.7989095Z ##[group]Run set -euo pipefail
Native owner (ubuntu-24.04)	Q5.2 supplementary queue benchmark checks	2026-10-05T02:04:38.7989391Z ^[[36;1mset -euo pipefail^[[0m
Native owner (ubuntu-24.04)	Q5.2 supplementary queue benchmark checks	2026-10-05T02:04:38.7989585Z ^[[36;1mlog_dir=".artifacts/ci/q52"^[[0m
Native owner (ubuntu-24.04)	Q5.2 supplementary queue benchmark checks	2026-10-05T02:04:38.7989782Z ^[[36;1mmkdir -p "$log_dir"^[[0m
Native owner (ubuntu-24.04)	Q5.2 supplementary queue benchmark checks	2026-10-05T02:04:38.7989991Z ^[[36;1mgit rev-parse HEAD | tee "$log_dir/source.log"^[[0m
Native owner (ubuntu-24.04)	Q5.2 supplementary queue benchmark checks	2026-10-05T02:04:38.7990277Z ^[[36;1mrustup run 1.99.0 rustc -vV | tee -a "$log_dir/source.log"^[[0m
Native owner (ubuntu-24.04)	Q5.2 supplementary queue benchmark checks	2026-10-05T02:04:38.7990685Z ^[[36;1mpython -m unittest discover -s benches/queue -p test_run_v1.py -v 2>&1 | tee "$log_dir/collector-tests.log"^[[0m
Native owner (ubuntu-24.04)	Q5.2 supplementary queue benchmark checks	2026-10-05T02:04:38.7991280Z ^[[36;1mrustup run 1.99.0 cargo test --locked -p kairo-ecs-des --release benchmark_q52_measurements -- --ignored --nocapture 2>&1 | tee "$log_dir/kernel.log"^[[0m
Native owner (ubuntu-24.04)	Q5.2 supplementary queue benchmark checks	2026-10-05T02:04:38.7992190Z ^[[36;1mpython benches/queue/run_v1.py --build --binary target/release/examples/flow_queue_benchmark_v1 --scenario churn --n 10 --resources 1 --capacity 1 --repeats 5 --timeout-seconds 30 --seed 42 --output-dir "$log_dir/runtime" 2>&1 | tee "$log_dir/runtime.log"^[[0m
Native owner (ubuntu-24.04)	Q5.2 supplementary queue benchmark checks	2026-10-05T02:04:38.7993285Z ^[[36;1mpython -c 'import glob,json; paths=glob.glob(".artifacts/ci/q52/runtime/*/result.json"); assert len(paths)==1, paths; r=json.load(open(paths[0])); assert r["status"]=="complete" and r["bounded_measurement_provenance_qualified"], r["status"]'^[[0m
Native owner (ubuntu-24.04)	Q5.2 supplementary queue benchmark checks	2026-10-05T02:04:38.7993971Z ^[[36;1m# This bounded smoke is correctness/provenance evidence; full local matrix^[[0m
Native owner (ubuntu-24.04)	Q5.2 supplementary queue benchmark checks	2026-10-05T02:04:38.7994330Z ^[[36;1m# and canonical upstream regression comparisons remain separate gates.^[[0m
Native owner (ubuntu-24.04)	Q5.2 supplementary queue benchmark checks	2026-10-05T02:04:38.8029407Z shell: /usr/bin/bash -e {0}
Native owner (ubuntu-24.04)	Q5.2 supplementary queue benchmark checks	2026-10-05T02:04:38.8029614Z env:
Native owner (ubuntu-24.04)	Q5.2 supplementary queue benchmark checks	2026-10-05T02:04:38.8029823Z   pythonLocation: /opt/hostedtoolcache/Python/3.14.8/x64
Native owner (ubuntu-24.04)	Q5.2 supplementary queue benchmark checks	2026-10-05T02:04:38.8030122Z   PKG_CONFIG_PATH: /opt/hostedtoolcache/Python/3.14.8/x64/lib/pkgconfig
Native owner (ubuntu-24.04)	Q5.2 supplementary queue benchmark checks	2026-10-05T02:04:38.8030420Z   Python_ROOT_DIR: /opt/hostedtoolcache/Python/3.14.8/x64
Native owner (ubuntu-24.04)	Q5.2 supplementary queue benchmark checks	2026-10-05T02:04:38.8030690Z   Python2_ROOT_DIR: /opt/hostedtoolcache/Python/3.14.8/x64
Native owner (ubuntu-24.04)	Q5.2 supplementary queue benchmark checks	2026-10-05T02:04:38.8030949Z   Python3_ROOT_DIR: /opt/hostedtoolcache/Python/3.14.8/x64
Native owner (ubuntu-24.04)	Q5.2 supplementary queue benchmark checks	2026-10-05T02:04:38.8031354Z   LD_LIBRARY_PATH: /opt/hostedtoolcache/Python/3.14.8/x64/lib
Native owner (ubuntu-24.04)	Q5.2 supplementary queue benchmark checks	2026-10-05T02:04:38.8031588Z ##[endgroup]
Native owner (ubuntu-24.04)	Q5.2 supplementary queue benchmark checks	2026-10-05T02:04:38.8096481Z 6f9560c3092325e26d6bb8c156c842577caabd9c
Native owner (ubuntu-24.04)	Q5.2 supplementary queue benchmark checks	2026-10-05T02:04:38.8186320Z rustc 1.99.0 (b940084d7 2026-09-28)
Native owner (ubuntu-24.04)	Q5.2 supplementary queue benchmark checks	2026-10-05T02:04:38.8186704Z binary: rustc
Native owner (ubuntu-24.04)	Q5.2 supplementary queue benchmark checks	2026-10-05T02:04:38.8187057Z commit-hash: b940084d7eb6a299eb4bfeb8e34901bc051e7ac4
Native owner (ubuntu-24.04)	Q5.2 supplementary queue benchmark checks	2026-10-05T02:04:38.8187407Z commit-date: 2026-09-28
Native owner (ubuntu-24.04)	Q5.2 supplementary queue benchmark checks	2026-10-05T02:04:38.8187628Z host: x86_64-unknown-linux-gnu
Native owner (ubuntu-24.04)	Q5.2 supplementary queue benchmark checks	2026-10-05T02:04:38.8187990Z release: 1.99.0
Native owner (ubuntu-24.04)	Q5.2 supplementary queue benchmark checks	2026-10-05T02:04:38.8188287Z LLVM version: 23.1.1
Native owner (ubuntu-24.04)	Q5.2 supplementary queue benchmark checks	2026-10-05T02:04:38.9655410Z test_build_binary_path_must_match_reviewed_target_layout (test_run_v1.RuntimeCollectorTests.test_build_binary_path_must_match_reviewed_target_layout) ... ok
Native owner (ubuntu-24.04)	Q5.2 supplementary queue benchmark checks	2026-10-05T02:04:38.9667550Z test_build_launch_failure_is_recorded_and_not_treated_as_a_binary (test_run_v1.RuntimeCollectorTests.test_build_launch_failure_is_recorded_and_not_treated_as_a_binary) ... ok
Native owner (ubuntu-24.04)	Q5.2 supplementary queue benchmark checks	2026-10-05T02:04:38.9676940Z test_build_receipt_records_actual_argv_inputs_and_binary_hash (test_run_v1.RuntimeCollectorTests.test_build_receipt_records_actual_argv_inputs_and_binary_hash) ... ok
Native owner (ubuntu-24.04)	Q5.2 supplementary queue benchmark checks	2026-10-05T02:04:38.9893647Z test_child_row_rejects_boolean_counts_nan_rates_and_inconsistent_totals (test_run_v1.RuntimeCollectorTests.test_child_row_rejects_boolean_counts_nan_rates_and_inconsistent_totals) ... ok
Native owner (ubuntu-24.04)	Q5.2 supplementary queue benchmark checks	2026-10-05T02:04:38.9896129Z test_expected_counts_cover_each_scenario_and_interruption_work_lifecycle (test_run_v1.RuntimeCollectorTests.test_expected_counts_cover_each_scenario_and_interruption_work_lifecycle) ... ok
Native owner (ubuntu-24.04)	Q5.2 supplementary queue benchmark checks	2026-10-05T02:04:38.9897336Z test_frozen_matrix_has_requested_runtime_dimensions (test_run_v1.RuntimeCollectorTests.test_frozen_matrix_has_requested_runtime_dimensions) ... ok
Native owner (ubuntu-24.04)	Q5.2 supplementary queue benchmark checks	2026-10-05T02:04:38.9907723Z test_main_does_not_run_stale_binary_when_requested_build_fails (test_run_v1.RuntimeCollectorTests.test_main_does_not_run_stale_binary_when_requested_build_fails) ... ok
Native owner (ubuntu-24.04)	Q5.2 supplementary queue benchmark checks	2026-10-05T02:04:38.9913005Z test_main_rejects_nan_timeout_before_launch (test_run_v1.RuntimeCollectorTests.test_main_rejects_nan_timeout_before_launch) ... ok
Native owner (ubuntu-24.04)	Q5.2 supplementary queue benchmark checks	2026-10-05T02:04:38.9919630Z test_main_returns_nonzero_before_child_spawn_on_unsupported_platform (test_run_v1.RuntimeCollectorTests.test_main_returns_nonzero_before_child_spawn_on_unsupported_platform) ... ok
Native owner (ubuntu-24.04)	Q5.2 supplementary queue benchmark checks	2026-10-05T02:04:39.4964425Z test_main_stops_repeats_for_timed_out_case_and_exits_nonzero (test_run_v1.RuntimeCollectorTests.test_main_stops_repeats_for_timed_out_case_and_exits_nonzero) ... ok
Native owner (ubuntu-24.04)	Q5.2 supplementary queue benchmark checks	2026-10-05T02:04:39.5376884Z test_nonzero_or_invalid_child_output_is_failure (test_run_v1.RuntimeCollectorTests.test_nonzero_or_invalid_child_output_is_failure) ... ok
Native owner (ubuntu-24.04)	Q5.2 supplementary queue benchmark checks	2026-10-05T02:04:39.5377989Z test_percentiles_use_nearest_rank_on_completed_samples (test_run_v1.RuntimeCollectorTests.test_percentiles_use_nearest_rank_on_completed_samples) ... ok
Native owner (ubuntu-24.04)	Q5.2 supplementary queue benchmark checks	2026-10-05T02:04:39.5586364Z test_repeat_records_child_row_and_per_process_rss (test_run_v1.RuntimeCollectorTests.test_repeat_records_child_row_and_per_process_rss) ... ok
Native owner (ubuntu-24.04)	Q5.2 supplementary queue benchmark checks	2026-10-05T02:04:39.5587429Z test_rss_units_are_normalized_by_host (test_run_v1.RuntimeCollectorTests.test_rss_units_are_normalized_by_host) ... ok
Native owner (ubuntu-24.04)	Q5.2 supplementary queue benchmark checks	2026-10-05T02:04:39.5590960Z test_source_provenance_qualification_fails_closed_on_dirty_or_unverified_inputs (test_run_v1.RuntimeCollectorTests.test_source_provenance_qualification_fails_closed_on_dirty_or_unverified_inputs) ... ok
Native owner (ubuntu-24.04)	Q5.2 supplementary queue benchmark checks	2026-10-05T02:04:39.5604723Z test_source_provenance_requires_complete_valid_runtime_and_build_hashes (test_run_v1.RuntimeCollectorTests.test_source_provenance_requires_complete_valid_runtime_and_build_hashes) ... ok
Native owner (ubuntu-24.04)	Q5.2 supplementary queue benchmark checks	2026-10-05T02:04:40.0624560Z test_timeout_preserves_partial_output_and_is_not_a_pass (test_run_v1.RuntimeCollectorTests.test_timeout_preserves_partial_output_and_is_not_a_pass) ... ok
Native owner (ubuntu-24.04)	Q5.2 supplementary queue benchmark checks	2026-10-05T02:04:40.0627530Z test_unsupported_rss_platform_is_explicitly_rejected (test_run_v1.RuntimeCollectorTests.test_unsupported_rss_platform_is_explicitly_rejected) ... ok
Native owner (ubuntu-24.04)	Q5.2 supplementary queue benchmark checks	2026-10-05T02:04:40.0646342Z test_validator_accepts_expected_rows_for_every_frozen_case (test_run_v1.RuntimeCollectorTests.test_validator_accepts_expected_rows_for_every_frozen_case) ... ok
Native owner (ubuntu-24.04)	Q5.2 supplementary queue benchmark checks	2026-10-05T02:04:40.0647067Z 
Native owner (ubuntu-24.04)	Q5.2 supplementary queue benchmark checks	2026-10-05T02:04:40.0647199Z ----------------------------------------------------------------------
Native owner (ubuntu-24.04)	Q5.2 supplementary queue benchmark checks	2026-10-05T02:04:40.0647451Z Ran 19 tests in 1.100s
Native owner (ubuntu-24.04)	Q5.2 supplementary queue benchmark checks	2026-10-05T02:04:40.0647557Z 
Native owner (ubuntu-24.04)	Q5.2 supplementary queue benchmark checks	2026-10-05T02:04:40.0647671Z OK
Native owner (ubuntu-24.04)	Q5.2 supplementary queue benchmark checks	2026-10-05T02:04:40.1107081Z     Finished `release` profile [optimized] target(s) in 0.02s
Native owner (ubuntu-24.04)	Q5.2 supplementary queue benchmark checks	2026-10-05T02:04:40.1117372Z      Running unittests src/lib.rs (target/release/deps/kairo_ecs_des-e718b81ac879d362)
Native owner (ubuntu-24.04)	Q5.2 supplementary queue benchmark checks	2026-10-05T02:04:40.1126010Z 
Native owner (ubuntu-24.04)	Q5.2 supplementary queue benchmark checks	2026-10-05T02:04:40.1126422Z running 1 test
Native owner (ubuntu-24.04)	Q5.2 supplementary queue benchmark checks	2026-10-05T02:04:40.1142514Z Q52_META {"schema_version":1,"benchmark":"supplementary_queue_kernel","seed":20261004,"priority_generator":"splitmix64(seed + index * golden_ratio_constant) mod 101 minus 50","repeats":5,"queue_operation_mix":"one rekey plus one cancel per initial waiter; 50 percent rekey, 50 percent cancel requests","queue_sizes_are_waiters":true,"single_operation_removal_rows_are_exploratory":true,"batched_actual_cycles_per_repeat":50000,"batched_historical_cycles_n_100000":100,"ordered_selector_rows":true,"ordered_selector_modes":["matched","equal_priority_no_match","ineligible_holders","all_nonpreempting_waiters"],"ordered_selector_initial_calls":"clamp(1000000 / max(1,H+yielded_waiters),1,1000000)","ordered_selector_max_calibration_attempts":5,"ordered_selector_min_batch_ns":1000000,"ordered_selector_sorted_waiter_fixture_excluded":true,"setup_excluded":true,"canonical_thresholds_unchanged":true}
Native owner (ubuntu-24.04)	Q5.2 supplementary queue benchmark checks	2026-10-05T02:04:40.1147414Z Q52_ROW {"scenario":"legacy_resource_fifo","n":10,"capacity":1,"comparison_class":"matched_fifo_primitive_only","repeat":1,"batches":1000,"elapsed_ns":32689,"ops":20000,"ns_per_op":1.6344,"ops_per_second":611826608.3392,"timed_operations":"request_waiter_and_release_waiter","comparisons":null,"setup_excluded":true,"fifo_order_checked_in_correctness_test":true,"final_queue_len":0}
Native owner (ubuntu-24.04)	Q5.2 supplementary queue benchmark checks	2026-10-05T02:04:40.1150208Z Q52_ROW {"scenario":"priority_fifo","n":10,"priority_shape":"tied","legacy_fifo_comparable":true,"repeat":1,"batches":1000,"elapsed_ns":238752,"ops":20000,"ns_per_op":11.9376,"ops_per_second":83768931.7786,"timed_operations":"insert_and_remove_min","comparisons":null,"setup_excluded":true,"final_queue_len":0}
Native owner (ubuntu-24.04)	Q5.2 supplementary queue benchmark checks	2026-10-05T02:04:40.1152405Z Q52_ROW {"scenario":"priority_fifo","n":10,"priority_shape":"mixed","legacy_fifo_comparable":false,"repeat":1,"batches":1000,"elapsed_ns":214010,"ops":20000,"ns_per_op":10.7005,"ops_per_second":93453576.9357,"timed_operations":"insert_and_remove_min","comparisons":null,"setup_excluded":true,"final_queue_len":0}
Native owner (ubuntu-24.04)	Q5.2 supplementary queue benchmark checks	2026-10-05T02:04:40.1155393Z Q52_ROW {"scenario":"claim_queue_direct_tree_rekey_cancel_50_50","n":10,"priority_shape":"tied","repeat":1,"queue_occupancy_initial":10,"queue_occupancy_final":0,"queue_occupancy_mean_at_mutation_start":5.1667,"rekeys":10,"cancels":10,"tree_mutations":30,"elapsed_ns":1053,"ops":20,"ns_per_request":52.6500,"requests_per_second":18993352.3267,"ns_per_tree_mutation":35.1000,"mutations_per_second":28490028.4900,"timed_operations":"remove_insert_rekey_then_cancel","comparisons":null,"setup_excluded":true,"final_queue_len":0}
Native owner (ubuntu-24.04)	Q5.2 supplementary queue benchmark checks	2026-10-05T02:04:40.1159208Z Q52_ROW {"scenario":"claim_queue_direct_tree_rekey_cancel_50_50","n":10,"priority_shape":"mixed","repeat":1,"queue_occupancy_initial":10,"queue_occupancy_final":0,"queue_occupancy_mean_at_mutation_start":5.1667,"rekeys":10,"cancels":10,"tree_mutations":30,"elapsed_ns":908,"ops":20,"ns_per_request":45.4000,"requests_per_second":22026431.7181,"ns_per_tree_mutation":30.2667,"mutations_per_second":33039647.5771,"timed_operations":"remove_insert_rekey_then_cancel","comparisons":null,"setup_excluded":true,"final_queue_len":0}
Native owner (ubuntu-24.04)	Q5.2 supplementary queue benchmark checks	2026-10-05T02:04:40.1163950Z Q52_ROW {"scenario":"legacy_algorithm_baseline_bcb11cd_retain_rekey_cancel_50_50","algorithm_source_commit":"bcb11cd61bc38b4813815f574a6a051f3b9e8faf","n":10,"priority_shape":"tied","repeat":1,"occupancy_before_each_op":10,"commands_requested":10,"commands_completed":10,"reprioritize_commands":5,"cancel_commands":5,"derived_expected_retain_predicate_visits":100,"elapsed_ns_sum":2054,"ops":10,"ns_per_command_mean":205.4000,"ns_per_command_p50":97,"ns_per_command_p95":1390,"sample_elapsed_ns":[38,38,40,50,84,97,98,102,117,1390],"commands_per_second_mean":4868549.1723,"timed_operations":"historical_retain_predicate_plus_reprioritize_insert_or_cancel","setup_clone_excluded":true,"exploratory_timer_overhead_unadjusted":true,"contract_timing_evidence":false,"status":"complete"}
Native owner (ubuntu-24.04)	Q5.2 supplementary queue benchmark checks	2026-10-05T02:04:40.1169863Z Q52_ROW {"scenario":"legacy_algorithm_baseline_bcb11cd_retain_rekey_cancel_50_50","algorithm_source_commit":"bcb11cd61bc38b4813815f574a6a051f3b9e8faf","n":10,"priority_shape":"mixed","repeat":1,"occupancy_before_each_op":10,"commands_requested":10,"commands_completed":10,"reprioritize_commands":5,"cancel_commands":5,"derived_expected_retain_predicate_visits":100,"elapsed_ns_sum":794,"ops":10,"ns_per_command_mean":79.4000,"ns_per_command_p50":95,"ns_per_command_p95":141,"sample_elapsed_ns":[40,42,42,48,67,95,96,97,126,141],"commands_per_second_mean":12594458.4383,"timed_operations":"historical_retain_predicate_plus_reprioritize_insert_or_cancel","setup_clone_excluded":true,"exploratory_timer_overhead_unadjusted":true,"contract_timing_evidence":false,"status":"complete"}
Native owner (ubuntu-24.04)	Q5.2 supplementary queue benchmark checks	2026-10-05T02:04:40.1175407Z Q52_ROW {"scenario":"actual_remove_waiting_request_rekey_cancel_50_50","n":10,"priority_shape":"tied","repeat":1,"occupancy_before_each_op":10,"commands_requested":10,"commands_completed":10,"reprioritize_commands":5,"cancel_commands":5,"removed_keys":10,"reinserted_keys":5,"elapsed_ns_sum":571,"ops":10,"ns_per_command_mean":57.1000,"ns_per_command_p50":60,"ns_per_command_p95":110,"sample_elapsed_ns":[32,32,32,34,40,60,64,81,86,110],"commands_per_second_mean":17513134.8511,"timed_operations":"current_private_remove_waiting_request_plus_exact_rekey_insert_or_cancel_state","admission_sequence_preserved":true,"setup_clone_excluded":true,"exploratory_timer_overhead_unadjusted":true,"contract_timing_evidence":false,"status":"complete"}
Native owner (ubuntu-24.04)	Q5.2 supplementary queue benchmark checks	2026-10-05T02:04:40.1180795Z Q52_ROW {"scenario":"actual_remove_waiting_request_rekey_cancel_50_50","n":10,"priority_shape":"mixed","repeat":1,"occupancy_before_each_op":10,"commands_requested":10,"commands_completed":10,"reprioritize_commands":5,"cancel_commands":5,"removed_keys":10,"reinserted_keys":5,"elapsed_ns_sum":677,"ops":10,"ns_per_command_mean":67.7000,"ns_per_command_p50":77,"ns_per_command_p95":106,"sample_elapsed_ns":[34,34,43,47,48,77,94,97,97,106],"commands_per_second_mean":14771048.7445,"timed_operations":"current_private_remove_waiting_request_plus_exact_rekey_insert_or_cancel_state","admission_sequence_preserved":true,"setup_clone_excluded":true,"exploratory_timer_overhead_unadjusted":true,"contract_timing_evidence":false,"status":"complete"}
Native owner (ubuntu-24.04)	Q5.2 supplementary queue benchmark checks	2026-10-05T02:04:40.1186247Z Q52_ROW {"scenario":"actual_helper_batched_reversible_rekey","algorithm_source_commit":"05b7822f0c69b9d36549130e228c01689b908a13","n":10,"priority_shape":"tied","repeat":1,"cycles":50000,"operations":50000,"primitive_queue_mutations":200000,"queue_mutations_per_cycle":4,"restoration_insert_count":50000,"elapsed_ns":3802408,"ns_per_primitive_op":19.0120,"derived_expected_helper_removals":100000,"occupancy_at_cycle_boundaries":10,"final_queue_matches_initial":true,"setup_and_verification_excluded":true,"timed_operations":"two_current_remove_waiting_request_calls_with_success_checks_plus_rekey_insert_and_restore_insert; reversible helper cycle, not a Cancel or Reprioritize command","end_to_end_speedup_claim":false,"status":"complete"}
Native owner (ubuntu-24.04)	Q5.2 supplementary queue benchmark checks	2026-10-05T02:04:40.1207181Z Q52_ROW {"scenario":"actual_helper_batched_reversible_rekey","algorithm_source_commit":"05b7822f0c69b9d36549130e228c01689b908a13","n":10,"priority_shape":"mixed","repeat":1,"cycles":50000,"operations":50000,"primitive_queue_mutations":200000,"queue_mutations_per_cycle":4,"restoration_insert_count":50000,"elapsed_ns":3404097,"ns_per_primitive_op":17.0205,"derived_expected_helper_removals":100000,"occupancy_at_cycle_boundaries":10,"final_queue_matches_initial":true,"setup_and_verification_excluded":true,"timed_operations":"two_current_remove_waiting_request_calls_with_success_checks_plus_rekey_insert_and_restore_insert; reversible helper cycle, not a Cancel or Reprioritize command","end_to_end_speedup_claim":false,"status":"complete"}
Native owner (ubuntu-24.04)	Q5.2 supplementary queue benchmark checks	2026-10-05T02:04:40.1249764Z Q52_ROW {"scenario":"historical_retain_batched_reversible_rekey","algorithm_source_commit":"bcb11cd61bc38b4813815f574a6a051f3b9e8faf","n":10,"priority_shape":"tied","repeat":1,"cycles":50000,"operations":50000,"primitive_queue_mutations":200000,"queue_mutations_per_cycle":4,"restoration_insert_count":50000,"elapsed_ns":4250483,"ns_per_primitive_op":21.2524,"historical_retain_predicate_visits_exact":1000000,"historical_retain_predicate_visit_bound":"2*n*cycles","occupancy_at_cycle_boundaries":10,"final_queue_matches_initial":true,"setup_and_verification_excluded":true,"timed_operations":"two historical retain passes plus rekey insert and restore insert; reversible helper cycle, not a Cancel or Reprioritize command","end_to_end_speedup_claim":false,"status":"complete"}
Native owner (ubuntu-24.04)	Q5.2 supplementary queue benchmark checks	2026-10-05T02:04:40.1291230Z Q52_ROW {"scenario":"historical_retain_batched_reversible_rekey","algorithm_source_commit":"bcb11cd61bc38b4813815f574a6a051f3b9e8faf","n":10,"priority_shape":"mixed","repeat":1,"cycles":50000,"operations":50000,"primitive_queue_mutations":200000,"queue_mutations_per_cycle":4,"restoration_insert_count":50000,"elapsed_ns":4226585,"ns_per_primitive_op":21.1329,"historical_retain_predicate_visits_exact":1000000,"historical_retain_predicate_visit_bound":"2*n*cycles","occupancy_at_cycle_boundaries":10,"final_queue_matches_initial":true,"setup_and_verification_excluded":true,"timed_operations":"two historical retain passes plus rekey insert and restore insert; reversible helper cycle, not a Cancel or Reprioritize command","end_to_end_speedup_claim":false,"status":"complete"}
Native owner (ubuntu-24.04)	Q5.2 supplementary queue benchmark checks	2026-10-05T02:04:40.1293809Z Q52_ROW {"scenario":"legacy_resource_fifo","n":10,"capacity":1,"comparison_class":"matched_fifo_primitive_only","repeat":2,"batches":1000,"elapsed_ns":34282,"ops":20000,"ns_per_op":1.7141,"ops_per_second":583396534.6246,"timed_operations":"request_waiter_and_release_waiter","comparisons":null,"setup_excluded":true,"fifo_order_checked_in_correctness_test":true,"final_queue_len":0}
Native owner (ubuntu-24.04)	Q5.2 supplementary queue benchmark checks	2026-10-05T02:04:40.1295669Z Q52_ROW {"scenario":"priority_fifo","n":10,"priority_shape":"tied","legacy_fifo_comparable":true,"repeat":2,"batches":1000,"elapsed_ns":251829,"ops":20000,"ns_per_op":12.5915,"ops_per_second":79418970.8096,"timed_operations":"insert_and_remove_min","comparisons":null,"setup_excluded":true,"final_queue_len":0}
Native owner (ubuntu-24.04)	Q5.2 supplementary queue benchmark checks	2026-10-05T02:04:40.1297118Z Q52_ROW {"scenario":"priority_fifo","n":10,"priority_shape":"mixed","legacy_fifo_comparable":false,"repeat":2,"batches":1000,"elapsed_ns":229811,"ops":20000,"ns_per_op":11.4906,"ops_per_second":87028036.0818,"timed_operations":"insert_and_remove_min","comparisons":null,"setup_excluded":true,"final_queue_len":0}
Native owner (ubuntu-24.04)	Q5.2 supplementary queue benchmark checks	2026-10-05T02:04:40.1298969Z Q52_ROW {"scenario":"claim_queue_direct_tree_rekey_cancel_50_50","n":10,"priority_shape":"tied","repeat":2,"queue_occupancy_initial":10,"queue_occupancy_final":0,"queue_occupancy_mean_at_mutation_start":5.1667,"rekeys":10,"cancels":10,"tree_mutations":30,"elapsed_ns":1007,"ops":20,"ns_per_request":50.3500,"requests_per_second":19860973.1877,"ns_per_tree_mutation":33.5667,"mutations_per_second":29791459.7815,"timed_operations":"remove_insert_rekey_then_cancel","comparisons":null,"setup_excluded":true,"final_queue_len":0}
Native owner (ubuntu-24.04)	Q5.2 supplementary queue benchmark checks	2026-10-05T02:04:40.1301059Z Q52_ROW {"scenario":"claim_queue_direct_tree_rekey_cancel_50_50","n":10,"priority_shape":"mixed","repeat":2,"queue_occupancy_initial":10,"queue_occupancy_final":0,"queue_occupancy_mean_at_mutation_start":5.1667,"rekeys":10,"cancels":10,"tree_mutations":30,"elapsed_ns":1013,"ops":20,"ns_per_request":50.6500,"requests_per_second":19743336.6239,"ns_per_tree_mutation":33.7667,"mutations_per_second":29615004.9358,"timed_operations":"remove_insert_rekey_then_cancel","comparisons":null,"setup_excluded":true,"final_queue_len":0}
Native owner (ubuntu-24.04)	Q5.2 supplementary queue benchmark checks	2026-10-05T02:04:40.1303744Z Q52_ROW {"scenario":"legacy_algorithm_baseline_bcb11cd_retain_rekey_cancel_50_50","algorithm_source_commit":"bcb11cd61bc38b4813815f574a6a051f3b9e8faf","n":10,"priority_shape":"tied","repeat":2,"occupancy_before_each_op":10,"commands_requested":10,"commands_completed":10,"reprioritize_commands":5,"cancel_commands":5,"derived_expected_retain_predicate_visits":100,"elapsed_ns_sum":1120,"ops":10,"ns_per_command_mean":112.0000,"ns_per_command_p50":116,"ns_per_command_p95":255,"sample_elapsed_ns":[63,67,73,82,88,116,122,126,128,255],"commands_per_second_mean":8928571.4286,"timed_operations":"historical_retain_predicate_plus_reprioritize_insert_or_cancel","setup_clone_excluded":true,"exploratory_timer_overhead_unadjusted":true,"contract_timing_evidence":false,"status":"complete"}
Native owner (ubuntu-24.04)	Q5.2 supplementary queue benchmark checks	2026-10-05T02:04:40.1306920Z Q52_ROW {"scenario":"legacy_algorithm_baseline_bcb11cd_retain_rekey_cancel_50_50","algorithm_source_commit":"bcb11cd61bc38b4813815f574a6a051f3b9e8faf","n":10,"priority_shape":"mixed","repeat":2,"occupancy_before_each_op":10,"commands_requested":10,"commands_completed":10,"reprioritize_commands":5,"cancel_commands":5,"derived_expected_retain_predicate_visits":100,"elapsed_ns_sum":3379,"ops":10,"ns_per_command_mean":337.9000,"ns_per_command_p50":133,"ns_per_command_p95":2401,"sample_elapsed_ns":[51,55,56,73,115,133,158,160,177,2401],"commands_per_second_mean":2959455.4602,"timed_operations":"historical_retain_predicate_plus_reprioritize_insert_or_cancel","setup_clone_excluded":true,"exploratory_timer_overhead_unadjusted":true,"contract_timing_evidence":false,"status":"complete"}
Native owner (ubuntu-24.04)	Q5.2 supplementary queue benchmark checks	2026-10-05T02:04:40.1310048Z Q52_ROW {"scenario":"actual_remove_waiting_request_rekey_cancel_50_50","n":10,"priority_shape":"tied","repeat":2,"occupancy_before_each_op":10,"commands_requested":10,"commands_completed":10,"reprioritize_commands":5,"cancel_commands":5,"removed_keys":10,"reinserted_keys":5,"elapsed_ns_sum":765,"ops":10,"ns_per_command_mean":76.5000,"ns_per_command_p50":90,"ns_per_command_p95":125,"sample_elapsed_ns":[40,45,49,57,66,90,92,98,103,125],"commands_per_second_mean":13071895.4248,"timed_operations":"current_private_remove_waiting_request_plus_exact_rekey_insert_or_cancel_state","admission_sequence_preserved":true,"setup_clone_excluded":true,"exploratory_timer_overhead_unadjusted":true,"contract_timing_evidence":false,"status":"complete"}
Native owner (ubuntu-24.04)	Q5.2 supplementary queue benchmark checks	2026-10-05T02:04:40.1313060Z Q52_ROW {"scenario":"actual_remove_waiting_request_rekey_cancel_50_50","n":10,"priority_shape":"mixed","repeat":2,"occupancy_before_each_op":10,"commands_requested":10,"commands_completed":10,"reprioritize_commands":5,"cancel_commands":5,"removed_keys":10,"reinserted_keys":5,"elapsed_ns_sum":677,"ops":10,"ns_per_command_mean":67.7000,"ns_per_command_p50":71,"ns_per_command_p95":103,"sample_elapsed_ns":[39,43,43,44,55,71,84,95,100,103],"commands_per_second_mean":14771048.7445,"timed_operations":"current_private_remove_waiting_request_plus_exact_rekey_insert_or_cancel_state","admission_sequence_preserved":true,"setup_clone_excluded":true,"exploratory_timer_overhead_unadjusted":true,"contract_timing_evidence":false,"status":"complete"}
Native owner (ubuntu-24.04)	Q5.2 supplementary queue benchmark checks	2026-10-05T02:04:40.1323840Z Q52_ROW {"scenario":"actual_helper_batched_reversible_rekey","algorithm_source_commit":"05b7822f0c69b9d36549130e228c01689b908a13","n":10,"priority_shape":"tied","repeat":2,"cycles":50000,"operations":50000,"primitive_queue_mutations":200000,"queue_mutations_per_cycle":4,"restoration_insert_count":50000,"elapsed_ns":2704353,"ns_per_primitive_op":13.5218,"derived_expected_helper_removals":100000,"occupancy_at_cycle_boundaries":10,"final_queue_matches_initial":true,"setup_and_verification_excluded":true,"timed_operations":"two_current_remove_waiting_request_calls_with_success_checks_plus_rekey_insert_and_restore_insert; reversible helper cycle, not a Cancel or Reprioritize command","end_to_end_speedup_claim":false,"status":"complete"}
Native owner (ubuntu-24.04)	Q5.2 supplementary queue benchmark checks	2026-10-05T02:04:40.1350603Z Q52_ROW {"scenario":"actual_helper_batched_reversible_rekey","algorithm_source_commit":"05b7822f0c69b9d36549130e228c01689b908a13","n":10,"priority_shape":"mixed","repeat":2,"cycles":50000,"operations":50000,"primitive_queue_mutations":200000,"queue_mutations_per_cycle":4,"restoration_insert_count":50000,"elapsed_ns":2676934,"ns_per_primitive_op":13.3847,"derived_expected_helper_removals":100000,"occupancy_at_cycle_boundaries":10,"final_queue_matches_initial":true,"setup_and_verification_excluded":true,"timed_operations":"two_current_remove_waiting_request_calls_with_success_checks_plus_rekey_insert_and_restore_insert; reversible helper cycle, not a Cancel or Reprioritize command","end_to_end_speedup_claim":false,"status":"complete"}
Native owner (ubuntu-24.04)	Q5.2 supplementary queue benchmark checks	2026-10-05T02:04:40.1391414Z Q52_ROW {"scenario":"historical_retain_batched_reversible_rekey","algorithm_source_commit":"bcb11cd61bc38b4813815f574a6a051f3b9e8faf","n":10,"priority_shape":"tied","repeat":2,"cycles":50000,"operations":50000,"primitive_queue_mutations":200000,"queue_mutations_per_cycle":4,"restoration_insert_count":50000,"elapsed_ns":4058410,"ns_per_primitive_op":20.2920,"historical_retain_predicate_visits_exact":1000000,"historical_retain_predicate_visit_bound":"2*n*cycles","occupancy_at_cycle_boundaries":10,"final_queue_matches_initial":true,"setup_and_verification_excluded":true,"timed_operations":"two historical retain passes plus rekey insert and restore insert; reversible helper cycle, not a Cancel or Reprioritize command","end_to_end_speedup_claim":false,"status":"complete"}
Native owner (ubuntu-24.04)	Q5.2 supplementary queue benchmark checks	2026-10-05T02:04:40.1433261Z Q52_ROW {"scenario":"historical_retain_batched_reversible_rekey","algorithm_source_commit":"bcb11cd61bc38b4813815f574a6a051f3b9e8faf","n":10,"priority_shape":"mixed","repeat":2,"cycles":50000,"operations":50000,"primitive_queue_mutations":200000,"queue_mutations_per_cycle":4,"restoration_insert_count":50000,"elapsed_ns":4170123,"ns_per_primitive_op":20.8506,"historical_retain_predicate_visits_exact":1000000,"historical_retain_predicate_visit_bound":"2*n*cycles","occupancy_at_cycle_boundaries":10,"final_queue_matches_initial":true,"setup_and_verification_excluded":true,"timed_operations":"two historical retain passes plus rekey insert and restore insert; reversible helper cycle, not a Cancel or Reprioritize command","end_to_end_speedup_claim":false,"status":"complete"}
Native owner (ubuntu-24.04)	Q5.2 supplementary queue benchmark checks	2026-10-05T02:04:40.1435929Z Q52_ROW {"scenario":"legacy_resource_fifo","n":10,"capacity":1,"comparison_class":"matched_fifo_primitive_only","repeat":3,"batches":1000,"elapsed_ns":30875,"ops":20000,"ns_per_op":1.5437,"ops_per_second":647773279.3522,"timed_operations":"request_waiter_and_release_waiter","comparisons":null,"setup_excluded":true,"fifo_order_checked_in_correctness_test":true,"final_queue_len":0}
Native owner (ubuntu-24.04)	Q5.2 supplementary queue benchmark checks	2026-10-05T02:04:40.1437520Z Q52_ROW {"scenario":"priority_fifo","n":10,"priority_shape":"tied","legacy_fifo_comparable":true,"repeat":3,"batches":1000,"elapsed_ns":251419,"ops":20000,"ns_per_op":12.5709,"ops_per_second":79548482.8116,"timed_operations":"insert_and_remove_min","comparisons":null,"setup_excluded":true,"final_queue_len":0}
Native owner (ubuntu-24.04)	Q5.2 supplementary queue benchmark checks	2026-10-05T02:04:40.1438952Z Q52_ROW {"scenario":"priority_fifo","n":10,"priority_shape":"mixed","legacy_fifo_comparable":false,"repeat":3,"batches":1000,"elapsed_ns":226020,"ops":20000,"ns_per_op":11.3010,"ops_per_second":88487744.4474,"timed_operations":"insert_and_remove_min","comparisons":null,"setup_excluded":true,"final_queue_len":0}
Native owner (ubuntu-24.04)	Q5.2 supplementary queue benchmark checks	2026-10-05T02:04:40.1440685Z Q52_ROW {"scenario":"claim_queue_direct_tree_rekey_cancel_50_50","n":10,"priority_shape":"tied","repeat":3,"queue_occupancy_initial":10,"queue_occupancy_final":0,"queue_occupancy_mean_at_mutation_start":5.1667,"rekeys":10,"cancels":10,"tree_mutations":30,"elapsed_ns":2298,"ops":20,"ns_per_request":114.9000,"requests_per_second":8703220.1915,"ns_per_tree_mutation":76.6000,"mutations_per_second":13054830.2872,"timed_operations":"remove_insert_rekey_then_cancel","comparisons":null,"setup_excluded":true,"final_queue_len":0}
Native owner (ubuntu-24.04)	Q5.2 supplementary queue benchmark checks	2026-10-05T02:04:40.1442786Z Q52_ROW {"scenario":"claim_queue_direct_tree_rekey_cancel_50_50","n":10,"priority_shape":"mixed","repeat":3,"queue_occupancy_initial":10,"queue_occupancy_final":0,"queue_occupancy_mean_at_mutation_start":5.1667,"rekeys":10,"cancels":10,"tree_mutations":30,"elapsed_ns":925,"ops":20,"ns_per_request":46.2500,"requests_per_second":21621621.6216,"ns_per_tree_mutation":30.8333,"mutations_per_second":32432432.4324,"timed_operations":"remove_insert_rekey_then_cancel","comparisons":null,"setup_excluded":true,"final_queue_len":0}
Native owner (ubuntu-24.04)	Q5.2 supplementary queue benchmark checks	2026-10-05T02:04:40.1445481Z Q52_ROW {"scenario":"legacy_algorithm_baseline_bcb11cd_retain_rekey_cancel_50_50","algorithm_source_commit":"bcb11cd61bc38b4813815f574a6a051f3b9e8faf","n":10,"priority_shape":"tied","repeat":3,"occupancy_before_each_op":10,"commands_requested":10,"commands_completed":10,"reprioritize_commands":5,"cancel_commands":5,"derived_expected_retain_predicate_visits":100,"elapsed_ns_sum":923,"ops":10,"ns_per_command_mean":92.3000,"ns_per_command_p50":88,"ns_per_command_p95":146,"sample_elapsed_ns":[66,70,76,82,87,88,98,99,111,146],"commands_per_second_mean":10834236.1863,"timed_operations":"historical_retain_predicate_plus_reprioritize_insert_or_cancel","setup_clone_excluded":true,"exploratory_timer_overhead_unadjusted":true,"contract_timing_evidence":false,"status":"complete"}
Native owner (ubuntu-24.04)	Q5.2 supplementary queue benchmark checks	2026-10-05T02:04:40.1448629Z Q52_ROW {"scenario":"legacy_algorithm_baseline_bcb11cd_retain_rekey_cancel_50_50","algorithm_source_commit":"bcb11cd61bc38b4813815f574a6a051f3b9e8faf","n":10,"priority_shape":"mixed","repeat":3,"occupancy_before_each_op":10,"commands_requested":10,"commands_completed":10,"reprioritize_commands":5,"cancel_commands":5,"derived_expected_retain_predicate_visits":100,"elapsed_ns_sum":918,"ops":10,"ns_per_command_mean":91.8000,"ns_per_command_p50":108,"ns_per_command_p95":133,"sample_elapsed_ns":[54,54,63,66,85,108,113,120,122,133],"commands_per_second_mean":10893246.1874,"timed_operations":"historical_retain_predicate_plus_reprioritize_insert_or_cancel","setup_clone_excluded":true,"exploratory_timer_overhead_unadjusted":true,"contract_timing_evidence":false,"status":"complete"}
Native owner (ubuntu-24.04)	Q5.2 supplementary queue benchmark checks	2026-10-05T02:04:40.1451772Z Q52_ROW {"scenario":"actual_remove_waiting_request_rekey_cancel_50_50","n":10,"priority_shape":"tied","repeat":3,"occupancy_before_each_op":10,"commands_requested":10,"commands_completed":10,"reprioritize_commands":5,"cancel_commands":5,"removed_keys":10,"reinserted_keys":5,"elapsed_ns_sum":715,"ops":10,"ns_per_command_mean":71.5000,"ns_per_command_p50":79,"ns_per_command_p95":100,"sample_elapsed_ns":[40,41,58,58,60,79,91,91,97,100],"commands_per_second_mean":13986013.9860,"timed_operations":"current_private_remove_waiting_request_plus_exact_rekey_insert_or_cancel_state","admission_sequence_preserved":true,"setup_clone_excluded":true,"exploratory_timer_overhead_unadjusted":true,"contract_timing_evidence":false,"status":"complete"}
Native owner (ubuntu-24.04)	Q5.2 supplementary queue benchmark checks	2026-10-05T02:04:40.1454627Z Q52_ROW {"scenario":"actual_remove_waiting_request_rekey_cancel_50_50","n":10,"priority_shape":"mixed","repeat":3,"occupancy_before_each_op":10,"commands_requested":10,"commands_completed":10,"reprioritize_commands":5,"cancel_commands":5,"removed_keys":10,"reinserted_keys":5,"elapsed_ns_sum":699,"ops":10,"ns_per_command_mean":69.9000,"ns_per_command_p50":70,"ns_per_command_p95":93,"sample_elapsed_ns":[53,54,57,67,68,70,70,74,93,93],"commands_per_second_mean":14306151.6452,"timed_operations":"current_private_remove_waiting_request_plus_exact_rekey_insert_or_cancel_state","admission_sequence_preserved":true,"setup_clone_excluded":true,"exploratory_timer_overhead_unadjusted":true,"contract_timing_evidence":false,"status":"complete"}
Native owner (ubuntu-24.04)	Q5.2 supplementary queue benchmark checks	2026-10-05T02:04:40.1466112Z Q52_ROW {"scenario":"actual_helper_batched_reversible_rekey","algorithm_source_commit":"05b7822f0c69b9d36549130e228c01689b908a13","n":10,"priority_shape":"tied","repeat":3,"cycles":50000,"operations":50000,"primitive_queue_mutations":200000,"queue_mutations_per_cycle":4,"restoration_insert_count":50000,"elapsed_ns":2743558,"ns_per_primitive_op":13.7178,"derived_expected_helper_removals":100000,"occupancy_at_cycle_boundaries":10,"final_queue_matches_initial":true,"setup_and_verification_excluded":true,"timed_operations":"two_current_remove_waiting_request_calls_with_success_checks_plus_rekey_insert_and_restore_insert; reversible helper cycle, not a Cancel or Reprioritize command","end_to_end_speedup_claim":false,"status":"complete"}
Native owner (ubuntu-24.04)	Q5.2 supplementary queue benchmark checks	2026-10-05T02:04:40.1493095Z Q52_ROW {"scenario":"actual_helper_batched_reversible_rekey","algorithm_source_commit":"05b7822f0c69b9d36549130e228c01689b908a13","n":10,"priority_shape":"mixed","repeat":3,"cycles":50000,"operations":50000,"primitive_queue_mutations":200000,"queue_mutations_per_cycle":4,"restoration_insert_count":50000,"elapsed_ns":2692117,"ns_per_primitive_op":13.4606,"derived_expected_helper_removals":100000,"occupancy_at_cycle_boundaries":10,"final_queue_matches_initial":true,"setup_and_verification_excluded":true,"timed_operations":"two_current_remove_waiting_request_calls_with_success_checks_plus_rekey_insert_and_restore_insert; reversible helper cycle, not a Cancel or Reprioritize command","end_to_end_speedup_claim":false,"status":"complete"}
Native owner (ubuntu-24.04)	Q5.2 supplementary queue benchmark checks	2026-10-05T02:04:40.1533881Z Q52_ROW {"scenario":"historical_retain_batched_reversible_rekey","algorithm_source_commit":"bcb11cd61bc38b4813815f574a6a051f3b9e8faf","n":10,"priority_shape":"tied","repeat":3,"cycles":50000,"operations":50000,"primitive_queue_mutations":200000,"queue_mutations_per_cycle":4,"restoration_insert_count":50000,"elapsed_ns":4045396,"ns_per_primitive_op":20.2270,"historical_retain_predicate_visits_exact":1000000,"historical_retain_predicate_visit_bound":"2*n*cycles","occupancy_at_cycle_boundaries":10,"final_queue_matches_initial":true,"setup_and_verification_excluded":true,"timed_operations":"two historical retain passes plus rekey insert and restore insert; reversible helper cycle, not a Cancel or Reprioritize command","end_to_end_speedup_claim":false,"status":"complete"}
Native owner (ubuntu-24.04)	Q5.2 supplementary queue benchmark checks	2026-10-05T02:04:40.1577169Z Q52_ROW {"scenario":"historical_retain_batched_reversible_rekey","algorithm_source_commit":"bcb11cd61bc38b4813815f574a6a051f3b9e8faf","n":10,"priority_shape":"mixed","repeat":3,"cycles":50000,"operations":50000,"primitive_queue_mutations":200000,"queue_mutations_per_cycle":4,"restoration_insert_count":50000,"elapsed_ns":4175048,"ns_per_primitive_op":20.8752,"historical_retain_predicate_visits_exact":1000000,"historical_retain_predicate_visit_bound":"2*n*cycles","occupancy_at_cycle_boundaries":10,"final_queue_matches_initial":true,"setup_and_verification_excluded":true,"timed_operations":"two historical retain passes plus rekey insert and restore insert; reversible helper cycle, not a Cancel or Reprioritize command","end_to_end_speedup_claim":false,"status":"complete"}
Native owner (ubuntu-24.04)	Q5.2 supplementary queue benchmark checks	2026-10-05T02:04:40.1581725Z Q52_ROW {"scenario":"legacy_resource_fifo","n":10,"capacity":1,"comparison_class":"matched_fifo_primitive_only","repeat":4,"batches":1000,"elapsed_ns":31185,"ops":20000,"ns_per_op":1.5593,"ops_per_second":641333974.6673,"timed_operations":"request_waiter_and_release_waiter","comparisons":null,"setup_excluded":true,"fifo_order_checked_in_correctness_test":true,"final_queue_len":0}
Native owner (ubuntu-24.04)	Q5.2 supplementary queue benchmark checks	2026-10-05T02:04:40.1584123Z Q52_ROW {"scenario":"priority_fifo","n":10,"priority_shape":"tied","legacy_fifo_comparable":true,"repeat":4,"batches":1000,"elapsed_ns":300489,"ops":20000,"ns_per_op":15.0244,"ops_per_second":66558176.8384,"timed_operations":"insert_and_remove_min","comparisons":null,"setup_excluded":true,"final_queue_len":0}
Native owner (ubuntu-24.04)	Q5.2 supplementary queue benchmark checks	2026-10-05T02:04:40.1586282Z Q52_ROW {"scenario":"priority_fifo","n":10,"priority_shape":"mixed","legacy_fifo_comparable":false,"repeat":4,"batches":1000,"elapsed_ns":307216,"ops":20000,"ns_per_op":15.3608,"ops_per_second":65100776.0012,"timed_operations":"insert_and_remove_min","comparisons":null,"setup_excluded":true,"final_queue_len":0}
Native owner (ubuntu-24.04)	Q5.2 supplementary queue benchmark checks	2026-10-05T02:04:40.1589256Z Q52_ROW {"scenario":"claim_queue_direct_tree_rekey_cancel_50_50","n":10,"priority_shape":"tied","repeat":4,"queue_occupancy_initial":10,"queue_occupancy_final":0,"queue_occupancy_mean_at_mutation_start":5.1667,"rekeys":10,"cancels":10,"tree_mutations":30,"elapsed_ns":875,"ops":20,"ns_per_request":43.7500,"requests_per_second":22857142.8571,"ns_per_tree_mutation":29.1667,"mutations_per_second":34285714.2857,"timed_operations":"remove_insert_rekey_then_cancel","comparisons":null,"setup_excluded":true,"final_queue_len":0}
Native owner (ubuntu-24.04)	Q5.2 supplementary queue benchmark checks	2026-10-05T02:04:40.1592947Z Q52_ROW {"scenario":"claim_queue_direct_tree_rekey_cancel_50_50","n":10,"priority_shape":"mixed","repeat":4,"queue_occupancy_initial":10,"queue_occupancy_final":0,"queue_occupancy_mean_at_mutation_start":5.1667,"rekeys":10,"cancels":10,"tree_mutations":30,"elapsed_ns":937,"ops":20,"ns_per_request":46.8500,"requests_per_second":21344717.1825,"ns_per_tree_mutation":31.2333,"mutations_per_second":32017075.7737,"timed_operations":"remove_insert_rekey_then_cancel","comparisons":null,"setup_excluded":true,"final_queue_len":0}
Native owner (ubuntu-24.04)	Q5.2 supplementary queue benchmark checks	2026-10-05T02:04:40.1597385Z Q52_ROW {"scenario":"legacy_algorithm_baseline_bcb11cd_retain_rekey_cancel_50_50","algorithm_source_commit":"bcb11cd61bc38b4813815f574a6a051f3b9e8faf","n":10,"priority_shape":"tied","repeat":4,"occupancy_before_each_op":10,"commands_requested":10,"commands_completed":10,"reprioritize_commands":5,"cancel_commands":5,"derived_expected_retain_predicate_visits":100,"elapsed_ns_sum":1036,"ops":10,"ns_per_command_mean":103.6000,"ns_per_command_p50":102,"ns_per_command_p95":183,"sample_elapsed_ns":[68,76,76,94,96,102,111,111,119,183],"commands_per_second_mean":9652509.6525,"timed_operations":"historical_retain_predicate_plus_reprioritize_insert_or_cancel","setup_clone_excluded":true,"exploratory_timer_overhead_unadjusted":true,"contract_timing_evidence":false,"status":"complete"}
Native owner (ubuntu-24.04)	Q5.2 supplementary queue benchmark checks	2026-10-05T02:04:40.1603310Z Q52_ROW {"scenario":"legacy_algorithm_baseline_bcb11cd_retain_rekey_cancel_50_50","algorithm_source_commit":"bcb11cd61bc38b4813815f574a6a051f3b9e8faf","n":10,"priority_shape":"mixed","repeat":4,"occupancy_before_each_op":10,"commands_requested":10,"commands_completed":10,"reprioritize_commands":5,"cancel_commands":5,"derived_expected_retain_predicate_visits":100,"elapsed_ns_sum":897,"ops":10,"ns_per_command_mean":89.7000,"ns_per_command_p50":110,"ns_per_command_p95":124,"sample_elapsed_ns":[60,61,61,71,73,110,110,112,115,124],"commands_per_second_mean":11148272.0178,"timed_operations":"historical_retain_predicate_plus_reprioritize_insert_or_cancel","setup_clone_excluded":true,"exploratory_timer_overhead_unadjusted":true,"contract_timing_evidence":false,"status":"complete"}
Native owner (ubuntu-24.04)	Q5.2 supplementary queue benchmark checks	2026-10-05T02:04:40.1608925Z Q52_ROW {"scenario":"actual_remove_waiting_request_rekey_cancel_50_50","n":10,"priority_shape":"tied","repeat":4,"occupancy_before_each_op":10,"commands_requested":10,"commands_completed":10,"reprioritize_commands":5,"cancel_commands":5,"removed_keys":10,"reinserted_keys":5,"elapsed_ns_sum":852,"ops":10,"ns_per_command_mean":85.2000,"ns_per_command_p50":79,"ns_per_command_p95":128,"sample_elapsed_ns":[52,59,66,75,76,79,85,112,120,128],"commands_per_second_mean":11737089.2019,"timed_operations":"current_private_remove_waiting_request_plus_exact_rekey_insert_or_cancel_state","admission_sequence_preserved":true,"setup_clone_excluded":true,"exploratory_timer_overhead_unadjusted":true,"contract_timing_evidence":false,"status":"complete"}
Native owner (ubuntu-24.04)	Q5.2 supplementary queue benchmark checks	2026-10-05T02:04:40.1614213Z Q52_ROW {"scenario":"actual_remove_waiting_request_rekey_cancel_50_50","n":10,"priority_shape":"mixed","repeat":4,"occupancy_before_each_op":10,"commands_requested":10,"commands_completed":10,"reprioritize_commands":5,"cancel_commands":5,"removed_keys":10,"reinserted_keys":5,"elapsed_ns_sum":956,"ops":10,"ns_per_command_mean":95.6000,"ns_per_command_p50":93,"ns_per_command_p95":149,"sample_elapsed_ns":[53,63,71,75,86,93,99,129,138,149],"commands_per_second_mean":10460251.0460,"timed_operations":"current_private_remove_waiting_request_plus_exact_rekey_insert_or_cancel_state","admission_sequence_preserved":true,"setup_clone_excluded":true,"exploratory_timer_overhead_unadjusted":true,"contract_timing_evidence":false,"status":"complete"}
Native owner (ubuntu-24.04)	Q5.2 supplementary queue benchmark checks	2026-10-05T02:04:40.1624601Z Q52_ROW {"scenario":"actual_helper_batched_reversible_rekey","algorithm_source_commit":"05b7822f0c69b9d36549130e228c01689b908a13","n":10,"priority_shape":"tied","repeat":4,"cycles":50000,"operations":50000,"primitive_queue_mutations":200000,"queue_mutations_per_cycle":4,"restoration_insert_count":50000,"elapsed_ns":4078756,"ns_per_primitive_op":20.3938,"derived_expected_helper_removals":100000,"occupancy_at_cycle_boundaries":10,"final_queue_matches_initial":true,"setup_and_verification_excluded":true,"timed_operations":"two_current_remove_waiting_request_calls_with_success_checks_plus_rekey_insert_and_restore_insert; reversible helper cycle, not a Cancel or Reprioritize command","end_to_end_speedup_claim":false,"status":"complete"}
Native owner (ubuntu-24.04)	Q5.2 supplementary queue benchmark checks	2026-10-05T02:04:40.1654252Z Q52_ROW {"scenario":"actual_helper_batched_reversible_rekey","algorithm_source_commit":"05b7822f0c69b9d36549130e228c01689b908a13","n":10,"priority_shape":"mixed","repeat":4,"cycles":50000,"operations":50000,"primitive_queue_mutations":200000,"queue_mutations_per_cycle":4,"restoration_insert_count":50000,"elapsed_ns":2969884,"ns_per_primitive_op":14.8494,"derived_expected_helper_removals":100000,"occupancy_at_cycle_boundaries":10,"final_queue_matches_initial":true,"setup_and_verification_excluded":true,"timed_operations":"two_current_remove_waiting_request_calls_with_success_checks_plus_rekey_insert_and_restore_insert; reversible helper cycle, not a Cancel or Reprioritize command","end_to_end_speedup_claim":false,"status":"complete"}
Native owner (ubuntu-24.04)	Q5.2 supplementary queue benchmark checks	2026-10-05T02:04:40.1699809Z Q52_ROW {"scenario":"historical_retain_batched_reversible_rekey","algorithm_source_commit":"bcb11cd61bc38b4813815f574a6a051f3b9e8faf","n":10,"priority_shape":"tied","repeat":4,"cycles":50000,"operations":50000,"primitive_queue_mutations":200000,"queue_mutations_per_cycle":4,"restoration_insert_count":50000,"elapsed_ns":4505237,"ns_per_primitive_op":22.5262,"historical_retain_predicate_visits_exact":1000000,"historical_retain_predicate_visit_bound":"2*n*cycles","occupancy_at_cycle_boundaries":10,"final_queue_matches_initial":true,"setup_and_verification_excluded":true,"timed_operations":"two historical retain passes plus rekey insert and restore insert; reversible helper cycle, not a Cancel or Reprioritize command","end_to_end_speedup_claim":false,"status":"complete"}
Native owner (ubuntu-24.04)	Q5.2 supplementary queue benchmark checks	2026-10-05T02:04:40.1746071Z Q52_ROW {"scenario":"historical_retain_batched_reversible_rekey","algorithm_source_commit":"bcb11cd61bc38b4813815f574a6a051f3b9e8faf","n":10,"priority_shape":"mixed","repeat":4,"cycles":50000,"operations":50000,"primitive_queue_mutations":200000,"queue_mutations_per_cycle":4,"restoration_insert_count":50000,"elapsed_ns":4632009,"ns_per_primitive_op":23.1600,"historical_retain_predicate_visits_exact":1000000,"historical_retain_predicate_visit_bound":"2*n*cycles","occupancy_at_cycle_boundaries":10,"final_queue_matches_initial":true,"setup_and_verification_excluded":true,"timed_operations":"two historical retain passes plus rekey insert and restore insert; reversible helper cycle, not a Cancel or Reprioritize command","end_to_end_speedup_claim":false,"status":"complete"}
Native owner (ubuntu-24.04)	Q5.2 supplementary queue benchmark checks	2026-10-05T02:04:40.1750406Z Q52_ROW {"scenario":"legacy_resource_fifo","n":10,"capacity":1,"comparison_class":"matched_fifo_primitive_only","repeat":5,"batches":1000,"elapsed_ns":23867,"ops":20000,"ns_per_op":1.1933,"ops_per_second":837977123.2245,"timed_operations":"request_waiter_and_release_waiter","comparisons":null,"setup_excluded":true,"fifo_order_checked_in_correctness_test":true,"final_queue_len":0}
Native owner (ubuntu-24.04)	Q5.2 supplementary queue benchmark checks	2026-10-05T02:04:40.1752901Z Q52_ROW {"scenario":"priority_fifo","n":10,"priority_shape":"tied","legacy_fifo_comparable":true,"repeat":5,"batches":1000,"elapsed_ns":308795,"ops":20000,"ns_per_op":15.4398,"ops_per_second":64767888.0811,"timed_operations":"insert_and_remove_min","comparisons":null,"setup_excluded":true,"final_queue_len":0}
Native owner (ubuntu-24.04)	Q5.2 supplementary queue benchmark checks	2026-10-05T02:04:40.1755113Z Q52_ROW {"scenario":"priority_fifo","n":10,"priority_shape":"mixed","legacy_fifo_comparable":false,"repeat":5,"batches":1000,"elapsed_ns":324272,"ops":20000,"ns_per_op":16.2136,"ops_per_second":61676617.1609,"timed_operations":"insert_and_remove_min","comparisons":null,"setup_excluded":true,"final_queue_len":0}
Native owner (ubuntu-24.04)	Q5.2 supplementary queue benchmark checks	2026-10-05T02:04:40.1758207Z Q52_ROW {"scenario":"claim_queue_direct_tree_rekey_cancel_50_50","n":10,"priority_shape":"tied","repeat":5,"queue_occupancy_initial":10,"queue_occupancy_final":0,"queue_occupancy_mean_at_mutation_start":5.1667,"rekeys":10,"cancels":10,"tree_mutations":30,"elapsed_ns":1000,"ops":20,"ns_per_request":50.0000,"requests_per_second":20000000.0000,"ns_per_tree_mutation":33.3333,"mutations_per_second":30000000.0000,"timed_operations":"remove_insert_rekey_then_cancel","comparisons":null,"setup_excluded":true,"final_queue_len":0}
Native owner (ubuntu-24.04)	Q5.2 supplementary queue benchmark checks	2026-10-05T02:04:40.1762646Z Q52_ROW {"scenario":"claim_queue_direct_tree_rekey_cancel_50_50","n":10,"priority_shape":"mixed","repeat":5,"queue_occupancy_initial":10,"queue_occupancy_final":0,"queue_occupancy_mean_at_mutation_start":5.1667,"rekeys":10,"cancels":10,"tree_mutations":30,"elapsed_ns":1043,"ops":20,"ns_per_request":52.1500,"requests_per_second":19175455.4171,"ns_per_tree_mutation":34.7667,"mutations_per_second":28763183.1256,"timed_operations":"remove_insert_rekey_then_cancel","comparisons":null,"setup_excluded":true,"final_queue_len":0}
Native owner (ubuntu-24.04)	Q5.2 supplementary queue benchmark checks	2026-10-05T02:04:40.1767520Z Q52_ROW {"scenario":"legacy_algorithm_baseline_bcb11cd_retain_rekey_cancel_50_50","algorithm_source_commit":"bcb11cd61bc38b4813815f574a6a051f3b9e8faf","n":10,"priority_shape":"tied","repeat":5,"occupancy_before_each_op":10,"commands_requested":10,"commands_completed":10,"reprioritize_commands":5,"cancel_commands":5,"derived_expected_retain_predicate_visits":100,"elapsed_ns_sum":1161,"ops":10,"ns_per_command_mean":116.1000,"ns_per_command_p50":128,"ns_per_command_p95":190,"sample_elapsed_ns":[64,65,83,107,118,128,128,129,149,190],"commands_per_second_mean":8613264.4272,"timed_operations":"historical_retain_predicate_plus_reprioritize_insert_or_cancel","setup_clone_excluded":true,"exploratory_timer_overhead_unadjusted":true,"contract_timing_evidence":false,"status":"complete"}
Native owner (ubuntu-24.04)	Q5.2 supplementary queue benchmark checks	2026-10-05T02:04:40.1773365Z Q52_ROW {"scenario":"legacy_algorithm_baseline_bcb11cd_retain_rekey_cancel_50_50","algorithm_source_commit":"bcb11cd61bc38b4813815f574a6a051f3b9e8faf","n":10,"priority_shape":"mixed","repeat":5,"occupancy_before_each_op":10,"commands_requested":10,"commands_completed":10,"reprioritize_commands":5,"cancel_commands":5,"derived_expected_retain_predicate_visits":100,"elapsed_ns_sum":1080,"ops":10,"ns_per_command_mean":108.0000,"ns_per_command_p50":130,"ns_per_command_p95":155,"sample_elapsed_ns":[63,65,74,75,89,130,139,143,147,155],"commands_per_second_mean":9259259.2593,"timed_operations":"historical_retain_predicate_plus_reprioritize_insert_or_cancel","setup_clone_excluded":true,"exploratory_timer_overhead_unadjusted":true,"contract_timing_evidence":false,"status":"complete"}
Native owner (ubuntu-24.04)	Q5.2 supplementary queue benchmark checks	2026-10-05T02:04:40.1779296Z Q52_ROW {"scenario":"actual_remove_waiting_request_rekey_cancel_50_50","n":10,"priority_shape":"tied","repeat":5,"occupancy_before_each_op":10,"commands_requested":10,"commands_completed":10,"reprioritize_commands":5,"cancel_commands":5,"removed_keys":10,"reinserted_keys":5,"elapsed_ns_sum":824,"ops":10,"ns_per_command_mean":82.4000,"ns_per_command_p50":86,"ns_per_command_p95":110,"sample_elapsed_ns":[53,60,64,66,77,86,98,101,109,110],"commands_per_second_mean":12135922.3301,"timed_operations":"current_private_remove_waiting_request_plus_exact_rekey_insert_or_cancel_state","admission_sequence_preserved":true,"setup_clone_excluded":true,"exploratory_timer_overhead_unadjusted":true,"contract_timing_evidence":false,"status":"complete"}
Native owner (ubuntu-24.04)	Q5.2 supplementary queue benchmark checks	2026-10-05T02:04:40.1784847Z Q52_ROW {"scenario":"actual_remove_waiting_request_rekey_cancel_50_50","n":10,"priority_shape":"mixed","repeat":5,"occupancy_before_each_op":10,"commands_requested":10,"commands_completed":10,"reprioritize_commands":5,"cancel_commands":5,"removed_keys":10,"reinserted_keys":5,"elapsed_ns_sum":854,"ops":10,"ns_per_command_mean":85.4000,"ns_per_command_p50":105,"ns_per_command_p95":124,"sample_elapsed_ns":[46,54,58,59,62,105,107,117,122,124],"commands_per_second_mean":11709601.8735,"timed_operations":"current_private_remove_waiting_request_plus_exact_rekey_insert_or_cancel_state","admission_sequence_preserved":true,"setup_clone_excluded":true,"exploratory_timer_overhead_unadjusted":true,"contract_timing_evidence":false,"status":"complete"}
Native owner (ubuntu-24.04)	Q5.2 supplementary queue benchmark checks	2026-10-05T02:04:40.1795028Z Q52_ROW {"scenario":"actual_helper_batched_reversible_rekey","algorithm_source_commit":"05b7822f0c69b9d36549130e228c01689b908a13","n":10,"priority_shape":"tied","repeat":5,"cycles":50000,"operations":50000,"primitive_queue_mutations":200000,"queue_mutations_per_cycle":4,"restoration_insert_count":50000,"elapsed_ns":4178505,"ns_per_primitive_op":20.8925,"derived_expected_helper_removals":100000,"occupancy_at_cycle_boundaries":10,"final_queue_matches_initial":true,"setup_and_verification_excluded":true,"timed_operations":"two_current_remove_waiting_request_calls_with_success_checks_plus_rekey_insert_and_restore_insert; reversible helper cycle, not a Cancel or Reprioritize command","end_to_end_speedup_claim":false,"status":"complete"}
Native owner (ubuntu-24.04)	Q5.2 supplementary queue benchmark checks	2026-10-05T02:04:40.1825880Z Q52_ROW {"scenario":"actual_helper_batched_reversible_rekey","algorithm_source_commit":"05b7822f0c69b9d36549130e228c01689b908a13","n":10,"priority_shape":"mixed","repeat":5,"cycles":50000,"operations":50000,"primitive_queue_mutations":200000,"queue_mutations_per_cycle":4,"restoration_insert_count":50000,"elapsed_ns":3091231,"ns_per_primitive_op":15.4562,"derived_expected_helper_removals":100000,"occupancy_at_cycle_boundaries":10,"final_queue_matches_initial":true,"setup_and_verification_excluded":true,"timed_operations":"two_current_remove_waiting_request_calls_with_success_checks_plus_rekey_insert_and_restore_insert; reversible helper cycle, not a Cancel or Reprioritize command","end_to_end_speedup_claim":false,"status":"complete"}
Native owner (ubuntu-24.04)	Q5.2 supplementary queue benchmark checks	2026-10-05T02:04:40.1868849Z Q52_ROW {"scenario":"historical_retain_batched_reversible_rekey","algorithm_source_commit":"bcb11cd61bc38b4813815f574a6a051f3b9e8faf","n":10,"priority_shape":"tied","repeat":5,"cycles":50000,"operations":50000,"primitive_queue_mutations":200000,"queue_mutations_per_cycle":4,"restoration_insert_count":50000,"elapsed_ns":4284858,"ns_per_primitive_op":21.4243,"historical_retain_predicate_visits_exact":1000000,"historical_retain_predicate_visit_bound":"2*n*cycles","occupancy_at_cycle_boundaries":10,"final_queue_matches_initial":true,"setup_and_verification_excluded":true,"timed_operations":"two historical retain passes plus rekey insert and restore insert; reversible helper cycle, not a Cancel or Reprioritize command","end_to_end_speedup_claim":false,"status":"complete"}
Native owner (ubuntu-24.04)	Q5.2 supplementary queue benchmark checks	2026-10-05T02:04:40.1910452Z Q52_ROW {"scenario":"historical_retain_batched_reversible_rekey","algorithm_source_commit":"bcb11cd61bc38b4813815f574a6a051f3b9e8faf","n":10,"priority_shape":"mixed","repeat":5,"cycles":50000,"operations":50000,"primitive_queue_mutations":200000,"queue_mutations_per_cycle":4,"restoration_insert_count":50000,"elapsed_ns":4245246,"ns_per_primitive_op":21.2262,"historical_retain_predicate_visits_exact":1000000,"historical_retain_predicate_visit_bound":"2*n*cycles","occupancy_at_cycle_boundaries":10,"final_queue_matches_initial":true,"setup_and_verification_excluded":true,"timed_operations":"two historical retain passes plus rekey insert and restore insert; reversible helper cycle, not a Cancel or Reprioritize command","end_to_end_speedup_claim":false,"status":"complete"}
Native owner (ubuntu-24.04)	Q5.2 supplementary queue benchmark checks	2026-10-05T02:04:40.1912705Z Q52_ROW {"scenario":"counted_ord_structural_comparisons","n":10,"priority_shape":"tied","operations":30,"comparisons":110,"comparisons_per_operation":3.666667,"ceil_log2_n_plus_1":4,"structural_bound":1440,"elapsed_ns":null,"timing_claim":false,"setup_excluded":true}
Native owner (ubuntu-24.04)	Q5.2 supplementary queue benchmark checks	2026-10-05T02:04:40.1913789Z Q52_ROW {"scenario":"counted_ord_structural_comparisons","n":10,"priority_shape":"mixed","operations":30,"comparisons":123,"comparisons_per_operation":4.100000,"ceil_log2_n_plus_1":4,"structural_bound":1440,"elapsed_ns":null,"timing_claim":false,"setup_excluded":true}
Native owner (ubuntu-24.04)	Q5.2 supplementary queue benchmark checks	2026-10-05T02:04:40.1915889Z Q52_ROW {"scenario":"legacy_resource_fifo","n":1000,"capacity":1,"comparison_class":"matched_fifo_primitive_only","repeat":1,"batches":10,"elapsed_ns":39023,"ops":20000,"ns_per_op":1.9511,"ops_per_second":512518258.4630,"timed_operations":"request_waiter_and_release_waiter","comparisons":null,"setup_excluded":true,"fifo_order_checked_in_correctness_test":true,"final_queue_len":0}
Native owner (ubuntu-24.04)	Q5.2 supplementary queue benchmark checks	2026-10-05T02:04:40.1917657Z Q52_ROW {"scenario":"priority_fifo","n":1000,"priority_shape":"tied","legacy_fifo_comparable":true,"repeat":1,"batches":10,"elapsed_ns":769605,"ops":20000,"ns_per_op":38.4802,"ops_per_second":25987357.1507,"timed_operations":"insert_and_remove_min","comparisons":null,"setup_excluded":true,"final_queue_len":0}
Native owner (ubuntu-24.04)	Q5.2 supplementary queue benchmark checks	2026-10-05T02:04:40.1925319Z Q52_ROW {"scenario":"priority_fifo","n":1000,"priority_shape":"mixed","legacy_fifo_comparable":false,"repeat":1,"batches":10,"elapsed_ns":722674,"ops":20000,"ns_per_op":36.1337,"ops_per_second":27674995.9179,"timed_operations":"insert_and_remove_min","comparisons":null,"setup_excluded":true,"final_queue_len":0}
Native owner (ubuntu-24.04)	Q5.2 supplementary queue benchmark checks	2026-10-05T02:04:40.1927258Z Q52_ROW {"scenario":"claim_queue_direct_tree_rekey_cancel_50_50","n":1000,"priority_shape":"tied","repeat":1,"queue_occupancy_initial":1000,"queue_occupancy_final":0,"queue_occupancy_mean_at_mutation_start":500.1667,"rekeys":1000,"cancels":1000,"tree_mutations":3000,"elapsed_ns":73010,"ops":2000,"ns_per_request":36.5050,"requests_per_second":27393507.7387,"ns_per_tree_mutation":24.3367,"mutations_per_second":41090261.6080,"timed_operations":"remove_insert_rekey_then_cancel","comparisons":null,"setup_excluded":true,"final_queue_len":0}
Native owner (ubuntu-24.04)	Q5.2 supplementary queue benchmark checks	2026-10-05T02:04:40.1930003Z Q52_ROW {"scenario":"claim_queue_direct_tree_rekey_cancel_50_50","n":1000,"priority_shape":"mixed","repeat":1,"queue_occupancy_initial":1000,"queue_occupancy_final":0,"queue_occupancy_mean_at_mutation_start":500.1667,"rekeys":1000,"cancels":1000,"tree_mutations":3000,"elapsed_ns":161701,"ops":2000,"ns_per_request":80.8505,"requests_per_second":12368507.3067,"ns_per_tree_mutation":53.9003,"mutations_per_second":18552760.9600,"timed_operations":"remove_insert_rekey_then_cancel","comparisons":null,"setup_excluded":true,"final_queue_len":0}
Native owner (ubuntu-24.04)	Q5.2 supplementary queue benchmark checks	2026-10-05T02:04:40.1940938Z Q52_ROW {"scenario":"legacy_algorithm_baseline_bcb11cd_retain_rekey_cancel_50_50","algorithm_source_commit":"bcb11cd61bc38b4813815f574a6a051f3b9e8faf","n":1000,"priority_shape":"tied","repeat":1,"occupancy_before_each_op":1000,"commands_requested":100,"commands_completed":100,"reprioritize_commands":50,"cancel_commands":50,"derived_expected_retain_predicate_visits":100000,"elapsed_ns_sum":133353,"ops":100,"ns_per_command_mean":1333.5300,"ns_per_command_p50":1339,"ns_per_command_p95":1386,"sample_elapsed_ns":[1272,1272,1274,1275,1276,1277,1278,1278,1279,1280,1280,1283,1283,1283,1283,1284,1286,1286,1288,1288,1288,1290,1290,1290,1291,1291,1292,1293,1293,1293,1293,1294,1294,1297,1298,1298,1298,1301,1303,1304,1305,1306,1308,1310,1312,1312,1323,1329,1332,1333,1339,1340,1340,1341,1342,1344,1344,1346,1346,1346,1348,1348,1348,1349,1350,1350,1350,1351,1351,1351,1351,1354,1355,1355,1356,1357,1359,1361,1363,1363,1365,1365,1368,1368,1368,1370,1376,1378,1381,1382,1383,1383,1384,1386,1386,1390,1391,1397,1528,1840],"commands_per_second_mean":749889.3913,"timed_operations":"historical_retain_predicate_plus_reprioritize_insert_or_cancel","setup_clone_excluded":true,"exploratory_timer_overhead_unadjusted":true,"contract_timing_evidence":false,"status":"complete"}
Native owner (ubuntu-24.04)	Q5.2 supplementary queue benchmark checks	2026-10-05T02:04:40.1949891Z Q52_ROW {"scenario":"legacy_algorithm_baseline_bcb11cd_retain_rekey_cancel_50_50","algorithm_source_commit":"bcb11cd61bc38b4813815f574a6a051f3b9e8faf","n":1000,"priority_shape":"mixed","repeat":1,"occupancy_before_each_op":1000,"commands_requested":100,"commands_completed":100,"reprioritize_commands":50,"cancel_commands":50,"derived_expected_retain_predicate_visits":100000,"elapsed_ns_sum":147910,"ops":100,"ns_per_command_mean":1479.1000,"ns_per_command_p50":1341,"ns_per_command_p95":1563,"sample_elapsed_ns":[1198,1214,1220,1221,1224,1226,1226,1226,1228,1229,1229,1232,1234,1245,1249,1250,1252,1257,1260,1260,1267,1269,1276,1276,1278,1280,1281,1284,1287,1293,1296,1300,1300,1301,1304,1306,1306,1308,1309,1310,1312,1316,1317,1319,1320,1325,1327,1335,1336,1341,1341,1344,1346,1347,1358,1361,1363,1365,1370,1370,1373,1375,1378,1378,1378,1384,1385,1404,1406,1406,1408,1408,1412,1412,1414,1414,1420,1427,1431,1446,1446,1449,1457,1457,1462,1466,1469,1477,1480,1490,1509,1552,1552,1560,1563,1599,1825,2098,3009,11607],"commands_per_second_mean":676086.8095,"timed_operations":"historical_retain_predicate_plus_reprioritize_insert_or_cancel","setup_clone_excluded":true,"exploratory_timer_overhead_unadjusted":true,"contract_timing_evidence":false,"status":"complete"}
Native owner (ubuntu-24.04)	Q5.2 supplementary queue benchmark checks	2026-10-05T02:04:40.1957376Z Q52_ROW {"scenario":"actual_remove_waiting_request_rekey_cancel_50_50","n":1000,"priority_shape":"tied","repeat":1,"occupancy_before_each_op":1000,"commands_requested":100,"commands_completed":100,"reprioritize_commands":50,"cancel_commands":50,"removed_keys":100,"reinserted_keys":50,"elapsed_ns_sum":7322,"ops":100,"ns_per_command_mean":73.2200,"ns_per_command_p50":83,"ns_per_command_p95":107,"sample_elapsed_ns":[38,39,41,41,41,42,42,43,43,43,43,43,44,44,44,44,45,45,46,46,46,46,47,47,47,47,47,47,48,48,48,48,49,50,50,51,51,54,56,56,57,59,60,60,62,63,64,75,78,83,83,83,83,83,84,84,85,86,86,87,87,88,88,88,88,88,88,89,90,90,91,92,92,92,92,92,93,93,94,94,94,95,96,96,97,97,98,99,100,101,102,103,103,105,107,108,108,111,111,237],"commands_per_second_mean":13657470.6364,"timed_operations":"current_private_remove_waiting_request_plus_exact_rekey_insert_or_cancel_state","admission_sequence_preserved":true,"setup_clone_excluded":true,"exploratory_timer_overhead_unadjusted":true,"contract_timing_evidence":false,"status":"complete"}
Native owner (ubuntu-24.04)	Q5.2 supplementary queue benchmark checks	2026-10-05T02:04:40.1964929Z Q52_ROW {"scenario":"actual_remove_waiting_request_rekey_cancel_50_50","n":1000,"priority_shape":"mixed","repeat":1,"occupancy_before_each_op":1000,"commands_requested":100,"commands_completed":100,"reprioritize_commands":50,"cancel_commands":50,"removed_keys":100,"reinserted_keys":50,"elapsed_ns_sum":11340,"ops":100,"ns_per_command_mean":113.4000,"ns_per_command_p50":118,"ns_per_command_p95":245,"sample_elapsed_ns":[36,36,37,37,37,41,44,45,45,47,49,49,50,51,51,51,52,52,53,53,54,54,54,54,55,55,55,56,57,58,58,58,59,59,59,61,62,63,63,63,64,66,67,69,75,83,95,110,116,118,118,119,124,125,129,132,132,133,137,140,142,142,144,145,145,146,147,149,150,151,151,152,153,153,154,154,155,155,156,162,163,167,167,168,169,169,169,170,171,181,196,197,220,227,245,249,256,271,272,282],"commands_per_second_mean":8818342.1517,"timed_operations":"current_private_remove_waiting_request_plus_exact_rekey_insert_or_cancel_state","admission_sequence_preserved":true,"setup_clone_excluded":true,"exploratory_timer_overhead_unadjusted":true,"contract_timing_evidence":false,"status":"complete"}
Native owner (ubuntu-24.04)	Q5.2 supplementary queue benchmark checks	2026-10-05T02:04:40.2036169Z Q52_ROW {"scenario":"actual_helper_batched_reversible_rekey","algorithm_source_commit":"05b7822f0c69b9d36549130e228c01689b908a13","n":1000,"priority_shape":"tied","repeat":1,"cycles":50000,"operations":50000,"primitive_queue_mutations":200000,"queue_mutations_per_cycle":4,"restoration_insert_count":50000,"elapsed_ns":7058060,"ns_per_primitive_op":35.2903,"derived_expected_helper_removals":100000,"occupancy_at_cycle_boundaries":1000,"final_queue_matches_initial":true,"setup_and_verification_excluded":true,"timed_operations":"two_current_remove_waiting_request_calls_with_success_checks_plus_rekey_insert_and_restore_insert; reversible helper cycle, not a Cancel or Reprioritize command","end_to_end_speedup_claim":false,"status":"complete"}
Native owner (ubuntu-24.04)	Q5.2 supplementary queue benchmark checks	2026-10-05T02:04:40.2155259Z Q52_ROW {"scenario":"actual_helper_batched_reversible_rekey","algorithm_source_commit":"05b7822f0c69b9d36549130e228c01689b908a13","n":1000,"priority_shape":"mixed","repeat":1,"cycles":50000,"operations":50000,"primitive_queue_mutations":200000,"queue_mutations_per_cycle":4,"restoration_insert_count":50000,"elapsed_ns":11802902,"ns_per_primitive_op":59.0145,"derived_expected_helper_removals":100000,"occupancy_at_cycle_boundaries":1000,"final_queue_matches_initial":true,"setup_and_verification_excluded":true,"timed_operations":"two_current_remove_waiting_request_calls_with_success_checks_plus_rekey_insert_and_restore_insert; reversible helper cycle, not a Cancel or Reprioritize command","end_to_end_speedup_claim":false,"status":"complete"}
Native owner (ubuntu-24.04)	Q5.2 supplementary queue benchmark checks	2026-10-05T02:04:40.3593301Z Q52_ROW {"scenario":"historical_retain_batched_reversible_rekey","algorithm_source_commit":"bcb11cd61bc38b4813815f574a6a051f3b9e8faf","n":1000,"priority_shape":"tied","repeat":1,"cycles":50000,"operations":50000,"primitive_queue_mutations":200000,"queue_mutations_per_cycle":4,"restoration_insert_count":50000,"elapsed_ns":143589950,"ns_per_primitive_op":717.9497,"historical_retain_predicate_visits_exact":100000000,"historical_retain_predicate_visit_bound":"2*n*cycles","occupancy_at_cycle_boundaries":1000,"final_queue_matches_initial":true,"setup_and_verification_excluded":true,"timed_operations":"two historical retain passes plus rekey insert and restore insert; reversible helper cycle, not a Cancel or Reprioritize command","end_to_end_speedup_claim":false,"status":"complete"}
Native owner (ubuntu-24.04)	Q5.2 supplementary queue benchmark checks	2026-10-05T02:04:40.5155736Z Q52_ROW {"scenario":"historical_retain_batched_reversible_rekey","algorithm_source_commit":"bcb11cd61bc38b4813815f574a6a051f3b9e8faf","n":1000,"priority_shape":"mixed","repeat":1,"cycles":50000,"operations":50000,"primitive_queue_mutations":200000,"queue_mutations_per_cycle":4,"restoration_insert_count":50000,"elapsed_ns":156096146,"ns_per_primitive_op":780.4807,"historical_retain_predicate_visits_exact":100000000,"historical_retain_predicate_visit_bound":"2*n*cycles","occupancy_at_cycle_boundaries":1000,"final_queue_matches_initial":true,"setup_and_verification_excluded":true,"timed_operations":"two historical retain passes plus rekey insert and restore insert; reversible helper cycle, not a Cancel or Reprioritize command","end_to_end_speedup_claim":false,"status":"complete"}
Native owner (ubuntu-24.04)	Q5.2 supplementary queue benchmark checks	2026-10-05T02:04:40.5159095Z Q52_ROW {"scenario":"legacy_resource_fifo","n":1000,"capacity":1,"comparison_class":"matched_fifo_primitive_only","repeat":2,"batches":10,"elapsed_ns":27200,"ops":20000,"ns_per_op":1.3600,"ops_per_second":735294117.6471,"timed_operations":"request_waiter_and_release_waiter","comparisons":null,"setup_excluded":true,"fifo_order_checked_in_correctness_test":true,"final_queue_len":0}
Native owner (ubuntu-24.04)	Q5.2 supplementary queue benchmark checks	2026-10-05T02:04:40.5162376Z Q52_ROW {"scenario":"priority_fifo","n":1000,"priority_shape":"tied","legacy_fifo_comparable":true,"repeat":2,"batches":10,"elapsed_ns":861377,"ops":20000,"ns_per_op":43.0688,"ops_per_second":23218637.1357,"timed_operations":"insert_and_remove_min","comparisons":null,"setup_excluded":true,"final_queue_len":0}
Native owner (ubuntu-24.04)	Q5.2 supplementary queue benchmark checks	2026-10-05T02:04:40.5171010Z Q52_ROW {"scenario":"priority_fifo","n":1000,"priority_shape":"mixed","legacy_fifo_comparable":false,"repeat":2,"batches":10,"elapsed_ns":855801,"ops":20000,"ns_per_op":42.7901,"ops_per_second":23369918.9414,"timed_operations":"insert_and_remove_min","comparisons":null,"setup_excluded":true,"final_queue_len":0}
Native owner (ubuntu-24.04)	Q5.2 supplementary queue benchmark checks	2026-10-05T02:04:40.5173410Z Q52_ROW {"scenario":"claim_queue_direct_tree_rekey_cancel_50_50","n":1000,"priority_shape":"tied","repeat":2,"queue_occupancy_initial":1000,"queue_occupancy_final":0,"queue_occupancy_mean_at_mutation_start":500.1667,"rekeys":1000,"cancels":1000,"tree_mutations":3000,"elapsed_ns":80501,"ops":2000,"ns_per_request":40.2505,"requests_per_second":24844411.8707,"ns_per_tree_mutation":26.8337,"mutations_per_second":37266617.8060,"timed_operations":"remove_insert_rekey_then_cancel","comparisons":null,"setup_excluded":true,"final_queue_len":0}
Native owner (ubuntu-24.04)	Q5.2 supplementary queue benchmark checks	2026-10-05T02:04:40.5176244Z Q52_ROW {"scenario":"claim_queue_direct_tree_rekey_cancel_50_50","n":1000,"priority_shape":"mixed","repeat":2,"queue_occupancy_initial":1000,"queue_occupancy_final":0,"queue_occupancy_mean_at_mutation_start":500.1667,"rekeys":1000,"cancels":1000,"tree_mutations":3000,"elapsed_ns":184614,"ops":2000,"ns_per_request":92.3070,"requests_per_second":10833414.5839,"ns_per_tree_mutation":61.5380,"mutations_per_second":16250121.8759,"timed_operations":"remove_insert_rekey_then_cancel","comparisons":null,"setup_excluded":true,"final_queue_len":0}
Native owner (ubuntu-24.04)	Q5.2 supplementary queue benchmark checks	2026-10-05T02:04:40.5188781Z Q52_ROW {"scenario":"legacy_algorithm_baseline_bcb11cd_retain_rekey_cancel_50_50","algorithm_source_commit":"bcb11cd61bc38b4813815f574a6a051f3b9e8faf","n":1000,"priority_shape":"tied","repeat":2,"occupancy_before_each_op":1000,"commands_requested":100,"commands_completed":100,"reprioritize_commands":50,"cancel_commands":50,"derived_expected_retain_predicate_visits":100000,"elapsed_ns_sum":157287,"ops":100,"ns_per_command_mean":1572.8700,"ns_per_command_p50":1557,"ns_per_command_p95":1654,"sample_elapsed_ns":[1484,1488,1489,1489,1492,1493,1496,1497,1500,1502,1503,1503,1503,1504,1505,1505,1506,1507,1508,1508,1509,1510,1511,1511,1512,1513,1514,1516,1519,1519,1520,1521,1521,1523,1524,1526,1527,1529,1531,1532,1532,1533,1535,1536,1541,1549,1550,1551,1551,1553,1557,1560,1561,1564,1565,1566,1566,1567,1569,1570,1571,1571,1576,1578,1578,1581,1592,1598,1599,1599,1600,1600,1601,1601,1601,1603,1604,1610,1610,1610,1611,1614,1617,1617,1618,1618,1618,1619,1624,1626,1627,1628,1630,1652,1654,1655,1766,1943,1951,2270],"commands_per_second_mean":635780.4523,"timed_operations":"historical_retain_predicate_plus_reprioritize_insert_or_cancel","setup_clone_excluded":true,"exploratory_timer_overhead_unadjusted":true,"contract_timing_evidence":false,"status":"complete"}
Native owner (ubuntu-24.04)	Q5.2 supplementary queue benchmark checks	2026-10-05T02:04:40.5199080Z Q52_ROW {"scenario":"legacy_algorithm_baseline_bcb11cd_retain_rekey_cancel_50_50","algorithm_source_commit":"bcb11cd61bc38b4813815f574a6a051f3b9e8faf","n":1000,"priority_shape":"mixed","repeat":2,"occupancy_before_each_op":1000,"commands_requested":100,"commands_completed":100,"reprioritize_commands":50,"cancel_commands":50,"derived_expected_retain_predicate_visits":100000,"elapsed_ns_sum":168401,"ops":100,"ns_per_command_mean":1684.0100,"ns_per_command_p50":1554,"ns_per_command_p95":1880,"sample_elapsed_ns":[1413,1414,1417,1427,1427,1430,1432,1432,1432,1436,1437,1437,1440,1442,1446,1447,1447,1448,1450,1451,1451,1451,1456,1457,1457,1459,1460,1460,1460,1463,1470,1471,1476,1478,1478,1486,1505,1506,1507,1507,1524,1528,1533,1536,1538,1538,1543,1549,1549,1550,1554,1554,1555,1555,1561,1564,1564,1568,1569,1573,1577,1577,1578,1588,1591,1602,1607,1611,1612,1612,1615,1615,1622,1629,1632,1635,1638,1650,1654,1659,1661,1664,1666,1685,1693,1697,1706,1710,1717,1717,1734,1742,1754,1783,1880,2008,2790,2930,3126,10266],"commands_per_second_mean":593820.7018,"timed_operations":"historical_retain_predicate_plus_reprioritize_insert_or_cancel","setup_clone_excluded":true,"exploratory_timer_overhead_unadjusted":true,"contract_timing_evidence":false,"status":"complete"}
Native owner (ubuntu-24.04)	Q5.2 supplementary queue benchmark checks	2026-10-05T02:04:40.5207873Z Q52_ROW {"scenario":"actual_remove_waiting_request_rekey_cancel_50_50","n":1000,"priority_shape":"tied","repeat":2,"occupancy_before_each_op":1000,"commands_requested":100,"commands_completed":100,"reprioritize_commands":50,"cancel_commands":50,"removed_keys":100,"reinserted_keys":50,"elapsed_ns_sum":8893,"ops":100,"ns_per_command_mean":88.9300,"ns_per_command_p50":96,"ns_per_command_p95":146,"sample_elapsed_ns":[45,47,47,48,48,48,48,48,50,50,50,50,50,50,50,51,51,51,51,51,52,52,52,52,52,52,52,53,53,53,54,54,55,55,55,56,57,63,64,64,67,69,70,72,74,75,75,81,82,96,96,97,98,98,99,100,100,100,101,101,103,103,103,103,106,107,109,110,111,111,111,114,114,114,115,116,118,118,118,118,119,119,121,122,122,122,123,123,124,126,129,129,129,130,146,151,168,172,174,287],"commands_per_second_mean":11244799.2803,"timed_operations":"current_private_remove_waiting_request_plus_exact_rekey_insert_or_cancel_state","admission_sequence_preserved":true,"setup_clone_excluded":true,"exploratory_timer_overhead_unadjusted":true,"contract_timing_evidence":false,"status":"complete"}
Native owner (ubuntu-24.04)	Q5.2 supplementary queue benchmark checks	2026-10-05T02:04:40.5216761Z Q52_ROW {"scenario":"actual_remove_waiting_request_rekey_cancel_50_50","n":1000,"priority_shape":"mixed","repeat":2,"occupancy_before_each_op":1000,"commands_requested":100,"commands_completed":100,"reprioritize_commands":50,"cancel_commands":50,"removed_keys":100,"reinserted_keys":50,"elapsed_ns_sum":13382,"ops":100,"ns_per_command_mean":133.8200,"ns_per_command_p50":127,"ns_per_command_p95":289,"sample_elapsed_ns":[38,41,42,42,43,43,45,47,49,53,55,55,57,58,59,59,59,59,59,59,59,59,60,61,61,62,63,63,63,66,68,68,68,73,74,74,76,76,77,78,79,80,90,91,94,95,97,97,102,117,127,134,144,146,158,160,160,161,162,162,164,165,167,170,170,173,175,176,178,179,179,180,182,185,186,186,187,191,191,192,194,194,194,197,197,205,212,221,229,238,242,264,282,289,289,297,303,304,310,318],"commands_per_second_mean":7472724.5554,"timed_operations":"current_private_remove_waiting_request_plus_exact_rekey_insert_or_cancel_state","admission_sequence_preserved":true,"setup_clone_excluded":true,"exploratory_timer_overhead_unadjusted":true,"contract_timing_evidence":false,"status":"complete"}
Native owner (ubuntu-24.04)	Q5.2 supplementary queue benchmark checks	2026-10-05T02:04:40.5299650Z Q52_ROW {"scenario":"actual_helper_batched_reversible_rekey","algorithm_source_commit":"05b7822f0c69b9d36549130e228c01689b908a13","n":1000,"priority_shape":"tied","repeat":2,"cycles":50000,"operations":50000,"primitive_queue_mutations":200000,"queue_mutations_per_cycle":4,"restoration_insert_count":50000,"elapsed_ns":8221277,"ns_per_primitive_op":41.1064,"derived_expected_helper_removals":100000,"occupancy_at_cycle_boundaries":1000,"final_queue_matches_initial":true,"setup_and_verification_excluded":true,"timed_operations":"two_current_remove_waiting_request_calls_with_success_checks_plus_rekey_insert_and_restore_insert; reversible helper cycle, not a Cancel or Reprioritize command","end_to_end_speedup_claim":false,"status":"complete"}
Native owner (ubuntu-24.04)	Q5.2 supplementary queue benchmark checks	2026-10-05T02:04:40.5439148Z Q52_ROW {"scenario":"actual_helper_batched_reversible_rekey","algorithm_source_commit":"05b7822f0c69b9d36549130e228c01689b908a13","n":1000,"priority_shape":"mixed","repeat":2,"cycles":50000,"operations":50000,"primitive_queue_mutations":200000,"queue_mutations_per_cycle":4,"restoration_insert_count":50000,"elapsed_ns":13810532,"ns_per_primitive_op":69.0527,"derived_expected_helper_removals":100000,"occupancy_at_cycle_boundaries":1000,"final_queue_matches_initial":true,"setup_and_verification_excluded":true,"timed_operations":"two_current_remove_waiting_request_calls_with_success_checks_plus_rekey_insert_and_restore_insert; reversible helper cycle, not a Cancel or Reprioritize command","end_to_end_speedup_claim":false,"status":"complete"}
Native owner (ubuntu-24.04)	Q5.2 supplementary queue benchmark checks	2026-10-05T02:04:40.6896886Z Q52_ROW {"scenario":"historical_retain_batched_reversible_rekey","algorithm_source_commit":"bcb11cd61bc38b4813815f574a6a051f3b9e8faf","n":1000,"priority_shape":"tied","repeat":2,"cycles":50000,"operations":50000,"primitive_queue_mutations":200000,"queue_mutations_per_cycle":4,"restoration_insert_count":50000,"elapsed_ns":145383478,"ns_per_primitive_op":726.9174,"historical_retain_predicate_visits_exact":100000000,"historical_retain_predicate_visit_bound":"2*n*cycles","occupancy_at_cycle_boundaries":1000,"final_queue_matches_initial":true,"setup_and_verification_excluded":true,"timed_operations":"two historical retain passes plus rekey insert and restore insert; reversible helper cycle, not a Cancel or Reprioritize command","end_to_end_speedup_claim":false,"status":"complete"}
Native owner (ubuntu-24.04)	Q5.2 supplementary queue benchmark checks	2026-10-05T02:04:40.8276237Z Q52_ROW {"scenario":"historical_retain_batched_reversible_rekey","algorithm_source_commit":"bcb11cd61bc38b4813815f574a6a051f3b9e8faf","n":1000,"priority_shape":"mixed","repeat":2,"cycles":50000,"operations":50000,"primitive_queue_mutations":200000,"queue_mutations_per_cycle":4,"restoration_insert_count":50000,"elapsed_ns":137892699,"ns_per_primitive_op":689.4635,"historical_retain_predicate_visits_exact":100000000,"historical_retain_predicate_visit_bound":"2*n*cycles","occupancy_at_cycle_boundaries":1000,"final_queue_matches_initial":true,"setup_and_verification_excluded":true,"timed_operations":"two historical retain passes plus rekey insert and restore insert; reversible helper cycle, not a Cancel or Reprioritize command","end_to_end_speedup_claim":false,"status":"complete"}
Native owner (ubuntu-24.04)	Q5.2 supplementary queue benchmark checks	2026-10-05T02:04:40.8279213Z Q52_ROW {"scenario":"legacy_resource_fifo","n":1000,"capacity":1,"comparison_class":"matched_fifo_primitive_only","repeat":3,"batches":10,"elapsed_ns":24142,"ops":20000,"ns_per_op":1.2071,"ops_per_second":828431778.6430,"timed_operations":"request_waiter_and_release_waiter","comparisons":null,"setup_excluded":true,"fifo_order_checked_in_correctness_test":true,"final_queue_len":0}
Native owner (ubuntu-24.04)	Q5.2 supplementary queue benchmark checks	2026-10-05T02:04:40.8281084Z Q52_ROW {"scenario":"priority_fifo","n":1000,"priority_shape":"tied","legacy_fifo_comparable":true,"repeat":3,"batches":10,"elapsed_ns":768944,"ops":20000,"ns_per_op":38.4472,"ops_per_second":26009696.4148,"timed_operations":"insert_and_remove_min","comparisons":null,"setup_excluded":true,"final_queue_len":0}
Native owner (ubuntu-24.04)	Q5.2 supplementary queue benchmark checks	2026-10-05T02:04:40.8289966Z Q52_ROW {"scenario":"priority_fifo","n":1000,"priority_shape":"mixed","legacy_fifo_comparable":false,"repeat":3,"batches":10,"elapsed_ns":753708,"ops":20000,"ns_per_op":37.6854,"ops_per_second":26535475.2769,"timed_operations":"insert_and_remove_min","comparisons":null,"setup_excluded":true,"final_queue_len":0}
Native owner (ubuntu-24.04)	Q5.2 supplementary queue benchmark checks	2026-10-05T02:04:40.8292053Z Q52_ROW {"scenario":"claim_queue_direct_tree_rekey_cancel_50_50","n":1000,"priority_shape":"tied","repeat":3,"queue_occupancy_initial":1000,"queue_occupancy_final":0,"queue_occupancy_mean_at_mutation_start":500.1667,"rekeys":1000,"cancels":1000,"tree_mutations":3000,"elapsed_ns":70561,"ops":2000,"ns_per_request":35.2805,"requests_per_second":28344269.4973,"ns_per_tree_mutation":23.5203,"mutations_per_second":42516404.2460,"timed_operations":"remove_insert_rekey_then_cancel","comparisons":null,"setup_excluded":true,"final_queue_len":0}
Native owner (ubuntu-24.04)	Q5.2 supplementary queue benchmark checks	2026-10-05T02:04:40.8294368Z Q52_ROW {"scenario":"claim_queue_direct_tree_rekey_cancel_50_50","n":1000,"priority_shape":"mixed","repeat":3,"queue_occupancy_initial":1000,"queue_occupancy_final":0,"queue_occupancy_mean_at_mutation_start":500.1667,"rekeys":1000,"cancels":1000,"tree_mutations":3000,"elapsed_ns":168682,"ops":2000,"ns_per_request":84.3410,"requests_per_second":11856629.6345,"ns_per_tree_mutation":56.2273,"mutations_per_second":17784944.4517,"timed_operations":"remove_insert_rekey_then_cancel","comparisons":null,"setup_excluded":true,"final_queue_len":0}
Native owner (ubuntu-24.04)	Q5.2 supplementary queue benchmark checks	2026-10-05T02:04:40.8303763Z Q52_ROW {"scenario":"legacy_algorithm_baseline_bcb11cd_retain_rekey_cancel_50_50","algorithm_source_commit":"bcb11cd61bc38b4813815f574a6a051f3b9e8faf","n":1000,"priority_shape":"tied","repeat":3,"occupancy_before_each_op":1000,"commands_requested":100,"commands_completed":100,"reprioritize_commands":50,"cancel_commands":50,"derived_expected_retain_predicate_visits":100000,"elapsed_ns_sum":140657,"ops":100,"ns_per_command_mean":1406.5700,"ns_per_command_p50":1392,"ns_per_command_p95":1495,"sample_elapsed_ns":[1309,1315,1322,1326,1327,1327,1330,1330,1331,1331,1331,1331,1332,1332,1333,1334,1334,1335,1335,1337,1337,1337,1338,1338,1339,1345,1347,1347,1350,1350,1355,1360,1361,1365,1368,1369,1370,1370,1372,1372,1376,1380,1384,1385,1385,1386,1386,1386,1387,1391,1392,1392,1393,1393,1396,1397,1397,1398,1398,1399,1399,1399,1402,1403,1403,1405,1407,1407,1408,1408,1409,1409,1414,1415,1418,1419,1419,1421,1422,1428,1431,1444,1447,1450,1455,1457,1460,1463,1463,1465,1470,1472,1476,1490,1495,1512,1528,1547,2082,2362],"commands_per_second_mean":710949.3306,"timed_operations":"historical_retain_predicate_plus_reprioritize_insert_or_cancel","setup_clone_excluded":true,"exploratory_timer_overhead_unadjusted":true,"contract_timing_evidence":false,"status":"complete"}
Native owner (ubuntu-24.04)	Q5.2 supplementary queue benchmark checks	2026-10-05T02:04:40.8313041Z Q52_ROW {"scenario":"legacy_algorithm_baseline_bcb11cd_retain_rekey_cancel_50_50","algorithm_source_commit":"bcb11cd61bc38b4813815f574a6a051f3b9e8faf","n":1000,"priority_shape":"mixed","repeat":3,"occupancy_before_each_op":1000,"commands_requested":100,"commands_completed":100,"reprioritize_commands":50,"cancel_commands":50,"derived_expected_retain_predicate_visits":100000,"elapsed_ns_sum":141557,"ops":100,"ns_per_command_mean":1415.5700,"ns_per_command_p50":1382,"ns_per_command_p95":1581,"sample_elapsed_ns":[1266,1267,1267,1268,1269,1269,1271,1273,1276,1277,1278,1278,1281,1281,1282,1283,1284,1284,1285,1287,1288,1290,1290,1290,1293,1294,1295,1296,1297,1297,1299,1303,1303,1306,1307,1308,1311,1313,1314,1315,1315,1320,1328,1339,1353,1355,1355,1359,1371,1376,1382,1384,1387,1388,1389,1394,1394,1395,1397,1397,1399,1399,1403,1404,1411,1412,1420,1422,1422,1427,1427,1428,1430,1433,1436,1436,1437,1444,1445,1445,1447,1450,1453,1456,1461,1463,1483,1483,1483,1494,1500,1518,1523,1564,1581,1725,2369,2399,2555,2757],"commands_per_second_mean":706429.2123,"timed_operations":"historical_retain_predicate_plus_reprioritize_insert_or_cancel","setup_clone_excluded":true,"exploratory_timer_overhead_unadjusted":true,"contract_timing_evidence":false,"status":"complete"}
Native owner (ubuntu-24.04)	Q5.2 supplementary queue benchmark checks	2026-10-05T02:04:40.8320977Z Q52_ROW {"scenario":"actual_remove_waiting_request_rekey_cancel_50_50","n":1000,"priority_shape":"tied","repeat":3,"occupancy_before_each_op":1000,"commands_requested":100,"commands_completed":100,"reprioritize_commands":50,"cancel_commands":50,"removed_keys":100,"reinserted_keys":50,"elapsed_ns_sum":7797,"ops":100,"ns_per_command_mean":77.9700,"ns_per_command_p50":85,"ns_per_command_p95":113,"sample_elapsed_ns":[43,43,43,44,44,44,45,45,45,45,45,45,46,46,46,47,47,47,47,47,47,47,47,48,48,48,48,48,48,49,49,50,50,52,52,53,53,54,57,57,57,59,61,61,62,64,65,71,83,84,85,86,86,86,88,90,90,90,91,92,92,93,93,93,95,95,95,95,95,96,97,97,98,98,98,98,99,100,100,101,102,104,104,104,105,105,106,107,107,108,109,109,112,112,113,115,124,138,179,246],"commands_per_second_mean":12825445.6842,"timed_operations":"current_private_remove_waiting_request_plus_exact_rekey_insert_or_cancel_state","admission_sequence_preserved":true,"setup_clone_excluded":true,"exploratory_timer_overhead_unadjusted":true,"contract_timing_evidence":false,"status":"complete"}
Native owner (ubuntu-24.04)	Q5.2 supplementary queue benchmark checks	2026-10-05T02:04:40.8329027Z Q52_ROW {"scenario":"actual_remove_waiting_request_rekey_cancel_50_50","n":1000,"priority_shape":"mixed","repeat":3,"occupancy_before_each_op":1000,"commands_requested":100,"commands_completed":100,"reprioritize_commands":50,"cancel_commands":50,"removed_keys":100,"reinserted_keys":50,"elapsed_ns_sum":12328,"ops":100,"ns_per_command_mean":123.2800,"ns_per_command_p50":116,"ns_per_command_p95":253,"sample_elapsed_ns":[38,39,40,42,42,43,45,45,47,47,48,50,51,51,53,53,53,53,54,54,55,57,57,58,59,60,62,62,63,63,65,65,66,68,69,69,69,70,70,70,71,72,81,82,82,84,87,90,99,114,116,132,132,133,140,143,143,144,148,149,150,152,152,153,156,156,158,158,159,161,162,162,164,165,166,166,169,170,170,177,178,184,187,196,196,197,201,216,223,224,225,230,230,237,253,257,288,294,305,314],"commands_per_second_mean":8111615.8339,"timed_operations":"current_private_remove_waiting_request_plus_exact_rekey_insert_or_cancel_state","admission_sequence_preserved":true,"setup_clone_excluded":true,"exploratory_timer_overhead_unadjusted":true,"contract_timing_evidence":false,"status":"complete"}
Native owner (ubuntu-24.04)	Q5.2 supplementary queue benchmark checks	2026-10-05T02:04:40.8402382Z Q52_ROW {"scenario":"actual_helper_batched_reversible_rekey","algorithm_source_commit":"05b7822f0c69b9d36549130e228c01689b908a13","n":1000,"priority_shape":"tied","repeat":3,"cycles":50000,"operations":50000,"primitive_queue_mutations":200000,"queue_mutations_per_cycle":4,"restoration_insert_count":50000,"elapsed_ns":7290454,"ns_per_primitive_op":36.4523,"derived_expected_helper_removals":100000,"occupancy_at_cycle_boundaries":1000,"final_queue_matches_initial":true,"setup_and_verification_excluded":true,"timed_operations":"two_current_remove_waiting_request_calls_with_success_checks_plus_rekey_insert_and_restore_insert; reversible helper cycle, not a Cancel or Reprioritize command","end_to_end_speedup_claim":false,"status":"complete"}
Native owner (ubuntu-24.04)	Q5.2 supplementary queue benchmark checks	2026-10-05T02:04:40.8524619Z Q52_ROW {"scenario":"actual_helper_batched_reversible_rekey","algorithm_source_commit":"05b7822f0c69b9d36549130e228c01689b908a13","n":1000,"priority_shape":"mixed","repeat":3,"cycles":50000,"operations":50000,"primitive_queue_mutations":200000,"queue_mutations_per_cycle":4,"restoration_insert_count":50000,"elapsed_ns":12149117,"ns_per_primitive_op":60.7456,"derived_expected_helper_removals":100000,"occupancy_at_cycle_boundaries":1000,"final_queue_matches_initial":true,"setup_and_verification_excluded":true,"timed_operations":"two_current_remove_waiting_request_calls_with_success_checks_plus_rekey_insert_and_restore_insert; reversible helper cycle, not a Cancel or Reprioritize command","end_to_end_speedup_claim":false,"status":"complete"}
Native owner (ubuntu-24.04)	Q5.2 supplementary queue benchmark checks	2026-10-05T02:04:40.9881378Z Q52_ROW {"scenario":"historical_retain_batched_reversible_rekey","algorithm_source_commit":"bcb11cd61bc38b4813815f574a6a051f3b9e8faf","n":1000,"priority_shape":"tied","repeat":3,"cycles":50000,"operations":50000,"primitive_queue_mutations":200000,"queue_mutations_per_cycle":4,"restoration_insert_count":50000,"elapsed_ns":135533608,"ns_per_primitive_op":677.6680,"historical_retain_predicate_visits_exact":100000000,"historical_retain_predicate_visit_bound":"2*n*cycles","occupancy_at_cycle_boundaries":1000,"final_queue_matches_initial":true,"setup_and_verification_excluded":true,"timed_operations":"two historical retain passes plus rekey insert and restore insert; reversible helper cycle, not a Cancel or Reprioritize command","end_to_end_speedup_claim":false,"status":"complete"}
Native owner (ubuntu-24.04)	Q5.2 supplementary queue benchmark checks	2026-10-05T02:04:41.1227999Z Q52_ROW {"scenario":"historical_retain_batched_reversible_rekey","algorithm_source_commit":"bcb11cd61bc38b4813815f574a6a051f3b9e8faf","n":1000,"priority_shape":"mixed","repeat":3,"cycles":50000,"operations":50000,"primitive_queue_mutations":200000,"queue_mutations_per_cycle":4,"restoration_insert_count":50000,"elapsed_ns":134279318,"ns_per_primitive_op":671.3966,"historical_retain_predicate_visits_exact":100000000,"historical_retain_predicate_visit_bound":"2*n*cycles","occupancy_at_cycle_boundaries":1000,"final_queue_matches_initial":true,"setup_and_verification_excluded":true,"timed_operations":"two historical retain passes plus rekey insert and restore insert; reversible helper cycle, not a Cancel or Reprioritize command","end_to_end_speedup_claim":false,"status":"complete"}
Native owner (ubuntu-24.04)	Q5.2 supplementary queue benchmark checks	2026-10-05T02:04:41.1231281Z Q52_ROW {"scenario":"legacy_resource_fifo","n":1000,"capacity":1,"comparison_class":"matched_fifo_primitive_only","repeat":4,"batches":10,"elapsed_ns":23024,"ops":20000,"ns_per_op":1.1512,"ops_per_second":868658790.8270,"timed_operations":"request_waiter_and_release_waiter","comparisons":null,"setup_excluded":true,"fifo_order_checked_in_correctness_test":true,"final_queue_len":0}
Native owner (ubuntu-24.04)	Q5.2 supplementary queue benchmark checks	2026-10-05T02:04:41.1233085Z Q52_ROW {"scenario":"priority_fifo","n":1000,"priority_shape":"tied","legacy_fifo_comparable":true,"repeat":4,"batches":10,"elapsed_ns":748187,"ops":20000,"ns_per_op":37.4094,"ops_per_second":26731285.0932,"timed_operations":"insert_and_remove_min","comparisons":null,"setup_excluded":true,"final_queue_len":0}
Native owner (ubuntu-24.04)	Q5.2 supplementary queue benchmark checks	2026-10-05T02:04:41.1240509Z Q52_ROW {"scenario":"priority_fifo","n":1000,"priority_shape":"mixed","legacy_fifo_comparable":false,"repeat":4,"batches":10,"elapsed_ns":716134,"ops":20000,"ns_per_op":35.8067,"ops_per_second":27927734.1950,"timed_operations":"insert_and_remove_min","comparisons":null,"setup_excluded":true,"final_queue_len":0}
Native owner (ubuntu-24.04)	Q5.2 supplementary queue benchmark checks	2026-10-05T02:04:41.1242467Z Q52_ROW {"scenario":"claim_queue_direct_tree_rekey_cancel_50_50","n":1000,"priority_shape":"tied","repeat":4,"queue_occupancy_initial":1000,"queue_occupancy_final":0,"queue_occupancy_mean_at_mutation_start":500.1667,"rekeys":1000,"cancels":1000,"tree_mutations":3000,"elapsed_ns":76755,"ops":2000,"ns_per_request":38.3775,"requests_per_second":26056934.4017,"ns_per_tree_mutation":25.5850,"mutations_per_second":39085401.6025,"timed_operations":"remove_insert_rekey_then_cancel","comparisons":null,"setup_excluded":true,"final_queue_len":0}
Native owner (ubuntu-24.04)	Q5.2 supplementary queue benchmark checks	2026-10-05T02:04:41.1244712Z Q52_ROW {"scenario":"claim_queue_direct_tree_rekey_cancel_50_50","n":1000,"priority_shape":"mixed","repeat":4,"queue_occupancy_initial":1000,"queue_occupancy_final":0,"queue_occupancy_mean_at_mutation_start":500.1667,"rekeys":1000,"cancels":1000,"tree_mutations":3000,"elapsed_ns":166821,"ops":2000,"ns_per_request":83.4105,"requests_per_second":11988898.2802,"ns_per_tree_mutation":55.6070,"mutations_per_second":17983347.4203,"timed_operations":"remove_insert_rekey_then_cancel","comparisons":null,"setup_excluded":true,"final_queue_len":0}
Native owner (ubuntu-24.04)	Q5.2 supplementary queue benchmark checks	2026-10-05T02:04:41.1255763Z Q52_ROW {"scenario":"legacy_algorithm_baseline_bcb11cd_retain_rekey_cancel_50_50","algorithm_source_commit":"bcb11cd61bc38b4813815f574a6a051f3b9e8faf","n":1000,"priority_shape":"tied","repeat":4,"occupancy_before_each_op":1000,"commands_requested":100,"commands_completed":100,"reprioritize_commands":50,"cancel_commands":50,"derived_expected_retain_predicate_visits":100000,"elapsed_ns_sum":132931,"ops":100,"ns_per_command_mean":1329.3100,"ns_per_command_p50":1337,"ns_per_command_p95":1400,"sample_elapsed_ns":[1195,1207,1269,1270,1272,1275,1275,1276,1276,1276,1277,1277,1277,1277,1279,1279,1281,1282,1283,1283,1284,1284,1284,1285,1286,1287,1287,1287,1288,1289,1289,1289,1291,1292,1292,1292,1293,1295,1295,1296,1297,1297,1298,1300,1305,1305,1306,1320,1327,1337,1337,1339,1340,1341,1346,1348,1348,1350,1352,1353,1354,1354,1355,1355,1356,1357,1357,1357,1357,1358,1359,1360,1361,1362,1362,1364,1364,1364,1370,1370,1371,1371,1373,1374,1375,1376,1377,1382,1382,1382,1384,1386,1390,1394,1400,1402,1417,1418,1420,1644],"commands_per_second_mean":752269.9746,"timed_operations":"historical_retain_predicate_plus_reprioritize_insert_or_cancel","setup_clone_excluded":true,"exploratory_timer_overhead_unadjusted":true,"contract_timing_evidence":false,"status":"complete"}
Native owner (ubuntu-24.04)	Q5.2 supplementary queue benchmark checks	2026-10-05T02:04:41.1265290Z Q52_ROW {"scenario":"legacy_algorithm_baseline_bcb11cd_retain_rekey_cancel_50_50","algorithm_source_commit":"bcb11cd61bc38b4813815f574a6a051f3b9e8faf","n":1000,"priority_shape":"mixed","repeat":4,"occupancy_before_each_op":1000,"commands_requested":100,"commands_completed":100,"reprioritize_commands":50,"cancel_commands":50,"derived_expected_retain_predicate_visits":100000,"elapsed_ns_sum":144152,"ops":100,"ns_per_command_mean":1441.5200,"ns_per_command_p50":1355,"ns_per_command_p95":2175,"sample_elapsed_ns":[1212,1213,1215,1218,1219,1222,1222,1223,1223,1223,1224,1225,1225,1226,1232,1233,1237,1239,1240,1241,1241,1245,1245,1246,1247,1247,1249,1250,1250,1253,1257,1276,1278,1294,1301,1305,1308,1322,1323,1327,1329,1333,1336,1336,1338,1345,1345,1351,1352,1354,1355,1358,1358,1360,1361,1372,1373,1374,1378,1378,1379,1381,1382,1384,1386,1387,1388,1390,1390,1391,1404,1407,1412,1414,1416,1427,1431,1438,1481,1486,1487,1494,1508,1517,1527,1548,1607,1607,1792,1935,1986,2037,2043,2058,2175,2222,2346,2492,2523,3012],"commands_per_second_mean":693712.1927,"timed_operations":"historical_retain_predicate_plus_reprioritize_insert_or_cancel","setup_clone_excluded":true,"exploratory_timer_overhead_unadjusted":true,"contract_timing_evidence":false,"status":"complete"}
Native owner (ubuntu-24.04)	Q5.2 supplementary queue benchmark checks	2026-10-05T02:04:41.1270703Z Q52_ROW {"scenario":"actual_remove_waiting_request_rekey_cancel_50_50","n":1000,"priority_shape":"tied","repeat":4,"occupancy_before_each_op":1000,"commands_requested":100,"commands_completed":100,"reprioritize_commands":50,"cancel_commands":50,"removed_keys":100,"reinserted_keys":50,"elapsed_ns_sum":7728,"ops":100,"ns_per_command_mean":77.2800,"ns_per_command_p50":83,"ns_per_command_p95":127,"sample_elapsed_ns":[35,36,40,41,42,42,43,43,43,43,43,43,44,44,44,44,44,44,45,45,45,46,46,46,46,46,46,47,47,48,48,49,50,51,51,52,52,54,55,56,58,58,63,67,68,68,77,78,80,81,83,83,84,84,85,85,85,86,87,88,88,88,89,90,91,91,92,92,93,94,94,94,95,95,96,96,97,97,97,99,99,100,100,101,106,107,109,112,112,122,124,124,125,127,127,128,135,145,162,218],"commands_per_second_mean":12939958.5921,"timed_operations":"current_private_remove_waiting_request_plus_exact_rekey_insert_or_cancel_state","admission_sequence_preserved":true,"setup_clone_excluded":true,"exploratory_timer_overhead_unadjusted":true,"contract_timing_evidence":false,"status":"complete"}
Native owner (ubuntu-24.04)	Q5.2 supplementary queue benchmark checks	2026-10-05T02:04:41.1279218Z Q52_ROW {"scenario":"actual_remove_waiting_request_rekey_cancel_50_50","n":1000,"priority_shape":"mixed","repeat":4,"occupancy_before_each_op":1000,"commands_requested":100,"commands_completed":100,"reprioritize_commands":50,"cancel_commands":50,"removed_keys":100,"reinserted_keys":50,"elapsed_ns_sum":11334,"ops":100,"ns_per_command_mean":113.3400,"ns_per_command_p50":120,"ns_per_command_p95":231,"sample_elapsed_ns":[35,36,38,39,39,40,42,43,45,45,47,49,49,50,51,51,52,52,53,53,54,54,54,55,56,56,57,57,59,59,60,60,62,62,64,64,65,66,69,69,70,70,74,75,76,81,83,92,115,116,120,123,124,125,128,131,133,134,135,136,140,142,143,145,145,149,150,152,152,153,154,154,155,155,155,157,157,158,158,159,159,160,163,164,164,166,169,171,171,178,193,199,227,230,231,244,252,252,255,301],"commands_per_second_mean":8823010.4112,"timed_operations":"current_private_remove_waiting_request_plus_exact_rekey_insert_or_cancel_state","admission_sequence_preserved":true,"setup_clone_excluded":true,"exploratory_timer_overhead_unadjusted":true,"contract_timing_evidence":false,"status":"complete"}
Native owner (ubuntu-24.04)	Q5.2 supplementary queue benchmark checks	2026-10-05T02:04:41.1349422Z Q52_ROW {"scenario":"actual_helper_batched_reversible_rekey","algorithm_source_commit":"05b7822f0c69b9d36549130e228c01689b908a13","n":1000,"priority_shape":"tied","repeat":4,"cycles":50000,"operations":50000,"primitive_queue_mutations":200000,"queue_mutations_per_cycle":4,"restoration_insert_count":50000,"elapsed_ns":7043268,"ns_per_primitive_op":35.2163,"derived_expected_helper_removals":100000,"occupancy_at_cycle_boundaries":1000,"final_queue_matches_initial":true,"setup_and_verification_excluded":true,"timed_operations":"two_current_remove_waiting_request_calls_with_success_checks_plus_rekey_insert_and_restore_insert; reversible helper cycle, not a Cancel or Reprioritize command","end_to_end_speedup_claim":false,"status":"complete"}
Native owner (ubuntu-24.04)	Q5.2 supplementary queue benchmark checks	2026-10-05T02:04:41.1468141Z Q52_ROW {"scenario":"actual_helper_batched_reversible_rekey","algorithm_source_commit":"05b7822f0c69b9d36549130e228c01689b908a13","n":1000,"priority_shape":"mixed","repeat":4,"cycles":50000,"operations":50000,"primitive_queue_mutations":200000,"queue_mutations_per_cycle":4,"restoration_insert_count":50000,"elapsed_ns":11801825,"ns_per_primitive_op":59.0091,"derived_expected_helper_removals":100000,"occupancy_at_cycle_boundaries":1000,"final_queue_matches_initial":true,"setup_and_verification_excluded":true,"timed_operations":"two_current_remove_waiting_request_calls_with_success_checks_plus_rekey_insert_and_restore_insert; reversible helper cycle, not a Cancel or Reprioritize command","end_to_end_speedup_claim":false,"status":"complete"}
Native owner (ubuntu-24.04)	Q5.2 supplementary queue benchmark checks	2026-10-05T02:04:41.2800665Z Q52_ROW {"scenario":"historical_retain_batched_reversible_rekey","algorithm_source_commit":"bcb11cd61bc38b4813815f574a6a051f3b9e8faf","n":1000,"priority_shape":"tied","repeat":4,"cycles":50000,"operations":50000,"primitive_queue_mutations":200000,"queue_mutations_per_cycle":4,"restoration_insert_count":50000,"elapsed_ns":132882979,"ns_per_primitive_op":664.4149,"historical_retain_predicate_visits_exact":100000000,"historical_retain_predicate_visit_bound":"2*n*cycles","occupancy_at_cycle_boundaries":1000,"final_queue_matches_initial":true,"setup_and_verification_excluded":true,"timed_operations":"two historical retain passes plus rekey insert and restore insert; reversible helper cycle, not a Cancel or Reprioritize command","end_to_end_speedup_claim":false,"status":"complete"}
Native owner (ubuntu-24.04)	Q5.2 supplementary queue benchmark checks	2026-10-05T02:04:41.4122270Z Q52_ROW {"scenario":"historical_retain_batched_reversible_rekey","algorithm_source_commit":"bcb11cd61bc38b4813815f574a6a051f3b9e8faf","n":1000,"priority_shape":"mixed","repeat":4,"cycles":50000,"operations":50000,"primitive_queue_mutations":200000,"queue_mutations_per_cycle":4,"restoration_insert_count":50000,"elapsed_ns":132189097,"ns_per_primitive_op":660.9455,"historical_retain_predicate_visits_exact":100000000,"historical_retain_predicate_visit_bound":"2*n*cycles","occupancy_at_cycle_boundaries":1000,"final_queue_matches_initial":true,"setup_and_verification_excluded":true,"timed_operations":"two historical retain passes plus rekey insert and restore insert; reversible helper cycle, not a Cancel or Reprioritize command","end_to_end_speedup_claim":false,"status":"complete"}
Native owner (ubuntu-24.04)	Q5.2 supplementary queue benchmark checks	2026-10-05T02:04:41.4125319Z Q52_ROW {"scenario":"legacy_resource_fifo","n":1000,"capacity":1,"comparison_class":"matched_fifo_primitive_only","repeat":5,"batches":10,"elapsed_ns":35460,"ops":20000,"ns_per_op":1.7730,"ops_per_second":564015792.4422,"timed_operations":"request_waiter_and_release_waiter","comparisons":null,"setup_excluded":true,"fifo_order_checked_in_correctness_test":true,"final_queue_len":0}
Native owner (ubuntu-24.04)	Q5.2 supplementary queue benchmark checks	2026-10-05T02:04:41.4128471Z Q52_ROW {"scenario":"priority_fifo","n":1000,"priority_shape":"tied","legacy_fifo_comparable":true,"repeat":5,"batches":10,"elapsed_ns":756563,"ops":20000,"ns_per_op":37.8282,"ops_per_second":26435339.8197,"timed_operations":"insert_and_remove_min","comparisons":null,"setup_excluded":true,"final_queue_len":0}
Native owner (ubuntu-24.04)	Q5.2 supplementary queue benchmark checks	2026-10-05T02:04:41.4135536Z Q52_ROW {"scenario":"priority_fifo","n":1000,"priority_shape":"mixed","legacy_fifo_comparable":false,"repeat":5,"batches":10,"elapsed_ns":740629,"ops":20000,"ns_per_op":37.0314,"ops_per_second":27004073.5645,"timed_operations":"insert_and_remove_min","comparisons":null,"setup_excluded":true,"final_queue_len":0}
Native owner (ubuntu-24.04)	Q5.2 supplementary queue benchmark checks	2026-10-05T02:04:41.4137801Z Q52_ROW {"scenario":"claim_queue_direct_tree_rekey_cancel_50_50","n":1000,"priority_shape":"tied","repeat":5,"queue_occupancy_initial":1000,"queue_occupancy_final":0,"queue_occupancy_mean_at_mutation_start":500.1667,"rekeys":1000,"cancels":1000,"tree_mutations":3000,"elapsed_ns":82723,"ops":2000,"ns_per_request":41.3615,"requests_per_second":24177072.8818,"ns_per_tree_mutation":27.5743,"mutations_per_second":36265609.3227,"timed_operations":"remove_insert_rekey_then_cancel","comparisons":null,"setup_excluded":true,"final_queue_len":0}
Native owner (ubuntu-24.04)	Q5.2 supplementary queue benchmark checks	2026-10-05T02:04:41.4140371Z Q52_ROW {"scenario":"claim_queue_direct_tree_rekey_cancel_50_50","n":1000,"priority_shape":"mixed","repeat":5,"queue_occupancy_initial":1000,"queue_occupancy_final":0,"queue_occupancy_mean_at_mutation_start":500.1667,"rekeys":1000,"cancels":1000,"tree_mutations":3000,"elapsed_ns":175705,"ops":2000,"ns_per_request":87.8525,"requests_per_second":11382715.3467,"ns_per_tree_mutation":58.5683,"mutations_per_second":17074073.0201,"timed_operations":"remove_insert_rekey_then_cancel","comparisons":null,"setup_excluded":true,"final_queue_len":0}
Native owner (ubuntu-24.04)	Q5.2 supplementary queue benchmark checks	2026-10-05T02:04:41.4150865Z Q52_ROW {"scenario":"legacy_algorithm_baseline_bcb11cd_retain_rekey_cancel_50_50","algorithm_source_commit":"bcb11cd61bc38b4813815f574a6a051f3b9e8faf","n":1000,"priority_shape":"tied","repeat":5,"occupancy_before_each_op":1000,"commands_requested":100,"commands_completed":100,"reprioritize_commands":50,"cancel_commands":50,"derived_expected_retain_predicate_visits":100000,"elapsed_ns_sum":133323,"ops":100,"ns_per_command_mean":1333.2300,"ns_per_command_p50":1336,"ns_per_command_p95":1399,"sample_elapsed_ns":[1270,1273,1273,1274,1275,1277,1277,1277,1277,1277,1278,1278,1279,1280,1281,1281,1282,1283,1284,1285,1285,1285,1286,1286,1286,1286,1286,1287,1288,1289,1290,1291,1292,1292,1293,1293,1297,1299,1299,1300,1302,1303,1306,1307,1307,1307,1314,1317,1317,1336,1336,1337,1339,1343,1343,1345,1345,1347,1348,1349,1349,1351,1351,1351,1353,1354,1354,1355,1356,1356,1356,1357,1357,1358,1358,1359,1359,1360,1360,1363,1364,1368,1368,1371,1373,1374,1375,1378,1385,1386,1386,1386,1386,1394,1399,1408,1431,1434,1451,1870],"commands_per_second_mean":750058.1295,"timed_operations":"historical_retain_predicate_plus_reprioritize_insert_or_cancel","setup_clone_excluded":true,"exploratory_timer_overhead_unadjusted":true,"contract_timing_evidence":false,"status":"complete"}
Native owner (ubuntu-24.04)	Q5.2 supplementary queue benchmark checks	2026-10-05T02:04:41.4159981Z Q52_ROW {"scenario":"legacy_algorithm_baseline_bcb11cd_retain_rekey_cancel_50_50","algorithm_source_commit":"bcb11cd61bc38b4813815f574a6a051f3b9e8faf","n":1000,"priority_shape":"mixed","repeat":5,"occupancy_before_each_op":1000,"commands_requested":100,"commands_completed":100,"reprioritize_commands":50,"cancel_commands":50,"derived_expected_retain_predicate_visits":100000,"elapsed_ns_sum":139334,"ops":100,"ns_per_command_mean":1393.3400,"ns_per_command_p50":1343,"ns_per_command_p95":1551,"sample_elapsed_ns":[1203,1205,1221,1224,1227,1227,1228,1228,1236,1238,1242,1247,1252,1253,1260,1263,1263,1273,1276,1279,1283,1290,1292,1294,1295,1295,1295,1295,1300,1301,1302,1304,1304,1304,1307,1309,1312,1314,1317,1318,1319,1320,1325,1328,1329,1332,1334,1338,1339,1341,1343,1349,1351,1351,1355,1355,1360,1367,1370,1372,1375,1378,1381,1390,1390,1391,1393,1393,1398,1407,1409,1412,1413,1415,1417,1421,1430,1432,1433,1444,1448,1448,1455,1457,1459,1459,1459,1460,1472,1498,1505,1506,1514,1515,1551,1646,1784,2321,2653,2848],"commands_per_second_mean":717699.9153,"timed_operations":"historical_retain_predicate_plus_reprioritize_insert_or_cancel","setup_clone_excluded":true,"exploratory_timer_overhead_unadjusted":true,"contract_timing_evidence":false,"status":"complete"}
Native owner (ubuntu-24.04)	Q5.2 supplementary queue benchmark checks	2026-10-05T02:04:41.4167438Z Q52_ROW {"scenario":"actual_remove_waiting_request_rekey_cancel_50_50","n":1000,"priority_shape":"tied","repeat":5,"occupancy_before_each_op":1000,"commands_requested":100,"commands_completed":100,"reprioritize_commands":50,"cancel_commands":50,"removed_keys":100,"reinserted_keys":50,"elapsed_ns_sum":7642,"ops":100,"ns_per_command_mean":76.4200,"ns_per_command_p50":80,"ns_per_command_p95":121,"sample_elapsed_ns":[40,40,40,41,41,41,41,42,42,42,43,43,43,44,45,45,45,46,46,46,46,46,46,47,47,47,48,48,49,49,50,51,51,52,53,53,53,54,55,55,55,58,58,58,60,63,63,67,69,79,80,80,80,80,80,82,82,82,83,84,84,87,88,88,89,90,91,91,92,92,93,94,94,95,95,96,97,98,98,99,99,100,101,101,101,105,106,108,110,112,112,117,118,118,121,130,138,160,169,266],"commands_per_second_mean":13085579.6912,"timed_operations":"current_private_remove_waiting_request_plus_exact_rekey_insert_or_cancel_state","admission_sequence_preserved":true,"setup_clone_excluded":true,"exploratory_timer_overhead_unadjusted":true,"contract_timing_evidence":false,"status":"complete"}
Native owner (ubuntu-24.04)	Q5.2 supplementary queue benchmark checks	2026-10-05T02:04:41.4175000Z Q52_ROW {"scenario":"actual_remove_waiting_request_rekey_cancel_50_50","n":1000,"priority_shape":"mixed","repeat":5,"occupancy_before_each_op":1000,"commands_requested":100,"commands_completed":100,"reprioritize_commands":50,"cancel_commands":50,"removed_keys":100,"reinserted_keys":50,"elapsed_ns_sum":11856,"ops":100,"ns_per_command_mean":118.5600,"ns_per_command_p50":124,"ns_per_command_p95":252,"sample_elapsed_ns":[36,37,38,39,40,42,45,47,47,47,49,49,51,51,51,51,52,52,53,53,54,54,54,54,55,56,57,57,57,60,60,61,62,63,63,63,65,66,67,70,74,75,77,81,88,89,93,101,103,123,124,128,131,131,134,136,139,141,142,142,142,144,144,145,146,149,150,150,154,154,155,156,159,159,159,161,162,165,165,166,170,171,176,177,179,179,186,194,197,208,227,234,248,251,252,253,257,262,268,302],"commands_per_second_mean":8434547.9082,"timed_operations":"current_private_remove_waiting_request_plus_exact_rekey_insert_or_cancel_state","admission_sequence_preserved":true,"setup_clone_excluded":true,"exploratory_timer_overhead_unadjusted":true,"contract_timing_evidence":false,"status":"complete"}
Native owner (ubuntu-24.04)	Q5.2 supplementary queue benchmark checks	2026-10-05T02:04:41.4246314Z Q52_ROW {"scenario":"actual_helper_batched_reversible_rekey","algorithm_source_commit":"05b7822f0c69b9d36549130e228c01689b908a13","n":1000,"priority_shape":"tied","repeat":5,"cycles":50000,"operations":50000,"primitive_queue_mutations":200000,"queue_mutations_per_cycle":4,"restoration_insert_count":50000,"elapsed_ns":7075736,"ns_per_primitive_op":35.3787,"derived_expected_helper_removals":100000,"occupancy_at_cycle_boundaries":1000,"final_queue_matches_initial":true,"setup_and_verification_excluded":true,"timed_operations":"two_current_remove_waiting_request_calls_with_success_checks_plus_rekey_insert_and_restore_insert; reversible helper cycle, not a Cancel or Reprioritize command","end_to_end_speedup_claim":false,"status":"complete"}
Native owner (ubuntu-24.04)	Q5.2 supplementary queue benchmark checks	2026-10-05T02:04:41.4365039Z Q52_ROW {"scenario":"actual_helper_batched_reversible_rekey","algorithm_source_commit":"05b7822f0c69b9d36549130e228c01689b908a13","n":1000,"priority_shape":"mixed","repeat":5,"cycles":50000,"operations":50000,"primitive_queue_mutations":200000,"queue_mutations_per_cycle":4,"restoration_insert_count":50000,"elapsed_ns":11797808,"ns_per_primitive_op":58.9890,"derived_expected_helper_removals":100000,"occupancy_at_cycle_boundaries":1000,"final_queue_matches_initial":true,"setup_and_verification_excluded":true,"timed_operations":"two_current_remove_waiting_request_calls_with_success_checks_plus_rekey_insert_and_restore_insert; reversible helper cycle, not a Cancel or Reprioritize command","end_to_end_speedup_claim":false,"status":"complete"}
Native owner (ubuntu-24.04)	Q5.2 supplementary queue benchmark checks	2026-10-05T02:04:41.5690548Z Q52_ROW {"scenario":"historical_retain_batched_reversible_rekey","algorithm_source_commit":"bcb11cd61bc38b4813815f574a6a051f3b9e8faf","n":1000,"priority_shape":"tied","repeat":5,"cycles":50000,"operations":50000,"primitive_queue_mutations":200000,"queue_mutations_per_cycle":4,"restoration_insert_count":50000,"elapsed_ns":132284893,"ns_per_primitive_op":661.4245,"historical_retain_predicate_visits_exact":100000000,"historical_retain_predicate_visit_bound":"2*n*cycles","occupancy_at_cycle_boundaries":1000,"final_queue_matches_initial":true,"setup_and_verification_excluded":true,"timed_operations":"two historical retain passes plus rekey insert and restore insert; reversible helper cycle, not a Cancel or Reprioritize command","end_to_end_speedup_claim":false,"status":"complete"}
Native owner (ubuntu-24.04)	Q5.2 supplementary queue benchmark checks	2026-10-05T02:04:41.7012018Z Q52_ROW {"scenario":"historical_retain_batched_reversible_rekey","algorithm_source_commit":"bcb11cd61bc38b4813815f574a6a051f3b9e8faf","n":1000,"priority_shape":"mixed","repeat":5,"cycles":50000,"operations":50000,"primitive_queue_mutations":200000,"queue_mutations_per_cycle":4,"restoration_insert_count":50000,"elapsed_ns":132023396,"ns_per_primitive_op":660.1170,"historical_retain_predicate_visits_exact":100000000,"historical_retain_predicate_visit_bound":"2*n*cycles","occupancy_at_cycle_boundaries":1000,"final_queue_matches_initial":true,"setup_and_verification_excluded":true,"timed_operations":"two historical retain passes plus rekey insert and restore insert; reversible helper cycle, not a Cancel or Reprioritize command","end_to_end_speedup_claim":false,"status":"complete"}
Native owner (ubuntu-24.04)	Q5.2 supplementary queue benchmark checks	2026-10-05T02:04:41.7015007Z Q52_ROW {"scenario":"counted_ord_structural_comparisons","n":1000,"priority_shape":"tied","operations":3000,"comparisons":43868,"comparisons_per_operation":14.622667,"ceil_log2_n_plus_1":10,"structural_bound":288000,"elapsed_ns":null,"timing_claim":false,"setup_excluded":true}
Native owner (ubuntu-24.04)	Q5.2 supplementary queue benchmark checks	2026-10-05T02:04:41.7016153Z Q52_ROW {"scenario":"counted_ord_structural_comparisons","n":1000,"priority_shape":"mixed","operations":3000,"comparisons":34884,"comparisons_per_operation":11.628000,"ceil_log2_n_plus_1":10,"structural_bound":288000,"elapsed_ns":null,"timing_claim":false,"setup_excluded":true}
Native owner (ubuntu-24.04)	Q5.2 supplementary queue benchmark checks	2026-10-05T02:04:41.7031397Z Q52_ROW {"scenario":"legacy_resource_fifo","n":100000,"capacity":1,"comparison_class":"matched_fifo_primitive_only","repeat":1,"batches":1,"elapsed_ns":1015113,"ops":200000,"ns_per_op":5.0756,"ops_per_second":197022400.4618,"timed_operations":"request_waiter_and_release_waiter","comparisons":null,"setup_excluded":true,"fifo_order_checked_in_correctness_test":true,"final_queue_len":0}
Native owner (ubuntu-24.04)	Q5.2 supplementary queue benchmark checks	2026-10-05T02:04:41.7173211Z Q52_ROW {"scenario":"priority_fifo","n":100000,"priority_shape":"tied","legacy_fifo_comparable":true,"repeat":1,"batches":1,"elapsed_ns":13430243,"ops":200000,"ns_per_op":67.1512,"ops_per_second":14891763.3136,"timed_operations":"insert_and_remove_min","comparisons":null,"setup_excluded":true,"final_queue_len":0}
Native owner (ubuntu-24.04)	Q5.2 supplementary queue benchmark checks	2026-10-05T02:04:41.7320708Z Q52_ROW {"scenario":"priority_fifo","n":100000,"priority_shape":"mixed","legacy_fifo_comparable":false,"repeat":1,"batches":1,"elapsed_ns":13831835,"ops":200000,"ns_per_op":69.1592,"ops_per_second":14459397.4697,"timed_operations":"insert_and_remove_min","comparisons":null,"setup_excluded":true,"final_queue_len":0}
Native owner (ubuntu-24.04)	Q5.2 supplementary queue benchmark checks	2026-10-05T02:04:41.7482930Z Q52_ROW {"scenario":"claim_queue_direct_tree_rekey_cancel_50_50","n":100000,"priority_shape":"tied","repeat":1,"queue_occupancy_initial":100000,"queue_occupancy_final":0,"queue_occupancy_mean_at_mutation_start":50000.1667,"rekeys":100000,"cancels":100000,"tree_mutations":300000,"elapsed_ns":8727365,"ops":200000,"ns_per_request":43.6368,"requests_per_second":22916424.3732,"ns_per_tree_mutation":29.0912,"mutations_per_second":34374636.5598,"timed_operations":"remove_insert_rekey_then_cancel","comparisons":null,"setup_excluded":true,"final_queue_len":0}
Native owner (ubuntu-24.04)	Q5.2 supplementary queue benchmark checks	2026-10-05T02:04:41.7770457Z Q52_ROW {"scenario":"claim_queue_direct_tree_rekey_cancel_50_50","n":100000,"priority_shape":"mixed","repeat":1,"queue_occupancy_initial":100000,"queue_occupancy_final":0,"queue_occupancy_mean_at_mutation_start":50000.1667,"rekeys":100000,"cancels":100000,"tree_mutations":300000,"elapsed_ns":19525071,"ops":200000,"ns_per_request":97.6254,"requests_per_second":10243240.6008,"ns_per_tree_mutation":65.0836,"mutations_per_second":15364860.9011,"timed_operations":"remove_insert_rekey_then_cancel","comparisons":null,"setup_excluded":true,"final_queue_len":0}
Native owner (ubuntu-24.04)	Q5.2 supplementary queue benchmark checks	2026-10-05T02:04:41.9669497Z Q52_ROW {"scenario":"legacy_algorithm_baseline_bcb11cd_retain_rekey_cancel_50_50","algorithm_source_commit":"bcb11cd61bc38b4813815f574a6a051f3b9e8faf","n":100000,"priority_shape":"tied","repeat":1,"occupancy_before_each_op":100000,"commands_requested":100,"commands_completed":100,"reprioritize_commands":50,"cancel_commands":50,"derived_expected_retain_predicate_visits":10000000,"elapsed_ns_sum":27601399,"ops":100,"ns_per_command_mean":276013.9900,"ns_per_command_p50":265042,"ns_per_command_p95":281678,"sample_elapsed_ns":[263080,263452,263475,263481,263534,263536,263646,263668,263700,263713,263732,263759,263854,263874,263917,263974,264020,264021,264100,264143,264188,264209,264214,264257,264305,264327,264334,264336,264373,264409,264414,264476,264484,264533,264554,264557,264562,264568,264739,264741,264772,264775,264805,264894,264922,264943,264956,264969,264976,264983,265042,265061,265068,265092,265137,265199,265206,265238,265255,265298,265357,265382,265385,265391,265433,265788,265916,265940,266421,267556,267971,271678,277063,277297,277712,278148,278228,278351,278583,278621,278644,278871,279036,279246,279373,279435,279528,279913,279935,280027,280125,281215,281316,281608,281678,282790,285175,285385,371702,890326],"commands_per_second_mean":3623.0048,"timed_operations":"historical_retain_predicate_plus_reprioritize_insert_or_cancel","setup_clone_excluded":true,"exploratory_timer_overhead_unadjusted":true,"contract_timing_evidence":false,"status":"complete"}
Native owner (ubuntu-24.04)	Q5.2 supplementary queue benchmark checks	2026-10-05T02:04:42.1265569Z Q52_ROW {"scenario":"legacy_algorithm_baseline_bcb11cd_retain_rekey_cancel_50_50","algorithm_source_commit":"bcb11cd61bc38b4813815f574a6a051f3b9e8faf","n":100000,"priority_shape":"mixed","repeat":1,"occupancy_before_each_op":100000,"commands_requested":100,"commands_completed":100,"reprioritize_commands":50,"cancel_commands":50,"derived_expected_retain_predicate_visits":10000000,"elapsed_ns_sum":26896158,"ops":100,"ns_per_command_mean":268961.5800,"ns_per_command_p50":265348,"ns_per_command_p95":281730,"sample_elapsed_ns":[262108,263100,263641,263659,263691,263697,263805,263839,263955,263957,264022,264057,264100,264106,264178,264267,264267,264280,264330,264330,264332,264347,264352,264373,264390,264401,264403,264457,264476,264584,264635,264652,264715,264753,264777,264806,264806,264811,264846,264926,264947,264970,264976,264980,264990,265056,265127,265133,265242,265343,265348,265364,265368,265435,265494,265494,265494,265741,265809,265821,265879,265982,266014,266073,266102,266371,266404,266564,266821,267025,267506,267711,268778,269944,276861,276964,277188,277678,277725,277797,277941,277982,278054,278256,278401,278553,278875,278908,278954,279019,279260,279329,279560,281682,281730,284460,285318,285483,285673,291970],"commands_per_second_mean":3718.0031,"timed_operations":"historical_retain_predicate_plus_reprioritize_insert_or_cancel","setup_clone_excluded":true,"exploratory_timer_overhead_unadjusted":true,"contract_timing_evidence":false,"status":"complete"}
Native owner (ubuntu-24.04)	Q5.2 supplementary queue benchmark checks	2026-10-05T02:04:42.2251822Z Q52_ROW {"scenario":"actual_remove_waiting_request_rekey_cancel_50_50","n":100000,"priority_shape":"tied","repeat":1,"occupancy_before_each_op":100000,"commands_requested":100,"commands_completed":100,"reprioritize_commands":50,"cancel_commands":50,"removed_keys":100,"reinserted_keys":50,"elapsed_ns_sum":40319,"ops":100,"ns_per_command_mean":403.1900,"ns_per_command_p50":364,"ns_per_command_p95":621,"sample_elapsed_ns":[217,224,227,229,230,257,257,259,266,269,277,283,293,298,301,301,302,305,314,314,315,318,321,321,322,324,334,335,337,337,339,339,343,344,344,346,347,349,350,350,351,351,352,352,355,355,357,357,357,357,364,368,371,378,381,396,400,401,405,421,422,446,446,447,450,455,455,461,461,464,465,466,469,470,473,478,479,486,489,494,495,495,500,505,511,512,514,516,528,532,533,574,577,594,621,626,629,680,712,822],"commands_per_second_mean":2480220.2436,"timed_operations":"current_private_remove_waiting_request_plus_exact_rekey_insert_or_cancel_state","admission_sequence_preserved":true,"setup_clone_excluded":true,"exploratory_timer_overhead_unadjusted":true,"contract_timing_evidence":false,"status":"complete"}
Native owner (ubuntu-24.04)	Q5.2 supplementary queue benchmark checks	2026-10-05T02:04:42.3577463Z Q52_ROW {"scenario":"actual_remove_waiting_request_rekey_cancel_50_50","n":100000,"priority_shape":"mixed","repeat":1,"occupancy_before_each_op":100000,"commands_requested":100,"commands_completed":100,"reprioritize_commands":50,"cancel_commands":50,"removed_keys":100,"reinserted_keys":50,"elapsed_ns_sum":79279,"ops":100,"ns_per_command_mean":792.7900,"ns_per_command_p50":747,"ns_per_command_p95":1413,"sample_elapsed_ns":[274,307,308,330,344,346,373,383,397,402,414,417,430,431,431,435,470,527,534,543,545,548,552,585,595,607,608,609,644,646,648,650,650,660,665,665,669,671,677,684,685,688,689,701,706,717,717,730,735,743,747,751,764,771,777,792,799,805,816,826,828,849,850,855,861,867,874,893,901,913,924,958,963,973,976,987,996,1011,1025,1040,1055,1061,1068,1071,1078,1089,1107,1111,1128,1154,1164,1169,1199,1283,1413,1496,1497,1510,1520,1929],"commands_per_second_mean":1261368.0798,"timed_operations":"current_private_remove_waiting_request_plus_exact_rekey_insert_or_cancel_state","admission_sequence_preserved":true,"setup_clone_excluded":true,"exploratory_timer_overhead_unadjusted":true,"contract_timing_evidence":false,"status":"complete"}
Native owner (ubuntu-24.04)	Q5.2 supplementary queue benchmark checks	2026-10-05T02:04:42.3846145Z Q52_ROW {"scenario":"actual_helper_batched_reversible_rekey","algorithm_source_commit":"05b7822f0c69b9d36549130e228c01689b908a13","n":100000,"priority_shape":"tied","repeat":1,"cycles":50000,"operations":50000,"primitive_queue_mutations":200000,"queue_mutations_per_cycle":4,"restoration_insert_count":50000,"elapsed_ns":16484388,"ns_per_primitive_op":82.4219,"derived_expected_helper_removals":100000,"occupancy_at_cycle_boundaries":100000,"final_queue_matches_initial":true,"setup_and_verification_excluded":true,"timed_operations":"two_current_remove_waiting_request_calls_with_success_checks_plus_rekey_insert_and_restore_insert; reversible helper cycle, not a Cancel or Reprioritize command","end_to_end_speedup_claim":false,"status":"complete"}
Native owner (ubuntu-24.04)	Q5.2 supplementary queue benchmark checks	2026-10-05T02:04:42.4219104Z Q52_ROW {"scenario":"actual_helper_batched_reversible_rekey","algorithm_source_commit":"05b7822f0c69b9d36549130e228c01689b908a13","n":100000,"priority_shape":"mixed","repeat":1,"cycles":50000,"operations":50000,"primitive_queue_mutations":200000,"queue_mutations_per_cycle":4,"restoration_insert_count":50000,"elapsed_ns":24274561,"ns_per_primitive_op":121.3728,"derived_expected_helper_removals":100000,"occupancy_at_cycle_boundaries":100000,"final_queue_matches_initial":true,"setup_and_verification_excluded":true,"timed_operations":"two_current_remove_waiting_request_calls_with_success_checks_plus_rekey_insert_and_restore_insert; reversible helper cycle, not a Cancel or Reprioritize command","end_to_end_speedup_claim":false,"status":"complete"}
Native owner (ubuntu-24.04)	Q5.2 supplementary queue benchmark checks	2026-10-05T02:04:42.4896241Z Q52_ROW {"scenario":"historical_retain_batched_reversible_rekey","algorithm_source_commit":"bcb11cd61bc38b4813815f574a6a051f3b9e8faf","n":100000,"priority_shape":"tied","repeat":1,"cycles":100,"operations":100,"primitive_queue_mutations":400,"queue_mutations_per_cycle":4,"restoration_insert_count":100,"elapsed_ns":56520961,"ns_per_primitive_op":141302.4025,"historical_retain_predicate_visits_exact":20000000,"historical_retain_predicate_visit_bound":"2*n*cycles","occupancy_at_cycle_boundaries":100000,"final_queue_matches_initial":true,"setup_and_verification_excluded":true,"timed_operations":"two historical retain passes plus rekey insert and restore insert; reversible helper cycle, not a Cancel or Reprioritize command","end_to_end_speedup_claim":false,"status":"complete"}
Native owner (ubuntu-24.04)	Q5.2 supplementary queue benchmark checks	2026-10-05T02:04:42.6057470Z Q52_ROW {"scenario":"historical_retain_batched_reversible_rekey","algorithm_source_commit":"bcb11cd61bc38b4813815f574a6a051f3b9e8faf","n":100000,"priority_shape":"mixed","repeat":1,"cycles":100,"operations":100,"primitive_queue_mutations":400,"queue_mutations_per_cycle":4,"restoration_insert_count":100,"elapsed_ns":101706383,"ns_per_primitive_op":254265.9575,"historical_retain_predicate_visits_exact":20000000,"historical_retain_predicate_visit_bound":"2*n*cycles","occupancy_at_cycle_boundaries":100000,"final_queue_matches_initial":true,"setup_and_verification_excluded":true,"timed_operations":"two historical retain passes plus rekey insert and restore insert; reversible helper cycle, not a Cancel or Reprioritize command","end_to_end_speedup_claim":false,"status":"complete"}
Native owner (ubuntu-24.04)	Q5.2 supplementary queue benchmark checks	2026-10-05T02:04:42.6080624Z Q52_ROW {"scenario":"legacy_resource_fifo","n":100000,"capacity":1,"comparison_class":"matched_fifo_primitive_only","repeat":2,"batches":1,"elapsed_ns":504016,"ops":200000,"ns_per_op":2.5201,"ops_per_second":396812799.5937,"timed_operations":"request_waiter_and_release_waiter","comparisons":null,"setup_excluded":true,"fifo_order_checked_in_correctness_test":true,"final_queue_len":0}
Native owner (ubuntu-24.04)	Q5.2 supplementary queue benchmark checks	2026-10-05T02:04:42.6180361Z Q52_ROW {"scenario":"priority_fifo","n":100000,"priority_shape":"tied","legacy_fifo_comparable":true,"repeat":2,"batches":1,"elapsed_ns":9749805,"ops":200000,"ns_per_op":48.7490,"ops_per_second":20513230.7774,"timed_operations":"insert_and_remove_min","comparisons":null,"setup_excluded":true,"final_queue_len":0}
Native owner (ubuntu-24.04)	Q5.2 supplementary queue benchmark checks	2026-10-05T02:04:42.6305604Z Q52_ROW {"scenario":"priority_fifo","n":100000,"priority_shape":"mixed","legacy_fifo_comparable":false,"repeat":2,"batches":1,"elapsed_ns":12110765,"ops":200000,"ns_per_op":60.5538,"ops_per_second":16514233.4113,"timed_operations":"insert_and_remove_min","comparisons":null,"setup_excluded":true,"final_queue_len":0}
Native owner (ubuntu-24.04)	Q5.2 supplementary queue benchmark checks	2026-10-05T02:04:42.6474844Z Q52_ROW {"scenario":"claim_queue_direct_tree_rekey_cancel_50_50","n":100000,"priority_shape":"tied","repeat":2,"queue_occupancy_initial":100000,"queue_occupancy_final":0,"queue_occupancy_mean_at_mutation_start":50000.1667,"rekeys":100000,"cancels":100000,"tree_mutations":300000,"elapsed_ns":8669576,"ops":200000,"ns_per_request":43.3479,"requests_per_second":23069178.9310,"ns_per_tree_mutation":28.8986,"mutations_per_second":34603768.3965,"timed_operations":"remove_insert_rekey_then_cancel","comparisons":null,"setup_excluded":true,"final_queue_len":0}
Native owner (ubuntu-24.04)	Q5.2 supplementary queue benchmark checks	2026-10-05T02:04:42.6767687Z Q52_ROW {"scenario":"claim_queue_direct_tree_rekey_cancel_50_50","n":100000,"priority_shape":"mixed","repeat":2,"queue_occupancy_initial":100000,"queue_occupancy_final":0,"queue_occupancy_mean_at_mutation_start":50000.1667,"rekeys":100000,"cancels":100000,"tree_mutations":300000,"elapsed_ns":19776147,"ops":200000,"ns_per_request":98.8807,"requests_per_second":10113193.4345,"ns_per_tree_mutation":65.9205,"mutations_per_second":15169790.1517,"timed_operations":"remove_insert_rekey_then_cancel","comparisons":null,"setup_excluded":true,"final_queue_len":0}
Native owner (ubuntu-24.04)	Q5.2 supplementary queue benchmark checks	2026-10-05T02:04:42.8632931Z Q52_ROW {"scenario":"legacy_algorithm_baseline_bcb11cd_retain_rekey_cancel_50_50","algorithm_source_commit":"bcb11cd61bc38b4813815f574a6a051f3b9e8faf","n":100000,"priority_shape":"tied","repeat":2,"occupancy_before_each_op":100000,"commands_requested":100,"commands_completed":100,"reprioritize_commands":50,"cancel_commands":50,"derived_expected_retain_predicate_visits":10000000,"elapsed_ns_sum":27234749,"ops":100,"ns_per_command_mean":272347.4900,"ns_per_command_p50":265657,"ns_per_command_p95":289959,"sample_elapsed_ns":[263634,263950,264092,264210,264415,264447,264501,264610,264622,264641,264692,264740,264750,264813,264829,264876,264881,264891,264892,264920,264923,264978,265003,265037,265052,265054,265102,265150,265161,265179,265185,265210,265238,265267,265289,265301,265361,265363,265400,265402,265411,265421,265512,265535,265545,265550,265551,265576,265580,265592,265657,265669,265671,265678,265695,265698,265754,265788,265862,265868,265926,266085,266138,266152,266473,266703,266846,266989,267100,267489,267616,268288,269263,272962,277762,278288,278912,278945,279286,279310,279664,279671,279702,279830,279857,280018,280237,280548,281024,281584,282131,284485,285699,286436,289959,290704,291113,294800,297221,505859],"commands_per_second_mean":3671.7798,"timed_operations":"historical_retain_predicate_plus_reprioritize_insert_or_cancel","setup_clone_excluded":true,"exploratory_timer_overhead_unadjusted":true,"contract_timing_evidence":false,"status":"complete"}
Native owner (ubuntu-24.04)	Q5.2 supplementary queue benchmark checks	2026-10-05T02:04:43.0220467Z Q52_ROW {"scenario":"legacy_algorithm_baseline_bcb11cd_retain_rekey_cancel_50_50","algorithm_source_commit":"bcb11cd61bc38b4813815f574a6a051f3b9e8faf","n":100000,"priority_shape":"mixed","repeat":2,"occupancy_before_each_op":100000,"commands_requested":100,"commands_completed":100,"reprioritize_commands":50,"cancel_commands":50,"derived_expected_retain_predicate_visits":10000000,"elapsed_ns_sum":26895420,"ops":100,"ns_per_command_mean":268954.2000,"ns_per_command_p50":265552,"ns_per_command_p95":279871,"sample_elapsed_ns":[263263,263624,263702,263861,263887,263905,263927,263944,264009,264091,264099,264191,264277,264312,264324,264397,264408,264436,264464,264471,264527,264538,264564,264590,264650,264681,264713,264729,264737,264780,264793,264917,264969,265087,265092,265158,265175,265215,265231,265256,265261,265271,265277,265310,265313,265314,265394,265403,265413,265474,265552,265622,265757,265919,265956,266042,266055,266231,266249,266278,266335,266353,266380,266406,266932,267252,267507,267733,267773,267902,268425,269051,270825,271402,272723,275628,276951,276959,277041,277555,277614,277628,277957,278289,278377,278548,278663,278784,279206,279292,279347,279424,279538,279768,279871,281089,281500,281914,283459,285934],"commands_per_second_mean":3718.1052,"timed_operations":"historical_retain_predicate_plus_reprioritize_insert_or_cancel","setup_clone_excluded":true,"exploratory_timer_overhead_unadjusted":true,"contract_timing_evidence":false,"status":"complete"}
Native owner (ubuntu-24.04)	Q5.2 supplementary queue benchmark checks	2026-10-05T02:04:43.1189636Z Q52_ROW {"scenario":"actual_remove_waiting_request_rekey_cancel_50_50","n":100000,"priority_shape":"tied","repeat":2,"occupancy_before_each_op":100000,"commands_requested":100,"commands_completed":100,"reprioritize_commands":50,"cancel_commands":50,"removed_keys":100,"reinserted_keys":50,"elapsed_ns_sum":38541,"ops":100,"ns_per_command_mean":385.4100,"ns_per_command_p50":367,"ns_per_command_p95":579,"sample_elapsed_ns":[185,191,193,200,211,216,226,237,237,237,239,241,246,252,256,259,269,270,271,276,279,279,289,297,306,308,309,315,317,323,325,328,329,331,332,333,334,334,335,336,338,340,343,343,346,347,347,351,351,365,367,367,371,378,380,382,384,395,396,397,398,398,412,413,418,425,447,450,454,457,461,464,465,468,468,472,474,476,476,478,482,487,488,497,500,501,503,507,508,509,510,559,561,579,579,584,596,644,717,917],"commands_per_second_mean":2594639.4748,"timed_operations":"current_private_remove_waiting_request_plus_exact_rekey_insert_or_cancel_state","admission_sequence_preserved":true,"setup_clone_excluded":true,"exploratory_timer_overhead_unadjusted":true,"contract_timing_evidence":false,"status":"complete"}
Native owner (ubuntu-24.04)	Q5.2 supplementary queue benchmark checks	2026-10-05T02:04:43.2527807Z Q52_ROW {"scenario":"actual_remove_waiting_request_rekey_cancel_50_50","n":100000,"priority_shape":"mixed","repeat":2,"occupancy_before_each_op":100000,"commands_requested":100,"commands_completed":100,"reprioritize_commands":50,"cancel_commands":50,"removed_keys":100,"reinserted_keys":50,"elapsed_ns_sum":79030,"ops":100,"ns_per_command_mean":790.3000,"ns_per_command_p50":743,"ns_per_command_p95":1326,"sample_elapsed_ns":[216,266,322,338,355,376,401,403,420,425,426,432,437,438,476,488,490,493,510,521,530,533,547,577,589,594,594,601,609,610,623,624,655,657,658,663,665,674,674,687,697,700,705,707,722,733,734,737,739,740,743,750,761,774,774,782,788,795,798,799,827,828,845,869,893,899,914,914,944,945,963,966,979,980,982,997,1004,1011,1011,1030,1053,1060,1062,1066,1101,1108,1112,1128,1128,1142,1176,1198,1222,1287,1326,1334,1356,1440,1565,1790],"commands_per_second_mean":1265342.2751,"timed_operations":"current_private_remove_waiting_request_plus_exact_rekey_insert_or_cancel_state","admission_sequence_preserved":true,"setup_clone_excluded":true,"exploratory_timer_overhead_unadjusted":true,"contract_timing_evidence":false,"status":"complete"}
Native owner (ubuntu-24.04)	Q5.2 supplementary queue benchmark checks	2026-10-05T02:04:43.2783360Z Q52_ROW {"scenario":"actual_helper_batched_reversible_rekey","algorithm_source_commit":"05b7822f0c69b9d36549130e228c01689b908a13","n":100000,"priority_shape":"tied","repeat":2,"cycles":50000,"operations":50000,"primitive_queue_mutations":200000,"queue_mutations_per_cycle":4,"restoration_insert_count":50000,"elapsed_ns":15984363,"ns_per_primitive_op":79.9218,"derived_expected_helper_removals":100000,"occupancy_at_cycle_boundaries":100000,"final_queue_matches_initial":true,"setup_and_verification_excluded":true,"timed_operations":"two_current_remove_waiting_request_calls_with_success_checks_plus_rekey_insert_and_restore_insert; reversible helper cycle, not a Cancel or Reprioritize command","end_to_end_speedup_claim":false,"status":"complete"}
Native owner (ubuntu-24.04)	Q5.2 supplementary queue benchmark checks	2026-10-05T02:04:43.3158258Z Q52_ROW {"scenario":"actual_helper_batched_reversible_rekey","algorithm_source_commit":"05b7822f0c69b9d36549130e228c01689b908a13","n":100000,"priority_shape":"mixed","repeat":2,"cycles":50000,"operations":50000,"primitive_queue_mutations":200000,"queue_mutations_per_cycle":4,"restoration_insert_count":50000,"elapsed_ns":24915080,"ns_per_primitive_op":124.5754,"derived_expected_helper_removals":100000,"occupancy_at_cycle_boundaries":100000,"final_queue_matches_initial":true,"setup_and_verification_excluded":true,"timed_operations":"two_current_remove_waiting_request_calls_with_success_checks_plus_rekey_insert_and_restore_insert; reversible helper cycle, not a Cancel or Reprioritize command","end_to_end_speedup_claim":false,"status":"complete"}
Native owner (ubuntu-24.04)	Q5.2 supplementary queue benchmark checks	2026-10-05T02:04:43.3835332Z Q52_ROW {"scenario":"historical_retain_batched_reversible_rekey","algorithm_source_commit":"bcb11cd61bc38b4813815f574a6a051f3b9e8faf","n":100000,"priority_shape":"tied","repeat":2,"cycles":100,"operations":100,"primitive_queue_mutations":400,"queue_mutations_per_cycle":4,"restoration_insert_count":100,"elapsed_ns":56641427,"ns_per_primitive_op":141603.5675,"historical_retain_predicate_visits_exact":20000000,"historical_retain_predicate_visit_bound":"2*n*cycles","occupancy_at_cycle_boundaries":100000,"final_queue_matches_initial":true,"setup_and_verification_excluded":true,"timed_operations":"two historical retain passes plus rekey insert and restore insert; reversible helper cycle, not a Cancel or Reprioritize command","end_to_end_speedup_claim":false,"status":"complete"}
Native owner (ubuntu-24.04)	Q5.2 supplementary queue benchmark checks	2026-10-05T02:04:43.4991892Z Q52_ROW {"scenario":"historical_retain_batched_reversible_rekey","algorithm_source_commit":"bcb11cd61bc38b4813815f574a6a051f3b9e8faf","n":100000,"priority_shape":"mixed","repeat":2,"cycles":100,"operations":100,"primitive_queue_mutations":400,"queue_mutations_per_cycle":4,"restoration_insert_count":100,"elapsed_ns":101141531,"ns_per_primitive_op":252853.8275,"historical_retain_predicate_visits_exact":20000000,"historical_retain_predicate_visit_bound":"2*n*cycles","occupancy_at_cycle_boundaries":100000,"final_queue_matches_initial":true,"setup_and_verification_excluded":true,"timed_operations":"two historical retain passes plus rekey insert and restore insert; reversible helper cycle, not a Cancel or Reprioritize command","end_to_end_speedup_claim":false,"status":"complete"}
Native owner (ubuntu-24.04)	Q5.2 supplementary queue benchmark checks	2026-10-05T02:04:43.5016584Z Q52_ROW {"scenario":"legacy_resource_fifo","n":100000,"capacity":1,"comparison_class":"matched_fifo_primitive_only","repeat":3,"batches":1,"elapsed_ns":546380,"ops":200000,"ns_per_op":2.7319,"ops_per_second":366045609.2829,"timed_operations":"request_waiter_and_release_waiter","comparisons":null,"setup_excluded":true,"fifo_order_checked_in_correctness_test":true,"final_queue_len":0}
Native owner (ubuntu-24.04)	Q5.2 supplementary queue benchmark checks	2026-10-05T02:04:43.5119456Z Q52_ROW {"scenario":"priority_fifo","n":100000,"priority_shape":"tied","legacy_fifo_comparable":true,"repeat":3,"batches":1,"elapsed_ns":10040632,"ops":200000,"ns_per_op":50.2032,"ops_per_second":19919064.8557,"timed_operations":"insert_and_remove_min","comparisons":null,"setup_excluded":true,"final_queue_len":0}
Native owner (ubuntu-24.04)	Q5.2 supplementary queue benchmark checks	2026-10-05T02:04:43.5241336Z Q52_ROW {"scenario":"priority_fifo","n":100000,"priority_shape":"mixed","legacy_fifo_comparable":false,"repeat":3,"batches":1,"elapsed_ns":11839170,"ops":200000,"ns_per_op":59.1959,"ops_per_second":16893076.1194,"timed_operations":"insert_and_remove_min","comparisons":null,"setup_excluded":true,"final_queue_len":0}
Native owner (ubuntu-24.04)	Q5.2 supplementary queue benchmark checks	2026-10-05T02:04:43.5403303Z Q52_ROW {"scenario":"claim_queue_direct_tree_rekey_cancel_50_50","n":100000,"priority_shape":"tied","repeat":3,"queue_occupancy_initial":100000,"queue_occupancy_final":0,"queue_occupancy_mean_at_mutation_start":50000.1667,"rekeys":100000,"cancels":100000,"tree_mutations":300000,"elapsed_ns":8819691,"ops":200000,"ns_per_request":44.0985,"requests_per_second":22676531.4114,"ns_per_tree_mutation":29.3990,"mutations_per_second":34014797.1170,"timed_operations":"remove_insert_rekey_then_cancel","comparisons":null,"setup_excluded":true,"final_queue_len":0}
Native owner (ubuntu-24.04)	Q5.2 supplementary queue benchmark checks	2026-10-05T02:04:43.5698435Z Q52_ROW {"scenario":"claim_queue_direct_tree_rekey_cancel_50_50","n":100000,"priority_shape":"mixed","repeat":3,"queue_occupancy_initial":100000,"queue_occupancy_final":0,"queue_occupancy_mean_at_mutation_start":50000.1667,"rekeys":100000,"cancels":100000,"tree_mutations":300000,"elapsed_ns":20274302,"ops":200000,"ns_per_request":101.3715,"requests_per_second":9864704.5901,"ns_per_tree_mutation":67.5810,"mutations_per_second":14797056.8851,"timed_operations":"remove_insert_rekey_then_cancel","comparisons":null,"setup_excluded":true,"final_queue_len":0}
Native owner (ubuntu-24.04)	Q5.2 supplementary queue benchmark checks	2026-10-05T02:04:43.7584182Z Q52_ROW {"scenario":"legacy_algorithm_baseline_bcb11cd_retain_rekey_cancel_50_50","algorithm_source_commit":"bcb11cd61bc38b4813815f574a6a051f3b9e8faf","n":100000,"priority_shape":"tied","repeat":3,"occupancy_before_each_op":100000,"commands_requested":100,"commands_completed":100,"reprioritize_commands":50,"cancel_commands":50,"derived_expected_retain_predicate_visits":10000000,"elapsed_ns_sum":27404899,"ops":100,"ns_per_command_mean":274048.9900,"ns_per_command_p50":266444,"ns_per_command_p95":287571,"sample_elapsed_ns":[262957,263310,263441,263589,263817,264077,264438,264528,264593,264736,264781,264899,264939,265052,265067,265091,265169,265241,265244,265259,265319,265323,265458,265467,265507,265508,265538,265539,265560,265563,265586,265641,265672,265679,265728,265773,265869,265878,265895,265938,265948,266038,266058,266065,266270,266276,266276,266342,266409,266439,266444,266539,266593,266654,266844,267075,267164,267256,267340,267662,267912,268080,268667,269297,273169,273562,273802,277245,278451,279249,279375,279390,279590,279899,280240,280265,280276,280586,280691,280921,280949,281172,281215,282029,282565,283495,284368,284393,284415,284858,285614,285708,287190,287380,287571,289352,290560,292329,295152,509556],"commands_per_second_mean":3648.9826,"timed_operations":"historical_retain_predicate_plus_reprioritize_insert_or_cancel","setup_clone_excluded":true,"exploratory_timer_overhead_unadjusted":true,"contract_timing_evidence":false,"status":"complete"}
Native owner (ubuntu-24.04)	Q5.2 supplementary queue benchmark checks	2026-10-05T02:04:43.9193607Z Q52_ROW {"scenario":"legacy_algorithm_baseline_bcb11cd_retain_rekey_cancel_50_50","algorithm_source_commit":"bcb11cd61bc38b4813815f574a6a051f3b9e8faf","n":100000,"priority_shape":"mixed","repeat":3,"occupancy_before_each_op":100000,"commands_requested":100,"commands_completed":100,"reprioritize_commands":50,"cancel_commands":50,"derived_expected_retain_predicate_visits":10000000,"elapsed_ns_sum":27055797,"ops":100,"ns_per_command_mean":270557.9700,"ns_per_command_p50":266093,"ns_per_command_p95":286818,"sample_elapsed_ns":[261708,263532,263779,263924,264114,264230,264675,264698,264714,264727,264746,264768,264814,264875,264916,264928,265043,265044,265057,265112,265214,265248,265253,265310,265330,265344,265351,265358,265379,265399,265435,265504,265515,265561,265569,265623,265625,265635,265756,265784,265849,265866,265919,265920,266009,266038,266057,266067,266081,266084,266093,266157,266176,266295,266297,266384,266469,266492,266563,266622,266657,266718,266762,266961,266998,267372,267568,268349,271185,271912,271992,272792,273060,275089,277944,278418,278817,279043,279399,280083,280183,280557,280683,281065,281121,281205,281777,282033,282254,282675,282852,283435,285088,286458,286818,287807,288059,289125,289197,294251],"commands_per_second_mean":3696.0656,"timed_operations":"historical_retain_predicate_plus_reprioritize_insert_or_cancel","setup_clone_excluded":true,"exploratory_timer_overhead_unadjusted":true,"contract_timing_evidence":false,"status":"complete"}
Native owner (ubuntu-24.04)	Q5.2 supplementary queue benchmark checks	2026-10-05T02:04:44.0186878Z Q52_ROW {"scenario":"actual_remove_waiting_request_rekey_cancel_50_50","n":100000,"priority_shape":"tied","repeat":3,"occupancy_before_each_op":100000,"commands_requested":100,"commands_completed":100,"reprioritize_commands":50,"cancel_commands":50,"removed_keys":100,"reinserted_keys":50,"elapsed_ns_sum":42755,"ops":100,"ns_per_command_mean":427.5500,"ns_per_command_p50":413,"ns_per_command_p95":673,"sample_elapsed_ns":[186,186,198,207,208,217,227,230,242,247,249,272,284,285,287,288,288,289,298,305,307,311,311,326,330,332,333,339,345,347,351,353,362,375,376,380,380,380,382,383,386,386,390,391,392,400,405,405,409,412,413,414,416,421,422,427,432,434,437,453,456,458,459,460,461,471,473,485,490,495,501,502,504,505,506,507,512,526,528,536,538,573,574,584,584,587,588,592,605,606,615,622,633,637,673,685,691,727,744,821],"commands_per_second_mean":2338907.7301,"timed_operations":"current_private_remove_waiting_request_plus_exact_rekey_insert_or_cancel_state","admission_sequence_preserved":true,"setup_clone_excluded":true,"exploratory_timer_overhead_unadjusted":true,"contract_timing_evidence":false,"status":"complete"}
Native owner (ubuntu-24.04)	Q5.2 supplementary queue benchmark checks	2026-10-05T02:04:44.1571831Z Q52_ROW {"scenario":"actual_remove_waiting_request_rekey_cancel_50_50","n":100000,"priority_shape":"mixed","repeat":3,"occupancy_before_each_op":100000,"commands_requested":100,"commands_completed":100,"reprioritize_commands":50,"cancel_commands":50,"removed_keys":100,"reinserted_keys":50,"elapsed_ns_sum":100972,"ops":100,"ns_per_command_mean":1009.7200,"ns_per_command_p50":847,"ns_per_command_p95":1529,"sample_elapsed_ns":[296,339,447,449,453,475,485,486,496,497,506,524,531,554,583,593,599,614,616,631,640,655,656,656,657,662,663,664,680,685,690,694,697,698,698,699,714,718,720,725,727,733,742,745,774,794,804,807,815,833,847,850,857,878,879,893,971,978,995,1005,1007,1011,1014,1020,1029,1030,1032,1033,1043,1045,1048,1050,1050,1056,1059,1063,1078,1091,1102,1110,1125,1134,1134,1144,1148,1158,1169,1182,1236,1278,1306,1313,1318,1411,1529,1619,1644,1662,1881,13838],"commands_per_second_mean":990373.5689,"timed_operations":"current_private_remove_waiting_request_plus_exact_rekey_insert_or_cancel_state","admission_sequence_preserved":true,"setup_clone_excluded":true,"exploratory_timer_overhead_unadjusted":true,"contract_timing_evidence":false,"status":"complete"}
Native owner (ubuntu-24.04)	Q5.2 supplementary queue benchmark checks	2026-10-05T02:04:44.1833122Z Q52_ROW {"scenario":"actual_helper_batched_reversible_rekey","algorithm_source_commit":"05b7822f0c69b9d36549130e228c01689b908a13","n":100000,"priority_shape":"tied","repeat":3,"cycles":50000,"operations":50000,"primitive_queue_mutations":200000,"queue_mutations_per_cycle":4,"restoration_insert_count":50000,"elapsed_ns":16355871,"ns_per_primitive_op":81.7794,"derived_expected_helper_removals":100000,"occupancy_at_cycle_boundaries":100000,"final_queue_matches_initial":true,"setup_and_verification_excluded":true,"timed_operations":"two_current_remove_waiting_request_calls_with_success_checks_plus_rekey_insert_and_restore_insert; reversible helper cycle, not a Cancel or Reprioritize command","end_to_end_speedup_claim":false,"status":"complete"}
Native owner (ubuntu-24.04)	Q5.2 supplementary queue benchmark checks	2026-10-05T02:04:44.2230203Z Q52_ROW {"scenario":"actual_helper_batched_reversible_rekey","algorithm_source_commit":"05b7822f0c69b9d36549130e228c01689b908a13","n":100000,"priority_shape":"mixed","repeat":3,"cycles":50000,"operations":50000,"primitive_queue_mutations":200000,"queue_mutations_per_cycle":4,"restoration_insert_count":50000,"elapsed_ns":26734348,"ns_per_primitive_op":133.6717,"derived_expected_helper_removals":100000,"occupancy_at_cycle_boundaries":100000,"final_queue_matches_initial":true,"setup_and_verification_excluded":true,"timed_operations":"two_current_remove_waiting_request_calls_with_success_checks_plus_rekey_insert_and_restore_insert; reversible helper cycle, not a Cancel or Reprioritize command","end_to_end_speedup_claim":false,"status":"complete"}
Native owner (ubuntu-24.04)	Q5.2 supplementary queue benchmark checks	2026-10-05T02:04:44.2914059Z Q52_ROW {"scenario":"historical_retain_batched_reversible_rekey","algorithm_source_commit":"bcb11cd61bc38b4813815f574a6a051f3b9e8faf","n":100000,"priority_shape":"tied","repeat":3,"cycles":100,"operations":100,"primitive_queue_mutations":400,"queue_mutations_per_cycle":4,"restoration_insert_count":100,"elapsed_ns":57519471,"ns_per_primitive_op":143798.6775,"historical_retain_predicate_visits_exact":20000000,"historical_retain_predicate_visit_bound":"2*n*cycles","occupancy_at_cycle_boundaries":100000,"final_queue_matches_initial":true,"setup_and_verification_excluded":true,"timed_operations":"two historical retain passes plus rekey insert and restore insert; reversible helper cycle, not a Cancel or Reprioritize command","end_to_end_speedup_claim":false,"status":"complete"}
Native owner (ubuntu-24.04)	Q5.2 supplementary queue benchmark checks	2026-10-05T02:04:44.4066003Z Q52_ROW {"scenario":"historical_retain_batched_reversible_rekey","algorithm_source_commit":"bcb11cd61bc38b4813815f574a6a051f3b9e8faf","n":100000,"priority_shape":"mixed","repeat":3,"cycles":100,"operations":100,"primitive_queue_mutations":400,"queue_mutations_per_cycle":4,"restoration_insert_count":100,"elapsed_ns":101711491,"ns_per_primitive_op":254278.7275,"historical_retain_predicate_visits_exact":20000000,"historical_retain_predicate_visit_bound":"2*n*cycles","occupancy_at_cycle_boundaries":100000,"final_queue_matches_initial":true,"setup_and_verification_excluded":true,"timed_operations":"two historical retain passes plus rekey insert and restore insert; reversible helper cycle, not a Cancel or Reprioritize command","end_to_end_speedup_claim":false,"status":"complete"}
Native owner (ubuntu-24.04)	Q5.2 supplementary queue benchmark checks	2026-10-05T02:04:44.4088078Z Q52_ROW {"scenario":"legacy_resource_fifo","n":100000,"capacity":1,"comparison_class":"matched_fifo_primitive_only","repeat":4,"batches":1,"elapsed_ns":506583,"ops":200000,"ns_per_op":2.5329,"ops_per_second":394802036.3889,"timed_operations":"request_waiter_and_release_waiter","comparisons":null,"setup_excluded":true,"fifo_order_checked_in_correctness_test":true,"final_queue_len":0}
Native owner (ubuntu-24.04)	Q5.2 supplementary queue benchmark checks	2026-10-05T02:04:44.4197625Z Q52_ROW {"scenario":"priority_fifo","n":100000,"priority_shape":"tied","legacy_fifo_comparable":true,"repeat":4,"batches":1,"elapsed_ns":10659248,"ops":200000,"ns_per_op":53.2962,"ops_per_second":18763049.7011,"timed_operations":"insert_and_remove_min","comparisons":null,"setup_excluded":true,"final_queue_len":0}
Native owner (ubuntu-24.04)	Q5.2 supplementary queue benchmark checks	2026-10-05T02:04:44.4319886Z Q52_ROW {"scenario":"priority_fifo","n":100000,"priority_shape":"mixed","legacy_fifo_comparable":false,"repeat":4,"batches":1,"elapsed_ns":11859906,"ops":200000,"ns_per_op":59.2995,"ops_per_second":16863540.0652,"timed_operations":"insert_and_remove_min","comparisons":null,"setup_excluded":true,"final_queue_len":0}
Native owner (ubuntu-24.04)	Q5.2 supplementary queue benchmark checks	2026-10-05T02:04:44.4484303Z Q52_ROW {"scenario":"claim_queue_direct_tree_rekey_cancel_50_50","n":100000,"priority_shape":"tied","repeat":4,"queue_occupancy_initial":100000,"queue_occupancy_final":0,"queue_occupancy_mean_at_mutation_start":50000.1667,"rekeys":100000,"cancels":100000,"tree_mutations":300000,"elapsed_ns":8864067,"ops":200000,"ns_per_request":44.3203,"requests_per_second":22563006.3491,"ns_per_tree_mutation":29.5469,"mutations_per_second":33844509.5237,"timed_operations":"remove_insert_rekey_then_cancel","comparisons":null,"setup_excluded":true,"final_queue_len":0}
Native owner (ubuntu-24.04)	Q5.2 supplementary queue benchmark checks	2026-10-05T02:04:44.4777866Z Q52_ROW {"scenario":"claim_queue_direct_tree_rekey_cancel_50_50","n":100000,"priority_shape":"mixed","repeat":4,"queue_occupancy_initial":100000,"queue_occupancy_final":0,"queue_occupancy_mean_at_mutation_start":50000.1667,"rekeys":100000,"cancels":100000,"tree_mutations":300000,"elapsed_ns":20045351,"ops":200000,"ns_per_request":100.2268,"requests_per_second":9977375.8015,"ns_per_tree_mutation":66.8178,"mutations_per_second":14966063.7023,"timed_operations":"remove_insert_rekey_then_cancel","comparisons":null,"setup_excluded":true,"final_queue_len":0}
Native owner (ubuntu-24.04)	Q5.2 supplementary queue benchmark checks	2026-10-05T02:04:44.6649835Z Q52_ROW {"scenario":"legacy_algorithm_baseline_bcb11cd_retain_rekey_cancel_50_50","algorithm_source_commit":"bcb11cd61bc38b4813815f574a6a051f3b9e8faf","n":100000,"priority_shape":"tied","repeat":4,"occupancy_before_each_op":100000,"commands_requested":100,"commands_completed":100,"reprioritize_commands":50,"cancel_commands":50,"derived_expected_retain_predicate_visits":10000000,"elapsed_ns_sum":27231318,"ops":100,"ns_per_command_mean":272313.1800,"ns_per_command_p50":265702,"ns_per_command_p95":283399,"sample_elapsed_ns":[261692,262037,262079,262944,263327,263878,263947,263968,264192,264258,264311,264424,264464,264552,264553,264556,264572,264578,264621,264640,264663,264737,264740,264781,264858,264880,264910,264918,264970,264991,264993,265014,265015,265022,265048,265069,265134,265140,265167,265200,265297,265341,265383,265444,265449,265475,265501,265541,265606,265655,265702,265734,265764,265791,265840,265843,265844,265924,265985,265991,265997,266096,266210,266268,266841,270211,271554,272472,272510,272740,273457,274183,274556,277984,278873,279023,279371,279384,279439,279610,279681,279805,279939,280110,280351,280521,280975,281226,281554,281605,281736,282093,282358,282690,283399,285311,287529,287730,288770,507203],"commands_per_second_mean":3672.2424,"timed_operations":"historical_retain_predicate_plus_reprioritize_insert_or_cancel","setup_clone_excluded":true,"exploratory_timer_overhead_unadjusted":true,"contract_timing_evidence":false,"status":"complete"}
Native owner (ubuntu-24.04)	Q5.2 supplementary queue benchmark checks	2026-10-05T02:04:44.8250878Z Q52_ROW {"scenario":"legacy_algorithm_baseline_bcb11cd_retain_rekey_cancel_50_50","algorithm_source_commit":"bcb11cd61bc38b4813815f574a6a051f3b9e8faf","n":100000,"priority_shape":"mixed","repeat":4,"occupancy_before_each_op":100000,"commands_requested":100,"commands_completed":100,"reprioritize_commands":50,"cancel_commands":50,"derived_expected_retain_predicate_visits":10000000,"elapsed_ns_sum":27112670,"ops":100,"ns_per_command_mean":271126.7000,"ns_per_command_p50":265718,"ns_per_command_p95":287903,"sample_elapsed_ns":[262017,262444,262611,263204,263401,263438,263606,263719,263766,263875,263915,263989,264163,264177,264284,264287,264299,264327,264332,264410,264439,264467,264469,264545,264588,264721,264753,264813,264864,264869,264891,264980,265023,265031,265053,265082,265089,265117,265118,265125,265130,265155,265166,265233,265258,265352,265422,265455,265563,265673,265718,265782,265821,265827,265880,266093,266098,266556,266690,267204,268507,269731,270344,270484,270620,270849,271365,272459,277377,277833,277871,278847,278858,279093,279128,279161,279226,279400,279431,279782,279878,279965,280821,281415,281860,282294,282453,284504,284518,285602,286774,287267,287455,287901,287903,288268,289805,291104,293052,293088],"commands_per_second_mean":3688.3125,"timed_operations":"historical_retain_predicate_plus_reprioritize_insert_or_cancel","setup_clone_excluded":true,"exploratory_timer_overhead_unadjusted":true,"contract_timing_evidence":false,"status":"complete"}
Native owner (ubuntu-24.04)	Q5.2 supplementary queue benchmark checks	2026-10-05T02:04:44.9218356Z Q52_ROW {"scenario":"actual_remove_waiting_request_rekey_cancel_50_50","n":100000,"priority_shape":"tied","repeat":4,"occupancy_before_each_op":100000,"commands_requested":100,"commands_completed":100,"reprioritize_commands":50,"cancel_commands":50,"removed_keys":100,"reinserted_keys":50,"elapsed_ns_sum":38284,"ops":100,"ns_per_command_mean":382.8400,"ns_per_command_p50":366,"ns_per_command_p95":590,"sample_elapsed_ns":[198,203,205,214,217,217,220,237,239,247,254,262,263,267,268,271,272,273,274,281,293,293,294,297,297,299,302,305,305,306,313,317,319,319,320,321,324,326,326,327,329,329,331,333,336,339,344,344,360,360,366,369,370,373,378,378,382,395,396,398,401,415,420,420,422,422,424,426,427,431,432,436,439,444,446,454,460,461,470,474,481,484,486,493,493,499,504,530,530,534,537,555,567,588,590,599,599,624,686,886],"commands_per_second_mean":2612057.2563,"timed_operations":"current_private_remove_waiting_request_plus_exact_rekey_insert_or_cancel_state","admission_sequence_preserved":true,"setup_clone_excluded":true,"exploratory_timer_overhead_unadjusted":true,"contract_timing_evidence":false,"status":"complete"}
Native owner (ubuntu-24.04)	Q5.2 supplementary queue benchmark checks	2026-10-05T02:04:45.0558485Z Q52_ROW {"scenario":"actual_remove_waiting_request_rekey_cancel_50_50","n":100000,"priority_shape":"mixed","repeat":4,"occupancy_before_each_op":100000,"commands_requested":100,"commands_completed":100,"reprioritize_commands":50,"cancel_commands":50,"removed_keys":100,"reinserted_keys":50,"elapsed_ns_sum":79526,"ops":100,"ns_per_command_mean":795.2600,"ns_per_command_p50":759,"ns_per_command_p95":1246,"sample_elapsed_ns":[263,278,305,310,351,387,422,450,453,458,461,465,467,470,478,491,495,508,516,522,528,566,572,572,575,583,586,596,598,625,629,630,641,643,646,653,656,658,659,664,673,673,681,695,695,699,724,733,745,748,759,760,764,778,780,781,788,791,795,805,811,815,853,863,874,885,898,913,913,921,927,939,946,992,996,1013,1014,1042,1064,1075,1078,1084,1092,1097,1102,1122,1126,1147,1150,1150,1168,1211,1223,1242,1246,1417,1462,1468,1739,1751],"commands_per_second_mean":1257450.3936,"timed_operations":"current_private_remove_waiting_request_plus_exact_rekey_insert_or_cancel_state","admission_sequence_preserved":true,"setup_clone_excluded":true,"exploratory_timer_overhead_unadjusted":true,"contract_timing_evidence":false,"status":"complete"}
Native owner (ubuntu-24.04)	Q5.2 supplementary queue benchmark checks	2026-10-05T02:04:45.0816999Z Q52_ROW {"scenario":"actual_helper_batched_reversible_rekey","algorithm_source_commit":"05b7822f0c69b9d36549130e228c01689b908a13","n":100000,"priority_shape":"tied","repeat":4,"cycles":50000,"operations":50000,"primitive_queue_mutations":200000,"queue_mutations_per_cycle":4,"restoration_insert_count":50000,"elapsed_ns":15998066,"ns_per_primitive_op":79.9903,"derived_expected_helper_removals":100000,"occupancy_at_cycle_boundaries":100000,"final_queue_matches_initial":true,"setup_and_verification_excluded":true,"timed_operations":"two_current_remove_waiting_request_calls_with_success_checks_plus_rekey_insert_and_restore_insert; reversible helper cycle, not a Cancel or Reprioritize command","end_to_end_speedup_claim":false,"status":"complete"}
Native owner (ubuntu-24.04)	Q5.2 supplementary queue benchmark checks	2026-10-05T02:04:45.1216553Z Q52_ROW {"scenario":"actual_helper_batched_reversible_rekey","algorithm_source_commit":"05b7822f0c69b9d36549130e228c01689b908a13","n":100000,"priority_shape":"mixed","repeat":4,"cycles":50000,"operations":50000,"primitive_queue_mutations":200000,"queue_mutations_per_cycle":4,"restoration_insert_count":50000,"elapsed_ns":26966768,"ns_per_primitive_op":134.8338,"derived_expected_helper_removals":100000,"occupancy_at_cycle_boundaries":100000,"final_queue_matches_initial":true,"setup_and_verification_excluded":true,"timed_operations":"two_current_remove_waiting_request_calls_with_success_checks_plus_rekey_insert_and_restore_insert; reversible helper cycle, not a Cancel or Reprioritize command","end_to_end_speedup_claim":false,"status":"complete"}
Native owner (ubuntu-24.04)	Q5.2 supplementary queue benchmark checks	2026-10-05T02:04:45.1902480Z Q52_ROW {"scenario":"historical_retain_batched_reversible_rekey","algorithm_source_commit":"bcb11cd61bc38b4813815f574a6a051f3b9e8faf","n":100000,"priority_shape":"tied","repeat":4,"cycles":100,"operations":100,"primitive_queue_mutations":400,"queue_mutations_per_cycle":4,"restoration_insert_count":100,"elapsed_ns":57406962,"ns_per_primitive_op":143517.4050,"historical_retain_predicate_visits_exact":20000000,"historical_retain_predicate_visit_bound":"2*n*cycles","occupancy_at_cycle_boundaries":100000,"final_queue_matches_initial":true,"setup_and_verification_excluded":true,"timed_operations":"two historical retain passes plus rekey insert and restore insert; reversible helper cycle, not a Cancel or Reprioritize command","end_to_end_speedup_claim":false,"status":"complete"}
Native owner (ubuntu-24.04)	Q5.2 supplementary queue benchmark checks	2026-10-05T02:04:45.3080830Z Q52_ROW {"scenario":"historical_retain_batched_reversible_rekey","algorithm_source_commit":"bcb11cd61bc38b4813815f574a6a051f3b9e8faf","n":100000,"priority_shape":"mixed","repeat":4,"cycles":100,"operations":100,"primitive_queue_mutations":400,"queue_mutations_per_cycle":4,"restoration_insert_count":100,"elapsed_ns":103031619,"ns_per_primitive_op":257579.0475,"historical_retain_predicate_visits_exact":20000000,"historical_retain_predicate_visit_bound":"2*n*cycles","occupancy_at_cycle_boundaries":100000,"final_queue_matches_initial":true,"setup_and_verification_excluded":true,"timed_operations":"two historical retain passes plus rekey insert and restore insert; reversible helper cycle, not a Cancel or Reprioritize command","end_to_end_speedup_claim":false,"status":"complete"}
Native owner (ubuntu-24.04)	Q5.2 supplementary queue benchmark checks	2026-10-05T02:04:45.3102851Z Q52_ROW {"scenario":"legacy_resource_fifo","n":100000,"capacity":1,"comparison_class":"matched_fifo_primitive_only","repeat":5,"batches":1,"elapsed_ns":499337,"ops":200000,"ns_per_op":2.4967,"ops_per_second":400531104.2442,"timed_operations":"request_waiter_and_release_waiter","comparisons":null,"setup_excluded":true,"fifo_order_checked_in_correctness_test":true,"final_queue_len":0}
Native owner (ubuntu-24.04)	Q5.2 supplementary queue benchmark checks	2026-10-05T02:04:45.3204746Z Q52_ROW {"scenario":"priority_fifo","n":100000,"priority_shape":"tied","legacy_fifo_comparable":true,"repeat":5,"batches":1,"elapsed_ns":9905948,"ops":200000,"ns_per_op":49.5297,"ops_per_second":20189889.9530,"timed_operations":"insert_and_remove_min","comparisons":null,"setup_excluded":true,"final_queue_len":0}
Native owner (ubuntu-24.04)	Q5.2 supplementary queue benchmark checks	2026-10-05T02:04:45.3327735Z Q52_ROW {"scenario":"priority_fifo","n":100000,"priority_shape":"mixed","legacy_fifo_comparable":false,"repeat":5,"batches":1,"elapsed_ns":11921315,"ops":200000,"ns_per_op":59.6066,"ops_per_second":16776672.7077,"timed_operations":"insert_and_remove_min","comparisons":null,"setup_excluded":true,"final_queue_len":0}
Native owner (ubuntu-24.04)	Q5.2 supplementary queue benchmark checks	2026-10-05T02:04:45.3490794Z Q52_ROW {"scenario":"claim_queue_direct_tree_rekey_cancel_50_50","n":100000,"priority_shape":"tied","repeat":5,"queue_occupancy_initial":100000,"queue_occupancy_final":0,"queue_occupancy_mean_at_mutation_start":50000.1667,"rekeys":100000,"cancels":100000,"tree_mutations":300000,"elapsed_ns":8708953,"ops":200000,"ns_per_request":43.5448,"requests_per_second":22964873.0450,"ns_per_tree_mutation":29.0298,"mutations_per_second":34447309.5675,"timed_operations":"remove_insert_rekey_then_cancel","comparisons":null,"setup_excluded":true,"final_queue_len":0}
Native owner (ubuntu-24.04)	Q5.2 supplementary queue benchmark checks	2026-10-05T02:04:45.3786178Z Q52_ROW {"scenario":"claim_queue_direct_tree_rekey_cancel_50_50","n":100000,"priority_shape":"mixed","repeat":5,"queue_occupancy_initial":100000,"queue_occupancy_final":0,"queue_occupancy_mean_at_mutation_start":50000.1667,"rekeys":100000,"cancels":100000,"tree_mutations":300000,"elapsed_ns":20106794,"ops":200000,"ns_per_request":100.5340,"requests_per_second":9946886.6096,"ns_per_tree_mutation":67.0226,"mutations_per_second":14920329.9144,"timed_operations":"remove_insert_rekey_then_cancel","comparisons":null,"setup_excluded":true,"final_queue_len":0}
Native owner (ubuntu-24.04)	Q5.2 supplementary queue benchmark checks	2026-10-05T02:04:45.5654018Z Q52_ROW {"scenario":"legacy_algorithm_baseline_bcb11cd_retain_rekey_cancel_50_50","algorithm_source_commit":"bcb11cd61bc38b4813815f574a6a051f3b9e8faf","n":100000,"priority_shape":"tied","repeat":5,"occupancy_before_each_op":100000,"commands_requested":100,"commands_completed":100,"reprioritize_commands":50,"cancel_commands":50,"derived_expected_retain_predicate_visits":10000000,"elapsed_ns_sum":27282543,"ops":100,"ns_per_command_mean":272825.4300,"ns_per_command_p50":265393,"ns_per_command_p95":285878,"sample_elapsed_ns":[262736,263291,263558,263661,263723,263858,263912,264014,264198,264199,264299,264346,264349,264422,264610,264617,264628,264661,264677,264685,264715,264725,264741,264741,264806,264870,264883,264884,264934,264940,264949,264974,264977,264996,265017,265073,265073,265098,265106,265160,265178,265180,265218,265252,265257,265276,265292,265363,265368,265376,265393,265450,265565,265580,265784,265872,265916,266052,266098,266313,266674,266755,267585,270671,270952,271672,272188,272298,272349,277406,277829,278160,278264,278670,278843,279055,279103,279182,279233,279394,279452,279489,279539,279746,279963,279981,280064,280825,281432,281542,281575,281762,282453,283893,285878,289534,291983,300728,303158,491374],"commands_per_second_mean":3665.3475,"timed_operations":"historical_retain_predicate_plus_reprioritize_insert_or_cancel","setup_clone_excluded":true,"exploratory_timer_overhead_unadjusted":true,"contract_timing_evidence":false,"status":"complete"}
Native owner (ubuntu-24.04)	Q5.2 supplementary queue benchmark checks	2026-10-05T02:04:45.7238010Z Q52_ROW {"scenario":"legacy_algorithm_baseline_bcb11cd_retain_rekey_cancel_50_50","algorithm_source_commit":"bcb11cd61bc38b4813815f574a6a051f3b9e8faf","n":100000,"priority_shape":"mixed","repeat":5,"occupancy_before_each_op":100000,"commands_requested":100,"commands_completed":100,"reprioritize_commands":50,"cancel_commands":50,"derived_expected_retain_predicate_visits":10000000,"elapsed_ns_sum":26979005,"ops":100,"ns_per_command_mean":269790.0500,"ns_per_command_p50":265672,"ns_per_command_p95":281686,"sample_elapsed_ns":[262768,262827,262869,263746,263827,263913,263917,264004,264110,264124,264153,264160,264194,264408,264441,264536,264542,264617,264683,264703,264712,264720,264781,264786,264793,264833,264929,264946,265001,265037,265040,265043,265086,265097,265119,265139,265186,265196,265211,265231,265240,265289,265290,265308,265348,265387,265446,265552,265590,265614,265672,265699,265743,265747,265756,265780,265823,265839,265944,266002,266134,266461,266523,266524,266711,268118,271153,272077,272078,273673,277247,277600,277811,277903,278010,278048,278058,278077,278122,278151,278336,278346,278366,278404,278656,278695,279069,279171,279908,279917,280047,280161,280353,280757,281686,281907,284578,285296,285528,288848],"commands_per_second_mean":3706.5859,"timed_operations":"historical_retain_predicate_plus_reprioritize_insert_or_cancel","setup_clone_excluded":true,"exploratory_timer_overhead_unadjusted":true,"contract_timing_evidence":false,"status":"complete"}
Native owner (ubuntu-24.04)	Q5.2 supplementary queue benchmark checks	2026-10-05T02:04:45.8203407Z Q52_ROW {"scenario":"actual_remove_waiting_request_rekey_cancel_50_50","n":100000,"priority_shape":"tied","repeat":5,"occupancy_before_each_op":100000,"commands_requested":100,"commands_completed":100,"reprioritize_commands":50,"cancel_commands":50,"removed_keys":100,"reinserted_keys":50,"elapsed_ns_sum":38433,"ops":100,"ns_per_command_mean":384.3300,"ns_per_command_p50":351,"ns_per_command_p95":587,"sample_elapsed_ns":[192,197,199,203,207,221,225,226,235,240,242,242,247,253,254,255,267,272,274,278,285,285,285,290,291,292,295,296,306,308,310,311,312,313,313,319,319,320,321,324,326,329,329,331,335,335,339,345,347,348,351,354,361,363,365,365,386,392,403,405,408,411,416,421,422,430,442,443,444,449,450,455,457,463,466,468,470,472,473,476,480,481,491,492,498,520,541,558,559,563,565,577,584,584,587,611,616,620,655,982],"commands_per_second_mean":2601930.6325,"timed_operations":"current_private_remove_waiting_request_plus_exact_rekey_insert_or_cancel_state","admission_sequence_preserved":true,"setup_clone_excluded":true,"exploratory_timer_overhead_unadjusted":true,"contract_timing_evidence":false,"status":"complete"}
Native owner (ubuntu-24.04)	Q5.2 supplementary queue benchmark checks	2026-10-05T02:04:45.9546523Z Q52_ROW {"scenario":"actual_remove_waiting_request_rekey_cancel_50_50","n":100000,"priority_shape":"mixed","repeat":5,"occupancy_before_each_op":100000,"commands_requested":100,"commands_completed":100,"reprioritize_commands":50,"cancel_commands":50,"removed_keys":100,"reinserted_keys":50,"elapsed_ns_sum":77182,"ops":100,"ns_per_command_mean":771.8200,"ns_per_command_p50":749,"ns_per_command_p95":1314,"sample_elapsed_ns":[232,260,282,285,338,364,367,375,381,403,413,414,423,428,448,452,483,489,502,503,504,505,517,518,524,528,551,564,569,572,612,615,631,638,639,648,650,653,659,666,674,675,684,688,702,707,717,732,736,738,749,752,758,768,771,777,783,785,793,796,798,810,816,821,823,836,841,842,851,888,933,943,950,950,967,983,1015,1045,1061,1070,1075,1083,1096,1098,1107,1133,1146,1151,1155,1158,1168,1225,1252,1257,1314,1317,1322,1338,1495,1659],"commands_per_second_mean":1295638.8795,"timed_operations":"current_private_remove_waiting_request_plus_exact_rekey_insert_or_cancel_state","admission_sequence_preserved":true,"setup_clone_excluded":true,"exploratory_timer_overhead_unadjusted":true,"contract_timing_evidence":false,"status":"complete"}
Native owner (ubuntu-24.04)	Q5.2 supplementary queue benchmark checks	2026-10-05T02:04:45.9801411Z Q52_ROW {"scenario":"actual_helper_batched_reversible_rekey","algorithm_source_commit":"05b7822f0c69b9d36549130e228c01689b908a13","n":100000,"priority_shape":"tied","repeat":5,"cycles":50000,"operations":50000,"primitive_queue_mutations":200000,"queue_mutations_per_cycle":4,"restoration_insert_count":50000,"elapsed_ns":15955505,"ns_per_primitive_op":79.7775,"derived_expected_helper_removals":100000,"occupancy_at_cycle_boundaries":100000,"final_queue_matches_initial":true,"setup_and_verification_excluded":true,"timed_operations":"two_current_remove_waiting_request_calls_with_success_checks_plus_rekey_insert_and_restore_insert; reversible helper cycle, not a Cancel or Reprioritize command","end_to_end_speedup_claim":false,"status":"complete"}
Native owner (ubuntu-24.04)	Q5.2 supplementary queue benchmark checks	2026-10-05T02:04:46.0176873Z Q52_ROW {"scenario":"actual_helper_batched_reversible_rekey","algorithm_source_commit":"05b7822f0c69b9d36549130e228c01689b908a13","n":100000,"priority_shape":"mixed","repeat":5,"cycles":50000,"operations":50000,"primitive_queue_mutations":200000,"queue_mutations_per_cycle":4,"restoration_insert_count":50000,"elapsed_ns":24765047,"ns_per_primitive_op":123.8252,"derived_expected_helper_removals":100000,"occupancy_at_cycle_boundaries":100000,"final_queue_matches_initial":true,"setup_and_verification_excluded":true,"timed_operations":"two_current_remove_waiting_request_calls_with_success_checks_plus_rekey_insert_and_restore_insert; reversible helper cycle, not a Cancel or Reprioritize command","end_to_end_speedup_claim":false,"status":"complete"}
Native owner (ubuntu-24.04)	Q5.2 supplementary queue benchmark checks	2026-10-05T02:04:46.0856773Z Q52_ROW {"scenario":"historical_retain_batched_reversible_rekey","algorithm_source_commit":"bcb11cd61bc38b4813815f574a6a051f3b9e8faf","n":100000,"priority_shape":"tied","repeat":5,"cycles":100,"operations":100,"primitive_queue_mutations":400,"queue_mutations_per_cycle":4,"restoration_insert_count":100,"elapsed_ns":56827238,"ns_per_primitive_op":142068.0950,"historical_retain_predicate_visits_exact":20000000,"historical_retain_predicate_visit_bound":"2*n*cycles","occupancy_at_cycle_boundaries":100000,"final_queue_matches_initial":true,"setup_and_verification_excluded":true,"timed_operations":"two historical retain passes plus rekey insert and restore insert; reversible helper cycle, not a Cancel or Reprioritize command","end_to_end_speedup_claim":false,"status":"complete"}
Native owner (ubuntu-24.04)	Q5.2 supplementary queue benchmark checks	2026-10-05T02:04:46.2002021Z Q52_ROW {"scenario":"historical_retain_batched_reversible_rekey","algorithm_source_commit":"bcb11cd61bc38b4813815f574a6a051f3b9e8faf","n":100000,"priority_shape":"mixed","repeat":5,"cycles":100,"operations":100,"primitive_queue_mutations":400,"queue_mutations_per_cycle":4,"restoration_insert_count":100,"elapsed_ns":101172271,"ns_per_primitive_op":252930.6775,"historical_retain_predicate_visits_exact":20000000,"historical_retain_predicate_visit_bound":"2*n*cycles","occupancy_at_cycle_boundaries":100000,"final_queue_matches_initial":true,"setup_and_verification_excluded":true,"timed_operations":"two historical retain passes plus rekey insert and restore insert; reversible helper cycle, not a Cancel or Reprioritize command","end_to_end_speedup_claim":false,"status":"complete"}
Native owner (ubuntu-24.04)	Q5.2 supplementary queue benchmark checks	2026-10-05T02:04:46.2198127Z Q52_ROW {"scenario":"counted_ord_structural_comparisons","n":100000,"priority_shape":"tied","operations":300000,"comparisons":7936103,"comparisons_per_operation":26.453677,"ceil_log2_n_plus_1":17,"structural_bound":45600000,"elapsed_ns":null,"timing_claim":false,"setup_excluded":true}
Native owner (ubuntu-24.04)	Q5.2 supplementary queue benchmark checks	2026-10-05T02:04:46.2497764Z Q52_ROW {"scenario":"counted_ord_structural_comparisons","n":100000,"priority_shape":"mixed","operations":300000,"comparisons":5520089,"comparisons_per_operation":18.400297,"ceil_log2_n_plus_1":17,"structural_bound":45600000,"elapsed_ns":null,"timing_claim":false,"setup_excluded":true}
Native owner (ubuntu-24.04)	Q5.2 supplementary queue benchmark checks	2026-10-05T02:04:46.2499865Z Q52_ROW {"scenario":"historical_victim_reference","active_capacity":1,"repeat":1,"calls":1000,"holder_candidates_examined":1000,"elapsed_ns":16713,"ops":1000,"ns_per_call":16.7130,"calls_per_second":59833662.4185,"expected_victim":0,"verified":true}
Native owner (ubuntu-24.04)	Q5.2 supplementary queue benchmark checks	2026-10-05T02:04:46.2501493Z Q52_ROW {"scenario":"historical_victim_reference","active_capacity":1,"repeat":2,"calls":1000,"holder_candidates_examined":1000,"elapsed_ns":6962,"ops":1000,"ns_per_call":6.9620,"calls_per_second":143636885.9523,"expected_victim":0,"verified":true}
Native owner (ubuntu-24.04)	Q5.2 supplementary queue benchmark checks	2026-10-05T02:04:46.2503346Z Q52_ROW {"scenario":"historical_victim_reference","active_capacity":1,"repeat":3,"calls":1000,"holder_candidates_examined":1000,"elapsed_ns":7481,"ops":1000,"ns_per_call":7.4810,"calls_per_second":133671968.9881,"expected_victim":0,"verified":true}
Native owner (ubuntu-24.04)	Q5.2 supplementary queue benchmark checks	2026-10-05T02:04:46.2504942Z Q52_ROW {"scenario":"historical_victim_reference","active_capacity":1,"repeat":4,"calls":1000,"holder_candidates_examined":1000,"elapsed_ns":8911,"ops":1000,"ns_per_call":8.9110,"calls_per_second":112220850.6340,"expected_victim":0,"verified":true}
Native owner (ubuntu-24.04)	Q5.2 supplementary queue benchmark checks	2026-10-05T02:04:46.2506512Z Q52_ROW {"scenario":"historical_victim_reference","active_capacity":1,"repeat":5,"calls":1000,"holder_candidates_examined":1000,"elapsed_ns":7859,"ops":1000,"ns_per_call":7.8590,"calls_per_second":127242651.7369,"expected_victim":0,"verified":true}
Native owner (ubuntu-24.04)	Q5.2 supplementary queue benchmark checks	2026-10-05T02:04:46.2508132Z Q52_ROW {"scenario":"historical_victim_reference","active_capacity":10,"repeat":1,"calls":1000,"holder_candidates_examined":10000,"elapsed_ns":23456,"ops":1000,"ns_per_call":23.4560,"calls_per_second":42633015.0068,"expected_victim":7,"verified":true}
Native owner (ubuntu-24.04)	Q5.2 supplementary queue benchmark checks	2026-10-05T02:04:46.2509823Z Q52_ROW {"scenario":"historical_victim_reference","active_capacity":10,"repeat":2,"calls":1000,"holder_candidates_examined":10000,"elapsed_ns":22596,"ops":1000,"ns_per_call":22.5960,"calls_per_second":44255620.4638,"expected_victim":7,"verified":true}
Native owner (ubuntu-24.04)	Q5.2 supplementary queue benchmark checks	2026-10-05T02:04:46.2511434Z Q52_ROW {"scenario":"historical_victim_reference","active_capacity":10,"repeat":3,"calls":1000,"holder_candidates_examined":10000,"elapsed_ns":22660,"ops":1000,"ns_per_call":22.6600,"calls_per_second":44130626.6549,"expected_victim":7,"verified":true}
Native owner (ubuntu-24.04)	Q5.2 supplementary queue benchmark checks	2026-10-05T02:04:46.2513153Z Q52_ROW {"scenario":"historical_victim_reference","active_capacity":10,"repeat":4,"calls":1000,"holder_candidates_examined":10000,"elapsed_ns":22762,"ops":1000,"ns_per_call":22.7620,"calls_per_second":43932870.5738,"expected_victim":7,"verified":true}
Native owner (ubuntu-24.04)	Q5.2 supplementary queue benchmark checks	2026-10-05T02:04:46.2515147Z Q52_ROW {"scenario":"historical_victim_reference","active_capacity":10,"repeat":5,"calls":1000,"holder_candidates_examined":10000,"elapsed_ns":21468,"ops":1000,"ns_per_call":21.4680,"calls_per_second":46580957.7045,"expected_victim":7,"verified":true}
Native owner (ubuntu-24.04)	Q5.2 supplementary queue benchmark checks	2026-10-05T02:04:46.2517047Z Q52_ROW {"scenario":"historical_victim_reference","active_capacity":100,"repeat":1,"calls":1000,"holder_candidates_examined":100000,"elapsed_ns":285956,"ops":1000,"ns_per_call":285.9560,"calls_per_second":3497041.5029,"expected_victim":86,"verified":true}
Native owner (ubuntu-24.04)	Q5.2 supplementary queue benchmark checks	2026-10-05T02:04:46.2519065Z Q52_ROW {"scenario":"historical_victim_reference","active_capacity":100,"repeat":2,"calls":1000,"holder_candidates_examined":100000,"elapsed_ns":293834,"ops":1000,"ns_per_call":293.8340,"calls_per_second":3403282.1253,"expected_victim":86,"verified":true}
Native owner (ubuntu-24.04)	Q5.2 supplementary queue benchmark checks	2026-10-05T02:04:46.2520950Z Q52_ROW {"scenario":"historical_victim_reference","active_capacity":100,"repeat":3,"calls":1000,"holder_candidates_examined":100000,"elapsed_ns":305695,"ops":1000,"ns_per_call":305.6950,"calls_per_second":3271234.4003,"expected_victim":86,"verified":true}
Native owner (ubuntu-24.04)	Q5.2 supplementary queue benchmark checks	2026-10-05T02:04:46.2522781Z Q52_ROW {"scenario":"historical_victim_reference","active_capacity":100,"repeat":4,"calls":1000,"holder_candidates_examined":100000,"elapsed_ns":304137,"ops":1000,"ns_per_call":304.1370,"calls_per_second":3287991.9247,"expected_victim":86,"verified":true}
Native owner (ubuntu-24.04)	Q5.2 supplementary queue benchmark checks	2026-10-05T02:04:46.2524535Z Q52_ROW {"scenario":"historical_victim_reference","active_capacity":100,"repeat":5,"calls":1000,"holder_candidates_examined":100000,"elapsed_ns":311183,"ops":1000,"ns_per_call":311.1830,"calls_per_second":3213543.1563,"expected_victim":86,"verified":true}
Native owner (ubuntu-24.04)	Q5.2 supplementary queue benchmark checks	2026-10-05T02:04:46.2542297Z Q52_ROW {"scenario":"historical_victim_reference","active_capacity":1000,"repeat":1,"calls":1000,"holder_candidates_examined":1000000,"elapsed_ns":2743649,"ops":1000,"ns_per_call":2743.6490,"calls_per_second":364478.1093,"expected_victim":984,"verified":true}
Native owner (ubuntu-24.04)	Q5.2 supplementary queue benchmark checks	2026-10-05T02:04:46.2562886Z Q52_ROW {"scenario":"historical_victim_reference","active_capacity":1000,"repeat":2,"calls":1000,"holder_candidates_examined":1000000,"elapsed_ns":2220094,"ops":1000,"ns_per_call":2220.0940,"calls_per_second":450431.3781,"expected_victim":984,"verified":true}
Native owner (ubuntu-24.04)	Q5.2 supplementary queue benchmark checks	2026-10-05T02:04:46.2585692Z Q52_ROW {"scenario":"historical_victim_reference","active_capacity":1000,"repeat":3,"calls":1000,"holder_candidates_examined":1000000,"elapsed_ns":2270857,"ops":1000,"ns_per_call":2270.8570,"calls_per_second":440362.3830,"expected_victim":984,"verified":true}
Native owner (ubuntu-24.04)	Q5.2 supplementary queue benchmark checks	2026-10-05T02:04:46.2608327Z Q52_ROW {"scenario":"historical_victim_reference","active_capacity":1000,"repeat":4,"calls":1000,"holder_candidates_examined":1000000,"elapsed_ns":2251305,"ops":1000,"ns_per_call":2251.3050,"calls_per_second":444186.8161,"expected_victim":984,"verified":true}
Native owner (ubuntu-24.04)	Q5.2 supplementary queue benchmark checks	2026-10-05T02:04:46.2631240Z Q52_ROW {"scenario":"historical_victim_reference","active_capacity":1000,"repeat":5,"calls":1000,"holder_candidates_examined":1000000,"elapsed_ns":2283426,"ops":1000,"ns_per_call":2283.4260,"calls_per_second":437938.4311,"expected_victim":984,"verified":true}
Native owner (ubuntu-24.04)	Q5.2 supplementary queue benchmark checks	2026-10-05T02:04:46.2640680Z Q52_ROW {"scenario":"historical_sorting_reference","implementation_label":"historical_sorting_reference","match":"no_match","waiters_W":10,"holders_H":1,"repeat":1,"calls":1000,"waiter_sort_items":10000,"waiters_attempted":10000,"holder_candidates_examined":10000,"elapsed_ns":55141,"ops":1000,"ns_per_call":55.1410,"calls_per_second":18135325.8011,"expected_pair":"none","verified":true}
Native owner (ubuntu-24.04)	Q5.2 supplementary queue benchmark checks	2026-10-05T02:04:46.2655074Z Q52_ROW {"scenario":"production_ordered_selector_kernel","scope_label":"ordered helper only; excludes Flow index maintenance and holder projection","mode":"equal_priority_no_match","waiters_W":10,"holders_H":1,"repeat":1,"calls":500000,"elapsed_ns":2045615,"ns_per_call":4.0912,"yielded_waiters_per_call_untimed":1,"expected_pair":"none","verified":true,"attempt_count":1,"attempts":[{"attempt":1,"calls":500000,"elapsed_ns":2045615}],"calibration_stop_reason":"minimum_batch_duration_reached","precision_status":"minimum_batch_duration_reached","max_calls":1000000,"max_calibration_attempts":5,"min_batch_ns":1000000,"initial_call_formula":"clamp(1000000 / max(1,H+yielded_waiters),1,1000000)","timed_operations":"loop and ordered helper invocations with black-boxed result","waiters_sorted_outside_timer":true,"fixture_creation_and_holder_construction_excluded":true,"production_flow_integrated":false,"end_to_end_speedup_claim":false}
Native owner (ubuntu-24.04)	Q5.2 supplementary queue benchmark checks	2026-10-05T02:04:46.2660209Z Q52_ROW {"scenario":"historical_sorting_reference","implementation_label":"historical_sorting_reference","match":"no_match","waiters_W":10,"holders_H":1,"repeat":2,"calls":1000,"waiter_sort_items":10000,"waiters_attempted":10000,"holder_candidates_examined":10000,"elapsed_ns":47979,"ops":1000,"ns_per_call":47.9790,"calls_per_second":20842451.9060,"expected_pair":"none","verified":true}
Native owner (ubuntu-24.04)	Q5.2 supplementary queue benchmark checks	2026-10-05T02:04:46.2678173Z Q52_ROW {"scenario":"production_ordered_selector_kernel","scope_label":"ordered helper only; excludes Flow index maintenance and holder projection","mode":"equal_priority_no_match","waiters_W":10,"holders_H":1,"repeat":2,"calls":500000,"elapsed_ns":2256582,"ns_per_call":4.5132,"yielded_waiters_per_call_untimed":1,"expected_pair":"none","verified":true,"attempt_count":1,"attempts":[{"attempt":1,"calls":500000,"elapsed_ns":2256582}],"calibration_stop_reason":"minimum_batch_duration_reached","precision_status":"minimum_batch_duration_reached","max_calls":1000000,"max_calibration_attempts":5,"min_batch_ns":1000000,"initial_call_formula":"clamp(1000000 / max(1,H+yielded_waiters),1,1000000)","timed_operations":"loop and ordered helper invocations with black-boxed result","waiters_sorted_outside_timer":true,"fixture_creation_and_holder_construction_excluded":true,"production_flow_integrated":false,"end_to_end_speedup_claim":false}
Native owner (ubuntu-24.04)	Q5.2 supplementary queue benchmark checks	2026-10-05T02:04:46.2683020Z Q52_ROW {"scenario":"historical_sorting_reference","implementation_label":"historical_sorting_reference","match":"no_match","waiters_W":10,"holders_H":1,"repeat":3,"calls":1000,"waiter_sort_items":10000,"waiters_attempted":10000,"holder_candidates_examined":10000,"elapsed_ns":51747,"ops":1000,"ns_per_call":51.7470,"calls_per_second":19324791.7754,"expected_pair":"none","verified":true}
Native owner (ubuntu-24.04)	Q5.2 supplementary queue benchmark checks	2026-10-05T02:04:46.2701006Z Q52_ROW {"scenario":"production_ordered_selector_kernel","scope_label":"ordered helper only; excludes Flow index maintenance and holder projection","mode":"equal_priority_no_match","waiters_W":10,"holders_H":1,"repeat":3,"calls":500000,"elapsed_ns":2204122,"ns_per_call":4.4082,"yielded_waiters_per_call_untimed":1,"expected_pair":"none","verified":true,"attempt_count":1,"attempts":[{"attempt":1,"calls":500000,"elapsed_ns":2204122}],"calibration_stop_reason":"minimum_batch_duration_reached","precision_status":"minimum_batch_duration_reached","max_calls":1000000,"max_calibration_attempts":5,"min_batch_ns":1000000,"initial_call_formula":"clamp(1000000 / max(1,H+yielded_waiters),1,1000000)","timed_operations":"loop and ordered helper invocations with black-boxed result","waiters_sorted_outside_timer":true,"fixture_creation_and_holder_construction_excluded":true,"production_flow_integrated":false,"end_to_end_speedup_claim":false}
Native owner (ubuntu-24.04)	Q5.2 supplementary queue benchmark checks	2026-10-05T02:04:46.2706185Z Q52_ROW {"scenario":"historical_sorting_reference","implementation_label":"historical_sorting_reference","match":"no_match","waiters_W":10,"holders_H":1,"repeat":4,"calls":1000,"waiter_sort_items":10000,"waiters_attempted":10000,"holder_candidates_examined":10000,"elapsed_ns":46074,"ops":1000,"ns_per_call":46.0740,"calls_per_second":21704214.9585,"expected_pair":"none","verified":true}
Native owner (ubuntu-24.04)	Q5.2 supplementary queue benchmark checks	2026-10-05T02:04:46.2725896Z Q52_ROW {"scenario":"production_ordered_selector_kernel","scope_label":"ordered helper only; excludes Flow index maintenance and holder projection","mode":"equal_priority_no_match","waiters_W":10,"holders_H":1,"repeat":4,"calls":500000,"elapsed_ns":2395481,"ns_per_call":4.7910,"yielded_waiters_per_call_untimed":1,"expected_pair":"none","verified":true,"attempt_count":1,"attempts":[{"attempt":1,"calls":500000,"elapsed_ns":2395481}],"calibration_stop_reason":"minimum_batch_duration_reached","precision_status":"minimum_batch_duration_reached","max_calls":1000000,"max_calibration_attempts":5,"min_batch_ns":1000000,"initial_call_formula":"clamp(1000000 / max(1,H+yielded_waiters),1,1000000)","timed_operations":"loop and ordered helper invocations with black-boxed result","waiters_sorted_outside_timer":true,"fixture_creation_and_holder_construction_excluded":true,"production_flow_integrated":false,"end_to_end_speedup_claim":false}
Native owner (ubuntu-24.04)	Q5.2 supplementary queue benchmark checks	2026-10-05T02:04:46.2731135Z Q52_ROW {"scenario":"historical_sorting_reference","implementation_label":"historical_sorting_reference","match":"no_match","waiters_W":10,"holders_H":1,"repeat":5,"calls":1000,"waiter_sort_items":10000,"waiters_attempted":10000,"holder_candidates_examined":10000,"elapsed_ns":50896,"ops":1000,"ns_per_call":50.8960,"calls_per_second":19647909.4624,"expected_pair":"none","verified":true}
Native owner (ubuntu-24.04)	Q5.2 supplementary queue benchmark checks	2026-10-05T02:04:46.2749622Z Q52_ROW {"scenario":"production_ordered_selector_kernel","scope_label":"ordered helper only; excludes Flow index maintenance and holder projection","mode":"equal_priority_no_match","waiters_W":10,"holders_H":1,"repeat":5,"calls":500000,"elapsed_ns":2400737,"ns_per_call":4.8015,"yielded_waiters_per_call_untimed":1,"expected_pair":"none","verified":true,"attempt_count":1,"attempts":[{"attempt":1,"calls":500000,"elapsed_ns":2400737}],"calibration_stop_reason":"minimum_batch_duration_reached","precision_status":"minimum_batch_duration_reached","max_calls":1000000,"max_calibration_attempts":5,"min_batch_ns":1000000,"initial_call_formula":"clamp(1000000 / max(1,H+yielded_waiters),1,1000000)","timed_operations":"loop and ordered helper invocations with black-boxed result","waiters_sorted_outside_timer":true,"fixture_creation_and_holder_construction_excluded":true,"production_flow_integrated":false,"end_to_end_speedup_claim":false}
Native owner (ubuntu-24.04)	Q5.2 supplementary queue benchmark checks	2026-10-05T02:04:46.2753385Z Q52_ROW {"scenario":"historical_sorting_reference","implementation_label":"historical_sorting_reference","match":"matched","waiters_W":10,"holders_H":1,"repeat":1,"calls":1000,"waiter_sort_items":10000,"waiters_attempted":1000,"holder_candidates_examined":1000,"elapsed_ns":19947,"ops":1000,"ns_per_call":19.9470,"calls_per_second":50132852.0580,"expected_pair":"0:0","verified":true}
Native owner (ubuntu-24.04)	Q5.2 supplementary queue benchmark checks	2026-10-05T02:04:46.2794864Z Q52_ROW {"scenario":"production_ordered_selector_kernel","scope_label":"ordered helper only; excludes Flow index maintenance and holder projection","mode":"matched","waiters_W":10,"holders_H":1,"repeat":1,"calls":500000,"elapsed_ns":4524125,"ns_per_call":9.0482,"yielded_waiters_per_call_untimed":1,"expected_pair":"0:0","verified":true,"attempt_count":1,"attempts":[{"attempt":1,"calls":500000,"elapsed_ns":4524125}],"calibration_stop_reason":"minimum_batch_duration_reached","precision_status":"minimum_batch_duration_reached","max_calls":1000000,"max_calibration_attempts":5,"min_batch_ns":1000000,"initial_call_formula":"clamp(1000000 / max(1,H+yielded_waiters),1,1000000)","timed_operations":"loop and ordered helper invocations with black-boxed result","waiters_sorted_outside_timer":true,"fixture_creation_and_holder_construction_excluded":true,"production_flow_integrated":false,"end_to_end_speedup_claim":false}
Native owner (ubuntu-24.04)	Q5.2 supplementary queue benchmark checks	2026-10-05T02:04:46.2798590Z Q52_ROW {"scenario":"historical_sorting_reference","implementation_label":"historical_sorting_reference","match":"matched","waiters_W":10,"holders_H":1,"repeat":2,"calls":1000,"waiter_sort_items":10000,"waiters_attempted":1000,"holder_candidates_examined":1000,"elapsed_ns":20101,"ops":1000,"ns_per_call":20.1010,"calls_per_second":49748768.7180,"expected_pair":"0:0","verified":true}
Native owner (ubuntu-24.04)	Q5.2 supplementary queue benchmark checks	2026-10-05T02:04:46.2840097Z Q52_ROW {"scenario":"production_ordered_selector_kernel","scope_label":"ordered helper only; excludes Flow index maintenance and holder projection","mode":"matched","waiters_W":10,"holders_H":1,"repeat":2,"calls":500000,"elapsed_ns":4491617,"ns_per_call":8.9832,"yielded_waiters_per_call_untimed":1,"expected_pair":"0:0","verified":true,"attempt_count":1,"attempts":[{"attempt":1,"calls":500000,"elapsed_ns":4491617}],"calibration_stop_reason":"minimum_batch_duration_reached","precision_status":"minimum_batch_duration_reached","max_calls":1000000,"max_calibration_attempts":5,"min_batch_ns":1000000,"initial_call_formula":"clamp(1000000 / max(1,H+yielded_waiters),1,1000000)","timed_operations":"loop and ordered helper invocations with black-boxed result","waiters_sorted_outside_timer":true,"fixture_creation_and_holder_construction_excluded":true,"production_flow_integrated":false,"end_to_end_speedup_claim":false}
Native owner (ubuntu-24.04)	Q5.2 supplementary queue benchmark checks	2026-10-05T02:04:46.2843892Z Q52_ROW {"scenario":"historical_sorting_reference","implementation_label":"historical_sorting_reference","match":"matched","waiters_W":10,"holders_H":1,"repeat":3,"calls":1000,"waiter_sort_items":10000,"waiters_attempted":1000,"holder_candidates_examined":1000,"elapsed_ns":20039,"ops":1000,"ns_per_call":20.0390,"calls_per_second":49902689.7550,"expected_pair":"0:0","verified":true}
Native owner (ubuntu-24.04)	Q5.2 supplementary queue benchmark checks	2026-10-05T02:04:46.2885285Z Q52_ROW {"scenario":"production_ordered_selector_kernel","scope_label":"ordered helper only; excludes Flow index maintenance and holder projection","mode":"matched","waiters_W":10,"holders_H":1,"repeat":3,"calls":500000,"elapsed_ns":4489366,"ns_per_call":8.9787,"yielded_waiters_per_call_untimed":1,"expected_pair":"0:0","verified":true,"attempt_count":1,"attempts":[{"attempt":1,"calls":500000,"elapsed_ns":4489366}],"calibration_stop_reason":"minimum_batch_duration_reached","precision_status":"minimum_batch_duration_reached","max_calls":1000000,"max_calibration_attempts":5,"min_batch_ns":1000000,"initial_call_formula":"clamp(1000000 / max(1,H+yielded_waiters),1,1000000)","timed_operations":"loop and ordered helper invocations with black-boxed result","waiters_sorted_outside_timer":true,"fixture_creation_and_holder_construction_excluded":true,"production_flow_integrated":false,"end_to_end_speedup_claim":false}
Native owner (ubuntu-24.04)	Q5.2 supplementary queue benchmark checks	2026-10-05T02:04:46.2889147Z Q52_ROW {"scenario":"historical_sorting_reference","implementation_label":"historical_sorting_reference","match":"matched","waiters_W":10,"holders_H":1,"repeat":4,"calls":1000,"waiter_sort_items":10000,"waiters_attempted":1000,"holder_candidates_examined":1000,"elapsed_ns":19997,"ops":1000,"ns_per_call":19.9970,"calls_per_second":50007501.1252,"expected_pair":"0:0","verified":true}
Native owner (ubuntu-24.04)	Q5.2 supplementary queue benchmark checks	2026-10-05T02:04:46.2930645Z Q52_ROW {"scenario":"production_ordered_selector_kernel","scope_label":"ordered helper only; excludes Flow index maintenance and holder projection","mode":"matched","waiters_W":10,"holders_H":1,"repeat":4,"calls":500000,"elapsed_ns":4495531,"ns_per_call":8.9911,"yielded_waiters_per_call_untimed":1,"expected_pair":"0:0","verified":true,"attempt_count":1,"attempts":[{"attempt":1,"calls":500000,"elapsed_ns":4495531}],"calibration_stop_reason":"minimum_batch_duration_reached","precision_status":"minimum_batch_duration_reached","max_calls":1000000,"max_calibration_attempts":5,"min_batch_ns":1000000,"initial_call_formula":"clamp(1000000 / max(1,H+yielded_waiters),1,1000000)","timed_operations":"loop and ordered helper invocations with black-boxed result","waiters_sorted_outside_timer":true,"fixture_creation_and_holder_construction_excluded":true,"production_flow_integrated":false,"end_to_end_speedup_claim":false}
Native owner (ubuntu-24.04)	Q5.2 supplementary queue benchmark checks	2026-10-05T02:04:46.2934317Z Q52_ROW {"scenario":"historical_sorting_reference","implementation_label":"historical_sorting_reference","match":"matched","waiters_W":10,"holders_H":1,"repeat":5,"calls":1000,"waiter_sort_items":10000,"waiters_attempted":1000,"holder_candidates_examined":1000,"elapsed_ns":20086,"ops":1000,"ns_per_call":20.0860,"calls_per_second":49785920.5417,"expected_pair":"0:0","verified":true}
Native owner (ubuntu-24.04)	Q5.2 supplementary queue benchmark checks	2026-10-05T02:04:46.2976328Z Q52_ROW {"scenario":"production_ordered_selector_kernel","scope_label":"ordered helper only; excludes Flow index maintenance and holder projection","mode":"matched","waiters_W":10,"holders_H":1,"repeat":5,"calls":500000,"elapsed_ns":4486435,"ns_per_call":8.9729,"yielded_waiters_per_call_untimed":1,"expected_pair":"0:0","verified":true,"attempt_count":1,"attempts":[{"attempt":1,"calls":500000,"elapsed_ns":4486435}],"calibration_stop_reason":"minimum_batch_duration_reached","precision_status":"minimum_batch_duration_reached","max_calls":1000000,"max_calibration_attempts":5,"min_batch_ns":1000000,"initial_call_formula":"clamp(1000000 / max(1,H+yielded_waiters),1,1000000)","timed_operations":"loop and ordered helper invocations with black-boxed result","waiters_sorted_outside_timer":true,"fixture_creation_and_holder_construction_excluded":true,"production_flow_integrated":false,"end_to_end_speedup_claim":false}
Native owner (ubuntu-24.04)	Q5.2 supplementary queue benchmark checks	2026-10-05T02:04:46.3008511Z Q52_ROW {"scenario":"production_ordered_selector_kernel","scope_label":"ordered helper only; excludes Flow index maintenance and holder projection","mode":"ineligible_holders","waiters_W":10,"holders_H":1,"repeat":1,"calls":1000000,"elapsed_ns":3192129,"ns_per_call":3.1921,"yielded_waiters_per_call_untimed":0,"expected_pair":"none","verified":true,"attempt_count":1,"attempts":[{"attempt":1,"calls":1000000,"elapsed_ns":3192129}],"calibration_stop_reason":"minimum_batch_duration_reached","precision_status":"minimum_batch_duration_reached","max_calls":1000000,"max_calibration_attempts":5,"min_batch_ns":1000000,"initial_call_formula":"clamp(1000000 / max(1,H+yielded_waiters),1,1000000)","timed_operations":"loop and ordered helper invocations with black-boxed result","waiters_sorted_outside_timer":true,"fixture_creation_and_holder_construction_excluded":true,"production_flow_integrated":false,"end_to_end_speedup_claim":false}
Native owner (ubuntu-24.04)	Q5.2 supplementary queue benchmark checks	2026-10-05T02:04:46.3042387Z Q52_ROW {"scenario":"production_ordered_selector_kernel","scope_label":"ordered helper only; excludes Flow index maintenance and holder projection","mode":"ineligible_holders","waiters_W":10,"holders_H":1,"repeat":2,"calls":1000000,"elapsed_ns":3364404,"ns_per_call":3.3644,"yielded_waiters_per_call_untimed":0,"expected_pair":"none","verified":true,"attempt_count":1,"attempts":[{"attempt":1,"calls":1000000,"elapsed_ns":3364404}],"calibration_stop_reason":"minimum_batch_duration_reached","precision_status":"minimum_batch_duration_reached","max_calls":1000000,"max_calibration_attempts":5,"min_batch_ns":1000000,"initial_call_formula":"clamp(1000000 / max(1,H+yielded_waiters),1,1000000)","timed_operations":"loop and ordered helper invocations with black-boxed result","waiters_sorted_outside_timer":true,"fixture_creation_and_holder_construction_excluded":true,"production_flow_integrated":false,"end_to_end_speedup_claim":false}
Native owner (ubuntu-24.04)	Q5.2 supplementary queue benchmark checks	2026-10-05T02:04:46.3074567Z Q52_ROW {"scenario":"production_ordered_selector_kernel","scope_label":"ordered helper only; excludes Flow index maintenance and holder projection","mode":"ineligible_holders","waiters_W":10,"holders_H":1,"repeat":3,"calls":1000000,"elapsed_ns":3217427,"ns_per_call":3.2174,"yielded_waiters_per_call_untimed":0,"expected_pair":"none","verified":true,"attempt_count":1,"attempts":[{"attempt":1,"calls":1000000,"elapsed_ns":3217427}],"calibration_stop_reason":"minimum_batch_duration_reached","precision_status":"minimum_batch_duration_reached","max_calls":1000000,"max_calibration_attempts":5,"min_batch_ns":1000000,"initial_call_formula":"clamp(1000000 / max(1,H+yielded_waiters),1,1000000)","timed_operations":"loop and ordered helper invocations with black-boxed result","waiters_sorted_outside_timer":true,"fixture_creation_and_holder_construction_excluded":true,"production_flow_integrated":false,"end_to_end_speedup_claim":false}
Native owner (ubuntu-24.04)	Q5.2 supplementary queue benchmark checks	2026-10-05T02:04:46.3105083Z Q52_ROW {"scenario":"production_ordered_selector_kernel","scope_label":"ordered helper only; excludes Flow index maintenance and holder projection","mode":"ineligible_holders","waiters_W":10,"holders_H":1,"repeat":4,"calls":1000000,"elapsed_ns":3052249,"ns_per_call":3.0522,"yielded_waiters_per_call_untimed":0,"expected_pair":"none","verified":true,"attempt_count":1,"attempts":[{"attempt":1,"calls":1000000,"elapsed_ns":3052249}],"calibration_stop_reason":"minimum_batch_duration_reached","precision_status":"minimum_batch_duration_reached","max_calls":1000000,"max_calibration_attempts":5,"min_batch_ns":1000000,"initial_call_formula":"clamp(1000000 / max(1,H+yielded_waiters),1,1000000)","timed_operations":"loop and ordered helper invocations with black-boxed result","waiters_sorted_outside_timer":true,"fixture_creation_and_holder_construction_excluded":true,"production_flow_integrated":false,"end_to_end_speedup_claim":false}
Native owner (ubuntu-24.04)	Q5.2 supplementary queue benchmark checks	2026-10-05T02:04:46.3137581Z Q52_ROW {"scenario":"production_ordered_selector_kernel","scope_label":"ordered helper only; excludes Flow index maintenance and holder projection","mode":"ineligible_holders","waiters_W":10,"holders_H":1,"repeat":5,"calls":1000000,"elapsed_ns":3198633,"ns_per_call":3.1986,"yielded_waiters_per_call_untimed":0,"expected_pair":"none","verified":true,"attempt_count":1,"attempts":[{"attempt":1,"calls":1000000,"elapsed_ns":3198633}],"calibration_stop_reason":"minimum_batch_duration_reached","precision_status":"minimum_batch_duration_reached","max_calls":1000000,"max_calibration_attempts":5,"min_batch_ns":1000000,"initial_call_formula":"clamp(1000000 / max(1,H+yielded_waiters),1,1000000)","timed_operations":"loop and ordered helper invocations with black-boxed result","waiters_sorted_outside_timer":true,"fixture_creation_and_holder_construction_excluded":true,"production_flow_integrated":false,"end_to_end_speedup_claim":false}
Native owner (ubuntu-24.04)	Q5.2 supplementary queue benchmark checks	2026-10-05T02:04:46.3148291Z Q52_ROW {"scenario":"production_ordered_selector_kernel","scope_label":"ordered helper only; excludes Flow index maintenance and holder projection","mode":"all_nonpreempting_waiters","waiters_W":10,"holders_H":1,"repeat":1,"calls":90909,"elapsed_ns":1109917,"ns_per_call":12.2091,"yielded_waiters_per_call_untimed":10,"expected_pair":"none","verified":true,"attempt_count":1,"attempts":[{"attempt":1,"calls":90909,"elapsed_ns":1109917}],"calibration_stop_reason":"minimum_batch_duration_reached","precision_status":"minimum_batch_duration_reached","max_calls":1000000,"max_calibration_attempts":5,"min_batch_ns":1000000,"initial_call_formula":"clamp(1000000 / max(1,H+yielded_waiters),1,1000000)","timed_operations":"loop and ordered helper invocations with black-boxed result","waiters_sorted_outside_timer":true,"fixture_creation_and_holder_construction_excluded":true,"production_flow_integrated":false,"end_to_end_speedup_claim":false}
Native owner (ubuntu-24.04)	Q5.2 supplementary queue benchmark checks	2026-10-05T02:04:46.3159021Z Q52_ROW {"scenario":"production_ordered_selector_kernel","scope_label":"ordered helper only; excludes Flow index maintenance and holder projection","mode":"all_nonpreempting_waiters","waiters_W":10,"holders_H":1,"repeat":2,"calls":90909,"elapsed_ns":1049853,"ns_per_call":11.5484,"yielded_waiters_per_call_untimed":10,"expected_pair":"none","verified":true,"attempt_count":1,"attempts":[{"attempt":1,"calls":90909,"elapsed_ns":1049853}],"calibration_stop_reason":"minimum_batch_duration_reached","precision_status":"minimum_batch_duration_reached","max_calls":1000000,"max_calibration_attempts":5,"min_batch_ns":1000000,"initial_call_formula":"clamp(1000000 / max(1,H+yielded_waiters),1,1000000)","timed_operations":"loop and ordered helper invocations with black-boxed result","waiters_sorted_outside_timer":true,"fixture_creation_and_holder_construction_excluded":true,"production_flow_integrated":false,"end_to_end_speedup_claim":false}
Native owner (ubuntu-24.04)	Q5.2 supplementary queue benchmark checks	2026-10-05T02:04:46.3169899Z Q52_ROW {"scenario":"production_ordered_selector_kernel","scope_label":"ordered helper only; excludes Flow index maintenance and holder projection","mode":"all_nonpreempting_waiters","waiters_W":10,"holders_H":1,"repeat":3,"calls":90909,"elapsed_ns":1056380,"ns_per_call":11.6202,"yielded_waiters_per_call_untimed":10,"expected_pair":"none","verified":true,"attempt_count":1,"attempts":[{"attempt":1,"calls":90909,"elapsed_ns":1056380}],"calibration_stop_reason":"minimum_batch_duration_reached","precision_status":"minimum_batch_duration_reached","max_calls":1000000,"max_calibration_attempts":5,"min_batch_ns":1000000,"initial_call_formula":"clamp(1000000 / max(1,H+yielded_waiters),1,1000000)","timed_operations":"loop and ordered helper invocations with black-boxed result","waiters_sorted_outside_timer":true,"fixture_creation_and_holder_construction_excluded":true,"production_flow_integrated":false,"end_to_end_speedup_claim":false}
Native owner (ubuntu-24.04)	Q5.2 supplementary queue benchmark checks	2026-10-05T02:04:46.3180491Z Q52_ROW {"scenario":"production_ordered_selector_kernel","scope_label":"ordered helper only; excludes Flow index maintenance and holder projection","mode":"all_nonpreempting_waiters","waiters_W":10,"holders_H":1,"repeat":4,"calls":90909,"elapsed_ns":1066178,"ns_per_call":11.7280,"yielded_waiters_per_call_untimed":10,"expected_pair":"none","verified":true,"attempt_count":1,"attempts":[{"attempt":1,"calls":90909,"elapsed_ns":1066178}],"calibration_stop_reason":"minimum_batch_duration_reached","precision_status":"minimum_batch_duration_reached","max_calls":1000000,"max_calibration_attempts":5,"min_batch_ns":1000000,"initial_call_formula":"clamp(1000000 / max(1,H+yielded_waiters),1,1000000)","timed_operations":"loop and ordered helper invocations with black-boxed result","waiters_sorted_outside_timer":true,"fixture_creation_and_holder_construction_excluded":true,"production_flow_integrated":false,"end_to_end_speedup_claim":false}
Native owner (ubuntu-24.04)	Q5.2 supplementary queue benchmark checks	2026-10-05T02:04:46.3191230Z Q52_ROW {"scenario":"production_ordered_selector_kernel","scope_label":"ordered helper only; excludes Flow index maintenance and holder projection","mode":"all_nonpreempting_waiters","waiters_W":10,"holders_H":1,"repeat":5,"calls":90909,"elapsed_ns":1064965,"ns_per_call":11.7146,"yielded_waiters_per_call_untimed":10,"expected_pair":"none","verified":true,"attempt_count":1,"attempts":[{"attempt":1,"calls":90909,"elapsed_ns":1064965}],"calibration_stop_reason":"minimum_batch_duration_reached","precision_status":"minimum_batch_duration_reached","max_calls":1000000,"max_calibration_attempts":5,"min_batch_ns":1000000,"initial_call_formula":"clamp(1000000 / max(1,H+yielded_waiters),1,1000000)","timed_operations":"loop and ordered helper invocations with black-boxed result","waiters_sorted_outside_timer":true,"fixture_creation_and_holder_construction_excluded":true,"production_flow_integrated":false,"end_to_end_speedup_claim":false}
Native owner (ubuntu-24.04)	Q5.2 supplementary queue benchmark checks	2026-10-05T02:04:46.3196149Z Q52_ROW {"scenario":"historical_sorting_reference","implementation_label":"historical_sorting_reference","match":"no_match","waiters_W":10,"holders_H":10,"repeat":1,"calls":1000,"waiter_sort_items":10000,"waiters_attempted":10000,"holder_candidates_examined":100000,"elapsed_ns":150636,"ops":1000,"ns_per_call":150.6360,"calls_per_second":6638519.3446,"expected_pair":"none","verified":true}
Native owner (ubuntu-24.04)	Q5.2 supplementary queue benchmark checks	2026-10-05T02:04:46.3213961Z Q52_ROW {"scenario":"production_ordered_selector_kernel","scope_label":"ordered helper only; excludes Flow index maintenance and holder projection","mode":"equal_priority_no_match","waiters_W":10,"holders_H":10,"repeat":1,"calls":90909,"elapsed_ns":2107114,"ns_per_call":23.1783,"yielded_waiters_per_call_untimed":1,"expected_pair":"none","verified":true,"attempt_count":1,"attempts":[{"attempt":1,"calls":90909,"elapsed_ns":2107114}],"calibration_stop_reason":"minimum_batch_duration_reached","precision_status":"minimum_batch_duration_reached","max_calls":1000000,"max_calibration_attempts":5,"min_batch_ns":1000000,"initial_call_formula":"clamp(1000000 / max(1,H+yielded_waiters),1,1000000)","timed_operations":"loop and ordered helper invocations with black-boxed result","waiters_sorted_outside_timer":true,"fixture_creation_and_holder_construction_excluded":true,"production_flow_integrated":false,"end_to_end_speedup_claim":false}
Native owner (ubuntu-24.04)	Q5.2 supplementary queue benchmark checks	2026-10-05T02:04:46.3218847Z Q52_ROW {"scenario":"historical_sorting_reference","implementation_label":"historical_sorting_reference","match":"no_match","waiters_W":10,"holders_H":10,"repeat":2,"calls":1000,"waiter_sort_items":10000,"waiters_attempted":10000,"holder_candidates_examined":100000,"elapsed_ns":125339,"ops":1000,"ns_per_call":125.3390,"calls_per_second":7978362.6804,"expected_pair":"none","verified":true}
Native owner (ubuntu-24.04)	Q5.2 supplementary queue benchmark checks	2026-10-05T02:04:46.3234604Z Q52_ROW {"scenario":"production_ordered_selector_kernel","scope_label":"ordered helper only; excludes Flow index maintenance and holder projection","mode":"equal_priority_no_match","waiters_W":10,"holders_H":10,"repeat":2,"calls":90909,"elapsed_ns":2039860,"ns_per_call":22.4385,"yielded_waiters_per_call_untimed":1,"expected_pair":"none","verified":true,"attempt_count":1,"attempts":[{"attempt":1,"calls":90909,"elapsed_ns":2039860}],"calibration_stop_reason":"minimum_batch_duration_reached","precision_status":"minimum_batch_duration_reached","max_calls":1000000,"max_calibration_attempts":5,"min_batch_ns":1000000,"initial_call_formula":"clamp(1000000 / max(1,H+yielded_waiters),1,1000000)","timed_operations":"loop and ordered helper invocations with black-boxed result","waiters_sorted_outside_timer":true,"fixture_creation_and_holder_construction_excluded":true,"production_flow_integrated":false,"end_to_end_speedup_claim":false}
Native owner (ubuntu-24.04)	Q5.2 supplementary queue benchmark checks	2026-10-05T02:04:46.3237538Z Q52_ROW {"scenario":"historical_sorting_reference","implementation_label":"historical_sorting_reference","match":"no_match","waiters_W":10,"holders_H":10,"repeat":3,"calls":1000,"waiter_sort_items":10000,"waiters_attempted":10000,"holder_candidates_examined":100000,"elapsed_ns":90235,"ops":1000,"ns_per_call":90.2350,"calls_per_second":11082174.3226,"expected_pair":"none","verified":true}
Native owner (ubuntu-24.04)	Q5.2 supplementary queue benchmark checks	2026-10-05T02:04:46.3252784Z Q52_ROW {"scenario":"production_ordered_selector_kernel","scope_label":"ordered helper only; excludes Flow index maintenance and holder projection","mode":"equal_priority_no_match","waiters_W":10,"holders_H":10,"repeat":3,"calls":90909,"elapsed_ns":1699657,"ns_per_call":18.6962,"yielded_waiters_per_call_untimed":1,"expected_pair":"none","verified":true,"attempt_count":1,"attempts":[{"attempt":1,"calls":90909,"elapsed_ns":1699657}],"calibration_stop_reason":"minimum_batch_duration_reached","precision_status":"minimum_batch_duration_reached","max_calls":1000000,"max_calibration_attempts":5,"min_batch_ns":1000000,"initial_call_formula":"clamp(1000000 / max(1,H+yielded_waiters),1,1000000)","timed_operations":"loop and ordered helper invocations with black-boxed result","waiters_sorted_outside_timer":true,"fixture_creation_and_holder_construction_excluded":true,"production_flow_integrated":false,"end_to_end_speedup_claim":false}
Native owner (ubuntu-24.04)	Q5.2 supplementary queue benchmark checks	2026-10-05T02:04:46.3255617Z Q52_ROW {"scenario":"historical_sorting_reference","implementation_label":"historical_sorting_reference","match":"no_match","waiters_W":10,"holders_H":10,"repeat":4,"calls":1000,"waiter_sort_items":10000,"waiters_attempted":10000,"holder_candidates_examined":100000,"elapsed_ns":102988,"ops":1000,"ns_per_call":102.9880,"calls_per_second":9709869.1110,"expected_pair":"none","verified":true}
Native owner (ubuntu-24.04)	Q5.2 supplementary queue benchmark checks	2026-10-05T02:04:46.3270669Z Q52_ROW {"scenario":"production_ordered_selector_kernel","scope_label":"ordered helper only; excludes Flow index maintenance and holder projection","mode":"equal_priority_no_match","waiters_W":10,"holders_H":10,"repeat":4,"calls":90909,"elapsed_ns":1657552,"ns_per_call":18.2331,"yielded_waiters_per_call_untimed":1,"expected_pair":"none","verified":true,"attempt_count":1,"attempts":[{"attempt":1,"calls":90909,"elapsed_ns":1657552}],"calibration_stop_reason":"minimum_batch_duration_reached","precision_status":"minimum_batch_duration_reached","max_calls":1000000,"max_calibration_attempts":5,"min_batch_ns":1000000,"initial_call_formula":"clamp(1000000 / max(1,H+yielded_waiters),1,1000000)","timed_operations":"loop and ordered helper invocations with black-boxed result","waiters_sorted_outside_timer":true,"fixture_creation_and_holder_construction_excluded":true,"production_flow_integrated":false,"end_to_end_speedup_claim":false}
Native owner (ubuntu-24.04)	Q5.2 supplementary queue benchmark checks	2026-10-05T02:04:46.3273441Z Q52_ROW {"scenario":"historical_sorting_reference","implementation_label":"historical_sorting_reference","match":"no_match","waiters_W":10,"holders_H":10,"repeat":5,"calls":1000,"waiter_sort_items":10000,"waiters_attempted":10000,"holder_candidates_examined":100000,"elapsed_ns":110230,"ops":1000,"ns_per_call":110.2300,"calls_per_second":9071940.4881,"expected_pair":"none","verified":true}
Native owner (ubuntu-24.04)	Q5.2 supplementary queue benchmark checks	2026-10-05T02:04:46.3288380Z Q52_ROW {"scenario":"production_ordered_selector_kernel","scope_label":"ordered helper only; excludes Flow index maintenance and holder projection","mode":"equal_priority_no_match","waiters_W":10,"holders_H":10,"repeat":5,"calls":90909,"elapsed_ns":1660208,"ns_per_call":18.2623,"yielded_waiters_per_call_untimed":1,"expected_pair":"none","verified":true,"attempt_count":1,"attempts":[{"attempt":1,"calls":90909,"elapsed_ns":1660208}],"calibration_stop_reason":"minimum_batch_duration_reached","precision_status":"minimum_batch_duration_reached","max_calls":1000000,"max_calibration_attempts":5,"min_batch_ns":1000000,"initial_call_formula":"clamp(1000000 / max(1,H+yielded_waiters),1,1000000)","timed_operations":"loop and ordered helper invocations with black-boxed result","waiters_sorted_outside_timer":true,"fixture_creation_and_holder_construction_excluded":true,"production_flow_integrated":false,"end_to_end_speedup_claim":false}
Native owner (ubuntu-24.04)	Q5.2 supplementary queue benchmark checks	2026-10-05T02:04:46.3291521Z Q52_ROW {"scenario":"historical_sorting_reference","implementation_label":"historical_sorting_reference","match":"matched","waiters_W":10,"holders_H":10,"repeat":1,"calls":1000,"waiter_sort_items":10000,"waiters_attempted":1000,"holder_candidates_examined":10000,"elapsed_ns":40642,"ops":1000,"ns_per_call":40.6420,"calls_per_second":24605088.3323,"expected_pair":"0:9","verified":true}
Native owner (ubuntu-24.04)	Q5.2 supplementary queue benchmark checks	2026-10-05T02:04:46.3306399Z Q52_ROW {"scenario":"production_ordered_selector_kernel","scope_label":"ordered helper only; excludes Flow index maintenance and holder projection","mode":"matched","waiters_W":10,"holders_H":10,"repeat":1,"calls":90909,"elapsed_ns":1747344,"ns_per_call":19.2208,"yielded_waiters_per_call_untimed":1,"expected_pair":"0:9","verified":true,"attempt_count":1,"attempts":[{"attempt":1,"calls":90909,"elapsed_ns":1747344}],"calibration_stop_reason":"minimum_batch_duration_reached","precision_status":"minimum_batch_duration_reached","max_calls":1000000,"max_calibration_attempts":5,"min_batch_ns":1000000,"initial_call_formula":"clamp(1000000 / max(1,H+yielded_waiters),1,1000000)","timed_operations":"loop and ordered helper invocations with black-boxed result","waiters_sorted_outside_timer":true,"fixture_creation_and_holder_construction_excluded":true,"production_flow_integrated":false,"end_to_end_speedup_claim":false}
Native owner (ubuntu-24.04)	Q5.2 supplementary queue benchmark checks	2026-10-05T02:04:46.3309409Z Q52_ROW {"scenario":"historical_sorting_reference","implementation_label":"historical_sorting_reference","match":"matched","waiters_W":10,"holders_H":10,"repeat":2,"calls":1000,"waiter_sort_items":10000,"waiters_attempted":1000,"holder_candidates_examined":10000,"elapsed_ns":41857,"ops":1000,"ns_per_call":41.8570,"calls_per_second":23890866.5217,"expected_pair":"0:9","verified":true}
Native owner (ubuntu-24.04)	Q5.2 supplementary queue benchmark checks	2026-10-05T02:04:46.3325029Z Q52_ROW {"scenario":"production_ordered_selector_kernel","scope_label":"ordered helper only; excludes Flow index maintenance and holder projection","mode":"matched","waiters_W":10,"holders_H":10,"repeat":2,"calls":90909,"elapsed_ns":1783497,"ns_per_call":19.6185,"yielded_waiters_per_call_untimed":1,"expected_pair":"0:9","verified":true,"attempt_count":1,"attempts":[{"attempt":1,"calls":90909,"elapsed_ns":1783497}],"calibration_stop_reason":"minimum_batch_duration_reached","precision_status":"minimum_batch_duration_reached","max_calls":1000000,"max_calibration_attempts":5,"min_batch_ns":1000000,"initial_call_formula":"clamp(1000000 / max(1,H+yielded_waiters),1,1000000)","timed_operations":"loop and ordered helper invocations with black-boxed result","waiters_sorted_outside_timer":true,"fixture_creation_and_holder_construction_excluded":true,"production_flow_integrated":false,"end_to_end_speedup_claim":false}
Native owner (ubuntu-24.04)	Q5.2 supplementary queue benchmark checks	2026-10-05T02:04:46.3327769Z Q52_ROW {"scenario":"historical_sorting_reference","implementation_label":"historical_sorting_reference","match":"matched","waiters_W":10,"holders_H":10,"repeat":3,"calls":1000,"waiter_sort_items":10000,"waiters_attempted":1000,"holder_candidates_examined":10000,"elapsed_ns":42015,"ops":1000,"ns_per_call":42.0150,"calls_per_second":23801023.4440,"expected_pair":"0:9","verified":true}
Native owner (ubuntu-24.04)	Q5.2 supplementary queue benchmark checks	2026-10-05T02:04:46.3342896Z Q52_ROW {"scenario":"production_ordered_selector_kernel","scope_label":"ordered helper only; excludes Flow index maintenance and holder projection","mode":"matched","waiters_W":10,"holders_H":10,"repeat":3,"calls":90909,"elapsed_ns":1766048,"ns_per_call":19.4265,"yielded_waiters_per_call_untimed":1,"expected_pair":"0:9","verified":true,"attempt_count":1,"attempts":[{"attempt":1,"calls":90909,"elapsed_ns":1766048}],"calibration_stop_reason":"minimum_batch_duration_reached","precision_status":"minimum_batch_duration_reached","max_calls":1000000,"max_calibration_attempts":5,"min_batch_ns":1000000,"initial_call_formula":"clamp(1000000 / max(1,H+yielded_waiters),1,1000000)","timed_operations":"loop and ordered helper invocations with black-boxed result","waiters_sorted_outside_timer":true,"fixture_creation_and_holder_construction_excluded":true,"production_flow_integrated":false,"end_to_end_speedup_claim":false}
Native owner (ubuntu-24.04)	Q5.2 supplementary queue benchmark checks	2026-10-05T02:04:46.3345648Z Q52_ROW {"scenario":"historical_sorting_reference","implementation_label":"historical_sorting_reference","match":"matched","waiters_W":10,"holders_H":10,"repeat":4,"calls":1000,"waiter_sort_items":10000,"waiters_attempted":1000,"holder_candidates_examined":10000,"elapsed_ns":41602,"ops":1000,"ns_per_call":41.6020,"calls_per_second":24037305.8988,"expected_pair":"0:9","verified":true}
Native owner (ubuntu-24.04)	Q5.2 supplementary queue benchmark checks	2026-10-05T02:04:46.3360883Z Q52_ROW {"scenario":"production_ordered_selector_kernel","scope_label":"ordered helper only; excludes Flow index maintenance and holder projection","mode":"matched","waiters_W":10,"holders_H":10,"repeat":4,"calls":90909,"elapsed_ns":1738854,"ns_per_call":19.1274,"yielded_waiters_per_call_untimed":1,"expected_pair":"0:9","verified":true,"attempt_count":1,"attempts":[{"attempt":1,"calls":90909,"elapsed_ns":1738854}],"calibration_stop_reason":"minimum_batch_duration_reached","precision_status":"minimum_batch_duration_reached","max_calls":1000000,"max_calibration_attempts":5,"min_batch_ns":1000000,"initial_call_formula":"clamp(1000000 / max(1,H+yielded_waiters),1,1000000)","timed_operations":"loop and ordered helper invocations with black-boxed result","waiters_sorted_outside_timer":true,"fixture_creation_and_holder_construction_excluded":true,"production_flow_integrated":false,"end_to_end_speedup_claim":false}
Native owner (ubuntu-24.04)	Q5.2 supplementary queue benchmark checks	2026-10-05T02:04:46.3363685Z Q52_ROW {"scenario":"historical_sorting_reference","implementation_label":"historical_sorting_reference","match":"matched","waiters_W":10,"holders_H":10,"repeat":5,"calls":1000,"waiter_sort_items":10000,"waiters_attempted":1000,"holder_candidates_examined":10000,"elapsed_ns":40489,"ops":1000,"ns_per_call":40.4890,"calls_per_second":24698066.1414,"expected_pair":"0:9","verified":true}
Native owner (ubuntu-24.04)	Q5.2 supplementary queue benchmark checks	2026-10-05T02:04:46.3379074Z Q52_ROW {"scenario":"production_ordered_selector_kernel","scope_label":"ordered helper only; excludes Flow index maintenance and holder projection","mode":"matched","waiters_W":10,"holders_H":10,"repeat":5,"calls":90909,"elapsed_ns":1749763,"ns_per_call":19.2474,"yielded_waiters_per_call_untimed":1,"expected_pair":"0:9","verified":true,"attempt_count":1,"attempts":[{"attempt":1,"calls":90909,"elapsed_ns":1749763}],"calibration_stop_reason":"minimum_batch_duration_reached","precision_status":"minimum_batch_duration_reached","max_calls":1000000,"max_calibration_attempts":5,"min_batch_ns":1000000,"initial_call_formula":"clamp(1000000 / max(1,H+yielded_waiters),1,1000000)","timed_operations":"loop and ordered helper invocations with black-boxed result","waiters_sorted_outside_timer":true,"fixture_creation_and_holder_construction_excluded":true,"production_flow_integrated":false,"end_to_end_speedup_claim":false}
Native owner (ubuntu-24.04)	Q5.2 supplementary queue benchmark checks	2026-10-05T02:04:46.3402142Z Q52_ROW {"scenario":"production_ordered_selector_kernel","scope_label":"ordered helper only; excludes Flow index maintenance and holder projection","mode":"ineligible_holders","waiters_W":10,"holders_H":10,"repeat":1,"calls":200000,"elapsed_ns":1516051,"ns_per_call":7.5803,"yielded_waiters_per_call_untimed":0,"expected_pair":"none","verified":true,"attempt_count":2,"attempts":[{"attempt":1,"calls":100000,"elapsed_ns":777925},{"attempt":2,"calls":200000,"elapsed_ns":1516051}],"calibration_stop_reason":"minimum_batch_duration_reached","precision_status":"minimum_batch_duration_reached","max_calls":1000000,"max_calibration_attempts":5,"min_batch_ns":1000000,"initial_call_formula":"clamp(1000000 / max(1,H+yielded_waiters),1,1000000)","timed_operations":"loop and ordered helper invocations with black-boxed result","waiters_sorted_outside_timer":true,"fixture_creation_and_holder_construction_excluded":true,"production_flow_integrated":false,"end_to_end_speedup_claim":false}
Native owner (ubuntu-24.04)	Q5.2 supplementary queue benchmark checks	2026-10-05T02:04:46.3425677Z Q52_ROW {"scenario":"production_ordered_selector_kernel","scope_label":"ordered helper only; excludes Flow index maintenance and holder projection","mode":"ineligible_holders","waiters_W":10,"holders_H":10,"repeat":2,"calls":200000,"elapsed_ns":1559687,"ns_per_call":7.7984,"yielded_waiters_per_call_untimed":0,"expected_pair":"none","verified":true,"attempt_count":2,"attempts":[{"attempt":1,"calls":100000,"elapsed_ns":799444},{"attempt":2,"calls":200000,"elapsed_ns":1559687}],"calibration_stop_reason":"minimum_batch_duration_reached","precision_status":"minimum_batch_duration_reached","max_calls":1000000,"max_calibration_attempts":5,"min_batch_ns":1000000,"initial_call_formula":"clamp(1000000 / max(1,H+yielded_waiters),1,1000000)","timed_operations":"loop and ordered helper invocations with black-boxed result","waiters_sorted_outside_timer":true,"fixture_creation_and_holder_construction_excluded":true,"production_flow_integrated":false,"end_to_end_speedup_claim":false}
Native owner (ubuntu-24.04)	Q5.2 supplementary queue benchmark checks	2026-10-05T02:04:46.3448504Z Q52_ROW {"scenario":"production_ordered_selector_kernel","scope_label":"ordered helper only; excludes Flow index maintenance and holder projection","mode":"ineligible_holders","waiters_W":10,"holders_H":10,"repeat":3,"calls":200000,"elapsed_ns":1455861,"ns_per_call":7.2793,"yielded_waiters_per_call_untimed":0,"expected_pair":"none","verified":true,"attempt_count":2,"attempts":[{"attempt":1,"calls":100000,"elapsed_ns":798798},{"attempt":2,"calls":200000,"elapsed_ns":1455861}],"calibration_stop_reason":"minimum_batch_duration_reached","precision_status":"minimum_batch_duration_reached","max_calls":1000000,"max_calibration_attempts":5,"min_batch_ns":1000000,"initial_call_formula":"clamp(1000000 / max(1,H+yielded_waiters),1,1000000)","timed_operations":"loop and ordered helper invocations with black-boxed result","waiters_sorted_outside_timer":true,"fixture_creation_and_holder_construction_excluded":true,"production_flow_integrated":false,"end_to_end_speedup_claim":false}
Native owner (ubuntu-24.04)	Q5.2 supplementary queue benchmark checks	2026-10-05T02:04:46.3472019Z Q52_ROW {"scenario":"production_ordered_selector_kernel","scope_label":"ordered helper only; excludes Flow index maintenance and holder projection","mode":"ineligible_holders","waiters_W":10,"holders_H":10,"repeat":4,"calls":200000,"elapsed_ns":1582176,"ns_per_call":7.9109,"yielded_waiters_per_call_untimed":0,"expected_pair":"none","verified":true,"attempt_count":2,"attempts":[{"attempt":1,"calls":100000,"elapsed_ns":764663},{"attempt":2,"calls":200000,"elapsed_ns":1582176}],"calibration_stop_reason":"minimum_batch_duration_reached","precision_status":"minimum_batch_duration_reached","max_calls":1000000,"max_calibration_attempts":5,"min_batch_ns":1000000,"initial_call_formula":"clamp(1000000 / max(1,H+yielded_waiters),1,1000000)","timed_operations":"loop and ordered helper invocations with black-boxed result","waiters_sorted_outside_timer":true,"fixture_creation_and_holder_construction_excluded":true,"production_flow_integrated":false,"end_to_end_speedup_claim":false}
Native owner (ubuntu-24.04)	Q5.2 supplementary queue benchmark checks	2026-10-05T02:04:46.3495689Z Q52_ROW {"scenario":"production_ordered_selector_kernel","scope_label":"ordered helper only; excludes Flow index maintenance and holder projection","mode":"ineligible_holders","waiters_W":10,"holders_H":10,"repeat":5,"calls":200000,"elapsed_ns":1559994,"ns_per_call":7.8000,"yielded_waiters_per_call_untimed":0,"expected_pair":"none","verified":true,"attempt_count":2,"attempts":[{"attempt":1,"calls":100000,"elapsed_ns":795957},{"attempt":2,"calls":200000,"elapsed_ns":1559994}],"calibration_stop_reason":"minimum_batch_duration_reached","precision_status":"minimum_batch_duration_reached","max_calls":1000000,"max_calibration_attempts":5,"min_batch_ns":1000000,"initial_call_formula":"clamp(1000000 / max(1,H+yielded_waiters),1,1000000)","timed_operations":"loop and ordered helper invocations with black-boxed result","waiters_sorted_outside_timer":true,"fixture_creation_and_holder_construction_excluded":true,"production_flow_integrated":false,"end_to_end_speedup_claim":false}
Native owner (ubuntu-24.04)	Q5.2 supplementary queue benchmark checks	2026-10-05T02:04:46.3507158Z Q52_ROW {"scenario":"production_ordered_selector_kernel","scope_label":"ordered helper only; excludes Flow index maintenance and holder projection","mode":"all_nonpreempting_waiters","waiters_W":10,"holders_H":10,"repeat":1,"calls":50000,"elapsed_ns":1150140,"ns_per_call":23.0028,"yielded_waiters_per_call_untimed":10,"expected_pair":"none","verified":true,"attempt_count":1,"attempts":[{"attempt":1,"calls":50000,"elapsed_ns":1150140}],"calibration_stop_reason":"minimum_batch_duration_reached","precision_status":"minimum_batch_duration_reached","max_calls":1000000,"max_calibration_attempts":5,"min_batch_ns":1000000,"initial_call_formula":"clamp(1000000 / max(1,H+yielded_waiters),1,1000000)","timed_operations":"loop and ordered helper invocations with black-boxed result","waiters_sorted_outside_timer":true,"fixture_creation_and_holder_construction_excluded":true,"production_flow_integrated":false,"end_to_end_speedup_claim":false}
Native owner (ubuntu-24.04)	Q5.2 supplementary queue benchmark checks	2026-10-05T02:04:46.3518814Z Q52_ROW {"scenario":"production_ordered_selector_kernel","scope_label":"ordered helper only; excludes Flow index maintenance and holder projection","mode":"all_nonpreempting_waiters","waiters_W":10,"holders_H":10,"repeat":2,"calls":50000,"elapsed_ns":1149287,"ns_per_call":22.9857,"yielded_waiters_per_call_untimed":10,"expected_pair":"none","verified":true,"attempt_count":1,"attempts":[{"attempt":1,"calls":50000,"elapsed_ns":1149287}],"calibration_stop_reason":"minimum_batch_duration_reached","precision_status":"minimum_batch_duration_reached","max_calls":1000000,"max_calibration_attempts":5,"min_batch_ns":1000000,"initial_call_formula":"clamp(1000000 / max(1,H+yielded_waiters),1,1000000)","timed_operations":"loop and ordered helper invocations with black-boxed result","waiters_sorted_outside_timer":true,"fixture_creation_and_holder_construction_excluded":true,"production_flow_integrated":false,"end_to_end_speedup_claim":false}
Native owner (ubuntu-24.04)	Q5.2 supplementary queue benchmark checks	2026-10-05T02:04:46.3530237Z Q52_ROW {"scenario":"production_ordered_selector_kernel","scope_label":"ordered helper only; excludes Flow index maintenance and holder projection","mode":"all_nonpreempting_waiters","waiters_W":10,"holders_H":10,"repeat":3,"calls":50000,"elapsed_ns":1149729,"ns_per_call":22.9946,"yielded_waiters_per_call_untimed":10,"expected_pair":"none","verified":true,"attempt_count":1,"attempts":[{"attempt":1,"calls":50000,"elapsed_ns":1149729}],"calibration_stop_reason":"minimum_batch_duration_reached","precision_status":"minimum_batch_duration_reached","max_calls":1000000,"max_calibration_attempts":5,"min_batch_ns":1000000,"initial_call_formula":"clamp(1000000 / max(1,H+yielded_waiters),1,1000000)","timed_operations":"loop and ordered helper invocations with black-boxed result","waiters_sorted_outside_timer":true,"fixture_creation_and_holder_construction_excluded":true,"production_flow_integrated":false,"end_to_end_speedup_claim":false}
Native owner (ubuntu-24.04)	Q5.2 supplementary queue benchmark checks	2026-10-05T02:04:46.3541893Z Q52_ROW {"scenario":"production_ordered_selector_kernel","scope_label":"ordered helper only; excludes Flow index maintenance and holder projection","mode":"all_nonpreempting_waiters","waiters_W":10,"holders_H":10,"repeat":4,"calls":50000,"elapsed_ns":1165440,"ns_per_call":23.3088,"yielded_waiters_per_call_untimed":10,"expected_pair":"none","verified":true,"attempt_count":1,"attempts":[{"attempt":1,"calls":50000,"elapsed_ns":1165440}],"calibration_stop_reason":"minimum_batch_duration_reached","precision_status":"minimum_batch_duration_reached","max_calls":1000000,"max_calibration_attempts":5,"min_batch_ns":1000000,"initial_call_formula":"clamp(1000000 / max(1,H+yielded_waiters),1,1000000)","timed_operations":"loop and ordered helper invocations with black-boxed result","waiters_sorted_outside_timer":true,"fixture_creation_and_holder_construction_excluded":true,"production_flow_integrated":false,"end_to_end_speedup_claim":false}
Native owner (ubuntu-24.04)	Q5.2 supplementary queue benchmark checks	2026-10-05T02:04:46.3553656Z Q52_ROW {"scenario":"production_ordered_selector_kernel","scope_label":"ordered helper only; excludes Flow index maintenance and holder projection","mode":"all_nonpreempting_waiters","waiters_W":10,"holders_H":10,"repeat":5,"calls":50000,"elapsed_ns":1156965,"ns_per_call":23.1393,"yielded_waiters_per_call_untimed":10,"expected_pair":"none","verified":true,"attempt_count":1,"attempts":[{"attempt":1,"calls":50000,"elapsed_ns":1156965}],"calibration_stop_reason":"minimum_batch_duration_reached","precision_status":"minimum_batch_duration_reached","max_calls":1000000,"max_calibration_attempts":5,"min_batch_ns":1000000,"initial_call_formula":"clamp(1000000 / max(1,H+yielded_waiters),1,1000000)","timed_operations":"loop and ordered helper invocations with black-boxed result","waiters_sorted_outside_timer":true,"fixture_creation_and_holder_construction_excluded":true,"production_flow_integrated":false,"end_to_end_speedup_claim":false}
Native owner (ubuntu-24.04)	Q5.2 supplementary queue benchmark checks	2026-10-05T02:04:46.3558581Z Q52_ROW {"scenario":"historical_sorting_reference","implementation_label":"historical_sorting_reference","match":"no_match","waiters_W":10,"holders_H":100,"repeat":1,"calls":961,"waiter_sort_items":9610,"waiters_attempted":9610,"holder_candidates_examined":961000,"elapsed_ns":606302,"ops":961,"ns_per_call":630.9074,"calls_per_second":1585018.6871,"expected_pair":"none","verified":true}
Native owner (ubuntu-24.04)	Q5.2 supplementary queue benchmark checks	2026-10-05T02:04:46.3579010Z Q52_ROW {"scenario":"production_ordered_selector_kernel","scope_label":"ordered helper only; excludes Flow index maintenance and holder projection","mode":"equal_priority_no_match","waiters_W":10,"holders_H":100,"repeat":1,"calls":9900,"elapsed_ns":1894484,"ns_per_call":191.3620,"yielded_waiters_per_call_untimed":1,"expected_pair":"none","verified":true,"attempt_count":1,"attempts":[{"attempt":1,"calls":9900,"elapsed_ns":1894484}],"calibration_stop_reason":"minimum_batch_duration_reached","precision_status":"minimum_batch_duration_reached","max_calls":1000000,"max_calibration_attempts":5,"min_batch_ns":1000000,"initial_call_formula":"clamp(1000000 / max(1,H+yielded_waiters),1,1000000)","timed_operations":"loop and ordered helper invocations with black-boxed result","waiters_sorted_outside_timer":true,"fixture_creation_and_holder_construction_excluded":true,"production_flow_integrated":false,"end_to_end_speedup_claim":false}
Native owner (ubuntu-24.04)	Q5.2 supplementary queue benchmark checks	2026-10-05T02:04:46.3583863Z Q52_ROW {"scenario":"historical_sorting_reference","implementation_label":"historical_sorting_reference","match":"no_match","waiters_W":10,"holders_H":100,"repeat":2,"calls":961,"waiter_sort_items":9610,"waiters_attempted":9610,"holder_candidates_examined":961000,"elapsed_ns":617313,"ops":961,"ns_per_call":642.3652,"calls_per_second":1556746.7395,"expected_pair":"none","verified":true}
Native owner (ubuntu-24.04)	Q5.2 supplementary queue benchmark checks	2026-10-05T02:04:46.3604136Z Q52_ROW {"scenario":"production_ordered_selector_kernel","scope_label":"ordered helper only; excludes Flow index maintenance and holder projection","mode":"equal_priority_no_match","waiters_W":10,"holders_H":100,"repeat":2,"calls":9900,"elapsed_ns":1902850,"ns_per_call":192.2071,"yielded_waiters_per_call_untimed":1,"expected_pair":"none","verified":true,"attempt_count":1,"attempts":[{"attempt":1,"calls":9900,"elapsed_ns":1902850}],"calibration_stop_reason":"minimum_batch_duration_reached","precision_status":"minimum_batch_duration_reached","max_calls":1000000,"max_calibration_attempts":5,"min_batch_ns":1000000,"initial_call_formula":"clamp(1000000 / max(1,H+yielded_waiters),1,1000000)","timed_operations":"loop and ordered helper invocations with black-boxed result","waiters_sorted_outside_timer":true,"fixture_creation_and_holder_construction_excluded":true,"production_flow_integrated":false,"end_to_end_speedup_claim":false}
Native owner (ubuntu-24.04)	Q5.2 supplementary queue benchmark checks	2026-10-05T02:04:46.3609225Z Q52_ROW {"scenario":"historical_sorting_reference","implementation_label":"historical_sorting_reference","match":"no_match","waiters_W":10,"holders_H":100,"repeat":3,"calls":961,"waiter_sort_items":9610,"waiters_attempted":9610,"holder_candidates_examined":961000,"elapsed_ns":605766,"ops":961,"ns_per_call":630.3496,"calls_per_second":1586421.1593,"expected_pair":"none","verified":true}
Native owner (ubuntu-24.04)	Q5.2 supplementary queue benchmark checks	2026-10-05T02:04:46.3629564Z Q52_ROW {"scenario":"production_ordered_selector_kernel","scope_label":"ordered helper only; excludes Flow index maintenance and holder projection","mode":"equal_priority_no_match","waiters_W":10,"holders_H":100,"repeat":3,"calls":9900,"elapsed_ns":1906139,"ns_per_call":192.5393,"yielded_waiters_per_call_untimed":1,"expected_pair":"none","verified":true,"attempt_count":1,"attempts":[{"attempt":1,"calls":9900,"elapsed_ns":1906139}],"calibration_stop_reason":"minimum_batch_duration_reached","precision_status":"minimum_batch_duration_reached","max_calls":1000000,"max_calibration_attempts":5,"min_batch_ns":1000000,"initial_call_formula":"clamp(1000000 / max(1,H+yielded_waiters),1,1000000)","timed_operations":"loop and ordered helper invocations with black-boxed result","waiters_sorted_outside_timer":true,"fixture_creation_and_holder_construction_excluded":true,"production_flow_integrated":false,"end_to_end_speedup_claim":false}
Native owner (ubuntu-24.04)	Q5.2 supplementary queue benchmark checks	2026-10-05T02:04:46.3634494Z Q52_ROW {"scenario":"historical_sorting_reference","implementation_label":"historical_sorting_reference","match":"no_match","waiters_W":10,"holders_H":100,"repeat":4,"calls":961,"waiter_sort_items":9610,"waiters_attempted":9610,"holder_candidates_examined":961000,"elapsed_ns":621964,"ops":961,"ns_per_call":647.2050,"calls_per_second":1545105.5045,"expected_pair":"none","verified":true}
Native owner (ubuntu-24.04)	Q5.2 supplementary queue benchmark checks	2026-10-05T02:04:46.3654757Z Q52_ROW {"scenario":"production_ordered_selector_kernel","scope_label":"ordered helper only; excludes Flow index maintenance and holder projection","mode":"equal_priority_no_match","waiters_W":10,"holders_H":100,"repeat":4,"calls":9900,"elapsed_ns":1897352,"ns_per_call":191.6517,"yielded_waiters_per_call_untimed":1,"expected_pair":"none","verified":true,"attempt_count":1,"attempts":[{"attempt":1,"calls":9900,"elapsed_ns":1897352}],"calibration_stop_reason":"minimum_batch_duration_reached","precision_status":"minimum_batch_duration_reached","max_calls":1000000,"max_calibration_attempts":5,"min_batch_ns":1000000,"initial_call_formula":"clamp(1000000 / max(1,H+yielded_waiters),1,1000000)","timed_operations":"loop and ordered helper invocations with black-boxed result","waiters_sorted_outside_timer":true,"fixture_creation_and_holder_construction_excluded":true,"production_flow_integrated":false,"end_to_end_speedup_claim":false}
Native owner (ubuntu-24.04)	Q5.2 supplementary queue benchmark checks	2026-10-05T02:04:46.3659807Z Q52_ROW {"scenario":"historical_sorting_reference","implementation_label":"historical_sorting_reference","match":"no_match","waiters_W":10,"holders_H":100,"repeat":5,"calls":961,"waiter_sort_items":9610,"waiters_attempted":9610,"holder_candidates_examined":961000,"elapsed_ns":608554,"ops":961,"ns_per_call":633.2508,"calls_per_second":1579153.2058,"expected_pair":"none","verified":true}
Native owner (ubuntu-24.04)	Q5.2 supplementary queue benchmark checks	2026-10-05T02:04:46.3680260Z Q52_ROW {"scenario":"production_ordered_selector_kernel","scope_label":"ordered helper only; excludes Flow index maintenance and holder projection","mode":"equal_priority_no_match","waiters_W":10,"holders_H":100,"repeat":5,"calls":9900,"elapsed_ns":1901024,"ns_per_call":192.0226,"yielded_waiters_per_call_untimed":1,"expected_pair":"none","verified":true,"attempt_count":1,"attempts":[{"attempt":1,"calls":9900,"elapsed_ns":1901024}],"calibration_stop_reason":"minimum_batch_duration_reached","precision_status":"minimum_batch_duration_reached","max_calls":1000000,"max_calibration_attempts":5,"min_batch_ns":1000000,"initial_call_formula":"clamp(1000000 / max(1,H+yielded_waiters),1,1000000)","timed_operations":"loop and ordered helper invocations with black-boxed result","waiters_sorted_outside_timer":true,"fixture_creation_and_holder_construction_excluded":true,"production_flow_integrated":false,"end_to_end_speedup_claim":false}
Native owner (ubuntu-24.04)	Q5.2 supplementary queue benchmark checks	2026-10-05T02:04:46.3683076Z Q52_ROW {"scenario":"historical_sorting_reference","implementation_label":"historical_sorting_reference","match":"matched","waiters_W":10,"holders_H":100,"repeat":1,"calls":1000,"waiter_sort_items":10000,"waiters_attempted":1000,"holder_candidates_examined":100000,"elapsed_ns":243293,"ops":1000,"ns_per_call":243.2930,"calls_per_second":4110270.3325,"expected_pair":"0:99","verified":true}
Native owner (ubuntu-24.04)	Q5.2 supplementary queue benchmark checks	2026-10-05T02:04:46.3701984Z Q52_ROW {"scenario":"production_ordered_selector_kernel","scope_label":"ordered helper only; excludes Flow index maintenance and holder projection","mode":"matched","waiters_W":10,"holders_H":100,"repeat":1,"calls":9900,"elapsed_ns":1905165,"ns_per_call":192.4409,"yielded_waiters_per_call_untimed":1,"expected_pair":"0:99","verified":true,"attempt_count":1,"attempts":[{"attempt":1,"calls":9900,"elapsed_ns":1905165}],"calibration_stop_reason":"minimum_batch_duration_reached","precision_status":"minimum_batch_duration_reached","max_calls":1000000,"max_calibration_attempts":5,"min_batch_ns":1000000,"initial_call_formula":"clamp(1000000 / max(1,H+yielded_waiters),1,1000000)","timed_operations":"loop and ordered helper invocations with black-boxed result","waiters_sorted_outside_timer":true,"fixture_creation_and_holder_construction_excluded":true,"production_flow_integrated":false,"end_to_end_speedup_claim":false}
Native owner (ubuntu-24.04)	Q5.2 supplementary queue benchmark checks	2026-10-05T02:04:46.3704910Z Q52_ROW {"scenario":"historical_sorting_reference","implementation_label":"historical_sorting_reference","match":"matched","waiters_W":10,"holders_H":100,"repeat":2,"calls":1000,"waiter_sort_items":10000,"waiters_attempted":1000,"holder_candidates_examined":100000,"elapsed_ns":230979,"ops":1000,"ns_per_call":230.9790,"calls_per_second":4329397.9106,"expected_pair":"0:99","verified":true}
Native owner (ubuntu-24.04)	Q5.2 supplementary queue benchmark checks	2026-10-05T02:04:46.3723402Z Q52_ROW {"scenario":"production_ordered_selector_kernel","scope_label":"ordered helper only; excludes Flow index maintenance and holder projection","mode":"matched","waiters_W":10,"holders_H":100,"repeat":2,"calls":9900,"elapsed_ns":1897360,"ns_per_call":191.6525,"yielded_waiters_per_call_untimed":1,"expected_pair":"0:99","verified":true,"attempt_count":1,"attempts":[{"attempt":1,"calls":9900,"elapsed_ns":1897360}],"calibration_stop_reason":"minimum_batch_duration_reached","precision_status":"minimum_batch_duration_reached","max_calls":1000000,"max_calibration_attempts":5,"min_batch_ns":1000000,"initial_call_formula":"clamp(1000000 / max(1,H+yielded_waiters),1,1000000)","timed_operations":"loop and ordered helper invocations with black-boxed result","waiters_sorted_outside_timer":true,"fixture_creation_and_holder_construction_excluded":true,"production_flow_integrated":false,"end_to_end_speedup_claim":false}
Native owner (ubuntu-24.04)	Q5.2 supplementary queue benchmark checks	2026-10-05T02:04:46.3726444Z Q52_ROW {"scenario":"historical_sorting_reference","implementation_label":"historical_sorting_reference","match":"matched","waiters_W":10,"holders_H":100,"repeat":3,"calls":1000,"waiter_sort_items":10000,"waiters_attempted":1000,"holder_candidates_examined":100000,"elapsed_ns":237253,"ops":1000,"ns_per_call":237.2530,"calls_per_second":4214909.8220,"expected_pair":"0:99","verified":true}
Native owner (ubuntu-24.04)	Q5.2 supplementary queue benchmark checks	2026-10-05T02:04:46.3744496Z Q52_ROW {"scenario":"production_ordered_selector_kernel","scope_label":"ordered helper only; excludes Flow index maintenance and holder projection","mode":"matched","waiters_W":10,"holders_H":100,"repeat":3,"calls":9900,"elapsed_ns":1880110,"ns_per_call":189.9101,"yielded_waiters_per_call_untimed":1,"expected_pair":"0:99","verified":true,"attempt_count":1,"attempts":[{"attempt":1,"calls":9900,"elapsed_ns":1880110}],"calibration_stop_reason":"minimum_batch_duration_reached","precision_status":"minimum_batch_duration_reached","max_calls":1000000,"max_calibration_attempts":5,"min_batch_ns":1000000,"initial_call_formula":"clamp(1000000 / max(1,H+yielded_waiters),1,1000000)","timed_operations":"loop and ordered helper invocations with black-boxed result","waiters_sorted_outside_timer":true,"fixture_creation_and_holder_construction_excluded":true,"production_flow_integrated":false,"end_to_end_speedup_claim":false}
Native owner (ubuntu-24.04)	Q5.2 supplementary queue benchmark checks	2026-10-05T02:04:46.3747253Z Q52_ROW {"scenario":"historical_sorting_reference","implementation_label":"historical_sorting_reference","match":"matched","waiters_W":10,"holders_H":100,"repeat":4,"calls":1000,"waiter_sort_items":10000,"waiters_attempted":1000,"holder_candidates_examined":100000,"elapsed_ns":232962,"ops":1000,"ns_per_call":232.9620,"calls_per_second":4292545.5654,"expected_pair":"0:99","verified":true}
Native owner (ubuntu-24.04)	Q5.2 supplementary queue benchmark checks	2026-10-05T02:04:46.3766146Z Q52_ROW {"scenario":"production_ordered_selector_kernel","scope_label":"ordered helper only; excludes Flow index maintenance and holder projection","mode":"matched","waiters_W":10,"holders_H":100,"repeat":4,"calls":9900,"elapsed_ns":1888200,"ns_per_call":190.7273,"yielded_waiters_per_call_untimed":1,"expected_pair":"0:99","verified":true,"attempt_count":1,"attempts":[{"attempt":1,"calls":9900,"elapsed_ns":1888200}],"calibration_stop_reason":"minimum_batch_duration_reached","precision_status":"minimum_batch_duration_reached","max_calls":1000000,"max_calibration_attempts":5,"min_batch_ns":1000000,"initial_call_formula":"clamp(1000000 / max(1,H+yielded_waiters),1,1000000)","timed_operations":"loop and ordered helper invocations with black-boxed result","waiters_sorted_outside_timer":true,"fixture_creation_and_holder_construction_excluded":true,"production_flow_integrated":false,"end_to_end_speedup_claim":false}
Native owner (ubuntu-24.04)	Q5.2 supplementary queue benchmark checks	2026-10-05T02:04:46.3769216Z Q52_ROW {"scenario":"historical_sorting_reference","implementation_label":"historical_sorting_reference","match":"matched","waiters_W":10,"holders_H":100,"repeat":5,"calls":1000,"waiter_sort_items":10000,"waiters_attempted":1000,"holder_candidates_examined":100000,"elapsed_ns":236743,"ops":1000,"ns_per_call":236.7430,"calls_per_second":4223989.7273,"expected_pair":"0:99","verified":true}
Native owner (ubuntu-24.04)	Q5.2 supplementary queue benchmark checks	2026-10-05T02:04:46.3787318Z Q52_ROW {"scenario":"production_ordered_selector_kernel","scope_label":"ordered helper only; excludes Flow index maintenance and holder projection","mode":"matched","waiters_W":10,"holders_H":100,"repeat":5,"calls":9900,"elapsed_ns":1889280,"ns_per_call":190.8364,"yielded_waiters_per_call_untimed":1,"expected_pair":"0:99","verified":true,"attempt_count":1,"attempts":[{"attempt":1,"calls":9900,"elapsed_ns":1889280}],"calibration_stop_reason":"minimum_batch_duration_reached","precision_status":"minimum_batch_duration_reached","max_calls":1000000,"max_calibration_attempts":5,"min_batch_ns":1000000,"initial_call_formula":"clamp(1000000 / max(1,H+yielded_waiters),1,1000000)","timed_operations":"loop and ordered helper invocations with black-boxed result","waiters_sorted_outside_timer":true,"fixture_creation_and_holder_construction_excluded":true,"production_flow_integrated":false,"end_to_end_speedup_claim":false}
Native owner (ubuntu-24.04)	Q5.2 supplementary queue benchmark checks	2026-10-05T02:04:46.3806308Z Q52_ROW {"scenario":"production_ordered_selector_kernel","scope_label":"ordered helper only; excludes Flow index maintenance and holder projection","mode":"ineligible_holders","waiters_W":10,"holders_H":100,"repeat":1,"calls":20000,"elapsed_ns":1251276,"ns_per_call":62.5638,"yielded_waiters_per_call_untimed":0,"expected_pair":"none","verified":true,"attempt_count":2,"attempts":[{"attempt":1,"calls":10000,"elapsed_ns":631636},{"attempt":2,"calls":20000,"elapsed_ns":1251276}],"calibration_stop_reason":"minimum_batch_duration_reached","precision_status":"minimum_batch_duration_reached","max_calls":1000000,"max_calibration_attempts":5,"min_batch_ns":1000000,"initial_call_formula":"clamp(1000000 / max(1,H+yielded_waiters),1,1000000)","timed_operations":"loop and ordered helper invocations with black-boxed result","waiters_sorted_outside_timer":true,"fixture_creation_and_holder_construction_excluded":true,"production_flow_integrated":false,"end_to_end_speedup_claim":false}
Native owner (ubuntu-24.04)	Q5.2 supplementary queue benchmark checks	2026-10-05T02:04:46.3825023Z Q52_ROW {"scenario":"production_ordered_selector_kernel","scope_label":"ordered helper only; excludes Flow index maintenance and holder projection","mode":"ineligible_holders","waiters_W":10,"holders_H":100,"repeat":2,"calls":20000,"elapsed_ns":1247383,"ns_per_call":62.3691,"yielded_waiters_per_call_untimed":0,"expected_pair":"none","verified":true,"attempt_count":2,"attempts":[{"attempt":1,"calls":10000,"elapsed_ns":618677},{"attempt":2,"calls":20000,"elapsed_ns":1247383}],"calibration_stop_reason":"minimum_batch_duration_reached","precision_status":"minimum_batch_duration_reached","max_calls":1000000,"max_calibration_attempts":5,"min_batch_ns":1000000,"initial_call_formula":"clamp(1000000 / max(1,H+yielded_waiters),1,1000000)","timed_operations":"loop and ordered helper invocations with black-boxed result","waiters_sorted_outside_timer":true,"fixture_creation_and_holder_construction_excluded":true,"production_flow_integrated":false,"end_to_end_speedup_claim":false}
Native owner (ubuntu-24.04)	Q5.2 supplementary queue benchmark checks	2026-10-05T02:04:46.3843601Z Q52_ROW {"scenario":"production_ordered_selector_kernel","scope_label":"ordered helper only; excludes Flow index maintenance and holder projection","mode":"ineligible_holders","waiters_W":10,"holders_H":100,"repeat":3,"calls":20000,"elapsed_ns":1236521,"ns_per_call":61.8261,"yielded_waiters_per_call_untimed":0,"expected_pair":"none","verified":true,"attempt_count":2,"attempts":[{"attempt":1,"calls":10000,"elapsed_ns":619715},{"attempt":2,"calls":20000,"elapsed_ns":1236521}],"calibration_stop_reason":"minimum_batch_duration_reached","precision_status":"minimum_batch_duration_reached","max_calls":1000000,"max_calibration_attempts":5,"min_batch_ns":1000000,"initial_call_formula":"clamp(1000000 / max(1,H+yielded_waiters),1,1000000)","timed_operations":"loop and ordered helper invocations with black-boxed result","waiters_sorted_outside_timer":true,"fixture_creation_and_holder_construction_excluded":true,"production_flow_integrated":false,"end_to_end_speedup_claim":false}
Native owner (ubuntu-24.04)	Q5.2 supplementary queue benchmark checks	2026-10-05T02:04:46.3862586Z Q52_ROW {"scenario":"production_ordered_selector_kernel","scope_label":"ordered helper only; excludes Flow index maintenance and holder projection","mode":"ineligible_holders","waiters_W":10,"holders_H":100,"repeat":4,"calls":20000,"elapsed_ns":1257577,"ns_per_call":62.8788,"yielded_waiters_per_call_untimed":0,"expected_pair":"none","verified":true,"attempt_count":2,"attempts":[{"attempt":1,"calls":10000,"elapsed_ns":621054},{"attempt":2,"calls":20000,"elapsed_ns":1257577}],"calibration_stop_reason":"minimum_batch_duration_reached","precision_status":"minimum_batch_duration_reached","max_calls":1000000,"max_calibration_attempts":5,"min_batch_ns":1000000,"initial_call_formula":"clamp(1000000 / max(1,H+yielded_waiters),1,1000000)","timed_operations":"loop and ordered helper invocations with black-boxed result","waiters_sorted_outside_timer":true,"fixture_creation_and_holder_construction_excluded":true,"production_flow_integrated":false,"end_to_end_speedup_claim":false}
Native owner (ubuntu-24.04)	Q5.2 supplementary queue benchmark checks	2026-10-05T02:04:46.3881339Z Q52_ROW {"scenario":"production_ordered_selector_kernel","scope_label":"ordered helper only; excludes Flow index maintenance and holder projection","mode":"ineligible_holders","waiters_W":10,"holders_H":100,"repeat":5,"calls":20000,"elapsed_ns":1237338,"ns_per_call":61.8669,"yielded_waiters_per_call_untimed":0,"expected_pair":"none","verified":true,"attempt_count":2,"attempts":[{"attempt":1,"calls":10000,"elapsed_ns":631410},{"attempt":2,"calls":20000,"elapsed_ns":1237338}],"calibration_stop_reason":"minimum_batch_duration_reached","precision_status":"minimum_batch_duration_reached","max_calls":1000000,"max_calibration_attempts":5,"min_batch_ns":1000000,"initial_call_formula":"clamp(1000000 / max(1,H+yielded_waiters),1,1000000)","timed_operations":"loop and ordered helper invocations with black-boxed result","waiters_sorted_outside_timer":true,"fixture_creation_and_holder_construction_excluded":true,"production_flow_integrated":false,"end_to_end_speedup_claim":false}
Native owner (ubuntu-24.04)	Q5.2 supplementary queue benchmark checks	2026-10-05T02:04:46.3899254Z Q52_ROW {"scenario":"production_ordered_selector_kernel","scope_label":"ordered helper only; excludes Flow index maintenance and holder projection","mode":"all_nonpreempting_waiters","waiters_W":10,"holders_H":100,"repeat":1,"calls":9090,"elapsed_ns":1768493,"ns_per_call":194.5537,"yielded_waiters_per_call_untimed":10,"expected_pair":"none","verified":true,"attempt_count":1,"attempts":[{"attempt":1,"calls":9090,"elapsed_ns":1768493}],"calibration_stop_reason":"minimum_batch_duration_reached","precision_status":"minimum_batch_duration_reached","max_calls":1000000,"max_calibration_attempts":5,"min_batch_ns":1000000,"initial_call_formula":"clamp(1000000 / max(1,H+yielded_waiters),1,1000000)","timed_operations":"loop and ordered helper invocations with black-boxed result","waiters_sorted_outside_timer":true,"fixture_creation_and_holder_construction_excluded":true,"production_flow_integrated":false,"end_to_end_speedup_claim":false}
Native owner (ubuntu-24.04)	Q5.2 supplementary queue benchmark checks	2026-10-05T02:04:46.3916874Z Q52_ROW {"scenario":"production_ordered_selector_kernel","scope_label":"ordered helper only; excludes Flow index maintenance and holder projection","mode":"all_nonpreempting_waiters","waiters_W":10,"holders_H":100,"repeat":2,"calls":9090,"elapsed_ns":1772308,"ns_per_call":194.9734,"yielded_waiters_per_call_untimed":10,"expected_pair":"none","verified":true,"attempt_count":1,"attempts":[{"attempt":1,"calls":9090,"elapsed_ns":1772308}],"calibration_stop_reason":"minimum_batch_duration_reached","precision_status":"minimum_batch_duration_reached","max_calls":1000000,"max_calibration_attempts":5,"min_batch_ns":1000000,"initial_call_formula":"clamp(1000000 / max(1,H+yielded_waiters),1,1000000)","timed_operations":"loop and ordered helper invocations with black-boxed result","waiters_sorted_outside_timer":true,"fixture_creation_and_holder_construction_excluded":true,"production_flow_integrated":false,"end_to_end_speedup_claim":false}
Native owner (ubuntu-24.04)	Q5.2 supplementary queue benchmark checks	2026-10-05T02:04:46.3934549Z Q52_ROW {"scenario":"production_ordered_selector_kernel","scope_label":"ordered helper only; excludes Flow index maintenance and holder projection","mode":"all_nonpreempting_waiters","waiters_W":10,"holders_H":100,"repeat":3,"calls":9090,"elapsed_ns":1769411,"ns_per_call":194.6547,"yielded_waiters_per_call_untimed":10,"expected_pair":"none","verified":true,"attempt_count":1,"attempts":[{"attempt":1,"calls":9090,"elapsed_ns":1769411}],"calibration_stop_reason":"minimum_batch_duration_reached","precision_status":"minimum_batch_duration_reached","max_calls":1000000,"max_calibration_attempts":5,"min_batch_ns":1000000,"initial_call_formula":"clamp(1000000 / max(1,H+yielded_waiters),1,1000000)","timed_operations":"loop and ordered helper invocations with black-boxed result","waiters_sorted_outside_timer":true,"fixture_creation_and_holder_construction_excluded":true,"production_flow_integrated":false,"end_to_end_speedup_claim":false}
Native owner (ubuntu-24.04)	Q5.2 supplementary queue benchmark checks	2026-10-05T02:04:46.3952489Z Q52_ROW {"scenario":"production_ordered_selector_kernel","scope_label":"ordered helper only; excludes Flow index maintenance and holder projection","mode":"all_nonpreempting_waiters","waiters_W":10,"holders_H":100,"repeat":4,"calls":9090,"elapsed_ns":1781059,"ns_per_call":195.9361,"yielded_waiters_per_call_untimed":10,"expected_pair":"none","verified":true,"attempt_count":1,"attempts":[{"attempt":1,"calls":9090,"elapsed_ns":1781059}],"calibration_stop_reason":"minimum_batch_duration_reached","precision_status":"minimum_batch_duration_reached","max_calls":1000000,"max_calibration_attempts":5,"min_batch_ns":1000000,"initial_call_formula":"clamp(1000000 / max(1,H+yielded_waiters),1,1000000)","timed_operations":"loop and ordered helper invocations with black-boxed result","waiters_sorted_outside_timer":true,"fixture_creation_and_holder_construction_excluded":true,"production_flow_integrated":false,"end_to_end_speedup_claim":false}
Native owner (ubuntu-24.04)	Q5.2 supplementary queue benchmark checks	2026-10-05T02:04:46.3970288Z Q52_ROW {"scenario":"production_ordered_selector_kernel","scope_label":"ordered helper only; excludes Flow index maintenance and holder projection","mode":"all_nonpreempting_waiters","waiters_W":10,"holders_H":100,"repeat":5,"calls":9090,"elapsed_ns":1765609,"ns_per_call":194.2364,"yielded_waiters_per_call_untimed":10,"expected_pair":"none","verified":true,"attempt_count":1,"attempts":[{"attempt":1,"calls":9090,"elapsed_ns":1765609}],"calibration_stop_reason":"minimum_batch_duration_reached","precision_status":"minimum_batch_duration_reached","max_calls":1000000,"max_calibration_attempts":5,"min_batch_ns":1000000,"initial_call_formula":"clamp(1000000 / max(1,H+yielded_waiters),1,1000000)","timed_operations":"loop and ordered helper invocations with black-boxed result","waiters_sorted_outside_timer":true,"fixture_creation_and_holder_construction_excluded":true,"production_flow_integrated":false,"end_to_end_speedup_claim":false}
Native owner (ubuntu-24.04)	Q5.2 supplementary queue benchmark checks	2026-10-05T02:04:46.3973250Z Q52_ROW {"scenario":"historical_sorting_reference","implementation_label":"historical_sorting_reference","match":"no_match","waiters_W":1000,"holders_H":1,"repeat":1,"calls":90,"waiter_sort_items":90000,"waiters_attempted":90000,"holder_candidates_examined":90000,"elapsed_ns":278053,"ops":90,"ns_per_call":3089.4778,"calls_per_second":323679.2986,"expected_pair":"none","verified":true}
Native owner (ubuntu-24.04)	Q5.2 supplementary queue benchmark checks	2026-10-05T02:04:46.3990173Z Q52_ROW {"scenario":"production_ordered_selector_kernel","scope_label":"ordered helper only; excludes Flow index maintenance and holder projection","mode":"equal_priority_no_match","waiters_W":1000,"holders_H":1,"repeat":1,"calls":500000,"elapsed_ns":1664260,"ns_per_call":3.3285,"yielded_waiters_per_call_untimed":1,"expected_pair":"none","verified":true,"attempt_count":1,"attempts":[{"attempt":1,"calls":500000,"elapsed_ns":1664260}],"calibration_stop_reason":"minimum_batch_duration_reached","precision_status":"minimum_batch_duration_reached","max_calls":1000000,"max_calibration_attempts":5,"min_batch_ns":1000000,"initial_call_formula":"clamp(1000000 / max(1,H+yielded_waiters),1,1000000)","timed_operations":"loop and ordered helper invocations with black-boxed result","waiters_sorted_outside_timer":true,"fixture_creation_and_holder_construction_excluded":true,"production_flow_integrated":false,"end_to_end_speedup_claim":false}
Native owner (ubuntu-24.04)	Q5.2 supplementary queue benchmark checks	2026-10-05T02:04:46.3993500Z Q52_ROW {"scenario":"historical_sorting_reference","implementation_label":"historical_sorting_reference","match":"no_match","waiters_W":1000,"holders_H":1,"repeat":2,"calls":90,"waiter_sort_items":90000,"waiters_attempted":90000,"holder_candidates_examined":90000,"elapsed_ns":278297,"ops":90,"ns_per_call":3092.1889,"calls_per_second":323395.5091,"expected_pair":"none","verified":true}
Native owner (ubuntu-24.04)	Q5.2 supplementary queue benchmark checks	2026-10-05T02:04:46.4009883Z Q52_ROW {"scenario":"production_ordered_selector_kernel","scope_label":"ordered helper only; excludes Flow index maintenance and holder projection","mode":"equal_priority_no_match","waiters_W":1000,"holders_H":1,"repeat":2,"calls":500000,"elapsed_ns":1663614,"ns_per_call":3.3272,"yielded_waiters_per_call_untimed":1,"expected_pair":"none","verified":true,"attempt_count":1,"attempts":[{"attempt":1,"calls":500000,"elapsed_ns":1663614}],"calibration_stop_reason":"minimum_batch_duration_reached","precision_status":"minimum_batch_duration_reached","max_calls":1000000,"max_calibration_attempts":5,"min_batch_ns":1000000,"initial_call_formula":"clamp(1000000 / max(1,H+yielded_waiters),1,1000000)","timed_operations":"loop and ordered helper invocations with black-boxed result","waiters_sorted_outside_timer":true,"fixture_creation_and_holder_construction_excluded":true,"production_flow_integrated":false,"end_to_end_speedup_claim":false}
Native owner (ubuntu-24.04)	Q5.2 supplementary queue benchmark checks	2026-10-05T02:04:46.4013097Z Q52_ROW {"scenario":"historical_sorting_reference","implementation_label":"historical_sorting_reference","match":"no_match","waiters_W":1000,"holders_H":1,"repeat":3,"calls":90,"waiter_sort_items":90000,"waiters_attempted":90000,"holder_candidates_examined":90000,"elapsed_ns":259747,"ops":90,"ns_per_call":2886.0778,"calls_per_second":346491.0086,"expected_pair":"none","verified":true}
Native owner (ubuntu-24.04)	Q5.2 supplementary queue benchmark checks	2026-10-05T02:04:46.4030068Z Q52_ROW {"scenario":"production_ordered_selector_kernel","scope_label":"ordered helper only; excludes Flow index maintenance and holder projection","mode":"equal_priority_no_match","waiters_W":1000,"holders_H":1,"repeat":3,"calls":500000,"elapsed_ns":1762761,"ns_per_call":3.5255,"yielded_waiters_per_call_untimed":1,"expected_pair":"none","verified":true,"attempt_count":1,"attempts":[{"attempt":1,"calls":500000,"elapsed_ns":1762761}],"calibration_stop_reason":"minimum_batch_duration_reached","precision_status":"minimum_batch_duration_reached","max_calls":1000000,"max_calibration_attempts":5,"min_batch_ns":1000000,"initial_call_formula":"clamp(1000000 / max(1,H+yielded_waiters),1,1000000)","timed_operations":"loop and ordered helper invocations with black-boxed result","waiters_sorted_outside_timer":true,"fixture_creation_and_holder_construction_excluded":true,"production_flow_integrated":false,"end_to_end_speedup_claim":false}
Native owner (ubuntu-24.04)	Q5.2 supplementary queue benchmark checks	2026-10-05T02:04:46.4033274Z Q52_ROW {"scenario":"historical_sorting_reference","implementation_label":"historical_sorting_reference","match":"no_match","waiters_W":1000,"holders_H":1,"repeat":4,"calls":90,"waiter_sort_items":90000,"waiters_attempted":90000,"holder_candidates_examined":90000,"elapsed_ns":260282,"ops":90,"ns_per_call":2892.0222,"calls_per_second":345778.8091,"expected_pair":"none","verified":true}
Native owner (ubuntu-24.04)	Q5.2 supplementary queue benchmark checks	2026-10-05T02:04:46.4049502Z Q52_ROW {"scenario":"production_ordered_selector_kernel","scope_label":"ordered helper only; excludes Flow index maintenance and holder projection","mode":"equal_priority_no_match","waiters_W":1000,"holders_H":1,"repeat":4,"calls":500000,"elapsed_ns":1661031,"ns_per_call":3.3221,"yielded_waiters_per_call_untimed":1,"expected_pair":"none","verified":true,"attempt_count":1,"attempts":[{"attempt":1,"calls":500000,"elapsed_ns":1661031}],"calibration_stop_reason":"minimum_batch_duration_reached","precision_status":"minimum_batch_duration_reached","max_calls":1000000,"max_calibration_attempts":5,"min_batch_ns":1000000,"initial_call_formula":"clamp(1000000 / max(1,H+yielded_waiters),1,1000000)","timed_operations":"loop and ordered helper invocations with black-boxed result","waiters_sorted_outside_timer":true,"fixture_creation_and_holder_construction_excluded":true,"production_flow_integrated":false,"end_to_end_speedup_claim":false}
Native owner (ubuntu-24.04)	Q5.2 supplementary queue benchmark checks	2026-10-05T02:04:46.4052579Z Q52_ROW {"scenario":"historical_sorting_reference","implementation_label":"historical_sorting_reference","match":"no_match","waiters_W":1000,"holders_H":1,"repeat":5,"calls":90,"waiter_sort_items":90000,"waiters_attempted":90000,"holder_candidates_examined":90000,"elapsed_ns":261709,"ops":90,"ns_per_call":2907.8778,"calls_per_second":343893.4083,"expected_pair":"none","verified":true}
Native owner (ubuntu-24.04)	Q5.2 supplementary queue benchmark checks	2026-10-05T02:04:46.4069230Z Q52_ROW {"scenario":"production_ordered_selector_kernel","scope_label":"ordered helper only; excludes Flow index maintenance and holder projection","mode":"equal_priority_no_match","waiters_W":1000,"holders_H":1,"repeat":5,"calls":500000,"elapsed_ns":1676292,"ns_per_call":3.3526,"yielded_waiters_per_call_untimed":1,"expected_pair":"none","verified":true,"attempt_count":1,"attempts":[{"attempt":1,"calls":500000,"elapsed_ns":1676292}],"calibration_stop_reason":"minimum_batch_duration_reached","precision_status":"minimum_batch_duration_reached","max_calls":1000000,"max_calibration_attempts":5,"min_batch_ns":1000000,"initial_call_formula":"clamp(1000000 / max(1,H+yielded_waiters),1,1000000)","timed_operations":"loop and ordered helper invocations with black-boxed result","waiters_sorted_outside_timer":true,"fixture_creation_and_holder_construction_excluded":true,"production_flow_integrated":false,"end_to_end_speedup_claim":false}
Native owner (ubuntu-24.04)	Q5.2 supplementary queue benchmark checks	2026-10-05T02:04:46.4071971Z Q52_ROW {"scenario":"historical_sorting_reference","implementation_label":"historical_sorting_reference","match":"matched","waiters_W":1000,"holders_H":1,"repeat":1,"calls":99,"waiter_sort_items":99000,"waiters_attempted":99,"holder_candidates_examined":99,"elapsed_ns":109235,"ops":99,"ns_per_call":1103.3838,"calls_per_second":906302.9249,"expected_pair":"0:0","verified":true}
Native owner (ubuntu-24.04)	Q5.2 supplementary queue benchmark checks	2026-10-05T02:04:46.4113817Z Q52_ROW {"scenario":"production_ordered_selector_kernel","scope_label":"ordered helper only; excludes Flow index maintenance and holder projection","mode":"matched","waiters_W":1000,"holders_H":1,"repeat":1,"calls":500000,"elapsed_ns":4367679,"ns_per_call":8.7354,"yielded_waiters_per_call_untimed":1,"expected_pair":"0:0","verified":true,"attempt_count":1,"attempts":[{"attempt":1,"calls":500000,"elapsed_ns":4367679}],"calibration_stop_reason":"minimum_batch_duration_reached","precision_status":"minimum_batch_duration_reached","max_calls":1000000,"max_calibration_attempts":5,"min_batch_ns":1000000,"initial_call_formula":"clamp(1000000 / max(1,H+yielded_waiters),1,1000000)","timed_operations":"loop and ordered helper invocations with black-boxed result","waiters_sorted_outside_timer":true,"fixture_creation_and_holder_construction_excluded":true,"production_flow_integrated":false,"end_to_end_speedup_claim":false}
Native owner (ubuntu-24.04)	Q5.2 supplementary queue benchmark checks	2026-10-05T02:04:46.4116525Z Q52_ROW {"scenario":"historical_sorting_reference","implementation_label":"historical_sorting_reference","match":"matched","waiters_W":1000,"holders_H":1,"repeat":2,"calls":99,"waiter_sort_items":99000,"waiters_attempted":99,"holder_candidates_examined":99,"elapsed_ns":116370,"ops":99,"ns_per_call":1175.4545,"calls_per_second":850734.7254,"expected_pair":"0:0","verified":true}
Native owner (ubuntu-24.04)	Q5.2 supplementary queue benchmark checks	2026-10-05T02:04:46.4158560Z Q52_ROW {"scenario":"production_ordered_selector_kernel","scope_label":"ordered helper only; excludes Flow index maintenance and holder projection","mode":"matched","waiters_W":1000,"holders_H":1,"repeat":2,"calls":500000,"elapsed_ns":4338769,"ns_per_call":8.6775,"yielded_waiters_per_call_untimed":1,"expected_pair":"0:0","verified":true,"attempt_count":1,"attempts":[{"attempt":1,"calls":500000,"elapsed_ns":4338769}],"calibration_stop_reason":"minimum_batch_duration_reached","precision_status":"minimum_batch_duration_reached","max_calls":1000000,"max_calibration_attempts":5,"min_batch_ns":1000000,"initial_call_formula":"clamp(1000000 / max(1,H+yielded_waiters),1,1000000)","timed_operations":"loop and ordered helper invocations with black-boxed result","waiters_sorted_outside_timer":true,"fixture_creation_and_holder_construction_excluded":true,"production_flow_integrated":false,"end_to_end_speedup_claim":false}
Native owner (ubuntu-24.04)	Q5.2 supplementary queue benchmark checks	2026-10-05T02:04:46.4161397Z Q52_ROW {"scenario":"historical_sorting_reference","implementation_label":"historical_sorting_reference","match":"matched","waiters_W":1000,"holders_H":1,"repeat":3,"calls":99,"waiter_sort_items":99000,"waiters_attempted":99,"holder_candidates_examined":99,"elapsed_ns":113795,"ops":99,"ns_per_call":1149.4444,"calls_per_second":869985.5002,"expected_pair":"0:0","verified":true}
Native owner (ubuntu-24.04)	Q5.2 supplementary queue benchmark checks	2026-10-05T02:04:46.4203317Z Q52_ROW {"scenario":"production_ordered_selector_kernel","scope_label":"ordered helper only; excludes Flow index maintenance and holder projection","mode":"matched","waiters_W":1000,"holders_H":1,"repeat":3,"calls":500000,"elapsed_ns":4344962,"ns_per_call":8.6899,"yielded_waiters_per_call_untimed":1,"expected_pair":"0:0","verified":true,"attempt_count":1,"attempts":[{"attempt":1,"calls":500000,"elapsed_ns":4344962}],"calibration_stop_reason":"minimum_batch_duration_reached","precision_status":"minimum_batch_duration_reached","max_calls":1000000,"max_calibration_attempts":5,"min_batch_ns":1000000,"initial_call_formula":"clamp(1000000 / max(1,H+yielded_waiters),1,1000000)","timed_operations":"loop and ordered helper invocations with black-boxed result","waiters_sorted_outside_timer":true,"fixture_creation_and_holder_construction_excluded":true,"production_flow_integrated":false,"end_to_end_speedup_claim":false}
Native owner (ubuntu-24.04)	Q5.2 supplementary queue benchmark checks	2026-10-05T02:04:46.4205952Z Q52_ROW {"scenario":"historical_sorting_reference","implementation_label":"historical_sorting_reference","match":"matched","waiters_W":1000,"holders_H":1,"repeat":4,"calls":99,"waiter_sort_items":99000,"waiters_attempted":99,"holder_candidates_examined":99,"elapsed_ns":112910,"ops":99,"ns_per_call":1140.5051,"calls_per_second":876804.5346,"expected_pair":"0:0","verified":true}
Native owner (ubuntu-24.04)	Q5.2 supplementary queue benchmark checks	2026-10-05T02:04:46.4248214Z Q52_ROW {"scenario":"production_ordered_selector_kernel","scope_label":"ordered helper only; excludes Flow index maintenance and holder projection","mode":"matched","waiters_W":1000,"holders_H":1,"repeat":4,"calls":500000,"elapsed_ns":4356261,"ns_per_call":8.7125,"yielded_waiters_per_call_untimed":1,"expected_pair":"0:0","verified":true,"attempt_count":1,"attempts":[{"attempt":1,"calls":500000,"elapsed_ns":4356261}],"calibration_stop_reason":"minimum_batch_duration_reached","precision_status":"minimum_batch_duration_reached","max_calls":1000000,"max_calibration_attempts":5,"min_batch_ns":1000000,"initial_call_formula":"clamp(1000000 / max(1,H+yielded_waiters),1,1000000)","timed_operations":"loop and ordered helper invocations with black-boxed result","waiters_sorted_outside_timer":true,"fixture_creation_and_holder_construction_excluded":true,"production_flow_integrated":false,"end_to_end_speedup_claim":false}
Native owner (ubuntu-24.04)	Q5.2 supplementary queue benchmark checks	2026-10-05T02:04:46.4251224Z Q52_ROW {"scenario":"historical_sorting_reference","implementation_label":"historical_sorting_reference","match":"matched","waiters_W":1000,"holders_H":1,"repeat":5,"calls":99,"waiter_sort_items":99000,"waiters_attempted":99,"holder_candidates_examined":99,"elapsed_ns":115299,"ops":99,"ns_per_call":1164.6364,"calls_per_second":858637.1087,"expected_pair":"0:0","verified":true}
Native owner (ubuntu-24.04)	Q5.2 supplementary queue benchmark checks	2026-10-05T02:04:46.4293005Z Q52_ROW {"scenario":"production_ordered_selector_kernel","scope_label":"ordered helper only; excludes Flow index maintenance and holder projection","mode":"matched","waiters_W":1000,"holders_H":1,"repeat":5,"calls":500000,"elapsed_ns":4356526,"ns_per_call":8.7131,"yielded_waiters_per_call_untimed":1,"expected_pair":"0:0","verified":true,"attempt_count":1,"attempts":[{"attempt":1,"calls":500000,"elapsed_ns":4356526}],"calibration_stop_reason":"minimum_batch_duration_reached","precision_status":"minimum_batch_duration_reached","max_calls":1000000,"max_calibration_attempts":5,"min_batch_ns":1000000,"initial_call_formula":"clamp(1000000 / max(1,H+yielded_waiters),1,1000000)","timed_operations":"loop and ordered helper invocations with black-boxed result","waiters_sorted_outside_timer":true,"fixture_creation_and_holder_construction_excluded":true,"production_flow_integrated":false,"end_to_end_speedup_claim":false}
Native owner (ubuntu-24.04)	Q5.2 supplementary queue benchmark checks	2026-10-05T02:04:46.4320684Z Q52_ROW {"scenario":"production_ordered_selector_kernel","scope_label":"ordered helper only; excludes Flow index maintenance and holder projection","mode":"ineligible_holders","waiters_W":1000,"holders_H":1,"repeat":1,"calls":1000000,"elapsed_ns":2678326,"ns_per_call":2.6783,"yielded_waiters_per_call_untimed":0,"expected_pair":"none","verified":true,"attempt_count":1,"attempts":[{"attempt":1,"calls":1000000,"elapsed_ns":2678326}],"calibration_stop_reason":"minimum_batch_duration_reached","precision_status":"minimum_batch_duration_reached","max_calls":1000000,"max_calibration_attempts":5,"min_batch_ns":1000000,"initial_call_formula":"clamp(1000000 / max(1,H+yielded_waiters),1,1000000)","timed_operations":"loop and ordered helper invocations with black-boxed result","waiters_sorted_outside_timer":true,"fixture_creation_and_holder_construction_excluded":true,"production_flow_integrated":false,"end_to_end_speedup_claim":false}
Native owner (ubuntu-24.04)	Q5.2 supplementary queue benchmark checks	2026-10-05T02:04:46.4347378Z Q52_ROW {"scenario":"production_ordered_selector_kernel","scope_label":"ordered helper only; excludes Flow index maintenance and holder projection","mode":"ineligible_holders","waiters_W":1000,"holders_H":1,"repeat":2,"calls":1000000,"elapsed_ns":2720612,"ns_per_call":2.7206,"yielded_waiters_per_call_untimed":0,"expected_pair":"none","verified":true,"attempt_count":1,"attempts":[{"attempt":1,"calls":1000000,"elapsed_ns":2720612}],"calibration_stop_reason":"minimum_batch_duration_reached","precision_status":"minimum_batch_duration_reached","max_calls":1000000,"max_calibration_attempts":5,"min_batch_ns":1000000,"initial_call_formula":"clamp(1000000 / max(1,H+yielded_waiters),1,1000000)","timed_operations":"loop and ordered helper invocations with black-boxed result","waiters_sorted_outside_timer":true,"fixture_creation_and_holder_construction_excluded":true,"production_flow_integrated":false,"end_to_end_speedup_claim":false}
Native owner (ubuntu-24.04)	Q5.2 supplementary queue benchmark checks	2026-10-05T02:04:46.4374373Z Q52_ROW {"scenario":"production_ordered_selector_kernel","scope_label":"ordered helper only; excludes Flow index maintenance and holder projection","mode":"ineligible_holders","waiters_W":1000,"holders_H":1,"repeat":3,"calls":1000000,"elapsed_ns":2691649,"ns_per_call":2.6916,"yielded_waiters_per_call_untimed":0,"expected_pair":"none","verified":true,"attempt_count":1,"attempts":[{"attempt":1,"calls":1000000,"elapsed_ns":2691649}],"calibration_stop_reason":"minimum_batch_duration_reached","precision_status":"minimum_batch_duration_reached","max_calls":1000000,"max_calibration_attempts":5,"min_batch_ns":1000000,"initial_call_formula":"clamp(1000000 / max(1,H+yielded_waiters),1,1000000)","timed_operations":"loop and ordered helper invocations with black-boxed result","waiters_sorted_outside_timer":true,"fixture_creation_and_holder_construction_excluded":true,"production_flow_integrated":false,"end_to_end_speedup_claim":false}
Native owner (ubuntu-24.04)	Q5.2 supplementary queue benchmark checks	2026-10-05T02:04:46.4401255Z Q52_ROW {"scenario":"production_ordered_selector_kernel","scope_label":"ordered helper only; excludes Flow index maintenance and holder projection","mode":"ineligible_holders","waiters_W":1000,"holders_H":1,"repeat":4,"calls":1000000,"elapsed_ns":2682543,"ns_per_call":2.6825,"yielded_waiters_per_call_untimed":0,"expected_pair":"none","verified":true,"attempt_count":1,"attempts":[{"attempt":1,"calls":1000000,"elapsed_ns":2682543}],"calibration_stop_reason":"minimum_batch_duration_reached","precision_status":"minimum_batch_duration_reached","max_calls":1000000,"max_calibration_attempts":5,"min_batch_ns":1000000,"initial_call_formula":"clamp(1000000 / max(1,H+yielded_waiters),1,1000000)","timed_operations":"loop and ordered helper invocations with black-boxed result","waiters_sorted_outside_timer":true,"fixture_creation_and_holder_construction_excluded":true,"production_flow_integrated":false,"end_to_end_speedup_claim":false}
Native owner (ubuntu-24.04)	Q5.2 supplementary queue benchmark checks	2026-10-05T02:04:46.4428428Z Q52_ROW {"scenario":"production_ordered_selector_kernel","scope_label":"ordered helper only; excludes Flow index maintenance and holder projection","mode":"ineligible_holders","waiters_W":1000,"holders_H":1,"repeat":5,"calls":1000000,"elapsed_ns":2675868,"ns_per_call":2.6759,"yielded_waiters_per_call_untimed":0,"expected_pair":"none","verified":true,"attempt_count":1,"attempts":[{"attempt":1,"calls":1000000,"elapsed_ns":2675868}],"calibration_stop_reason":"minimum_batch_duration_reached","precision_status":"minimum_batch_duration_reached","max_calls":1000000,"max_calibration_attempts":5,"min_batch_ns":1000000,"initial_call_formula":"clamp(1000000 / max(1,H+yielded_waiters),1,1000000)","timed_operations":"loop and ordered helper invocations with black-boxed result","waiters_sorted_outside_timer":true,"fixture_creation_and_holder_construction_excluded":true,"production_flow_integrated":false,"end_to_end_speedup_claim":false}
Native owner (ubuntu-24.04)	Q5.2 supplementary queue benchmark checks	2026-10-05T02:04:46.4463500Z Q52_ROW {"scenario":"production_ordered_selector_kernel","scope_label":"ordered helper only; excludes Flow index maintenance and holder projection","mode":"all_nonpreempting_waiters","waiters_W":1000,"holders_H":1,"repeat":1,"calls":3996,"elapsed_ns":1972926,"ns_per_call":493.7252,"yielded_waiters_per_call_untimed":1000,"expected_pair":"none","verified":true,"attempt_count":3,"attempts":[{"attempt":1,"calls":999,"elapsed_ns":505631},{"attempt":2,"calls":1998,"elapsed_ns":989785},{"attempt":3,"calls":3996,"elapsed_ns":1972926}],"calibration_stop_reason":"minimum_batch_duration_reached","precision_status":"minimum_batch_duration_reached","max_calls":1000000,"max_calibration_attempts":5,"min_batch_ns":1000000,"initial_call_formula":"clamp(1000000 / max(1,H+yielded_waiters),1,1000000)","timed_operations":"loop and ordered helper invocations with black-boxed result","waiters_sorted_outside_timer":true,"fixture_creation_and_holder_construction_excluded":true,"production_flow_integrated":false,"end_to_end_speedup_claim":false}
Native owner (ubuntu-24.04)	Q5.2 supplementary queue benchmark checks	2026-10-05T02:04:46.4500060Z Q52_ROW {"scenario":"production_ordered_selector_kernel","scope_label":"ordered helper only; excludes Flow index maintenance and holder projection","mode":"all_nonpreempting_waiters","waiters_W":1000,"holders_H":1,"repeat":2,"calls":3996,"elapsed_ns":1970605,"ns_per_call":493.1444,"yielded_waiters_per_call_untimed":1000,"expected_pair":"none","verified":true,"attempt_count":3,"attempts":[{"attempt":1,"calls":999,"elapsed_ns":499567},{"attempt":2,"calls":1998,"elapsed_ns":985917},{"attempt":3,"calls":3996,"elapsed_ns":1970605}],"calibration_stop_reason":"minimum_batch_duration_reached","precision_status":"minimum_batch_duration_reached","max_calls":1000000,"max_calibration_attempts":5,"min_batch_ns":1000000,"initial_call_formula":"clamp(1000000 / max(1,H+yielded_waiters),1,1000000)","timed_operations":"loop and ordered helper invocations with black-boxed result","waiters_sorted_outside_timer":true,"fixture_creation_and_holder_construction_excluded":true,"production_flow_integrated":false,"end_to_end_speedup_claim":false}
Native owner (ubuntu-24.04)	Q5.2 supplementary queue benchmark checks	2026-10-05T02:04:46.4517046Z Q52_ROW {"scenario":"production_ordered_selector_kernel","scope_label":"ordered helper only; excludes Flow index maintenance and holder projection","mode":"all_nonpreempting_waiters","waiters_W":1000,"holders_H":1,"repeat":3,"calls":1998,"elapsed_ns":1053300,"ns_per_call":527.1772,"yielded_waiters_per_call_untimed":1000,"expected_pair":"none","verified":true,"attempt_count":2,"attempts":[{"attempt":1,"calls":999,"elapsed_ns":701945},{"attempt":2,"calls":1998,"elapsed_ns":1053300}],"calibration_stop_reason":"minimum_batch_duration_reached","precision_status":"minimum_batch_duration_reached","max_calls":1000000,"max_calibration_attempts":5,"min_batch_ns":1000000,"initial_call_formula":"clamp(1000000 / max(1,H+yielded_waiters),1,1000000)","timed_operations":"loop and ordered helper invocations with black-boxed result","waiters_sorted_outside_timer":true,"fixture_creation_and_holder_construction_excluded":true,"production_flow_integrated":false,"end_to_end_speedup_claim":false}
Native owner (ubuntu-24.04)	Q5.2 supplementary queue benchmark checks	2026-10-05T02:04:46.4534607Z Q52_ROW {"scenario":"production_ordered_selector_kernel","scope_label":"ordered helper only; excludes Flow index maintenance and holder projection","mode":"all_nonpreempting_waiters","waiters_W":1000,"holders_H":1,"repeat":4,"calls":1998,"elapsed_ns":1011223,"ns_per_call":506.1176,"yielded_waiters_per_call_untimed":1000,"expected_pair":"none","verified":true,"attempt_count":2,"attempts":[{"attempt":1,"calls":999,"elapsed_ns":732275},{"attempt":2,"calls":1998,"elapsed_ns":1011223}],"calibration_stop_reason":"minimum_batch_duration_reached","precision_status":"minimum_batch_duration_reached","max_calls":1000000,"max_calibration_attempts":5,"min_batch_ns":1000000,"initial_call_formula":"clamp(1000000 / max(1,H+yielded_waiters),1,1000000)","timed_operations":"loop and ordered helper invocations with black-boxed result","waiters_sorted_outside_timer":true,"fixture_creation_and_holder_construction_excluded":true,"production_flow_integrated":false,"end_to_end_speedup_claim":false}
Native owner (ubuntu-24.04)	Q5.2 supplementary queue benchmark checks	2026-10-05T02:04:46.4552316Z Q52_ROW {"scenario":"production_ordered_selector_kernel","scope_label":"ordered helper only; excludes Flow index maintenance and holder projection","mode":"all_nonpreempting_waiters","waiters_W":1000,"holders_H":1,"repeat":5,"calls":1998,"elapsed_ns":1015971,"ns_per_call":508.4940,"yielded_waiters_per_call_untimed":1000,"expected_pair":"none","verified":true,"attempt_count":2,"attempts":[{"attempt":1,"calls":999,"elapsed_ns":725119},{"attempt":2,"calls":1998,"elapsed_ns":1015971}],"calibration_stop_reason":"minimum_batch_duration_reached","precision_status":"minimum_batch_duration_reached","max_calls":1000000,"max_calibration_attempts":5,"min_batch_ns":1000000,"initial_call_formula":"clamp(1000000 / max(1,H+yielded_waiters),1,1000000)","timed_operations":"loop and ordered helper invocations with black-boxed result","waiters_sorted_outside_timer":true,"fixture_creation_and_holder_construction_excluded":true,"production_flow_integrated":false,"end_to_end_speedup_claim":false}
Native owner (ubuntu-24.04)	Q5.2 supplementary queue benchmark checks	2026-10-05T02:04:46.4556961Z Q52_ROW {"scenario":"historical_sorting_reference","implementation_label":"historical_sorting_reference","match":"no_match","waiters_W":1000,"holders_H":10,"repeat":1,"calls":50,"waiter_sort_items":50000,"waiters_attempted":50000,"holder_candidates_examined":500000,"elapsed_ns":685666,"ops":50,"ns_per_call":13713.3200,"calls_per_second":72921.8016,"expected_pair":"none","verified":true}
Native owner (ubuntu-24.04)	Q5.2 supplementary queue benchmark checks	2026-10-05T02:04:46.4577489Z Q52_ROW {"scenario":"production_ordered_selector_kernel","scope_label":"ordered helper only; excludes Flow index maintenance and holder projection","mode":"equal_priority_no_match","waiters_W":1000,"holders_H":10,"repeat":1,"calls":90909,"elapsed_ns":1822132,"ns_per_call":20.0435,"yielded_waiters_per_call_untimed":1,"expected_pair":"none","verified":true,"attempt_count":1,"attempts":[{"attempt":1,"calls":90909,"elapsed_ns":1822132}],"calibration_stop_reason":"minimum_batch_duration_reached","precision_status":"minimum_batch_duration_reached","max_calls":1000000,"max_calibration_attempts":5,"min_batch_ns":1000000,"initial_call_formula":"clamp(1000000 / max(1,H+yielded_waiters),1,1000000)","timed_operations":"loop and ordered helper invocations with black-boxed result","waiters_sorted_outside_timer":true,"fixture_creation_and_holder_construction_excluded":true,"production_flow_integrated":false,"end_to_end_speedup_claim":false}
Native owner (ubuntu-24.04)	Q5.2 supplementary queue benchmark checks	2026-10-05T02:04:46.4582657Z Q52_ROW {"scenario":"historical_sorting_reference","implementation_label":"historical_sorting_reference","match":"no_match","waiters_W":1000,"holders_H":10,"repeat":2,"calls":50,"waiter_sort_items":50000,"waiters_attempted":50000,"holder_candidates_examined":500000,"elapsed_ns":713588,"ops":50,"ns_per_call":14271.7600,"calls_per_second":70068.4429,"expected_pair":"none","verified":true}
Native owner (ubuntu-24.04)	Q5.2 supplementary queue benchmark checks	2026-10-05T02:04:46.4603072Z Q52_ROW {"scenario":"production_ordered_selector_kernel","scope_label":"ordered helper only; excludes Flow index maintenance and holder projection","mode":"equal_priority_no_match","waiters_W":1000,"holders_H":10,"repeat":2,"calls":90909,"elapsed_ns":1809518,"ns_per_call":19.9047,"yielded_waiters_per_call_untimed":1,"expected_pair":"none","verified":true,"attempt_count":1,"attempts":[{"attempt":1,"calls":90909,"elapsed_ns":1809518}],"calibration_stop_reason":"minimum_batch_duration_reached","precision_status":"minimum_batch_duration_reached","max_calls":1000000,"max_calibration_attempts":5,"min_batch_ns":1000000,"initial_call_formula":"clamp(1000000 / max(1,H+yielded_waiters),1,1000000)","timed_operations":"loop and ordered helper invocations with black-boxed result","waiters_sorted_outside_timer":true,"fixture_creation_and_holder_construction_excluded":true,"production_flow_integrated":false,"end_to_end_speedup_claim":false}
Native owner (ubuntu-24.04)	Q5.2 supplementary queue benchmark checks	2026-10-05T02:04:46.4607677Z Q52_ROW {"scenario":"historical_sorting_reference","implementation_label":"historical_sorting_reference","match":"no_match","waiters_W":1000,"holders_H":10,"repeat":3,"calls":50,"waiter_sort_items":50000,"waiters_attempted":50000,"holder_candidates_examined":500000,"elapsed_ns":675844,"ops":50,"ns_per_call":13516.8800,"calls_per_second":73981.5697,"expected_pair":"none","verified":true}
Native owner (ubuntu-24.04)	Q5.2 supplementary queue benchmark checks	2026-10-05T02:04:46.4628449Z Q52_ROW {"scenario":"production_ordered_selector_kernel","scope_label":"ordered helper only; excludes Flow index maintenance and holder projection","mode":"equal_priority_no_match","waiters_W":1000,"holders_H":10,"repeat":3,"calls":90909,"elapsed_ns":1820800,"ns_per_call":20.0288,"yielded_waiters_per_call_untimed":1,"expected_pair":"none","verified":true,"attempt_count":1,"attempts":[{"attempt":1,"calls":90909,"elapsed_ns":1820800}],"calibration_stop_reason":"minimum_batch_duration_reached","precision_status":"minimum_batch_duration_reached","max_calls":1000000,"max_calibration_attempts":5,"min_batch_ns":1000000,"initial_call_formula":"clamp(1000000 / max(1,H+yielded_waiters),1,1000000)","timed_operations":"loop and ordered helper invocations with black-boxed result","waiters_sorted_outside_timer":true,"fixture_creation_and_holder_construction_excluded":true,"production_flow_integrated":false,"end_to_end_speedup_claim":false}
Native owner (ubuntu-24.04)	Q5.2 supplementary queue benchmark checks	2026-10-05T02:04:46.4633529Z Q52_ROW {"scenario":"historical_sorting_reference","implementation_label":"historical_sorting_reference","match":"no_match","waiters_W":1000,"holders_H":10,"repeat":4,"calls":50,"waiter_sort_items":50000,"waiters_attempted":50000,"holder_candidates_examined":500000,"elapsed_ns":718098,"ops":50,"ns_per_call":14361.9600,"calls_per_second":69628.3794,"expected_pair":"none","verified":true}
Native owner (ubuntu-24.04)	Q5.2 supplementary queue benchmark checks	2026-10-05T02:04:46.4653897Z Q52_ROW {"scenario":"production_ordered_selector_kernel","scope_label":"ordered helper only; excludes Flow index maintenance and holder projection","mode":"equal_priority_no_match","waiters_W":1000,"holders_H":10,"repeat":4,"calls":90909,"elapsed_ns":1791115,"ns_per_call":19.7023,"yielded_waiters_per_call_untimed":1,"expected_pair":"none","verified":true,"attempt_count":1,"attempts":[{"attempt":1,"calls":90909,"elapsed_ns":1791115}],"calibration_stop_reason":"minimum_batch_duration_reached","precision_status":"minimum_batch_duration_reached","max_calls":1000000,"max_calibration_attempts":5,"min_batch_ns":1000000,"initial_call_formula":"clamp(1000000 / max(1,H+yielded_waiters),1,1000000)","timed_operations":"loop and ordered helper invocations with black-boxed result","waiters_sorted_outside_timer":true,"fixture_creation_and_holder_construction_excluded":true,"production_flow_integrated":false,"end_to_end_speedup_claim":false}
Native owner (ubuntu-24.04)	Q5.2 supplementary queue benchmark checks	2026-10-05T02:04:46.4658550Z Q52_ROW {"scenario":"historical_sorting_reference","implementation_label":"historical_sorting_reference","match":"no_match","waiters_W":1000,"holders_H":10,"repeat":5,"calls":50,"waiter_sort_items":50000,"waiters_attempted":50000,"holder_candidates_examined":500000,"elapsed_ns":681311,"ops":50,"ns_per_call":13626.2200,"calls_per_second":73387.9242,"expected_pair":"none","verified":true}
Native owner (ubuntu-24.04)	Q5.2 supplementary queue benchmark checks	2026-10-05T02:04:46.4678940Z Q52_ROW {"scenario":"production_ordered_selector_kernel","scope_label":"ordered helper only; excludes Flow index maintenance and holder projection","mode":"equal_priority_no_match","waiters_W":1000,"holders_H":10,"repeat":5,"calls":90909,"elapsed_ns":1787510,"ns_per_call":19.6626,"yielded_waiters_per_call_untimed":1,"expected_pair":"none","verified":true,"attempt_count":1,"attempts":[{"attempt":1,"calls":90909,"elapsed_ns":1787510}],"calibration_stop_reason":"minimum_batch_duration_reached","precision_status":"minimum_batch_duration_reached","max_calls":1000000,"max_calibration_attempts":5,"min_batch_ns":1000000,"initial_call_formula":"clamp(1000000 / max(1,H+yielded_waiters),1,1000000)","timed_operations":"loop and ordered helper invocations with black-boxed result","waiters_sorted_outside_timer":true,"fixture_creation_and_holder_construction_excluded":true,"production_flow_integrated":false,"end_to_end_speedup_claim":false}
Native owner (ubuntu-24.04)	Q5.2 supplementary queue benchmark checks	2026-10-05T02:04:46.4683524Z Q52_ROW {"scenario":"historical_sorting_reference","implementation_label":"historical_sorting_reference","match":"matched","waiters_W":1000,"holders_H":10,"repeat":1,"calls":99,"waiter_sort_items":99000,"waiters_attempted":99,"holder_candidates_examined":990,"elapsed_ns":143475,"ops":99,"ns_per_call":1449.2424,"calls_per_second":690015.6822,"expected_pair":"0:9","verified":true}
Native owner (ubuntu-24.04)	Q5.2 supplementary queue benchmark checks	2026-10-05T02:04:46.4701542Z Q52_ROW {"scenario":"production_ordered_selector_kernel","scope_label":"ordered helper only; excludes Flow index maintenance and holder projection","mode":"matched","waiters_W":1000,"holders_H":10,"repeat":1,"calls":90909,"elapsed_ns":2098537,"ns_per_call":23.0839,"yielded_waiters_per_call_untimed":1,"expected_pair":"0:9","verified":true,"attempt_count":1,"attempts":[{"attempt":1,"calls":90909,"elapsed_ns":2098537}],"calibration_stop_reason":"minimum_batch_duration_reached","precision_status":"minimum_batch_duration_reached","max_calls":1000000,"max_calibration_attempts":5,"min_batch_ns":1000000,"initial_call_formula":"clamp(1000000 / max(1,H+yielded_waiters),1,1000000)","timed_operations":"loop and ordered helper invocations with black-boxed result","waiters_sorted_outside_timer":true,"fixture_creation_and_holder_construction_excluded":true,"production_flow_integrated":false,"end_to_end_speedup_claim":false}
Native owner (ubuntu-24.04)	Q5.2 supplementary queue benchmark checks	2026-10-05T02:04:46.4706079Z Q52_ROW {"scenario":"historical_sorting_reference","implementation_label":"historical_sorting_reference","match":"matched","waiters_W":1000,"holders_H":10,"repeat":2,"calls":99,"waiter_sort_items":99000,"waiters_attempted":99,"holder_candidates_examined":990,"elapsed_ns":155302,"ops":99,"ns_per_call":1568.7071,"calls_per_second":637467.6437,"expected_pair":"0:9","verified":true}
Native owner (ubuntu-24.04)	Q5.2 supplementary queue benchmark checks	2026-10-05T02:04:46.4724175Z Q52_ROW {"scenario":"production_ordered_selector_kernel","scope_label":"ordered helper only; excludes Flow index maintenance and holder projection","mode":"matched","waiters_W":1000,"holders_H":10,"repeat":2,"calls":90909,"elapsed_ns":2095708,"ns_per_call":23.0528,"yielded_waiters_per_call_untimed":1,"expected_pair":"0:9","verified":true,"attempt_count":1,"attempts":[{"attempt":1,"calls":90909,"elapsed_ns":2095708}],"calibration_stop_reason":"minimum_batch_duration_reached","precision_status":"minimum_batch_duration_reached","max_calls":1000000,"max_calibration_attempts":5,"min_batch_ns":1000000,"initial_call_formula":"clamp(1000000 / max(1,H+yielded_waiters),1,1000000)","timed_operations":"loop and ordered helper invocations with black-boxed result","waiters_sorted_outside_timer":true,"fixture_creation_and_holder_construction_excluded":true,"production_flow_integrated":false,"end_to_end_speedup_claim":false}
Native owner (ubuntu-24.04)	Q5.2 supplementary queue benchmark checks	2026-10-05T02:04:46.4728615Z Q52_ROW {"scenario":"historical_sorting_reference","implementation_label":"historical_sorting_reference","match":"matched","waiters_W":1000,"holders_H":10,"repeat":3,"calls":99,"waiter_sort_items":99000,"waiters_attempted":99,"holder_candidates_examined":990,"elapsed_ns":146417,"ops":99,"ns_per_call":1478.9596,"calls_per_second":676150.9934,"expected_pair":"0:9","verified":true}
Native owner (ubuntu-24.04)	Q5.2 supplementary queue benchmark checks	2026-10-05T02:04:46.4748015Z Q52_ROW {"scenario":"production_ordered_selector_kernel","scope_label":"ordered helper only; excludes Flow index maintenance and holder projection","mode":"matched","waiters_W":1000,"holders_H":10,"repeat":3,"calls":90909,"elapsed_ns":2188478,"ns_per_call":24.0733,"yielded_waiters_per_call_untimed":1,"expected_pair":"0:9","verified":true,"attempt_count":1,"attempts":[{"attempt":1,"calls":90909,"elapsed_ns":2188478}],"calibration_stop_reason":"minimum_batch_duration_reached","precision_status":"minimum_batch_duration_reached","max_calls":1000000,"max_calibration_attempts":5,"min_batch_ns":1000000,"initial_call_formula":"clamp(1000000 / max(1,H+yielded_waiters),1,1000000)","timed_operations":"loop and ordered helper invocations with black-boxed result","waiters_sorted_outside_timer":true,"fixture_creation_and_holder_construction_excluded":true,"production_flow_integrated":false,"end_to_end_speedup_claim":false}
Native owner (ubuntu-24.04)	Q5.2 supplementary queue benchmark checks	2026-10-05T02:04:46.4752856Z Q52_ROW {"scenario":"historical_sorting_reference","implementation_label":"historical_sorting_reference","match":"matched","waiters_W":1000,"holders_H":10,"repeat":4,"calls":99,"waiter_sort_items":99000,"waiters_attempted":99,"holder_candidates_examined":990,"elapsed_ns":154991,"ops":99,"ns_per_call":1565.5657,"calls_per_second":638746.7659,"expected_pair":"0:9","verified":true}
Native owner (ubuntu-24.04)	Q5.2 supplementary queue benchmark checks	2026-10-05T02:04:46.4772156Z Q52_ROW {"scenario":"production_ordered_selector_kernel","scope_label":"ordered helper only; excludes Flow index maintenance and holder projection","mode":"matched","waiters_W":1000,"holders_H":10,"repeat":4,"calls":90909,"elapsed_ns":2232961,"ns_per_call":24.5626,"yielded_waiters_per_call_untimed":1,"expected_pair":"0:9","verified":true,"attempt_count":1,"attempts":[{"attempt":1,"calls":90909,"elapsed_ns":2232961}],"calibration_stop_reason":"minimum_batch_duration_reached","precision_status":"minimum_batch_duration_reached","max_calls":1000000,"max_calibration_attempts":5,"min_batch_ns":1000000,"initial_call_formula":"clamp(1000000 / max(1,H+yielded_waiters),1,1000000)","timed_operations":"loop and ordered helper invocations with black-boxed result","waiters_sorted_outside_timer":true,"fixture_creation_and_holder_construction_excluded":true,"production_flow_integrated":false,"end_to_end_speedup_claim":false}
Native owner (ubuntu-24.04)	Q5.2 supplementary queue benchmark checks	2026-10-05T02:04:46.4777111Z Q52_ROW {"scenario":"historical_sorting_reference","implementation_label":"historical_sorting_reference","match":"matched","waiters_W":1000,"holders_H":10,"repeat":5,"calls":99,"waiter_sort_items":99000,"waiters_attempted":99,"holder_candidates_examined":990,"elapsed_ns":144042,"ops":99,"ns_per_call":1454.9697,"calls_per_second":687299.5376,"expected_pair":"0:9","verified":true}
Native owner (ubuntu-24.04)	Q5.2 supplementary queue benchmark checks	2026-10-05T02:04:46.4794085Z Q52_ROW {"scenario":"production_ordered_selector_kernel","scope_label":"ordered helper only; excludes Flow index maintenance and holder projection","mode":"matched","waiters_W":1000,"holders_H":10,"repeat":5,"calls":90909,"elapsed_ns":2124865,"ns_per_call":23.3735,"yielded_waiters_per_call_untimed":1,"expected_pair":"0:9","verified":true,"attempt_count":1,"attempts":[{"attempt":1,"calls":90909,"elapsed_ns":2124865}],"calibration_stop_reason":"minimum_batch_duration_reached","precision_status":"minimum_batch_duration_reached","max_calls":1000000,"max_calibration_attempts":5,"min_batch_ns":1000000,"initial_call_formula":"clamp(1000000 / max(1,H+yielded_waiters),1,1000000)","timed_operations":"loop and ordered helper invocations with black-boxed result","waiters_sorted_outside_timer":true,"fixture_creation_and_holder_construction_excluded":true,"production_flow_integrated":false,"end_to_end_speedup_claim":false}
Native owner (ubuntu-24.04)	Q5.2 supplementary queue benchmark checks	2026-10-05T02:04:46.4816914Z Q52_ROW {"scenario":"production_ordered_selector_kernel","scope_label":"ordered helper only; excludes Flow index maintenance and holder projection","mode":"ineligible_holders","waiters_W":1000,"holders_H":10,"repeat":1,"calls":200000,"elapsed_ns":1477763,"ns_per_call":7.3888,"yielded_waiters_per_call_untimed":0,"expected_pair":"none","verified":true,"attempt_count":2,"attempts":[{"attempt":1,"calls":100000,"elapsed_ns":764458},{"attempt":2,"calls":200000,"elapsed_ns":1477763}],"calibration_stop_reason":"minimum_batch_duration_reached","precision_status":"minimum_batch_duration_reached","max_calls":1000000,"max_calibration_attempts":5,"min_batch_ns":1000000,"initial_call_formula":"clamp(1000000 / max(1,H+yielded_waiters),1,1000000)","timed_operations":"loop and ordered helper invocations with black-boxed result","waiters_sorted_outside_timer":true,"fixture_creation_and_holder_construction_excluded":true,"production_flow_integrated":false,"end_to_end_speedup_claim":false}
Native owner (ubuntu-24.04)	Q5.2 supplementary queue benchmark checks	2026-10-05T02:04:46.4843142Z Q52_ROW {"scenario":"production_ordered_selector_kernel","scope_label":"ordered helper only; excludes Flow index maintenance and holder projection","mode":"ineligible_holders","waiters_W":1000,"holders_H":10,"repeat":2,"calls":200000,"elapsed_ns":1570306,"ns_per_call":7.8515,"yielded_waiters_per_call_untimed":0,"expected_pair":"none","verified":true,"attempt_count":2,"attempts":[{"attempt":1,"calls":100000,"elapsed_ns":861304},{"attempt":2,"calls":200000,"elapsed_ns":1570306}],"calibration_stop_reason":"minimum_batch_duration_reached","precision_status":"minimum_batch_duration_reached","max_calls":1000000,"max_calibration_attempts":5,"min_batch_ns":1000000,"initial_call_formula":"clamp(1000000 / max(1,H+yielded_waiters),1,1000000)","timed_operations":"loop and ordered helper invocations with black-boxed result","waiters_sorted_outside_timer":true,"fixture_creation_and_holder_construction_excluded":true,"production_flow_integrated":false,"end_to_end_speedup_claim":false}
Native owner (ubuntu-24.04)	Q5.2 supplementary queue benchmark checks	2026-10-05T02:04:46.4854799Z Q52_ROW {"scenario":"production_ordered_selector_kernel","scope_label":"ordered helper only; excludes Flow index maintenance and holder projection","mode":"ineligible_holders","waiters_W":1000,"holders_H":10,"repeat":3,"calls":100000,"elapsed_ns":1204995,"ns_per_call":12.0500,"yielded_waiters_per_call_untimed":0,"expected_pair":"none","verified":true,"attempt_count":1,"attempts":[{"attempt":1,"calls":100000,"elapsed_ns":1204995}],"calibration_stop_reason":"minimum_batch_duration_reached","precision_status":"minimum_batch_duration_reached","max_calls":1000000,"max_calibration_attempts":5,"min_batch_ns":1000000,"initial_call_formula":"clamp(1000000 / max(1,H+yielded_waiters),1,1000000)","timed_operations":"loop and ordered helper invocations with black-boxed result","waiters_sorted_outside_timer":true,"fixture_creation_and_holder_construction_excluded":true,"production_flow_integrated":false,"end_to_end_speedup_claim":false}
Native owner (ubuntu-24.04)	Q5.2 supplementary queue benchmark checks	2026-10-05T02:04:46.4866243Z Q52_ROW {"scenario":"production_ordered_selector_kernel","scope_label":"ordered helper only; excludes Flow index maintenance and holder projection","mode":"ineligible_holders","waiters_W":1000,"holders_H":10,"repeat":4,"calls":100000,"elapsed_ns":1136113,"ns_per_call":11.3611,"yielded_waiters_per_call_untimed":0,"expected_pair":"none","verified":true,"attempt_count":1,"attempts":[{"attempt":1,"calls":100000,"elapsed_ns":1136113}],"calibration_stop_reason":"minimum_batch_duration_reached","precision_status":"minimum_batch_duration_reached","max_calls":1000000,"max_calibration_attempts":5,"min_batch_ns":1000000,"initial_call_formula":"clamp(1000000 / max(1,H+yielded_waiters),1,1000000)","timed_operations":"loop and ordered helper invocations with black-boxed result","waiters_sorted_outside_timer":true,"fixture_creation_and_holder_construction_excluded":true,"production_flow_integrated":false,"end_to_end_speedup_claim":false}
Native owner (ubuntu-24.04)	Q5.2 supplementary queue benchmark checks	2026-10-05T02:04:46.4877788Z Q52_ROW {"scenario":"production_ordered_selector_kernel","scope_label":"ordered helper only; excludes Flow index maintenance and holder projection","mode":"ineligible_holders","waiters_W":1000,"holders_H":10,"repeat":5,"calls":100000,"elapsed_ns":1135262,"ns_per_call":11.3526,"yielded_waiters_per_call_untimed":0,"expected_pair":"none","verified":true,"attempt_count":1,"attempts":[{"attempt":1,"calls":100000,"elapsed_ns":1135262}],"calibration_stop_reason":"minimum_batch_duration_reached","precision_status":"minimum_batch_duration_reached","max_calls":1000000,"max_calibration_attempts":5,"min_batch_ns":1000000,"initial_call_formula":"clamp(1000000 / max(1,H+yielded_waiters),1,1000000)","timed_operations":"loop and ordered helper invocations with black-boxed result","waiters_sorted_outside_timer":true,"fixture_creation_and_holder_construction_excluded":true,"production_flow_integrated":false,"end_to_end_speedup_claim":false}
Native owner (ubuntu-24.04)	Q5.2 supplementary queue benchmark checks	2026-10-05T02:04:46.4896856Z Q52_ROW {"scenario":"production_ordered_selector_kernel","scope_label":"ordered helper only; excludes Flow index maintenance and holder projection","mode":"all_nonpreempting_waiters","waiters_W":1000,"holders_H":10,"repeat":1,"calls":1980,"elapsed_ns":1088873,"ns_per_call":549.9359,"yielded_waiters_per_call_untimed":1000,"expected_pair":"none","verified":true,"attempt_count":2,"attempts":[{"attempt":1,"calls":990,"elapsed_ns":795330},{"attempt":2,"calls":1980,"elapsed_ns":1088873}],"calibration_stop_reason":"minimum_batch_duration_reached","precision_status":"minimum_batch_duration_reached","max_calls":1000000,"max_calibration_attempts":5,"min_batch_ns":1000000,"initial_call_formula":"clamp(1000000 / max(1,H+yielded_waiters),1,1000000)","timed_operations":"loop and ordered helper invocations with black-boxed result","waiters_sorted_outside_timer":true,"fixture_creation_and_holder_construction_excluded":true,"production_flow_integrated":false,"end_to_end_speedup_claim":false}
Native owner (ubuntu-24.04)	Q5.2 supplementary queue benchmark checks	2026-10-05T02:04:46.4914590Z Q52_ROW {"scenario":"production_ordered_selector_kernel","scope_label":"ordered helper only; excludes Flow index maintenance and holder projection","mode":"all_nonpreempting_waiters","waiters_W":1000,"holders_H":10,"repeat":2,"calls":1980,"elapsed_ns":1016893,"ns_per_call":513.5823,"yielded_waiters_per_call_untimed":1000,"expected_pair":"none","verified":true,"attempt_count":2,"attempts":[{"attempt":1,"calls":990,"elapsed_ns":757479},{"attempt":2,"calls":1980,"elapsed_ns":1016893}],"calibration_stop_reason":"minimum_batch_duration_reached","precision_status":"minimum_batch_duration_reached","max_calls":1000000,"max_calibration_attempts":5,"min_batch_ns":1000000,"initial_call_formula":"clamp(1000000 / max(1,H+yielded_waiters),1,1000000)","timed_operations":"loop and ordered helper invocations with black-boxed result","waiters_sorted_outside_timer":true,"fixture_creation_and_holder_construction_excluded":true,"production_flow_integrated":false,"end_to_end_speedup_claim":false}
Native owner (ubuntu-24.04)	Q5.2 supplementary queue benchmark checks	2026-10-05T02:04:46.4932496Z Q52_ROW {"scenario":"production_ordered_selector_kernel","scope_label":"ordered helper only; excludes Flow index maintenance and holder projection","mode":"all_nonpreempting_waiters","waiters_W":1000,"holders_H":10,"repeat":3,"calls":1980,"elapsed_ns":1032084,"ns_per_call":521.2545,"yielded_waiters_per_call_untimed":1000,"expected_pair":"none","verified":true,"attempt_count":2,"attempts":[{"attempt":1,"calls":990,"elapsed_ns":742254},{"attempt":2,"calls":1980,"elapsed_ns":1032084}],"calibration_stop_reason":"minimum_batch_duration_reached","precision_status":"minimum_batch_duration_reached","max_calls":1000000,"max_calibration_attempts":5,"min_batch_ns":1000000,"initial_call_formula":"clamp(1000000 / max(1,H+yielded_waiters),1,1000000)","timed_operations":"loop and ordered helper invocations with black-boxed result","waiters_sorted_outside_timer":true,"fixture_creation_and_holder_construction_excluded":true,"production_flow_integrated":false,"end_to_end_speedup_claim":false}
Native owner (ubuntu-24.04)	Q5.2 supplementary queue benchmark checks	2026-10-05T02:04:46.4950295Z Q52_ROW {"scenario":"production_ordered_selector_kernel","scope_label":"ordered helper only; excludes Flow index maintenance and holder projection","mode":"all_nonpreempting_waiters","waiters_W":1000,"holders_H":10,"repeat":4,"calls":1980,"elapsed_ns":1011216,"ns_per_call":510.7152,"yielded_waiters_per_call_untimed":1000,"expected_pair":"none","verified":true,"attempt_count":2,"attempts":[{"attempt":1,"calls":990,"elapsed_ns":740063},{"attempt":2,"calls":1980,"elapsed_ns":1011216}],"calibration_stop_reason":"minimum_batch_duration_reached","precision_status":"minimum_batch_duration_reached","max_calls":1000000,"max_calibration_attempts":5,"min_batch_ns":1000000,"initial_call_formula":"clamp(1000000 / max(1,H+yielded_waiters),1,1000000)","timed_operations":"loop and ordered helper invocations with black-boxed result","waiters_sorted_outside_timer":true,"fixture_creation_and_holder_construction_excluded":true,"production_flow_integrated":false,"end_to_end_speedup_claim":false}
Native owner (ubuntu-24.04)	Q5.2 supplementary queue benchmark checks	2026-10-05T02:04:46.4968077Z Q52_ROW {"scenario":"production_ordered_selector_kernel","scope_label":"ordered helper only; excludes Flow index maintenance and holder projection","mode":"all_nonpreempting_waiters","waiters_W":1000,"holders_H":10,"repeat":5,"calls":1980,"elapsed_ns":1024067,"ns_per_call":517.2056,"yielded_waiters_per_call_untimed":1000,"expected_pair":"none","verified":true,"attempt_count":2,"attempts":[{"attempt":1,"calls":990,"elapsed_ns":746847},{"attempt":2,"calls":1980,"elapsed_ns":1024067}],"calibration_stop_reason":"minimum_batch_duration_reached","precision_status":"minimum_batch_duration_reached","max_calls":1000000,"max_calibration_attempts":5,"min_batch_ns":1000000,"initial_call_formula":"clamp(1000000 / max(1,H+yielded_waiters),1,1000000)","timed_operations":"loop and ordered helper invocations with black-boxed result","waiters_sorted_outside_timer":true,"fixture_creation_and_holder_construction_excluded":true,"production_flow_integrated":false,"end_to_end_speedup_claim":false}
Native owner (ubuntu-24.04)	Q5.2 supplementary queue benchmark checks	2026-10-05T02:04:46.4974181Z Q52_ROW {"scenario":"historical_sorting_reference","implementation_label":"historical_sorting_reference","match":"no_match","waiters_W":1000,"holders_H":100,"repeat":1,"calls":9,"waiter_sort_items":9000,"waiters_attempted":9000,"holder_candidates_examined":900000,"elapsed_ns":818426,"ops":9,"ns_per_call":90936.2222,"calls_per_second":10996.7181,"expected_pair":"none","verified":true}
Native owner (ubuntu-24.04)	Q5.2 supplementary queue benchmark checks	2026-10-05T02:04:46.4996968Z Q52_ROW {"scenario":"production_ordered_selector_kernel","scope_label":"ordered helper only; excludes Flow index maintenance and holder projection","mode":"equal_priority_no_match","waiters_W":1000,"holders_H":100,"repeat":1,"calls":9900,"elapsed_ns":1993307,"ns_per_call":201.3441,"yielded_waiters_per_call_untimed":1,"expected_pair":"none","verified":true,"attempt_count":1,"attempts":[{"attempt":1,"calls":9900,"elapsed_ns":1993307}],"calibration_stop_reason":"minimum_batch_duration_reached","precision_status":"minimum_batch_duration_reached","max_calls":1000000,"max_calibration_attempts":5,"min_batch_ns":1000000,"initial_call_formula":"clamp(1000000 / max(1,H+yielded_waiters),1,1000000)","timed_operations":"loop and ordered helper invocations with black-boxed result","waiters_sorted_outside_timer":true,"fixture_creation_and_holder_construction_excluded":true,"production_flow_integrated":false,"end_to_end_speedup_claim":false}
Native owner (ubuntu-24.04)	Q5.2 supplementary queue benchmark checks	2026-10-05T02:04:46.5003066Z Q52_ROW {"scenario":"historical_sorting_reference","implementation_label":"historical_sorting_reference","match":"no_match","waiters_W":1000,"holders_H":100,"repeat":2,"calls":9,"waiter_sort_items":9000,"waiters_attempted":9000,"holder_candidates_examined":900000,"elapsed_ns":798329,"ops":9,"ns_per_call":88703.2222,"calls_per_second":11273.5476,"expected_pair":"none","verified":true}
Native owner (ubuntu-24.04)	Q5.2 supplementary queue benchmark checks	2026-10-05T02:04:46.5026252Z Q52_ROW {"scenario":"production_ordered_selector_kernel","scope_label":"ordered helper only; excludes Flow index maintenance and holder projection","mode":"equal_priority_no_match","waiters_W":1000,"holders_H":100,"repeat":2,"calls":9900,"elapsed_ns":2023497,"ns_per_call":204.3936,"yielded_waiters_per_call_untimed":1,"expected_pair":"none","verified":true,"attempt_count":1,"attempts":[{"attempt":1,"calls":9900,"elapsed_ns":2023497}],"calibration_stop_reason":"minimum_batch_duration_reached","precision_status":"minimum_batch_duration_reached","max_calls":1000000,"max_calibration_attempts":5,"min_batch_ns":1000000,"initial_call_formula":"clamp(1000000 / max(1,H+yielded_waiters),1,1000000)","timed_operations":"loop and ordered helper invocations with black-boxed result","waiters_sorted_outside_timer":true,"fixture_creation_and_holder_construction_excluded":true,"production_flow_integrated":false,"end_to_end_speedup_claim":false}
Native owner (ubuntu-24.04)	Q5.2 supplementary queue benchmark checks	2026-10-05T02:04:46.5032411Z Q52_ROW {"scenario":"historical_sorting_reference","implementation_label":"historical_sorting_reference","match":"no_match","waiters_W":1000,"holders_H":100,"repeat":3,"calls":9,"waiter_sort_items":9000,"waiters_attempted":9000,"holder_candidates_examined":900000,"elapsed_ns":797783,"ops":9,"ns_per_call":88642.5556,"calls_per_second":11281.2632,"expected_pair":"none","verified":true}
Native owner (ubuntu-24.04)	Q5.2 supplementary queue benchmark checks	2026-10-05T02:04:46.5055234Z Q52_ROW {"scenario":"production_ordered_selector_kernel","scope_label":"ordered helper only; excludes Flow index maintenance and holder projection","mode":"equal_priority_no_match","waiters_W":1000,"holders_H":100,"repeat":3,"calls":9900,"elapsed_ns":1994230,"ns_per_call":201.4374,"yielded_waiters_per_call_untimed":1,"expected_pair":"none","verified":true,"attempt_count":1,"attempts":[{"attempt":1,"calls":9900,"elapsed_ns":1994230}],"calibration_stop_reason":"minimum_batch_duration_reached","precision_status":"minimum_batch_duration_reached","max_calls":1000000,"max_calibration_attempts":5,"min_batch_ns":1000000,"initial_call_formula":"clamp(1000000 / max(1,H+yielded_waiters),1,1000000)","timed_operations":"loop and ordered helper invocations with black-boxed result","waiters_sorted_outside_timer":true,"fixture_creation_and_holder_construction_excluded":true,"production_flow_integrated":false,"end_to_end_speedup_claim":false}
Native owner (ubuntu-24.04)	Q5.2 supplementary queue benchmark checks	2026-10-05T02:04:46.5061115Z Q52_ROW {"scenario":"historical_sorting_reference","implementation_label":"historical_sorting_reference","match":"no_match","waiters_W":1000,"holders_H":100,"repeat":4,"calls":9,"waiter_sort_items":9000,"waiters_attempted":9000,"holder_candidates_examined":900000,"elapsed_ns":797099,"ops":9,"ns_per_call":88566.5556,"calls_per_second":11290.9438,"expected_pair":"none","verified":true}
Native owner (ubuntu-24.04)	Q5.2 supplementary queue benchmark checks	2026-10-05T02:04:46.5083750Z Q52_ROW {"scenario":"production_ordered_selector_kernel","scope_label":"ordered helper only; excludes Flow index maintenance and holder projection","mode":"equal_priority_no_match","waiters_W":1000,"holders_H":100,"repeat":4,"calls":9900,"elapsed_ns":1982046,"ns_per_call":200.2067,"yielded_waiters_per_call_untimed":1,"expected_pair":"none","verified":true,"attempt_count":1,"attempts":[{"attempt":1,"calls":9900,"elapsed_ns":1982046}],"calibration_stop_reason":"minimum_batch_duration_reached","precision_status":"minimum_batch_duration_reached","max_calls":1000000,"max_calibration_attempts":5,"min_batch_ns":1000000,"initial_call_formula":"clamp(1000000 / max(1,H+yielded_waiters),1,1000000)","timed_operations":"loop and ordered helper invocations with black-boxed result","waiters_sorted_outside_timer":true,"fixture_creation_and_holder_construction_excluded":true,"production_flow_integrated":false,"end_to_end_speedup_claim":false}
Native owner (ubuntu-24.04)	Q5.2 supplementary queue benchmark checks	2026-10-05T02:04:46.5090010Z Q52_ROW {"scenario":"historical_sorting_reference","implementation_label":"historical_sorting_reference","match":"no_match","waiters_W":1000,"holders_H":100,"repeat":5,"calls":9,"waiter_sort_items":9000,"waiters_attempted":9000,"holder_candidates_examined":900000,"elapsed_ns":787308,"ops":9,"ns_per_call":87478.6667,"calls_per_second":11431.3585,"expected_pair":"none","verified":true}
Native owner (ubuntu-24.04)	Q5.2 supplementary queue benchmark checks	2026-10-05T02:04:46.5112449Z Q52_ROW {"scenario":"production_ordered_selector_kernel","scope_label":"ordered helper only; excludes Flow index maintenance and holder projection","mode":"equal_priority_no_match","waiters_W":1000,"holders_H":100,"repeat":5,"calls":9900,"elapsed_ns":1989287,"ns_per_call":200.9381,"yielded_waiters_per_call_untimed":1,"expected_pair":"none","verified":true,"attempt_count":1,"attempts":[{"attempt":1,"calls":9900,"elapsed_ns":1989287}],"calibration_stop_reason":"minimum_batch_duration_reached","precision_status":"minimum_batch_duration_reached","max_calls":1000000,"max_calibration_attempts":5,"min_batch_ns":1000000,"initial_call_formula":"clamp(1000000 / max(1,H+yielded_waiters),1,1000000)","timed_operations":"loop and ordered helper invocations with black-boxed result","waiters_sorted_outside_timer":true,"fixture_creation_and_holder_construction_excluded":true,"production_flow_integrated":false,"end_to_end_speedup_claim":false}
Native owner (ubuntu-24.04)	Q5.2 supplementary queue benchmark checks	2026-10-05T02:04:46.5116780Z Q52_ROW {"scenario":"historical_sorting_reference","implementation_label":"historical_sorting_reference","match":"matched","waiters_W":1000,"holders_H":100,"repeat":1,"calls":99,"waiter_sort_items":99000,"waiters_attempted":99,"holder_candidates_examined":9900,"elapsed_ns":173233,"ops":99,"ns_per_call":1749.8283,"calls_per_second":571484.6478,"expected_pair":"0:99","verified":true}
Native owner (ubuntu-24.04)	Q5.2 supplementary queue benchmark checks	2026-10-05T02:04:46.5136481Z Q52_ROW {"scenario":"production_ordered_selector_kernel","scope_label":"ordered helper only; excludes Flow index maintenance and holder projection","mode":"matched","waiters_W":1000,"holders_H":100,"repeat":1,"calls":9900,"elapsed_ns":2205262,"ns_per_call":222.7537,"yielded_waiters_per_call_untimed":1,"expected_pair":"0:99","verified":true,"attempt_count":1,"attempts":[{"attempt":1,"calls":9900,"elapsed_ns":2205262}],"calibration_stop_reason":"minimum_batch_duration_reached","precision_status":"minimum_batch_duration_reached","max_calls":1000000,"max_calibration_attempts":5,"min_batch_ns":1000000,"initial_call_formula":"clamp(1000000 / max(1,H+yielded_waiters),1,1000000)","timed_operations":"loop and ordered helper invocations with black-boxed result","waiters_sorted_outside_timer":true,"fixture_creation_and_holder_construction_excluded":true,"production_flow_integrated":false,"end_to_end_speedup_claim":false}
Native owner (ubuntu-24.04)	Q5.2 supplementary queue benchmark checks	2026-10-05T02:04:46.5141022Z Q52_ROW {"scenario":"historical_sorting_reference","implementation_label":"historical_sorting_reference","match":"matched","waiters_W":1000,"holders_H":100,"repeat":2,"calls":99,"waiter_sort_items":99000,"waiters_attempted":99,"holder_candidates_examined":9900,"elapsed_ns":168991,"ops":99,"ns_per_call":1706.9798,"calls_per_second":585830.0146,"expected_pair":"0:99","verified":true}
Native owner (ubuntu-24.04)	Q5.2 supplementary queue benchmark checks	2026-10-05T02:04:46.5160727Z Q52_ROW {"scenario":"production_ordered_selector_kernel","scope_label":"ordered helper only; excludes Flow index maintenance and holder projection","mode":"matched","waiters_W":1000,"holders_H":100,"repeat":2,"calls":9900,"elapsed_ns":2209784,"ns_per_call":223.2105,"yielded_waiters_per_call_untimed":1,"expected_pair":"0:99","verified":true,"attempt_count":1,"attempts":[{"attempt":1,"calls":9900,"elapsed_ns":2209784}],"calibration_stop_reason":"minimum_batch_duration_reached","precision_status":"minimum_batch_duration_reached","max_calls":1000000,"max_calibration_attempts":5,"min_batch_ns":1000000,"initial_call_formula":"clamp(1000000 / max(1,H+yielded_waiters),1,1000000)","timed_operations":"loop and ordered helper invocations with black-boxed result","waiters_sorted_outside_timer":true,"fixture_creation_and_holder_construction_excluded":true,"production_flow_integrated":false,"end_to_end_speedup_claim":false}
Native owner (ubuntu-24.04)	Q5.2 supplementary queue benchmark checks	2026-10-05T02:04:46.5165068Z Q52_ROW {"scenario":"historical_sorting_reference","implementation_label":"historical_sorting_reference","match":"matched","waiters_W":1000,"holders_H":100,"repeat":3,"calls":99,"waiter_sort_items":99000,"waiters_attempted":99,"holder_candidates_examined":9900,"elapsed_ns":178304,"ops":99,"ns_per_call":1801.0505,"calls_per_second":555231.5147,"expected_pair":"0:99","verified":true}
Native owner (ubuntu-24.04)	Q5.2 supplementary queue benchmark checks	2026-10-05T02:04:46.5184684Z Q52_ROW {"scenario":"production_ordered_selector_kernel","scope_label":"ordered helper only; excludes Flow index maintenance and holder projection","mode":"matched","waiters_W":1000,"holders_H":100,"repeat":3,"calls":9900,"elapsed_ns":2211332,"ns_per_call":223.3669,"yielded_waiters_per_call_untimed":1,"expected_pair":"0:99","verified":true,"attempt_count":1,"attempts":[{"attempt":1,"calls":9900,"elapsed_ns":2211332}],"calibration_stop_reason":"minimum_batch_duration_reached","precision_status":"minimum_batch_duration_reached","max_calls":1000000,"max_calibration_attempts":5,"min_batch_ns":1000000,"initial_call_formula":"clamp(1000000 / max(1,H+yielded_waiters),1,1000000)","timed_operations":"loop and ordered helper invocations with black-boxed result","waiters_sorted_outside_timer":true,"fixture_creation_and_holder_construction_excluded":true,"production_flow_integrated":false,"end_to_end_speedup_claim":false}
Native owner (ubuntu-24.04)	Q5.2 supplementary queue benchmark checks	2026-10-05T02:04:46.5189130Z Q52_ROW {"scenario":"historical_sorting_reference","implementation_label":"historical_sorting_reference","match":"matched","waiters_W":1000,"holders_H":100,"repeat":4,"calls":99,"waiter_sort_items":99000,"waiters_attempted":99,"holder_candidates_examined":9900,"elapsed_ns":175713,"ops":99,"ns_per_call":1774.8788,"calls_per_second":563418.7567,"expected_pair":"0:99","verified":true}
Native owner (ubuntu-24.04)	Q5.2 supplementary queue benchmark checks	2026-10-05T02:04:46.5208926Z Q52_ROW {"scenario":"production_ordered_selector_kernel","scope_label":"ordered helper only; excludes Flow index maintenance and holder projection","mode":"matched","waiters_W":1000,"holders_H":100,"repeat":4,"calls":9900,"elapsed_ns":2208601,"ns_per_call":223.0910,"yielded_waiters_per_call_untimed":1,"expected_pair":"0:99","verified":true,"attempt_count":1,"attempts":[{"attempt":1,"calls":9900,"elapsed_ns":2208601}],"calibration_stop_reason":"minimum_batch_duration_reached","precision_status":"minimum_batch_duration_reached","max_calls":1000000,"max_calibration_attempts":5,"min_batch_ns":1000000,"initial_call_formula":"clamp(1000000 / max(1,H+yielded_waiters),1,1000000)","timed_operations":"loop and ordered helper invocations with black-boxed result","waiters_sorted_outside_timer":true,"fixture_creation_and_holder_construction_excluded":true,"production_flow_integrated":false,"end_to_end_speedup_claim":false}
Native owner (ubuntu-24.04)	Q5.2 supplementary queue benchmark checks	2026-10-05T02:04:46.5213310Z Q52_ROW {"scenario":"historical_sorting_reference","implementation_label":"historical_sorting_reference","match":"matched","waiters_W":1000,"holders_H":100,"repeat":5,"calls":99,"waiter_sort_items":99000,"waiters_attempted":99,"holder_candidates_examined":9900,"elapsed_ns":170803,"ops":99,"ns_per_call":1725.2828,"calls_per_second":579615.1121,"expected_pair":"0:99","verified":true}
Native owner (ubuntu-24.04)	Q5.2 supplementary queue benchmark checks	2026-10-05T02:04:46.5233096Z Q52_ROW {"scenario":"production_ordered_selector_kernel","scope_label":"ordered helper only; excludes Flow index maintenance and holder projection","mode":"matched","waiters_W":1000,"holders_H":100,"repeat":5,"calls":9900,"elapsed_ns":2217805,"ns_per_call":224.0207,"yielded_waiters_per_call_untimed":1,"expected_pair":"0:99","verified":true,"attempt_count":1,"attempts":[{"attempt":1,"calls":9900,"elapsed_ns":2217805}],"calibration_stop_reason":"minimum_batch_duration_reached","precision_status":"minimum_batch_duration_reached","max_calls":1000000,"max_calibration_attempts":5,"min_batch_ns":1000000,"initial_call_formula":"clamp(1000000 / max(1,H+yielded_waiters),1,1000000)","timed_operations":"loop and ordered helper invocations with black-boxed result","waiters_sorted_outside_timer":true,"fixture_creation_and_holder_construction_excluded":true,"production_flow_integrated":false,"end_to_end_speedup_claim":false}
Native owner (ubuntu-24.04)	Q5.2 supplementary queue benchmark checks	2026-10-05T02:04:46.5255617Z Q52_ROW {"scenario":"production_ordered_selector_kernel","scope_label":"ordered helper only; excludes Flow index maintenance and holder projection","mode":"ineligible_holders","waiters_W":1000,"holders_H":100,"repeat":1,"calls":20000,"elapsed_ns":1243684,"ns_per_call":62.1842,"yielded_waiters_per_call_untimed":0,"expected_pair":"none","verified":true,"attempt_count":2,"attempts":[{"attempt":1,"calls":10000,"elapsed_ns":864946},{"attempt":2,"calls":20000,"elapsed_ns":1243684}],"calibration_stop_reason":"minimum_batch_duration_reached","precision_status":"minimum_batch_duration_reached","max_calls":1000000,"max_calibration_attempts":5,"min_batch_ns":1000000,"initial_call_formula":"clamp(1000000 / max(1,H+yielded_waiters),1,1000000)","timed_operations":"loop and ordered helper invocations with black-boxed result","waiters_sorted_outside_timer":true,"fixture_creation_and_holder_construction_excluded":true,"production_flow_integrated":false,"end_to_end_speedup_claim":false}
Native owner (ubuntu-24.04)	Q5.2 supplementary queue benchmark checks	2026-10-05T02:04:46.5277914Z Q52_ROW {"scenario":"production_ordered_selector_kernel","scope_label":"ordered helper only; excludes Flow index maintenance and holder projection","mode":"ineligible_holders","waiters_W":1000,"holders_H":100,"repeat":2,"calls":20000,"elapsed_ns":1257299,"ns_per_call":62.8650,"yielded_waiters_per_call_untimed":0,"expected_pair":"none","verified":true,"attempt_count":2,"attempts":[{"attempt":1,"calls":10000,"elapsed_ns":887024},{"attempt":2,"calls":20000,"elapsed_ns":1257299}],"calibration_stop_reason":"minimum_batch_duration_reached","precision_status":"minimum_batch_duration_reached","max_calls":1000000,"max_calibration_attempts":5,"min_batch_ns":1000000,"initial_call_formula":"clamp(1000000 / max(1,H+yielded_waiters),1,1000000)","timed_operations":"loop and ordered helper invocations with black-boxed result","waiters_sorted_outside_timer":true,"fixture_creation_and_holder_construction_excluded":true,"production_flow_integrated":false,"end_to_end_speedup_claim":false}
Native owner (ubuntu-24.04)	Q5.2 supplementary queue benchmark checks	2026-10-05T02:04:46.5301919Z Q52_ROW {"scenario":"production_ordered_selector_kernel","scope_label":"ordered helper only; excludes Flow index maintenance and holder projection","mode":"ineligible_holders","waiters_W":1000,"holders_H":100,"repeat":3,"calls":20000,"elapsed_ns":1336670,"ns_per_call":66.8335,"yielded_waiters_per_call_untimed":0,"expected_pair":"none","verified":true,"attempt_count":2,"attempts":[{"attempt":1,"calls":10000,"elapsed_ns":937263},{"attempt":2,"calls":20000,"elapsed_ns":1336670}],"calibration_stop_reason":"minimum_batch_duration_reached","precision_status":"minimum_batch_duration_reached","max_calls":1000000,"max_calibration_attempts":5,"min_batch_ns":1000000,"initial_call_formula":"clamp(1000000 / max(1,H+yielded_waiters),1,1000000)","timed_operations":"loop and ordered helper invocations with black-boxed result","waiters_sorted_outside_timer":true,"fixture_creation_and_holder_construction_excluded":true,"production_flow_integrated":false,"end_to_end_speedup_claim":false}
Native owner (ubuntu-24.04)	Q5.2 supplementary queue benchmark checks	2026-10-05T02:04:46.5325166Z Q52_ROW {"scenario":"production_ordered_selector_kernel","scope_label":"ordered helper only; excludes Flow index maintenance and holder projection","mode":"ineligible_holders","waiters_W":1000,"holders_H":100,"repeat":4,"calls":20000,"elapsed_ns":1315199,"ns_per_call":65.7600,"yielded_waiters_per_call_untimed":0,"expected_pair":"none","verified":true,"attempt_count":2,"attempts":[{"attempt":1,"calls":10000,"elapsed_ns":913632},{"attempt":2,"calls":20000,"elapsed_ns":1315199}],"calibration_stop_reason":"minimum_batch_duration_reached","precision_status":"minimum_batch_duration_reached","max_calls":1000000,"max_calibration_attempts":5,"min_batch_ns":1000000,"initial_call_formula":"clamp(1000000 / max(1,H+yielded_waiters),1,1000000)","timed_operations":"loop and ordered helper invocations with black-boxed result","waiters_sorted_outside_timer":true,"fixture_creation_and_holder_construction_excluded":true,"production_flow_integrated":false,"end_to_end_speedup_claim":false}
Native owner (ubuntu-24.04)	Q5.2 supplementary queue benchmark checks	2026-10-05T02:04:46.5349100Z Q52_ROW {"scenario":"production_ordered_selector_kernel","scope_label":"ordered helper only; excludes Flow index maintenance and holder projection","mode":"ineligible_holders","waiters_W":1000,"holders_H":100,"repeat":5,"calls":20000,"elapsed_ns":1344098,"ns_per_call":67.2049,"yielded_waiters_per_call_untimed":0,"expected_pair":"none","verified":true,"attempt_count":2,"attempts":[{"attempt":1,"calls":10000,"elapsed_ns":916860},{"attempt":2,"calls":20000,"elapsed_ns":1344098}],"calibration_stop_reason":"minimum_batch_duration_reached","precision_status":"minimum_batch_duration_reached","max_calls":1000000,"max_calibration_attempts":5,"min_batch_ns":1000000,"initial_call_formula":"clamp(1000000 / max(1,H+yielded_waiters),1,1000000)","timed_operations":"loop and ordered helper invocations with black-boxed result","waiters_sorted_outside_timer":true,"fixture_creation_and_holder_construction_excluded":true,"production_flow_integrated":false,"end_to_end_speedup_claim":false}
Native owner (ubuntu-24.04)	Q5.2 supplementary queue benchmark checks	2026-10-05T02:04:46.5371623Z Q52_ROW {"scenario":"production_ordered_selector_kernel","scope_label":"ordered helper only; excludes Flow index maintenance and holder projection","mode":"all_nonpreempting_waiters","waiters_W":1000,"holders_H":100,"repeat":1,"calls":1818,"elapsed_ns":1317278,"ns_per_call":724.5754,"yielded_waiters_per_call_untimed":1000,"expected_pair":"none","verified":true,"attempt_count":2,"attempts":[{"attempt":1,"calls":909,"elapsed_ns":947143},{"attempt":2,"calls":1818,"elapsed_ns":1317278}],"calibration_stop_reason":"minimum_batch_duration_reached","precision_status":"minimum_batch_duration_reached","max_calls":1000000,"max_calibration_attempts":5,"min_batch_ns":1000000,"initial_call_formula":"clamp(1000000 / max(1,H+yielded_waiters),1,1000000)","timed_operations":"loop and ordered helper invocations with black-boxed result","waiters_sorted_outside_timer":true,"fixture_creation_and_holder_construction_excluded":true,"production_flow_integrated":false,"end_to_end_speedup_claim":false}
Native owner (ubuntu-24.04)	Q5.2 supplementary queue benchmark checks	2026-10-05T02:04:46.5392886Z Q52_ROW {"scenario":"production_ordered_selector_kernel","scope_label":"ordered helper only; excludes Flow index maintenance and holder projection","mode":"all_nonpreempting_waiters","waiters_W":1000,"holders_H":100,"repeat":2,"calls":1818,"elapsed_ns":1244692,"ns_per_call":684.6491,"yielded_waiters_per_call_untimed":1000,"expected_pair":"none","verified":true,"attempt_count":2,"attempts":[{"attempt":1,"calls":909,"elapsed_ns":881302},{"attempt":2,"calls":1818,"elapsed_ns":1244692}],"calibration_stop_reason":"minimum_batch_duration_reached","precision_status":"minimum_batch_duration_reached","max_calls":1000000,"max_calibration_attempts":5,"min_batch_ns":1000000,"initial_call_formula":"clamp(1000000 / max(1,H+yielded_waiters),1,1000000)","timed_operations":"loop and ordered helper invocations with black-boxed result","waiters_sorted_outside_timer":true,"fixture_creation_and_holder_construction_excluded":true,"production_flow_integrated":false,"end_to_end_speedup_claim":false}
Native owner (ubuntu-24.04)	Q5.2 supplementary queue benchmark checks	2026-10-05T02:04:46.5414188Z Q52_ROW {"scenario":"production_ordered_selector_kernel","scope_label":"ordered helper only; excludes Flow index maintenance and holder projection","mode":"all_nonpreempting_waiters","waiters_W":1000,"holders_H":100,"repeat":3,"calls":1818,"elapsed_ns":1236889,"ns_per_call":680.3570,"yielded_waiters_per_call_untimed":1000,"expected_pair":"none","verified":true,"attempt_count":2,"attempts":[{"attempt":1,"calls":909,"elapsed_ns":872595},{"attempt":2,"calls":1818,"elapsed_ns":1236889}],"calibration_stop_reason":"minimum_batch_duration_reached","precision_status":"minimum_batch_duration_reached","max_calls":1000000,"max_calibration_attempts":5,"min_batch_ns":1000000,"initial_call_formula":"clamp(1000000 / max(1,H+yielded_waiters),1,1000000)","timed_operations":"loop and ordered helper invocations with black-boxed result","waiters_sorted_outside_timer":true,"fixture_creation_and_holder_construction_excluded":true,"production_flow_integrated":false,"end_to_end_speedup_claim":false}
Native owner (ubuntu-24.04)	Q5.2 supplementary queue benchmark checks	2026-10-05T02:04:46.5435430Z Q52_ROW {"scenario":"production_ordered_selector_kernel","scope_label":"ordered helper only; excludes Flow index maintenance and holder projection","mode":"all_nonpreempting_waiters","waiters_W":1000,"holders_H":100,"repeat":4,"calls":1818,"elapsed_ns":1228608,"ns_per_call":675.8020,"yielded_waiters_per_call_untimed":1000,"expected_pair":"none","verified":true,"attempt_count":2,"attempts":[{"attempt":1,"calls":909,"elapsed_ns":881275},{"attempt":2,"calls":1818,"elapsed_ns":1228608}],"calibration_stop_reason":"minimum_batch_duration_reached","precision_status":"minimum_batch_duration_reached","max_calls":1000000,"max_calibration_attempts":5,"min_batch_ns":1000000,"initial_call_formula":"clamp(1000000 / max(1,H+yielded_waiters),1,1000000)","timed_operations":"loop and ordered helper invocations with black-boxed result","waiters_sorted_outside_timer":true,"fixture_creation_and_holder_construction_excluded":true,"production_flow_integrated":false,"end_to_end_speedup_claim":false}
Native owner (ubuntu-24.04)	Q5.2 supplementary queue benchmark checks	2026-10-05T02:04:46.5456568Z Q52_ROW {"scenario":"production_ordered_selector_kernel","scope_label":"ordered helper only; excludes Flow index maintenance and holder projection","mode":"all_nonpreempting_waiters","waiters_W":1000,"holders_H":100,"repeat":5,"calls":1818,"elapsed_ns":1235688,"ns_per_call":679.6964,"yielded_waiters_per_call_untimed":1000,"expected_pair":"none","verified":true,"attempt_count":2,"attempts":[{"attempt":1,"calls":909,"elapsed_ns":885164},{"attempt":2,"calls":1818,"elapsed_ns":1235688}],"calibration_stop_reason":"minimum_batch_duration_reached","precision_status":"minimum_batch_duration_reached","max_calls":1000000,"max_calibration_attempts":5,"min_batch_ns":1000000,"initial_call_formula":"clamp(1000000 / max(1,H+yielded_waiters),1,1000000)","timed_operations":"loop and ordered helper invocations with black-boxed result","waiters_sorted_outside_timer":true,"fixture_creation_and_holder_construction_excluded":true,"production_flow_integrated":false,"end_to_end_speedup_claim":false}
Native owner (ubuntu-24.04)	Q5.2 supplementary queue benchmark checks	2026-10-05T02:04:46.5464885Z Q52_ROW {"scenario":"historical_sorting_reference","implementation_label":"historical_sorting_reference","match":"no_match","waiters_W":100000,"holders_H":1,"repeat":1,"calls":1,"waiter_sort_items":100000,"waiters_attempted":100000,"holder_candidates_examined":100000,"elapsed_ns":701252,"ops":1,"ns_per_call":701252.0000,"calls_per_second":1426.0209,"expected_pair":"none","verified":true}
Native owner (ubuntu-24.04)	Q5.2 supplementary queue benchmark checks	2026-10-05T02:04:46.5492190Z Q52_ROW {"scenario":"production_ordered_selector_kernel","scope_label":"ordered helper only; excludes Flow index maintenance and holder projection","mode":"equal_priority_no_match","waiters_W":100000,"holders_H":1,"repeat":1,"calls":500000,"elapsed_ns":1699373,"ns_per_call":3.3987,"yielded_waiters_per_call_untimed":1,"expected_pair":"none","verified":true,"attempt_count":1,"attempts":[{"attempt":1,"calls":500000,"elapsed_ns":1699373}],"calibration_stop_reason":"minimum_batch_duration_reached","precision_status":"minimum_batch_duration_reached","max_calls":1000000,"max_calibration_attempts":5,"min_batch_ns":1000000,"initial_call_formula":"clamp(1000000 / max(1,H+yielded_waiters),1,1000000)","timed_operations":"loop and ordered helper invocations with black-boxed result","waiters_sorted_outside_timer":true,"fixture_creation_and_holder_construction_excluded":true,"production_flow_integrated":false,"end_to_end_speedup_claim":false}
Native owner (ubuntu-24.04)	Q5.2 supplementary queue benchmark checks	2026-10-05T02:04:46.5496714Z Q52_ROW {"scenario":"historical_sorting_reference","implementation_label":"historical_sorting_reference","match":"no_match","waiters_W":100000,"holders_H":1,"repeat":2,"calls":1,"waiter_sort_items":100000,"waiters_attempted":100000,"holder_candidates_examined":100000,"elapsed_ns":556200,"ops":1,"ns_per_call":556200.0000,"calls_per_second":1797.9144,"expected_pair":"none","verified":true}
Native owner (ubuntu-24.04)	Q5.2 supplementary queue benchmark checks	2026-10-05T02:04:46.5523814Z Q52_ROW {"scenario":"production_ordered_selector_kernel","scope_label":"ordered helper only; excludes Flow index maintenance and holder projection","mode":"equal_priority_no_match","waiters_W":100000,"holders_H":1,"repeat":2,"calls":500000,"elapsed_ns":1708088,"ns_per_call":3.4162,"yielded_waiters_per_call_untimed":1,"expected_pair":"none","verified":true,"attempt_count":1,"attempts":[{"attempt":1,"calls":500000,"elapsed_ns":1708088}],"calibration_stop_reason":"minimum_batch_duration_reached","precision_status":"minimum_batch_duration_reached","max_calls":1000000,"max_calibration_attempts":5,"min_batch_ns":1000000,"initial_call_formula":"clamp(1000000 / max(1,H+yielded_waiters),1,1000000)","timed_operations":"loop and ordered helper invocations with black-boxed result","waiters_sorted_outside_timer":true,"fixture_creation_and_holder_construction_excluded":true,"production_flow_integrated":false,"end_to_end_speedup_claim":false}
Native owner (ubuntu-24.04)	Q5.2 supplementary queue benchmark checks	2026-10-05T02:04:46.5528258Z Q52_ROW {"scenario":"historical_sorting_reference","implementation_label":"historical_sorting_reference","match":"no_match","waiters_W":100000,"holders_H":1,"repeat":3,"calls":1,"waiter_sort_items":100000,"waiters_attempted":100000,"holder_candidates_examined":100000,"elapsed_ns":546765,"ops":1,"ns_per_call":546765.0000,"calls_per_second":1828.9393,"expected_pair":"none","verified":true}
Native owner (ubuntu-24.04)	Q5.2 supplementary queue benchmark checks	2026-10-05T02:04:46.5552897Z Q52_ROW {"scenario":"production_ordered_selector_kernel","scope_label":"ordered helper only; excludes Flow index maintenance and holder projection","mode":"equal_priority_no_match","waiters_W":100000,"holders_H":1,"repeat":3,"calls":500000,"elapsed_ns":1657173,"ns_per_call":3.3143,"yielded_waiters_per_call_untimed":1,"expected_pair":"none","verified":true,"attempt_count":1,"attempts":[{"attempt":1,"calls":500000,"elapsed_ns":1657173}],"calibration_stop_reason":"minimum_batch_duration_reached","precision_status":"minimum_batch_duration_reached","max_calls":1000000,"max_calibration_attempts":5,"min_batch_ns":1000000,"initial_call_formula":"clamp(1000000 / max(1,H+yielded_waiters),1,1000000)","timed_operations":"loop and ordered helper invocations with black-boxed result","waiters_sorted_outside_timer":true,"fixture_creation_and_holder_construction_excluded":true,"production_flow_integrated":false,"end_to_end_speedup_claim":false}
Native owner (ubuntu-24.04)	Q5.2 supplementary queue benchmark checks	2026-10-05T02:04:46.5556190Z Q52_ROW {"scenario":"historical_sorting_reference","implementation_label":"historical_sorting_reference","match":"no_match","waiters_W":100000,"holders_H":1,"repeat":4,"calls":1,"waiter_sort_items":100000,"waiters_attempted":100000,"holder_candidates_examined":100000,"elapsed_ns":297770,"ops":1,"ns_per_call":297770.0000,"calls_per_second":3358.2967,"expected_pair":"none","verified":true}
Native owner (ubuntu-24.04)	Q5.2 supplementary queue benchmark checks	2026-10-05T02:04:46.5580430Z Q52_ROW {"scenario":"production_ordered_selector_kernel","scope_label":"ordered helper only; excludes Flow index maintenance and holder projection","mode":"equal_priority_no_match","waiters_W":100000,"holders_H":1,"repeat":4,"calls":500000,"elapsed_ns":1627750,"ns_per_call":3.2555,"yielded_waiters_per_call_untimed":1,"expected_pair":"none","verified":true,"attempt_count":1,"attempts":[{"attempt":1,"calls":500000,"elapsed_ns":1627750}],"calibration_stop_reason":"minimum_batch_duration_reached","precision_status":"minimum_batch_duration_reached","max_calls":1000000,"max_calibration_attempts":5,"min_batch_ns":1000000,"initial_call_formula":"clamp(1000000 / max(1,H+yielded_waiters),1,1000000)","timed_operations":"loop and ordered helper invocations with black-boxed result","waiters_sorted_outside_timer":true,"fixture_creation_and_holder_construction_excluded":true,"production_flow_integrated":false,"end_to_end_speedup_claim":false}
Native owner (ubuntu-24.04)	Q5.2 supplementary queue benchmark checks	2026-10-05T02:04:46.5583527Z Q52_ROW {"scenario":"historical_sorting_reference","implementation_label":"historical_sorting_reference","match":"no_match","waiters_W":100000,"holders_H":1,"repeat":5,"calls":1,"waiter_sort_items":100000,"waiters_attempted":100000,"holder_candidates_examined":100000,"elapsed_ns":298184,"ops":1,"ns_per_call":298184.0000,"calls_per_second":3353.6340,"expected_pair":"none","verified":true}
Native owner (ubuntu-24.04)	Q5.2 supplementary queue benchmark checks	2026-10-05T02:04:46.5608292Z Q52_ROW {"scenario":"production_ordered_selector_kernel","scope_label":"ordered helper only; excludes Flow index maintenance and holder projection","mode":"equal_priority_no_match","waiters_W":100000,"holders_H":1,"repeat":5,"calls":500000,"elapsed_ns":1649661,"ns_per_call":3.2993,"yielded_waiters_per_call_untimed":1,"expected_pair":"none","verified":true,"attempt_count":1,"attempts":[{"attempt":1,"calls":500000,"elapsed_ns":1649661}],"calibration_stop_reason":"minimum_batch_duration_reached","precision_status":"minimum_batch_duration_reached","max_calls":1000000,"max_calibration_attempts":5,"min_batch_ns":1000000,"initial_call_formula":"clamp(1000000 / max(1,H+yielded_waiters),1,1000000)","timed_operations":"loop and ordered helper invocations with black-boxed result","waiters_sorted_outside_timer":true,"fixture_creation_and_holder_construction_excluded":true,"production_flow_integrated":false,"end_to_end_speedup_claim":false}
Native owner (ubuntu-24.04)	Q5.2 supplementary queue benchmark checks	2026-10-05T02:04:46.5611267Z Q52_ROW {"scenario":"historical_sorting_reference","implementation_label":"historical_sorting_reference","match":"matched","waiters_W":100000,"holders_H":1,"repeat":1,"calls":1,"waiter_sort_items":100000,"waiters_attempted":1,"holder_candidates_examined":1,"elapsed_ns":129516,"ops":1,"ns_per_call":129516.0000,"calls_per_second":7721.0538,"expected_pair":"0:0","verified":true}
Native owner (ubuntu-24.04)	Q5.2 supplementary queue benchmark checks	2026-10-05T02:04:46.5659769Z Q52_ROW {"scenario":"production_ordered_selector_kernel","scope_label":"ordered helper only; excludes Flow index maintenance and holder projection","mode":"matched","waiters_W":100000,"holders_H":1,"repeat":1,"calls":500000,"elapsed_ns":4375961,"ns_per_call":8.7519,"yielded_waiters_per_call_untimed":1,"expected_pair":"0:0","verified":true,"attempt_count":1,"attempts":[{"attempt":1,"calls":500000,"elapsed_ns":4375961}],"calibration_stop_reason":"minimum_batch_duration_reached","precision_status":"minimum_batch_duration_reached","max_calls":1000000,"max_calibration_attempts":5,"min_batch_ns":1000000,"initial_call_formula":"clamp(1000000 / max(1,H+yielded_waiters),1,1000000)","timed_operations":"loop and ordered helper invocations with black-boxed result","waiters_sorted_outside_timer":true,"fixture_creation_and_holder_construction_excluded":true,"production_flow_integrated":false,"end_to_end_speedup_claim":false}
Native owner (ubuntu-24.04)	Q5.2 supplementary queue benchmark checks	2026-10-05T02:04:46.5662620Z Q52_ROW {"scenario":"historical_sorting_reference","implementation_label":"historical_sorting_reference","match":"matched","waiters_W":100000,"holders_H":1,"repeat":2,"calls":1,"waiter_sort_items":100000,"waiters_attempted":1,"holder_candidates_examined":1,"elapsed_ns":134081,"ops":1,"ns_per_call":134081.0000,"calls_per_second":7458.1783,"expected_pair":"0:0","verified":true}
Native owner (ubuntu-24.04)	Q5.2 supplementary queue benchmark checks	2026-10-05T02:04:46.5710584Z Q52_ROW {"scenario":"production_ordered_selector_kernel","scope_label":"ordered helper only; excludes Flow index maintenance and holder projection","mode":"matched","waiters_W":100000,"holders_H":1,"repeat":2,"calls":500000,"elapsed_ns":4333840,"ns_per_call":8.6677,"yielded_waiters_per_call_untimed":1,"expected_pair":"0:0","verified":true,"attempt_count":1,"attempts":[{"attempt":1,"calls":500000,"elapsed_ns":4333840}],"calibration_stop_reason":"minimum_batch_duration_reached","precision_status":"minimum_batch_duration_reached","max_calls":1000000,"max_calibration_attempts":5,"min_batch_ns":1000000,"initial_call_formula":"clamp(1000000 / max(1,H+yielded_waiters),1,1000000)","timed_operations":"loop and ordered helper invocations with black-boxed result","waiters_sorted_outside_timer":true,"fixture_creation_and_holder_construction_excluded":true,"production_flow_integrated":false,"end_to_end_speedup_claim":false}
Native owner (ubuntu-24.04)	Q5.2 supplementary queue benchmark checks	2026-10-05T02:04:46.5713325Z Q52_ROW {"scenario":"historical_sorting_reference","implementation_label":"historical_sorting_reference","match":"matched","waiters_W":100000,"holders_H":1,"repeat":3,"calls":1,"waiter_sort_items":100000,"waiters_attempted":1,"holder_candidates_examined":1,"elapsed_ns":122518,"ops":1,"ns_per_call":122518.0000,"calls_per_second":8162.0660,"expected_pair":"0:0","verified":true}
Native owner (ubuntu-24.04)	Q5.2 supplementary queue benchmark checks	2026-10-05T02:04:46.5761229Z Q52_ROW {"scenario":"production_ordered_selector_kernel","scope_label":"ordered helper only; excludes Flow index maintenance and holder projection","mode":"matched","waiters_W":100000,"holders_H":1,"repeat":3,"calls":500000,"elapsed_ns":4344058,"ns_per_call":8.6881,"yielded_waiters_per_call_untimed":1,"expected_pair":"0:0","verified":true,"attempt_count":1,"attempts":[{"attempt":1,"calls":500000,"elapsed_ns":4344058}],"calibration_stop_reason":"minimum_batch_duration_reached","precision_status":"minimum_batch_duration_reached","max_calls":1000000,"max_calibration_attempts":5,"min_batch_ns":1000000,"initial_call_formula":"clamp(1000000 / max(1,H+yielded_waiters),1,1000000)","timed_operations":"loop and ordered helper invocations with black-boxed result","waiters_sorted_outside_timer":true,"fixture_creation_and_holder_construction_excluded":true,"production_flow_integrated":false,"end_to_end_speedup_claim":false}
Native owner (ubuntu-24.04)	Q5.2 supplementary queue benchmark checks	2026-10-05T02:04:46.5764295Z Q52_ROW {"scenario":"historical_sorting_reference","implementation_label":"historical_sorting_reference","match":"matched","waiters_W":100000,"holders_H":1,"repeat":4,"calls":1,"waiter_sort_items":100000,"waiters_attempted":1,"holder_candidates_examined":1,"elapsed_ns":122730,"ops":1,"ns_per_call":122730.0000,"calls_per_second":8147.9671,"expected_pair":"0:0","verified":true}
Native owner (ubuntu-24.04)	Q5.2 supplementary queue benchmark checks	2026-10-05T02:04:46.5812200Z Q52_ROW {"scenario":"production_ordered_selector_kernel","scope_label":"ordered helper only; excludes Flow index maintenance and holder projection","mode":"matched","waiters_W":100000,"holders_H":1,"repeat":4,"calls":500000,"elapsed_ns":4338799,"ns_per_call":8.6776,"yielded_waiters_per_call_untimed":1,"expected_pair":"0:0","verified":true,"attempt_count":1,"attempts":[{"attempt":1,"calls":500000,"elapsed_ns":4338799}],"calibration_stop_reason":"minimum_batch_duration_reached","precision_status":"minimum_batch_duration_reached","max_calls":1000000,"max_calibration_attempts":5,"min_batch_ns":1000000,"initial_call_formula":"clamp(1000000 / max(1,H+yielded_waiters),1,1000000)","timed_operations":"loop and ordered helper invocations with black-boxed result","waiters_sorted_outside_timer":true,"fixture_creation_and_holder_construction_excluded":true,"production_flow_integrated":false,"end_to_end_speedup_claim":false}
Native owner (ubuntu-24.04)	Q5.2 supplementary queue benchmark checks	2026-10-05T02:04:46.5815086Z Q52_ROW {"scenario":"historical_sorting_reference","implementation_label":"historical_sorting_reference","match":"matched","waiters_W":100000,"holders_H":1,"repeat":5,"calls":1,"waiter_sort_items":100000,"waiters_attempted":1,"holder_candidates_examined":1,"elapsed_ns":123518,"ops":1,"ns_per_call":123518.0000,"calls_per_second":8095.9860,"expected_pair":"0:0","verified":true}
Native owner (ubuntu-24.04)	Q5.2 supplementary queue benchmark checks	2026-10-05T02:04:46.5862896Z Q52_ROW {"scenario":"production_ordered_selector_kernel","scope_label":"ordered helper only; excludes Flow index maintenance and holder projection","mode":"matched","waiters_W":100000,"holders_H":1,"repeat":5,"calls":500000,"elapsed_ns":4339240,"ns_per_call":8.6785,"yielded_waiters_per_call_untimed":1,"expected_pair":"0:0","verified":true,"attempt_count":1,"attempts":[{"attempt":1,"calls":500000,"elapsed_ns":4339240}],"calibration_stop_reason":"minimum_batch_duration_reached","precision_status":"minimum_batch_duration_reached","max_calls":1000000,"max_calibration_attempts":5,"min_batch_ns":1000000,"initial_call_formula":"clamp(1000000 / max(1,H+yielded_waiters),1,1000000)","timed_operations":"loop and ordered helper invocations with black-boxed result","waiters_sorted_outside_timer":true,"fixture_creation_and_holder_construction_excluded":true,"production_flow_integrated":false,"end_to_end_speedup_claim":false}
Native owner (ubuntu-24.04)	Q5.2 supplementary queue benchmark checks	2026-10-05T02:04:46.5897131Z Q52_ROW {"scenario":"production_ordered_selector_kernel","scope_label":"ordered helper only; excludes Flow index maintenance and holder projection","mode":"ineligible_holders","waiters_W":100000,"holders_H":1,"repeat":1,"calls":1000000,"elapsed_ns":2736668,"ns_per_call":2.7367,"yielded_waiters_per_call_untimed":0,"expected_pair":"none","verified":true,"attempt_count":1,"attempts":[{"attempt":1,"calls":1000000,"elapsed_ns":2736668}],"calibration_stop_reason":"minimum_batch_duration_reached","precision_status":"minimum_batch_duration_reached","max_calls":1000000,"max_calibration_attempts":5,"min_batch_ns":1000000,"initial_call_formula":"clamp(1000000 / max(1,H+yielded_waiters),1,1000000)","timed_operations":"loop and ordered helper invocations with black-boxed result","waiters_sorted_outside_timer":true,"fixture_creation_and_holder_construction_excluded":true,"production_flow_integrated":false,"end_to_end_speedup_claim":false}
Native owner (ubuntu-24.04)	Q5.2 supplementary queue benchmark checks	2026-10-05T02:04:46.5930470Z Q52_ROW {"scenario":"production_ordered_selector_kernel","scope_label":"ordered helper only; excludes Flow index maintenance and holder projection","mode":"ineligible_holders","waiters_W":100000,"holders_H":1,"repeat":2,"calls":1000000,"elapsed_ns":2674171,"ns_per_call":2.6742,"yielded_waiters_per_call_untimed":0,"expected_pair":"none","verified":true,"attempt_count":1,"attempts":[{"attempt":1,"calls":1000000,"elapsed_ns":2674171}],"calibration_stop_reason":"minimum_batch_duration_reached","precision_status":"minimum_batch_duration_reached","max_calls":1000000,"max_calibration_attempts":5,"min_batch_ns":1000000,"initial_call_formula":"clamp(1000000 / max(1,H+yielded_waiters),1,1000000)","timed_operations":"loop and ordered helper invocations with black-boxed result","waiters_sorted_outside_timer":true,"fixture_creation_and_holder_construction_excluded":true,"production_flow_integrated":false,"end_to_end_speedup_claim":false}
Native owner (ubuntu-24.04)	Q5.2 supplementary queue benchmark checks	2026-10-05T02:04:46.5963899Z Q52_ROW {"scenario":"production_ordered_selector_kernel","scope_label":"ordered helper only; excludes Flow index maintenance and holder projection","mode":"ineligible_holders","waiters_W":100000,"holders_H":1,"repeat":3,"calls":1000000,"elapsed_ns":2671737,"ns_per_call":2.6717,"yielded_waiters_per_call_untimed":0,"expected_pair":"none","verified":true,"attempt_count":1,"attempts":[{"attempt":1,"calls":1000000,"elapsed_ns":2671737}],"calibration_stop_reason":"minimum_batch_duration_reached","precision_status":"minimum_batch_duration_reached","max_calls":1000000,"max_calibration_attempts":5,"min_batch_ns":1000000,"initial_call_formula":"clamp(1000000 / max(1,H+yielded_waiters),1,1000000)","timed_operations":"loop and ordered helper invocations with black-boxed result","waiters_sorted_outside_timer":true,"fixture_creation_and_holder_construction_excluded":true,"production_flow_integrated":false,"end_to_end_speedup_claim":false}
Native owner (ubuntu-24.04)	Q5.2 supplementary queue benchmark checks	2026-10-05T02:04:46.5997232Z Q52_ROW {"scenario":"production_ordered_selector_kernel","scope_label":"ordered helper only; excludes Flow index maintenance and holder projection","mode":"ineligible_holders","waiters_W":100000,"holders_H":1,"repeat":4,"calls":1000000,"elapsed_ns":2663209,"ns_per_call":2.6632,"yielded_waiters_per_call_untimed":0,"expected_pair":"none","verified":true,"attempt_count":1,"attempts":[{"attempt":1,"calls":1000000,"elapsed_ns":2663209}],"calibration_stop_reason":"minimum_batch_duration_reached","precision_status":"minimum_batch_duration_reached","max_calls":1000000,"max_calibration_attempts":5,"min_batch_ns":1000000,"initial_call_formula":"clamp(1000000 / max(1,H+yielded_waiters),1,1000000)","timed_operations":"loop and ordered helper invocations with black-boxed result","waiters_sorted_outside_timer":true,"fixture_creation_and_holder_construction_excluded":true,"production_flow_integrated":false,"end_to_end_speedup_claim":false}
Native owner (ubuntu-24.04)	Q5.2 supplementary queue benchmark checks	2026-10-05T02:04:46.6030631Z Q52_ROW {"scenario":"production_ordered_selector_kernel","scope_label":"ordered helper only; excludes Flow index maintenance and holder projection","mode":"ineligible_holders","waiters_W":100000,"holders_H":1,"repeat":5,"calls":1000000,"elapsed_ns":2664235,"ns_per_call":2.6642,"yielded_waiters_per_call_untimed":0,"expected_pair":"none","verified":true,"attempt_count":1,"attempts":[{"attempt":1,"calls":1000000,"elapsed_ns":2664235}],"calibration_stop_reason":"minimum_batch_duration_reached","precision_status":"minimum_batch_duration_reached","max_calls":1000000,"max_calibration_attempts":5,"min_batch_ns":1000000,"initial_call_formula":"clamp(1000000 / max(1,H+yielded_waiters),1,1000000)","timed_operations":"loop and ordered helper invocations with black-boxed result","waiters_sorted_outside_timer":true,"fixture_creation_and_holder_construction_excluded":true,"production_flow_integrated":false,"end_to_end_speedup_claim":false}
Native owner (ubuntu-24.04)	Q5.2 supplementary queue benchmark checks	2026-10-05T02:04:46.6054580Z Q52_ROW {"scenario":"production_ordered_selector_kernel","scope_label":"ordered helper only; excludes Flow index maintenance and holder projection","mode":"all_nonpreempting_waiters","waiters_W":100000,"holders_H":1,"repeat":1,"calls":18,"elapsed_ns":1133882,"ns_per_call":62993.4444,"yielded_waiters_per_call_untimed":100000,"expected_pair":"none","verified":true,"attempt_count":2,"attempts":[{"attempt":1,"calls":9,"elapsed_ns":583552},{"attempt":2,"calls":18,"elapsed_ns":1133882}],"calibration_stop_reason":"minimum_batch_duration_reached","precision_status":"minimum_batch_duration_reached","max_calls":1000000,"max_calibration_attempts":5,"min_batch_ns":1000000,"initial_call_formula":"clamp(1000000 / max(1,H+yielded_waiters),1,1000000)","timed_operations":"loop and ordered helper invocations with black-boxed result","waiters_sorted_outside_timer":true,"fixture_creation_and_holder_construction_excluded":true,"production_flow_integrated":false,"end_to_end_speedup_claim":false}
Native owner (ubuntu-24.04)	Q5.2 supplementary queue benchmark checks	2026-10-05T02:04:46.6078435Z Q52_ROW {"scenario":"production_ordered_selector_kernel","scope_label":"ordered helper only; excludes Flow index maintenance and holder projection","mode":"all_nonpreempting_waiters","waiters_W":100000,"holders_H":1,"repeat":2,"calls":18,"elapsed_ns":1126656,"ns_per_call":62592.0000,"yielded_waiters_per_call_untimed":100000,"expected_pair":"none","verified":true,"attempt_count":2,"attempts":[{"attempt":1,"calls":9,"elapsed_ns":576525},{"attempt":2,"calls":18,"elapsed_ns":1126656}],"calibration_stop_reason":"minimum_batch_duration_reached","precision_status":"minimum_batch_duration_reached","max_calls":1000000,"max_calibration_attempts":5,"min_batch_ns":1000000,"initial_call_formula":"clamp(1000000 / max(1,H+yielded_waiters),1,1000000)","timed_operations":"loop and ordered helper invocations with black-boxed result","waiters_sorted_outside_timer":true,"fixture_creation_and_holder_construction_excluded":true,"production_flow_integrated":false,"end_to_end_speedup_claim":false}
Native owner (ubuntu-24.04)	Q5.2 supplementary queue benchmark checks	2026-10-05T02:04:46.6102259Z Q52_ROW {"scenario":"production_ordered_selector_kernel","scope_label":"ordered helper only; excludes Flow index maintenance and holder projection","mode":"all_nonpreempting_waiters","waiters_W":100000,"holders_H":1,"repeat":3,"calls":18,"elapsed_ns":1149997,"ns_per_call":63888.7222,"yielded_waiters_per_call_untimed":100000,"expected_pair":"none","verified":true,"attempt_count":2,"attempts":[{"attempt":1,"calls":9,"elapsed_ns":560606},{"attempt":2,"calls":18,"elapsed_ns":1149997}],"calibration_stop_reason":"minimum_batch_duration_reached","precision_status":"minimum_batch_duration_reached","max_calls":1000000,"max_calibration_attempts":5,"min_batch_ns":1000000,"initial_call_formula":"clamp(1000000 / max(1,H+yielded_waiters),1,1000000)","timed_operations":"loop and ordered helper invocations with black-boxed result","waiters_sorted_outside_timer":true,"fixture_creation_and_holder_construction_excluded":true,"production_flow_integrated":false,"end_to_end_speedup_claim":false}
Native owner (ubuntu-24.04)	Q5.2 supplementary queue benchmark checks	2026-10-05T02:04:46.6126002Z Q52_ROW {"scenario":"production_ordered_selector_kernel","scope_label":"ordered helper only; excludes Flow index maintenance and holder projection","mode":"all_nonpreempting_waiters","waiters_W":100000,"holders_H":1,"repeat":4,"calls":18,"elapsed_ns":1130467,"ns_per_call":62803.7222,"yielded_waiters_per_call_untimed":100000,"expected_pair":"none","verified":true,"attempt_count":2,"attempts":[{"attempt":1,"calls":9,"elapsed_ns":579400},{"attempt":2,"calls":18,"elapsed_ns":1130467}],"calibration_stop_reason":"minimum_batch_duration_reached","precision_status":"minimum_batch_duration_reached","max_calls":1000000,"max_calibration_attempts":5,"min_batch_ns":1000000,"initial_call_formula":"clamp(1000000 / max(1,H+yielded_waiters),1,1000000)","timed_operations":"loop and ordered helper invocations with black-boxed result","waiters_sorted_outside_timer":true,"fixture_creation_and_holder_construction_excluded":true,"production_flow_integrated":false,"end_to_end_speedup_claim":false}
Native owner (ubuntu-24.04)	Q5.2 supplementary queue benchmark checks	2026-10-05T02:04:46.6149906Z Q52_ROW {"scenario":"production_ordered_selector_kernel","scope_label":"ordered helper only; excludes Flow index maintenance and holder projection","mode":"all_nonpreempting_waiters","waiters_W":100000,"holders_H":1,"repeat":5,"calls":18,"elapsed_ns":1133561,"ns_per_call":62975.6111,"yielded_waiters_per_call_untimed":100000,"expected_pair":"none","verified":true,"attempt_count":2,"attempts":[{"attempt":1,"calls":9,"elapsed_ns":561200},{"attempt":2,"calls":18,"elapsed_ns":1133561}],"calibration_stop_reason":"minimum_batch_duration_reached","precision_status":"minimum_batch_duration_reached","max_calls":1000000,"max_calibration_attempts":5,"min_batch_ns":1000000,"initial_call_formula":"clamp(1000000 / max(1,H+yielded_waiters),1,1000000)","timed_operations":"loop and ordered helper invocations with black-boxed result","waiters_sorted_outside_timer":true,"fixture_creation_and_holder_construction_excluded":true,"production_flow_integrated":false,"end_to_end_speedup_claim":false}
Native owner (ubuntu-24.04)	Q5.2 supplementary queue benchmark checks	2026-10-05T02:04:46.6157651Z Q52_ROW {"scenario":"historical_sorting_reference","implementation_label":"historical_sorting_reference","match":"no_match","waiters_W":100000,"holders_H":10,"repeat":1,"calls":1,"waiter_sort_items":100000,"waiters_attempted":100000,"holder_candidates_examined":1000000,"elapsed_ns":790985,"ops":1,"ns_per_call":790985.0000,"calls_per_second":1264.2465,"expected_pair":"none","verified":true}
Native owner (ubuntu-24.04)	Q5.2 supplementary queue benchmark checks	2026-10-05T02:04:46.6187267Z Q52_ROW {"scenario":"production_ordered_selector_kernel","scope_label":"ordered helper only; excludes Flow index maintenance and holder projection","mode":"equal_priority_no_match","waiters_W":100000,"holders_H":10,"repeat":1,"calls":90909,"elapsed_ns":1679513,"ns_per_call":18.4747,"yielded_waiters_per_call_untimed":1,"expected_pair":"none","verified":true,"attempt_count":1,"attempts":[{"attempt":1,"calls":90909,"elapsed_ns":1679513}],"calibration_stop_reason":"minimum_batch_duration_reached","precision_status":"minimum_batch_duration_reached","max_calls":1000000,"max_calibration_attempts":5,"min_batch_ns":1000000,"initial_call_formula":"clamp(1000000 / max(1,H+yielded_waiters),1,1000000)","timed_operations":"loop and ordered helper invocations with black-boxed result","waiters_sorted_outside_timer":true,"fixture_creation_and_holder_construction_excluded":true,"production_flow_integrated":false,"end_to_end_speedup_claim":false}
Native owner (ubuntu-24.04)	Q5.2 supplementary queue benchmark checks	2026-10-05T02:04:46.6195268Z Q52_ROW {"scenario":"historical_sorting_reference","implementation_label":"historical_sorting_reference","match":"no_match","waiters_W":100000,"holders_H":10,"repeat":2,"calls":1,"waiter_sort_items":100000,"waiters_attempted":100000,"holder_candidates_examined":1000000,"elapsed_ns":802201,"ops":1,"ns_per_call":802201.0000,"calls_per_second":1246.5704,"expected_pair":"none","verified":true}
Native owner (ubuntu-24.04)	Q5.2 supplementary queue benchmark checks	2026-10-05T02:04:46.6224872Z Q52_ROW {"scenario":"production_ordered_selector_kernel","scope_label":"ordered helper only; excludes Flow index maintenance and holder projection","mode":"equal_priority_no_match","waiters_W":100000,"holders_H":10,"repeat":2,"calls":90909,"elapsed_ns":1644917,"ns_per_call":18.0941,"yielded_waiters_per_call_untimed":1,"expected_pair":"none","verified":true,"attempt_count":1,"attempts":[{"attempt":1,"calls":90909,"elapsed_ns":1644917}],"calibration_stop_reason":"minimum_batch_duration_reached","precision_status":"minimum_batch_duration_reached","max_calls":1000000,"max_calibration_attempts":5,"min_batch_ns":1000000,"initial_call_formula":"clamp(1000000 / max(1,H+yielded_waiters),1,1000000)","timed_operations":"loop and ordered helper invocations with black-boxed result","waiters_sorted_outside_timer":true,"fixture_creation_and_holder_construction_excluded":true,"production_flow_integrated":false,"end_to_end_speedup_claim":false}
Native owner (ubuntu-24.04)	Q5.2 supplementary queue benchmark checks	2026-10-05T02:04:46.6233128Z Q52_ROW {"scenario":"historical_sorting_reference","implementation_label":"historical_sorting_reference","match":"no_match","waiters_W":100000,"holders_H":10,"repeat":3,"calls":1,"waiter_sort_items":100000,"waiters_attempted":100000,"holder_candidates_examined":1000000,"elapsed_ns":834248,"ops":1,"ns_per_call":834248.0000,"calls_per_second":1198.6843,"expected_pair":"none","verified":true}
Native owner (ubuntu-24.04)	Q5.2 supplementary queue benchmark checks	2026-10-05T02:04:46.6262743Z Q52_ROW {"scenario":"production_ordered_selector_kernel","scope_label":"ordered helper only; excludes Flow index maintenance and holder projection","mode":"equal_priority_no_match","waiters_W":100000,"holders_H":10,"repeat":3,"calls":90909,"elapsed_ns":1649982,"ns_per_call":18.1498,"yielded_waiters_per_call_untimed":1,"expected_pair":"none","verified":true,"attempt_count":1,"attempts":[{"attempt":1,"calls":90909,"elapsed_ns":1649982}],"calibration_stop_reason":"minimum_batch_duration_reached","precision_status":"minimum_batch_duration_reached","max_calls":1000000,"max_calibration_attempts":5,"min_batch_ns":1000000,"initial_call_formula":"clamp(1000000 / max(1,H+yielded_waiters),1,1000000)","timed_operations":"loop and ordered helper invocations with black-boxed result","waiters_sorted_outside_timer":true,"fixture_creation_and_holder_construction_excluded":true,"production_flow_integrated":false,"end_to_end_speedup_claim":false}
Native owner (ubuntu-24.04)	Q5.2 supplementary queue benchmark checks	2026-10-05T02:04:46.6271450Z Q52_ROW {"scenario":"historical_sorting_reference","implementation_label":"historical_sorting_reference","match":"no_match","waiters_W":100000,"holders_H":10,"repeat":4,"calls":1,"waiter_sort_items":100000,"waiters_attempted":100000,"holder_candidates_examined":1000000,"elapsed_ns":878696,"ops":1,"ns_per_call":878696.0000,"calls_per_second":1138.0500,"expected_pair":"none","verified":true}
Native owner (ubuntu-24.04)	Q5.2 supplementary queue benchmark checks	2026-10-05T02:04:46.6301056Z Q52_ROW {"scenario":"production_ordered_selector_kernel","scope_label":"ordered helper only; excludes Flow index maintenance and holder projection","mode":"equal_priority_no_match","waiters_W":100000,"holders_H":10,"repeat":4,"calls":90909,"elapsed_ns":1646357,"ns_per_call":18.1099,"yielded_waiters_per_call_untimed":1,"expected_pair":"none","verified":true,"attempt_count":1,"attempts":[{"attempt":1,"calls":90909,"elapsed_ns":1646357}],"calibration_stop_reason":"minimum_batch_duration_reached","precision_status":"minimum_batch_duration_reached","max_calls":1000000,"max_calibration_attempts":5,"min_batch_ns":1000000,"initial_call_formula":"clamp(1000000 / max(1,H+yielded_waiters),1,1000000)","timed_operations":"loop and ordered helper invocations with black-boxed result","waiters_sorted_outside_timer":true,"fixture_creation_and_holder_construction_excluded":true,"production_flow_integrated":false,"end_to_end_speedup_claim":false}
Native owner (ubuntu-24.04)	Q5.2 supplementary queue benchmark checks	2026-10-05T02:04:46.6309363Z Q52_ROW {"scenario":"historical_sorting_reference","implementation_label":"historical_sorting_reference","match":"no_match","waiters_W":100000,"holders_H":10,"repeat":5,"calls":1,"waiter_sort_items":100000,"waiters_attempted":100000,"holder_candidates_examined":1000000,"elapsed_ns":821975,"ops":1,"ns_per_call":821975.0000,"calls_per_second":1216.5820,"expected_pair":"none","verified":true}
Native owner (ubuntu-24.04)	Q5.2 supplementary queue benchmark checks	2026-10-05T02:04:46.6339186Z Q52_ROW {"scenario":"production_ordered_selector_kernel","scope_label":"ordered helper only; excludes Flow index maintenance and holder projection","mode":"equal_priority_no_match","waiters_W":100000,"holders_H":10,"repeat":5,"calls":90909,"elapsed_ns":1647262,"ns_per_call":18.1199,"yielded_waiters_per_call_untimed":1,"expected_pair":"none","verified":true,"attempt_count":1,"attempts":[{"attempt":1,"calls":90909,"elapsed_ns":1647262}],"calibration_stop_reason":"minimum_batch_duration_reached","precision_status":"minimum_batch_duration_reached","max_calls":1000000,"max_calibration_attempts":5,"min_batch_ns":1000000,"initial_call_formula":"clamp(1000000 / max(1,H+yielded_waiters),1,1000000)","timed_operations":"loop and ordered helper invocations with black-boxed result","waiters_sorted_outside_timer":true,"fixture_creation_and_holder_construction_excluded":true,"production_flow_integrated":false,"end_to_end_speedup_claim":false}
Native owner (ubuntu-24.04)	Q5.2 supplementary queue benchmark checks	2026-10-05T02:04:46.6342468Z Q52_ROW {"scenario":"historical_sorting_reference","implementation_label":"historical_sorting_reference","match":"matched","waiters_W":100000,"holders_H":10,"repeat":1,"calls":1,"waiter_sort_items":100000,"waiters_attempted":1,"holder_candidates_examined":10,"elapsed_ns":144687,"ops":1,"ns_per_call":144687.0000,"calls_per_second":6911.4710,"expected_pair":"0:9","verified":true}
Native owner (ubuntu-24.04)	Q5.2 supplementary queue benchmark checks	2026-10-05T02:04:46.6365652Z Q52_ROW {"scenario":"production_ordered_selector_kernel","scope_label":"ordered helper only; excludes Flow index maintenance and holder projection","mode":"matched","waiters_W":100000,"holders_H":10,"repeat":1,"calls":90909,"elapsed_ns":1825395,"ns_per_call":20.0794,"yielded_waiters_per_call_untimed":1,"expected_pair":"0:9","verified":true,"attempt_count":1,"attempts":[{"attempt":1,"calls":90909,"elapsed_ns":1825395}],"calibration_stop_reason":"minimum_batch_duration_reached","precision_status":"minimum_batch_duration_reached","max_calls":1000000,"max_calibration_attempts":5,"min_batch_ns":1000000,"initial_call_formula":"clamp(1000000 / max(1,H+yielded_waiters),1,1000000)","timed_operations":"loop and ordered helper invocations with black-boxed result","waiters_sorted_outside_timer":true,"fixture_creation_and_holder_construction_excluded":true,"production_flow_integrated":false,"end_to_end_speedup_claim":false}
Native owner (ubuntu-24.04)	Q5.2 supplementary queue benchmark checks	2026-10-05T02:04:46.6368924Z Q52_ROW {"scenario":"historical_sorting_reference","implementation_label":"historical_sorting_reference","match":"matched","waiters_W":100000,"holders_H":10,"repeat":2,"calls":1,"waiter_sort_items":100000,"waiters_attempted":1,"holder_candidates_examined":10,"elapsed_ns":121480,"ops":1,"ns_per_call":121480.0000,"calls_per_second":8231.8077,"expected_pair":"0:9","verified":true}
Native owner (ubuntu-24.04)	Q5.2 supplementary queue benchmark checks	2026-10-05T02:04:46.6390300Z Q52_ROW {"scenario":"production_ordered_selector_kernel","scope_label":"ordered helper only; excludes Flow index maintenance and holder projection","mode":"matched","waiters_W":100000,"holders_H":10,"repeat":2,"calls":90909,"elapsed_ns":1704430,"ns_per_call":18.7487,"yielded_waiters_per_call_untimed":1,"expected_pair":"0:9","verified":true,"attempt_count":1,"attempts":[{"attempt":1,"calls":90909,"elapsed_ns":1704430}],"calibration_stop_reason":"minimum_batch_duration_reached","precision_status":"minimum_batch_duration_reached","max_calls":1000000,"max_calibration_attempts":5,"min_batch_ns":1000000,"initial_call_formula":"clamp(1000000 / max(1,H+yielded_waiters),1,1000000)","timed_operations":"loop and ordered helper invocations with black-boxed result","waiters_sorted_outside_timer":true,"fixture_creation_and_holder_construction_excluded":true,"production_flow_integrated":false,"end_to_end_speedup_claim":false}
Native owner (ubuntu-24.04)	Q5.2 supplementary queue benchmark checks	2026-10-05T02:04:46.6393355Z Q52_ROW {"scenario":"historical_sorting_reference","implementation_label":"historical_sorting_reference","match":"matched","waiters_W":100000,"holders_H":10,"repeat":3,"calls":1,"waiter_sort_items":100000,"waiters_attempted":1,"holder_candidates_examined":10,"elapsed_ns":131613,"ops":1,"ns_per_call":131613.0000,"calls_per_second":7598.0336,"expected_pair":"0:9","verified":true}
Native owner (ubuntu-24.04)	Q5.2 supplementary queue benchmark checks	2026-10-05T02:04:46.6414683Z Q52_ROW {"scenario":"production_ordered_selector_kernel","scope_label":"ordered helper only; excludes Flow index maintenance and holder projection","mode":"matched","waiters_W":100000,"holders_H":10,"repeat":3,"calls":90909,"elapsed_ns":1704603,"ns_per_call":18.7507,"yielded_waiters_per_call_untimed":1,"expected_pair":"0:9","verified":true,"attempt_count":1,"attempts":[{"attempt":1,"calls":90909,"elapsed_ns":1704603}],"calibration_stop_reason":"minimum_batch_duration_reached","precision_status":"minimum_batch_duration_reached","max_calls":1000000,"max_calibration_attempts":5,"min_batch_ns":1000000,"initial_call_formula":"clamp(1000000 / max(1,H+yielded_waiters),1,1000000)","timed_operations":"loop and ordered helper invocations with black-boxed result","waiters_sorted_outside_timer":true,"fixture_creation_and_holder_construction_excluded":true,"production_flow_integrated":false,"end_to_end_speedup_claim":false}
Native owner (ubuntu-24.04)	Q5.2 supplementary queue benchmark checks	2026-10-05T02:04:46.6417731Z Q52_ROW {"scenario":"historical_sorting_reference","implementation_label":"historical_sorting_reference","match":"matched","waiters_W":100000,"holders_H":10,"repeat":4,"calls":1,"waiter_sort_items":100000,"waiters_attempted":1,"holder_candidates_examined":10,"elapsed_ns":120312,"ops":1,"ns_per_call":120312.0000,"calls_per_second":8311.7229,"expected_pair":"0:9","verified":true}
Native owner (ubuntu-24.04)	Q5.2 supplementary queue benchmark checks	2026-10-05T02:04:46.6439373Z Q52_ROW {"scenario":"production_ordered_selector_kernel","scope_label":"ordered helper only; excludes Flow index maintenance and holder projection","mode":"matched","waiters_W":100000,"holders_H":10,"repeat":4,"calls":90909,"elapsed_ns":1694059,"ns_per_call":18.6347,"yielded_waiters_per_call_untimed":1,"expected_pair":"0:9","verified":true,"attempt_count":1,"attempts":[{"attempt":1,"calls":90909,"elapsed_ns":1694059}],"calibration_stop_reason":"minimum_batch_duration_reached","precision_status":"minimum_batch_duration_reached","max_calls":1000000,"max_calibration_attempts":5,"min_batch_ns":1000000,"initial_call_formula":"clamp(1000000 / max(1,H+yielded_waiters),1,1000000)","timed_operations":"loop and ordered helper invocations with black-boxed result","waiters_sorted_outside_timer":true,"fixture_creation_and_holder_construction_excluded":true,"production_flow_integrated":false,"end_to_end_speedup_claim":false}
Native owner (ubuntu-24.04)	Q5.2 supplementary queue benchmark checks	2026-10-05T02:04:46.6442481Z Q52_ROW {"scenario":"historical_sorting_reference","implementation_label":"historical_sorting_reference","match":"matched","waiters_W":100000,"holders_H":10,"repeat":5,"calls":1,"waiter_sort_items":100000,"waiters_attempted":1,"holder_candidates_examined":10,"elapsed_ns":120296,"ops":1,"ns_per_call":120296.0000,"calls_per_second":8312.8284,"expected_pair":"0:9","verified":true}
Native owner (ubuntu-24.04)	Q5.2 supplementary queue benchmark checks	2026-10-05T02:04:46.6463656Z Q52_ROW {"scenario":"production_ordered_selector_kernel","scope_label":"ordered helper only; excludes Flow index maintenance and holder projection","mode":"matched","waiters_W":100000,"holders_H":10,"repeat":5,"calls":90909,"elapsed_ns":1696573,"ns_per_call":18.6623,"yielded_waiters_per_call_untimed":1,"expected_pair":"0:9","verified":true,"attempt_count":1,"attempts":[{"attempt":1,"calls":90909,"elapsed_ns":1696573}],"calibration_stop_reason":"minimum_batch_duration_reached","precision_status":"minimum_batch_duration_reached","max_calls":1000000,"max_calibration_attempts":5,"min_batch_ns":1000000,"initial_call_formula":"clamp(1000000 / max(1,H+yielded_waiters),1,1000000)","timed_operations":"loop and ordered helper invocations with black-boxed result","waiters_sorted_outside_timer":true,"fixture_creation_and_holder_construction_excluded":true,"production_flow_integrated":false,"end_to_end_speedup_claim":false}
Native owner (ubuntu-24.04)	Q5.2 supplementary queue benchmark checks	2026-10-05T02:04:46.6501409Z Q52_ROW {"scenario":"production_ordered_selector_kernel","scope_label":"ordered helper only; excludes Flow index maintenance and holder projection","mode":"ineligible_holders","waiters_W":100000,"holders_H":10,"repeat":1,"calls":200000,"elapsed_ns":1579068,"ns_per_call":7.8953,"yielded_waiters_per_call_untimed":0,"expected_pair":"none","verified":true,"attempt_count":2,"attempts":[{"attempt":1,"calls":100000,"elapsed_ns":793215},{"attempt":2,"calls":200000,"elapsed_ns":1579068}],"calibration_stop_reason":"minimum_batch_duration_reached","precision_status":"minimum_batch_duration_reached","max_calls":1000000,"max_calibration_attempts":5,"min_batch_ns":1000000,"initial_call_formula":"clamp(1000000 / max(1,H+yielded_waiters),1,1000000)","timed_operations":"loop and ordered helper invocations with black-boxed result","waiters_sorted_outside_timer":true,"fixture_creation_and_holder_construction_excluded":true,"production_flow_integrated":false,"end_to_end_speedup_claim":false}
Native owner (ubuntu-24.04)	Q5.2 supplementary queue benchmark checks	2026-10-05T02:04:46.6538825Z Q52_ROW {"scenario":"production_ordered_selector_kernel","scope_label":"ordered helper only; excludes Flow index maintenance and holder projection","mode":"ineligible_holders","waiters_W":100000,"holders_H":10,"repeat":2,"calls":200000,"elapsed_ns":1470720,"ns_per_call":7.3536,"yielded_waiters_per_call_untimed":0,"expected_pair":"none","verified":true,"attempt_count":2,"attempts":[{"attempt":1,"calls":100000,"elapsed_ns":798998},{"attempt":2,"calls":200000,"elapsed_ns":1470720}],"calibration_stop_reason":"minimum_batch_duration_reached","precision_status":"minimum_batch_duration_reached","max_calls":1000000,"max_calibration_attempts":5,"min_batch_ns":1000000,"initial_call_formula":"clamp(1000000 / max(1,H+yielded_waiters),1,1000000)","timed_operations":"loop and ordered helper invocations with black-boxed result","waiters_sorted_outside_timer":true,"fixture_creation_and_holder_construction_excluded":true,"production_flow_integrated":false,"end_to_end_speedup_claim":false}
Native owner (ubuntu-24.04)	Q5.2 supplementary queue benchmark checks	2026-10-05T02:04:46.6576399Z Q52_ROW {"scenario":"production_ordered_selector_kernel","scope_label":"ordered helper only; excludes Flow index maintenance and holder projection","mode":"ineligible_holders","waiters_W":100000,"holders_H":10,"repeat":3,"calls":200000,"elapsed_ns":1591647,"ns_per_call":7.9582,"yielded_waiters_per_call_untimed":0,"expected_pair":"none","verified":true,"attempt_count":2,"attempts":[{"attempt":1,"calls":100000,"elapsed_ns":763443},{"attempt":2,"calls":200000,"elapsed_ns":1591647}],"calibration_stop_reason":"minimum_batch_duration_reached","precision_status":"minimum_batch_duration_reached","max_calls":1000000,"max_calibration_attempts":5,"min_batch_ns":1000000,"initial_call_formula":"clamp(1000000 / max(1,H+yielded_waiters),1,1000000)","timed_operations":"loop and ordered helper invocations with black-boxed result","waiters_sorted_outside_timer":true,"fixture_creation_and_holder_construction_excluded":true,"production_flow_integrated":false,"end_to_end_speedup_claim":false}
Native owner (ubuntu-24.04)	Q5.2 supplementary queue benchmark checks	2026-10-05T02:04:46.6615708Z Q52_ROW {"scenario":"production_ordered_selector_kernel","scope_label":"ordered helper only; excludes Flow index maintenance and holder projection","mode":"ineligible_holders","waiters_W":100000,"holders_H":10,"repeat":4,"calls":200000,"elapsed_ns":1649569,"ns_per_call":8.2478,"yielded_waiters_per_call_untimed":0,"expected_pair":"none","verified":true,"attempt_count":2,"attempts":[{"attempt":1,"calls":100000,"elapsed_ns":818760},{"attempt":2,"calls":200000,"elapsed_ns":1649569}],"calibration_stop_reason":"minimum_batch_duration_reached","precision_status":"minimum_batch_duration_reached","max_calls":1000000,"max_calibration_attempts":5,"min_batch_ns":1000000,"initial_call_formula":"clamp(1000000 / max(1,H+yielded_waiters),1,1000000)","timed_operations":"loop and ordered helper invocations with black-boxed result","waiters_sorted_outside_timer":true,"fixture_creation_and_holder_construction_excluded":true,"production_flow_integrated":false,"end_to_end_speedup_claim":false}
Native owner (ubuntu-24.04)	Q5.2 supplementary queue benchmark checks	2026-10-05T02:04:46.6652424Z Q52_ROW {"scenario":"production_ordered_selector_kernel","scope_label":"ordered helper only; excludes Flow index maintenance and holder projection","mode":"ineligible_holders","waiters_W":100000,"holders_H":10,"repeat":5,"calls":200000,"elapsed_ns":1536491,"ns_per_call":7.6825,"yielded_waiters_per_call_untimed":0,"expected_pair":"none","verified":true,"attempt_count":2,"attempts":[{"attempt":1,"calls":100000,"elapsed_ns":757901},{"attempt":2,"calls":200000,"elapsed_ns":1536491}],"calibration_stop_reason":"minimum_batch_duration_reached","precision_status":"minimum_batch_duration_reached","max_calls":1000000,"max_calibration_attempts":5,"min_batch_ns":1000000,"initial_call_formula":"clamp(1000000 / max(1,H+yielded_waiters),1,1000000)","timed_operations":"loop and ordered helper invocations with black-boxed result","waiters_sorted_outside_timer":true,"fixture_creation_and_holder_construction_excluded":true,"production_flow_integrated":false,"end_to_end_speedup_claim":false}
Native owner (ubuntu-24.04)	Q5.2 supplementary queue benchmark checks	2026-10-05T02:04:46.6676197Z Q52_ROW {"scenario":"production_ordered_selector_kernel","scope_label":"ordered helper only; excludes Flow index maintenance and holder projection","mode":"all_nonpreempting_waiters","waiters_W":100000,"holders_H":10,"repeat":1,"calls":18,"elapsed_ns":1134013,"ns_per_call":63000.7222,"yielded_waiters_per_call_untimed":100000,"expected_pair":"none","verified":true,"attempt_count":2,"attempts":[{"attempt":1,"calls":9,"elapsed_ns":582324},{"attempt":2,"calls":18,"elapsed_ns":1134013}],"calibration_stop_reason":"minimum_batch_duration_reached","precision_status":"minimum_batch_duration_reached","max_calls":1000000,"max_calibration_attempts":5,"min_batch_ns":1000000,"initial_call_formula":"clamp(1000000 / max(1,H+yielded_waiters),1,1000000)","timed_operations":"loop and ordered helper invocations with black-boxed result","waiters_sorted_outside_timer":true,"fixture_creation_and_holder_construction_excluded":true,"production_flow_integrated":false,"end_to_end_speedup_claim":false}
Native owner (ubuntu-24.04)	Q5.2 supplementary queue benchmark checks	2026-10-05T02:04:46.6700196Z Q52_ROW {"scenario":"production_ordered_selector_kernel","scope_label":"ordered helper only; excludes Flow index maintenance and holder projection","mode":"all_nonpreempting_waiters","waiters_W":100000,"holders_H":10,"repeat":2,"calls":18,"elapsed_ns":1135740,"ns_per_call":63096.6667,"yielded_waiters_per_call_untimed":100000,"expected_pair":"none","verified":true,"attempt_count":2,"attempts":[{"attempt":1,"calls":9,"elapsed_ns":564253},{"attempt":2,"calls":18,"elapsed_ns":1135740}],"calibration_stop_reason":"minimum_batch_duration_reached","precision_status":"minimum_batch_duration_reached","max_calls":1000000,"max_calibration_attempts":5,"min_batch_ns":1000000,"initial_call_formula":"clamp(1000000 / max(1,H+yielded_waiters),1,1000000)","timed_operations":"loop and ordered helper invocations with black-boxed result","waiters_sorted_outside_timer":true,"fixture_creation_and_holder_construction_excluded":true,"production_flow_integrated":false,"end_to_end_speedup_claim":false}
Native owner (ubuntu-24.04)	Q5.2 supplementary queue benchmark checks	2026-10-05T02:04:46.6723906Z Q52_ROW {"scenario":"production_ordered_selector_kernel","scope_label":"ordered helper only; excludes Flow index maintenance and holder projection","mode":"all_nonpreempting_waiters","waiters_W":100000,"holders_H":10,"repeat":3,"calls":18,"elapsed_ns":1130262,"ns_per_call":62792.3333,"yielded_waiters_per_call_untimed":100000,"expected_pair":"none","verified":true,"attempt_count":2,"attempts":[{"attempt":1,"calls":9,"elapsed_ns":583296},{"attempt":2,"calls":18,"elapsed_ns":1130262}],"calibration_stop_reason":"minimum_batch_duration_reached","precision_status":"minimum_batch_duration_reached","max_calls":1000000,"max_calibration_attempts":5,"min_batch_ns":1000000,"initial_call_formula":"clamp(1000000 / max(1,H+yielded_waiters),1,1000000)","timed_operations":"loop and ordered helper invocations with black-boxed result","waiters_sorted_outside_timer":true,"fixture_creation_and_holder_construction_excluded":true,"production_flow_integrated":false,"end_to_end_speedup_claim":false}
Native owner (ubuntu-24.04)	Q5.2 supplementary queue benchmark checks	2026-10-05T02:04:46.6747854Z Q52_ROW {"scenario":"production_ordered_selector_kernel","scope_label":"ordered helper only; excludes Flow index maintenance and holder projection","mode":"all_nonpreempting_waiters","waiters_W":100000,"holders_H":10,"repeat":4,"calls":18,"elapsed_ns":1134801,"ns_per_call":63044.5000,"yielded_waiters_per_call_untimed":100000,"expected_pair":"none","verified":true,"attempt_count":2,"attempts":[{"attempt":1,"calls":9,"elapsed_ns":578728},{"attempt":2,"calls":18,"elapsed_ns":1134801}],"calibration_stop_reason":"minimum_batch_duration_reached","precision_status":"minimum_batch_duration_reached","max_calls":1000000,"max_calibration_attempts":5,"min_batch_ns":1000000,"initial_call_formula":"clamp(1000000 / max(1,H+yielded_waiters),1,1000000)","timed_operations":"loop and ordered helper invocations with black-boxed result","waiters_sorted_outside_timer":true,"fixture_creation_and_holder_construction_excluded":true,"production_flow_integrated":false,"end_to_end_speedup_claim":false}
Native owner (ubuntu-24.04)	Q5.2 supplementary queue benchmark checks	2026-10-05T02:04:46.6771491Z Q52_ROW {"scenario":"production_ordered_selector_kernel","scope_label":"ordered helper only; excludes Flow index maintenance and holder projection","mode":"all_nonpreempting_waiters","waiters_W":100000,"holders_H":10,"repeat":5,"calls":18,"elapsed_ns":1136064,"ns_per_call":63114.6667,"yielded_waiters_per_call_untimed":100000,"expected_pair":"none","verified":true,"attempt_count":2,"attempts":[{"attempt":1,"calls":9,"elapsed_ns":561201},{"attempt":2,"calls":18,"elapsed_ns":1136064}],"calibration_stop_reason":"minimum_batch_duration_reached","precision_status":"minimum_batch_duration_reached","max_calls":1000000,"max_calibration_attempts":5,"min_batch_ns":1000000,"initial_call_formula":"clamp(1000000 / max(1,H+yielded_waiters),1,1000000)","timed_operations":"loop and ordered helper invocations with black-boxed result","waiters_sorted_outside_timer":true,"fixture_creation_and_holder_construction_excluded":true,"production_flow_integrated":false,"end_to_end_speedup_claim":false}
Native owner (ubuntu-24.04)	Q5.2 supplementary queue benchmark checks	2026-10-05T02:04:46.6832209Z Q52_ROW {"scenario":"historical_sorting_reference","implementation_label":"historical_sorting_reference","match":"no_match","waiters_W":100000,"holders_H":100,"repeat":1,"calls":1,"waiter_sort_items":100000,"waiters_attempted":100000,"holder_candidates_examined":10000000,"elapsed_ns":6064329,"ops":1,"ns_per_call":6064329.0000,"calls_per_second":164.8987,"expected_pair":"none","verified":true}
Native owner (ubuntu-24.04)	Q5.2 supplementary queue benchmark checks	2026-10-05T02:04:46.6917000Z Q52_ROW {"scenario":"production_ordered_selector_kernel","scope_label":"ordered helper only; excludes Flow index maintenance and holder projection","mode":"equal_priority_no_match","waiters_W":100000,"holders_H":100,"repeat":1,"calls":9900,"elapsed_ns":1878173,"ns_per_call":189.7144,"yielded_waiters_per_call_untimed":1,"expected_pair":"none","verified":true,"attempt_count":1,"attempts":[{"attempt":1,"calls":9900,"elapsed_ns":1878173}],"calibration_stop_reason":"minimum_batch_duration_reached","precision_status":"minimum_batch_duration_reached","max_calls":1000000,"max_calibration_attempts":5,"min_batch_ns":1000000,"initial_call_formula":"clamp(1000000 / max(1,H+yielded_waiters),1,1000000)","timed_operations":"loop and ordered helper invocations with black-boxed result","waiters_sorted_outside_timer":true,"fixture_creation_and_holder_construction_excluded":true,"production_flow_integrated":false,"end_to_end_speedup_claim":false}
Native owner (ubuntu-24.04)	Q5.2 supplementary queue benchmark checks	2026-10-05T02:04:46.6979629Z Q52_ROW {"scenario":"historical_sorting_reference","implementation_label":"historical_sorting_reference","match":"no_match","waiters_W":100000,"holders_H":100,"repeat":2,"calls":1,"waiter_sort_items":100000,"waiters_attempted":100000,"holder_candidates_examined":10000000,"elapsed_ns":6244169,"ops":1,"ns_per_call":6244169.0000,"calls_per_second":160.1494,"expected_pair":"none","verified":true}
Native owner (ubuntu-24.04)	Q5.2 supplementary queue benchmark checks	2026-10-05T02:04:46.7064130Z Q52_ROW {"scenario":"production_ordered_selector_kernel","scope_label":"ordered helper only; excludes Flow index maintenance and holder projection","mode":"equal_priority_no_match","waiters_W":100000,"holders_H":100,"repeat":2,"calls":9900,"elapsed_ns":1884959,"ns_per_call":190.3999,"yielded_waiters_per_call_untimed":1,"expected_pair":"none","verified":true,"attempt_count":1,"attempts":[{"attempt":1,"calls":9900,"elapsed_ns":1884959}],"calibration_stop_reason":"minimum_batch_duration_reached","precision_status":"minimum_batch_duration_reached","max_calls":1000000,"max_calibration_attempts":5,"min_batch_ns":1000000,"initial_call_formula":"clamp(1000000 / max(1,H+yielded_waiters),1,1000000)","timed_operations":"loop and ordered helper invocations with black-boxed result","waiters_sorted_outside_timer":true,"fixture_creation_and_holder_construction_excluded":true,"production_flow_integrated":false,"end_to_end_speedup_claim":false}
Native owner (ubuntu-24.04)	Q5.2 supplementary queue benchmark checks	2026-10-05T02:04:46.7125602Z Q52_ROW {"scenario":"historical_sorting_reference","implementation_label":"historical_sorting_reference","match":"no_match","waiters_W":100000,"holders_H":100,"repeat":3,"calls":1,"waiter_sort_items":100000,"waiters_attempted":100000,"holder_candidates_examined":10000000,"elapsed_ns":6140614,"ops":1,"ns_per_call":6140614.0000,"calls_per_second":162.8502,"expected_pair":"none","verified":true}
Native owner (ubuntu-24.04)	Q5.2 supplementary queue benchmark checks	2026-10-05T02:04:46.7210394Z Q52_ROW {"scenario":"production_ordered_selector_kernel","scope_label":"ordered helper only; excludes Flow index maintenance and holder projection","mode":"equal_priority_no_match","waiters_W":100000,"holders_H":100,"repeat":3,"calls":9900,"elapsed_ns":1873429,"ns_per_call":189.2353,"yielded_waiters_per_call_untimed":1,"expected_pair":"none","verified":true,"attempt_count":1,"attempts":[{"attempt":1,"calls":9900,"elapsed_ns":1873429}],"calibration_stop_reason":"minimum_batch_duration_reached","precision_status":"minimum_batch_duration_reached","max_calls":1000000,"max_calibration_attempts":5,"min_batch_ns":1000000,"initial_call_formula":"clamp(1000000 / max(1,H+yielded_waiters),1,1000000)","timed_operations":"loop and ordered helper invocations with black-boxed result","waiters_sorted_outside_timer":true,"fixture_creation_and_holder_construction_excluded":true,"production_flow_integrated":false,"end_to_end_speedup_claim":false}
Native owner (ubuntu-24.04)	Q5.2 supplementary queue benchmark checks	2026-10-05T02:04:46.7271221Z Q52_ROW {"scenario":"historical_sorting_reference","implementation_label":"historical_sorting_reference","match":"no_match","waiters_W":100000,"holders_H":100,"repeat":4,"calls":1,"waiter_sort_items":100000,"waiters_attempted":100000,"holder_candidates_examined":10000000,"elapsed_ns":6091182,"ops":1,"ns_per_call":6091182.0000,"calls_per_second":164.1717,"expected_pair":"none","verified":true}
Native owner (ubuntu-24.04)	Q5.2 supplementary queue benchmark checks	2026-10-05T02:04:46.7356319Z Q52_ROW {"scenario":"production_ordered_selector_kernel","scope_label":"ordered helper only; excludes Flow index maintenance and holder projection","mode":"equal_priority_no_match","waiters_W":100000,"holders_H":100,"repeat":4,"calls":9900,"elapsed_ns":1885814,"ns_per_call":190.4863,"yielded_waiters_per_call_untimed":1,"expected_pair":"none","verified":true,"attempt_count":1,"attempts":[{"attempt":1,"calls":9900,"elapsed_ns":1885814}],"calibration_stop_reason":"minimum_batch_duration_reached","precision_status":"minimum_batch_duration_reached","max_calls":1000000,"max_calibration_attempts":5,"min_batch_ns":1000000,"initial_call_formula":"clamp(1000000 / max(1,H+yielded_waiters),1,1000000)","timed_operations":"loop and ordered helper invocations with black-boxed result","waiters_sorted_outside_timer":true,"fixture_creation_and_holder_construction_excluded":true,"production_flow_integrated":false,"end_to_end_speedup_claim":false}
Native owner (ubuntu-24.04)	Q5.2 supplementary queue benchmark checks	2026-10-05T02:04:46.7417454Z Q52_ROW {"scenario":"historical_sorting_reference","implementation_label":"historical_sorting_reference","match":"no_match","waiters_W":100000,"holders_H":100,"repeat":5,"calls":1,"waiter_sort_items":100000,"waiters_attempted":100000,"holder_candidates_examined":10000000,"elapsed_ns":6109604,"ops":1,"ns_per_call":6109604.0000,"calls_per_second":163.6767,"expected_pair":"none","verified":true}
Native owner (ubuntu-24.04)	Q5.2 supplementary queue benchmark checks	2026-10-05T02:04:46.7502296Z Q52_ROW {"scenario":"production_ordered_selector_kernel","scope_label":"ordered helper only; excludes Flow index maintenance and holder projection","mode":"equal_priority_no_match","waiters_W":100000,"holders_H":100,"repeat":5,"calls":9900,"elapsed_ns":1874705,"ns_per_call":189.3641,"yielded_waiters_per_call_untimed":1,"expected_pair":"none","verified":true,"attempt_count":1,"attempts":[{"attempt":1,"calls":9900,"elapsed_ns":1874705}],"calibration_stop_reason":"minimum_batch_duration_reached","precision_status":"minimum_batch_duration_reached","max_calls":1000000,"max_calibration_attempts":5,"min_batch_ns":1000000,"initial_call_formula":"clamp(1000000 / max(1,H+yielded_waiters),1,1000000)","timed_operations":"loop and ordered helper invocations with black-boxed result","waiters_sorted_outside_timer":true,"fixture_creation_and_holder_construction_excluded":true,"production_flow_integrated":false,"end_to_end_speedup_claim":false}
Native owner (ubuntu-24.04)	Q5.2 supplementary queue benchmark checks	2026-10-05T02:04:46.7505319Z Q52_ROW {"scenario":"historical_sorting_reference","implementation_label":"historical_sorting_reference","match":"matched","waiters_W":100000,"holders_H":100,"repeat":1,"calls":1,"waiter_sort_items":100000,"waiters_attempted":1,"holder_candidates_examined":100,"elapsed_ns":121103,"ops":1,"ns_per_call":121103.0000,"calls_per_second":8257.4338,"expected_pair":"0:99","verified":true}
Native owner (ubuntu-24.04)	Q5.2 supplementary queue benchmark checks	2026-10-05T02:04:46.7528727Z Q52_ROW {"scenario":"production_ordered_selector_kernel","scope_label":"ordered helper only; excludes Flow index maintenance and holder projection","mode":"matched","waiters_W":100000,"holders_H":100,"repeat":1,"calls":9900,"elapsed_ns":1879893,"ns_per_call":189.8882,"yielded_waiters_per_call_untimed":1,"expected_pair":"0:99","verified":true,"attempt_count":1,"attempts":[{"attempt":1,"calls":9900,"elapsed_ns":1879893}],"calibration_stop_reason":"minimum_batch_duration_reached","precision_status":"minimum_batch_duration_reached","max_calls":1000000,"max_calibration_attempts":5,"min_batch_ns":1000000,"initial_call_formula":"clamp(1000000 / max(1,H+yielded_waiters),1,1000000)","timed_operations":"loop and ordered helper invocations with black-boxed result","waiters_sorted_outside_timer":true,"fixture_creation_and_holder_construction_excluded":true,"production_flow_integrated":false,"end_to_end_speedup_claim":false}
Native owner (ubuntu-24.04)	Q5.2 supplementary queue benchmark checks	2026-10-05T02:04:46.7531950Z Q52_ROW {"scenario":"historical_sorting_reference","implementation_label":"historical_sorting_reference","match":"matched","waiters_W":100000,"holders_H":100,"repeat":2,"calls":1,"waiter_sort_items":100000,"waiters_attempted":1,"holder_candidates_examined":100,"elapsed_ns":120866,"ops":1,"ns_per_call":120866.0000,"calls_per_second":8273.6253,"expected_pair":"0:99","verified":true}
Native owner (ubuntu-24.04)	Q5.2 supplementary queue benchmark checks	2026-10-05T02:04:46.7554786Z Q52_ROW {"scenario":"production_ordered_selector_kernel","scope_label":"ordered helper only; excludes Flow index maintenance and holder projection","mode":"matched","waiters_W":100000,"holders_H":100,"repeat":2,"calls":9900,"elapsed_ns":1892090,"ns_per_call":191.1202,"yielded_waiters_per_call_untimed":1,"expected_pair":"0:99","verified":true,"attempt_count":1,"attempts":[{"attempt":1,"calls":9900,"elapsed_ns":1892090}],"calibration_stop_reason":"minimum_batch_duration_reached","precision_status":"minimum_batch_duration_reached","max_calls":1000000,"max_calibration_attempts":5,"min_batch_ns":1000000,"initial_call_formula":"clamp(1000000 / max(1,H+yielded_waiters),1,1000000)","timed_operations":"loop and ordered helper invocations with black-boxed result","waiters_sorted_outside_timer":true,"fixture_creation_and_holder_construction_excluded":true,"production_flow_integrated":false,"end_to_end_speedup_claim":false}
Native owner (ubuntu-24.04)	Q5.2 supplementary queue benchmark checks	2026-10-05T02:04:46.7557952Z Q52_ROW {"scenario":"historical_sorting_reference","implementation_label":"historical_sorting_reference","match":"matched","waiters_W":100000,"holders_H":100,"repeat":3,"calls":1,"waiter_sort_items":100000,"waiters_attempted":1,"holder_candidates_examined":100,"elapsed_ns":216902,"ops":1,"ns_per_call":216902.0000,"calls_per_second":4610.3770,"expected_pair":"0:99","verified":true}
Native owner (ubuntu-24.04)	Q5.2 supplementary queue benchmark checks	2026-10-05T02:04:46.7584961Z Q52_ROW {"scenario":"production_ordered_selector_kernel","scope_label":"ordered helper only; excludes Flow index maintenance and holder projection","mode":"matched","waiters_W":100000,"holders_H":100,"repeat":3,"calls":9900,"elapsed_ns":1884823,"ns_per_call":190.3862,"yielded_waiters_per_call_untimed":1,"expected_pair":"0:99","verified":true,"attempt_count":1,"attempts":[{"attempt":1,"calls":9900,"elapsed_ns":1884823}],"calibration_stop_reason":"minimum_batch_duration_reached","precision_status":"minimum_batch_duration_reached","max_calls":1000000,"max_calibration_attempts":5,"min_batch_ns":1000000,"initial_call_formula":"clamp(1000000 / max(1,H+yielded_waiters),1,1000000)","timed_operations":"loop and ordered helper invocations with black-boxed result","waiters_sorted_outside_timer":true,"fixture_creation_and_holder_construction_excluded":true,"production_flow_integrated":false,"end_to_end_speedup_claim":false}
Native owner (ubuntu-24.04)	Q5.2 supplementary queue benchmark checks	2026-10-05T02:04:46.7587932Z Q52_ROW {"scenario":"historical_sorting_reference","implementation_label":"historical_sorting_reference","match":"matched","waiters_W":100000,"holders_H":100,"repeat":4,"calls":1,"waiter_sort_items":100000,"waiters_attempted":1,"holder_candidates_examined":100,"elapsed_ns":120501,"ops":1,"ns_per_call":120501.0000,"calls_per_second":8298.6863,"expected_pair":"0:99","verified":true}
Native owner (ubuntu-24.04)	Q5.2 supplementary queue benchmark checks	2026-10-05T02:04:46.7611367Z Q52_ROW {"scenario":"production_ordered_selector_kernel","scope_label":"ordered helper only; excludes Flow index maintenance and holder projection","mode":"matched","waiters_W":100000,"holders_H":100,"repeat":4,"calls":9900,"elapsed_ns":1876022,"ns_per_call":189.4972,"yielded_waiters_per_call_untimed":1,"expected_pair":"0:99","verified":true,"attempt_count":1,"attempts":[{"attempt":1,"calls":9900,"elapsed_ns":1876022}],"calibration_stop_reason":"minimum_batch_duration_reached","precision_status":"minimum_batch_duration_reached","max_calls":1000000,"max_calibration_attempts":5,"min_batch_ns":1000000,"initial_call_formula":"clamp(1000000 / max(1,H+yielded_waiters),1,1000000)","timed_operations":"loop and ordered helper invocations with black-boxed result","waiters_sorted_outside_timer":true,"fixture_creation_and_holder_construction_excluded":true,"production_flow_integrated":false,"end_to_end_speedup_claim":false}
Native owner (ubuntu-24.04)	Q5.2 supplementary queue benchmark checks	2026-10-05T02:04:46.7614409Z Q52_ROW {"scenario":"historical_sorting_reference","implementation_label":"historical_sorting_reference","match":"matched","waiters_W":100000,"holders_H":100,"repeat":5,"calls":1,"waiter_sort_items":100000,"waiters_attempted":1,"holder_candidates_examined":100,"elapsed_ns":119790,"ops":1,"ns_per_call":119790.0000,"calls_per_second":8347.9422,"expected_pair":"0:99","verified":true}
Native owner (ubuntu-24.04)	Q5.2 supplementary queue benchmark checks	2026-10-05T02:04:46.7637472Z Q52_ROW {"scenario":"production_ordered_selector_kernel","scope_label":"ordered helper only; excludes Flow index maintenance and holder projection","mode":"matched","waiters_W":100000,"holders_H":100,"repeat":5,"calls":9900,"elapsed_ns":1884973,"ns_per_call":190.4013,"yielded_waiters_per_call_untimed":1,"expected_pair":"0:99","verified":true,"attempt_count":1,"attempts":[{"attempt":1,"calls":9900,"elapsed_ns":1884973}],"calibration_stop_reason":"minimum_batch_duration_reached","precision_status":"minimum_batch_duration_reached","max_calls":1000000,"max_calibration_attempts":5,"min_batch_ns":1000000,"initial_call_formula":"clamp(1000000 / max(1,H+yielded_waiters),1,1000000)","timed_operations":"loop and ordered helper invocations with black-boxed result","waiters_sorted_outside_timer":true,"fixture_creation_and_holder_construction_excluded":true,"production_flow_integrated":false,"end_to_end_speedup_claim":false}
Native owner (ubuntu-24.04)	Q5.2 supplementary queue benchmark checks	2026-10-05T02:04:46.7733167Z Q52_ROW {"scenario":"production_ordered_selector_kernel","scope_label":"ordered helper only; excludes Flow index maintenance and holder projection","mode":"ineligible_holders","waiters_W":100000,"holders_H":100,"repeat":1,"calls":20000,"elapsed_ns":1260735,"ns_per_call":63.0367,"yielded_waiters_per_call_untimed":0,"expected_pair":"none","verified":true,"attempt_count":2,"attempts":[{"attempt":1,"calls":10000,"elapsed_ns":628640},{"attempt":2,"calls":20000,"elapsed_ns":1260735}],"calibration_stop_reason":"minimum_batch_duration_reached","precision_status":"minimum_batch_duration_reached","max_calls":1000000,"max_calibration_attempts":5,"min_batch_ns":1000000,"initial_call_formula":"clamp(1000000 / max(1,H+yielded_waiters),1,1000000)","timed_operations":"loop and ordered helper invocations with black-boxed result","waiters_sorted_outside_timer":true,"fixture_creation_and_holder_construction_excluded":true,"production_flow_integrated":false,"end_to_end_speedup_claim":false}
Native owner (ubuntu-24.04)	Q5.2 supplementary queue benchmark checks	2026-10-05T02:04:46.7828106Z Q52_ROW {"scenario":"production_ordered_selector_kernel","scope_label":"ordered helper only; excludes Flow index maintenance and holder projection","mode":"ineligible_holders","waiters_W":100000,"holders_H":100,"repeat":2,"calls":20000,"elapsed_ns":1234372,"ns_per_call":61.7186,"yielded_waiters_per_call_untimed":0,"expected_pair":"none","verified":true,"attempt_count":2,"attempts":[{"attempt":1,"calls":10000,"elapsed_ns":624103},{"attempt":2,"calls":20000,"elapsed_ns":1234372}],"calibration_stop_reason":"minimum_batch_duration_reached","precision_status":"minimum_batch_duration_reached","max_calls":1000000,"max_calibration_attempts":5,"min_batch_ns":1000000,"initial_call_formula":"clamp(1000000 / max(1,H+yielded_waiters),1,1000000)","timed_operations":"loop and ordered helper invocations with black-boxed result","waiters_sorted_outside_timer":true,"fixture_creation_and_holder_construction_excluded":true,"production_flow_integrated":false,"end_to_end_speedup_claim":false}
Native owner (ubuntu-24.04)	Q5.2 supplementary queue benchmark checks	2026-10-05T02:04:46.7923333Z Q52_ROW {"scenario":"production_ordered_selector_kernel","scope_label":"ordered helper only; excludes Flow index maintenance and holder projection","mode":"ineligible_holders","waiters_W":100000,"holders_H":100,"repeat":3,"calls":20000,"elapsed_ns":1254111,"ns_per_call":62.7056,"yielded_waiters_per_call_untimed":0,"expected_pair":"none","verified":true,"attempt_count":2,"attempts":[{"attempt":1,"calls":10000,"elapsed_ns":607813},{"attempt":2,"calls":20000,"elapsed_ns":1254111}],"calibration_stop_reason":"minimum_batch_duration_reached","precision_status":"minimum_batch_duration_reached","max_calls":1000000,"max_calibration_attempts":5,"min_batch_ns":1000000,"initial_call_formula":"clamp(1000000 / max(1,H+yielded_waiters),1,1000000)","timed_operations":"loop and ordered helper invocations with black-boxed result","waiters_sorted_outside_timer":true,"fixture_creation_and_holder_construction_excluded":true,"production_flow_integrated":false,"end_to_end_speedup_claim":false}
Native owner (ubuntu-24.04)	Q5.2 supplementary queue benchmark checks	2026-10-05T02:04:46.8018886Z Q52_ROW {"scenario":"production_ordered_selector_kernel","scope_label":"ordered helper only; excludes Flow index maintenance and holder projection","mode":"ineligible_holders","waiters_W":100000,"holders_H":100,"repeat":4,"calls":20000,"elapsed_ns":1241181,"ns_per_call":62.0590,"yielded_waiters_per_call_untimed":0,"expected_pair":"none","verified":true,"attempt_count":2,"attempts":[{"attempt":1,"calls":10000,"elapsed_ns":623018},{"attempt":2,"calls":20000,"elapsed_ns":1241181}],"calibration_stop_reason":"minimum_batch_duration_reached","precision_status":"minimum_batch_duration_reached","max_calls":1000000,"max_calibration_attempts":5,"min_batch_ns":1000000,"initial_call_formula":"clamp(1000000 / max(1,H+yielded_waiters),1,1000000)","timed_operations":"loop and ordered helper invocations with black-boxed result","waiters_sorted_outside_timer":true,"fixture_creation_and_holder_construction_excluded":true,"production_flow_integrated":false,"end_to_end_speedup_claim":false}
Native owner (ubuntu-24.04)	Q5.2 supplementary queue benchmark checks	2026-10-05T02:04:46.8124714Z Q52_ROW {"scenario":"production_ordered_selector_kernel","scope_label":"ordered helper only; excludes Flow index maintenance and holder projection","mode":"ineligible_holders","waiters_W":100000,"holders_H":100,"repeat":5,"calls":20000,"elapsed_ns":1260040,"ns_per_call":63.0020,"yielded_waiters_per_call_untimed":0,"expected_pair":"none","verified":true,"attempt_count":2,"attempts":[{"attempt":1,"calls":10000,"elapsed_ns":627125},{"attempt":2,"calls":20000,"elapsed_ns":1260040}],"calibration_stop_reason":"minimum_batch_duration_reached","precision_status":"minimum_batch_duration_reached","max_calls":1000000,"max_calibration_attempts":5,"min_batch_ns":1000000,"initial_call_formula":"clamp(1000000 / max(1,H+yielded_waiters),1,1000000)","timed_operations":"loop and ordered helper invocations with black-boxed result","waiters_sorted_outside_timer":true,"fixture_creation_and_holder_construction_excluded":true,"production_flow_integrated":false,"end_to_end_speedup_claim":false}
Native owner (ubuntu-24.04)	Q5.2 supplementary queue benchmark checks	2026-10-05T02:04:46.8149046Z Q52_ROW {"scenario":"production_ordered_selector_kernel","scope_label":"ordered helper only; excludes Flow index maintenance and holder projection","mode":"all_nonpreempting_waiters","waiters_W":100000,"holders_H":100,"repeat":1,"calls":18,"elapsed_ns":1156351,"ns_per_call":64241.7222,"yielded_waiters_per_call_untimed":100000,"expected_pair":"none","verified":true,"attempt_count":2,"attempts":[{"attempt":1,"calls":9,"elapsed_ns":587387},{"attempt":2,"calls":18,"elapsed_ns":1156351}],"calibration_stop_reason":"minimum_batch_duration_reached","precision_status":"minimum_batch_duration_reached","max_calls":1000000,"max_calibration_attempts":5,"min_batch_ns":1000000,"initial_call_formula":"clamp(1000000 / max(1,H+yielded_waiters),1,1000000)","timed_operations":"loop and ordered helper invocations with black-boxed result","waiters_sorted_outside_timer":true,"fixture_creation_and_holder_construction_excluded":true,"production_flow_integrated":false,"end_to_end_speedup_claim":false}
Native owner (ubuntu-24.04)	Q5.2 supplementary queue benchmark checks	2026-10-05T02:04:46.8172896Z Q52_ROW {"scenario":"production_ordered_selector_kernel","scope_label":"ordered helper only; excludes Flow index maintenance and holder projection","mode":"all_nonpreempting_waiters","waiters_W":100000,"holders_H":100,"repeat":2,"calls":18,"elapsed_ns":1158016,"ns_per_call":64334.2222,"yielded_waiters_per_call_untimed":100000,"expected_pair":"none","verified":true,"attempt_count":2,"attempts":[{"attempt":1,"calls":9,"elapsed_ns":564786},{"attempt":2,"calls":18,"elapsed_ns":1158016}],"calibration_stop_reason":"minimum_batch_duration_reached","precision_status":"minimum_batch_duration_reached","max_calls":1000000,"max_calibration_attempts":5,"min_batch_ns":1000000,"initial_call_formula":"clamp(1000000 / max(1,H+yielded_waiters),1,1000000)","timed_operations":"loop and ordered helper invocations with black-boxed result","waiters_sorted_outside_timer":true,"fixture_creation_and_holder_construction_excluded":true,"production_flow_integrated":false,"end_to_end_speedup_claim":false}
Native owner (ubuntu-24.04)	Q5.2 supplementary queue benchmark checks	2026-10-05T02:04:46.8196854Z Q52_ROW {"scenario":"production_ordered_selector_kernel","scope_label":"ordered helper only; excludes Flow index maintenance and holder projection","mode":"all_nonpreempting_waiters","waiters_W":100000,"holders_H":100,"repeat":3,"calls":18,"elapsed_ns":1132409,"ns_per_call":62911.6111,"yielded_waiters_per_call_untimed":100000,"expected_pair":"none","verified":true,"attempt_count":2,"attempts":[{"attempt":1,"calls":9,"elapsed_ns":581783},{"attempt":2,"calls":18,"elapsed_ns":1132409}],"calibration_stop_reason":"minimum_batch_duration_reached","precision_status":"minimum_batch_duration_reached","max_calls":1000000,"max_calibration_attempts":5,"min_batch_ns":1000000,"initial_call_formula":"clamp(1000000 / max(1,H+yielded_waiters),1,1000000)","timed_operations":"loop and ordered helper invocations with black-boxed result","waiters_sorted_outside_timer":true,"fixture_creation_and_holder_construction_excluded":true,"production_flow_integrated":false,"end_to_end_speedup_claim":false}
Native owner (ubuntu-24.04)	Q5.2 supplementary queue benchmark checks	2026-10-05T02:04:46.8220673Z Q52_ROW {"scenario":"production_ordered_selector_kernel","scope_label":"ordered helper only; excludes Flow index maintenance and holder projection","mode":"all_nonpreempting_waiters","waiters_W":100000,"holders_H":100,"repeat":4,"calls":18,"elapsed_ns":1138993,"ns_per_call":63277.3889,"yielded_waiters_per_call_untimed":100000,"expected_pair":"none","verified":true,"attempt_count":2,"attempts":[{"attempt":1,"calls":9,"elapsed_ns":564352},{"attempt":2,"calls":18,"elapsed_ns":1138993}],"calibration_stop_reason":"minimum_batch_duration_reached","precision_status":"minimum_batch_duration_reached","max_calls":1000000,"max_calibration_attempts":5,"min_batch_ns":1000000,"initial_call_formula":"clamp(1000000 / max(1,H+yielded_waiters),1,1000000)","timed_operations":"loop and ordered helper invocations with black-boxed result","waiters_sorted_outside_timer":true,"fixture_creation_and_holder_construction_excluded":true,"production_flow_integrated":false,"end_to_end_speedup_claim":false}
Native owner (ubuntu-24.04)	Q5.2 supplementary queue benchmark checks	2026-10-05T02:04:46.8245020Z Q52_ROW {"scenario":"production_ordered_selector_kernel","scope_label":"ordered helper only; excludes Flow index maintenance and holder projection","mode":"all_nonpreempting_waiters","waiters_W":100000,"holders_H":100,"repeat":5,"calls":18,"elapsed_ns":1170010,"ns_per_call":65000.5556,"yielded_waiters_per_call_untimed":100000,"expected_pair":"none","verified":true,"attempt_count":2,"attempts":[{"attempt":1,"calls":9,"elapsed_ns":586560},{"attempt":2,"calls":18,"elapsed_ns":1170010}],"calibration_stop_reason":"minimum_batch_duration_reached","precision_status":"minimum_batch_duration_reached","max_calls":1000000,"max_calibration_attempts":5,"min_batch_ns":1000000,"initial_call_formula":"clamp(1000000 / max(1,H+yielded_waiters),1,1000000)","timed_operations":"loop and ordered helper invocations with black-boxed result","waiters_sorted_outside_timer":true,"fixture_creation_and_holder_construction_excluded":true,"production_flow_integrated":false,"end_to_end_speedup_claim":false}
Native owner (ubuntu-24.04)	Q5.2 supplementary queue benchmark checks	2026-10-05T02:04:46.8251289Z test flow::q52_bench::benchmark_q52_measurements ... ok
Native owner (ubuntu-24.04)	Q5.2 supplementary queue benchmark checks	2026-10-05T02:04:46.8251534Z 
Native owner (ubuntu-24.04)	Q5.2 supplementary queue benchmark checks	2026-10-05T02:04:46.8251774Z test result: ok. 1 passed; 0 failed; 0 ignored; 0 measured; 124 filtered out; finished in 6.71s
Native owner (ubuntu-24.04)	Q5.2 supplementary queue benchmark checks	2026-10-05T02:04:46.8252344Z 
Native owner (ubuntu-24.04)	Q5.2 supplementary queue benchmark checks	2026-10-05T02:04:46.8252637Z      Running tests/des_integration.rs (target/release/deps/des_integration-66d71c2c2c2d3097)
Native owner (ubuntu-24.04)	Q5.2 supplementary queue benchmark checks	2026-10-05T02:04:46.8262570Z 
Native owner (ubuntu-24.04)	Q5.2 supplementary queue benchmark checks	2026-10-05T02:04:46.8262714Z running 0 tests
Native owner (ubuntu-24.04)	Q5.2 supplementary queue benchmark checks	2026-10-05T02:04:46.8262858Z 
Native owner (ubuntu-24.04)	Q5.2 supplementary queue benchmark checks	2026-10-05T02:04:46.8263107Z test result: ok. 0 passed; 0 failed; 0 ignored; 0 measured; 4 filtered out; finished in 0.00s
Native owner (ubuntu-24.04)	Q5.2 supplementary queue benchmark checks	2026-10-05T02:04:46.8263369Z 
Native owner (ubuntu-24.04)	Q5.2 supplementary queue benchmark checks	2026-10-05T02:04:46.8264511Z      Running tests/des_resource_queue_v1.rs (target/release/deps/des_resource_queue_v1-8f48f12d444cef77)
Native owner (ubuntu-24.04)	Q5.2 supplementary queue benchmark checks	2026-10-05T02:04:46.8272479Z 
Native owner (ubuntu-24.04)	Q5.2 supplementary queue benchmark checks	2026-10-05T02:04:46.8272690Z running 0 tests
Native owner (ubuntu-24.04)	Q5.2 supplementary queue benchmark checks	2026-10-05T02:04:46.8272871Z 
Native owner (ubuntu-24.04)	Q5.2 supplementary queue benchmark checks	2026-10-05T02:04:46.8273136Z test result: ok. 0 passed; 0 failed; 0 ignored; 0 measured; 2 filtered out; finished in 0.00s
Native owner (ubuntu-24.04)	Q5.2 supplementary queue benchmark checks	2026-10-05T02:04:46.8273464Z 
Native owner (ubuntu-24.04)	Q5.2 supplementary queue benchmark checks	2026-10-05T02:04:46.8274433Z      Running tests/fidelity_lineage_v1.rs (target/release/deps/fidelity_lineage_v1-9611b31b277d0f35)
Native owner (ubuntu-24.04)	Q5.2 supplementary queue benchmark checks	2026-10-05T02:04:46.8281418Z 
Native owner (ubuntu-24.04)	Q5.2 supplementary queue benchmark checks	2026-10-05T02:04:46.8281563Z running 0 tests
Native owner (ubuntu-24.04)	Q5.2 supplementary queue benchmark checks	2026-10-05T02:04:46.8281693Z 
Native owner (ubuntu-24.04)	Q5.2 supplementary queue benchmark checks	2026-10-05T02:04:46.8281951Z test result: ok. 0 passed; 0 failed; 0 ignored; 0 measured; 3 filtered out; finished in 0.00s
Native owner (ubuntu-24.04)	Q5.2 supplementary queue benchmark checks	2026-10-05T02:04:46.8282210Z 
Native owner (ubuntu-24.04)	Q5.2 supplementary queue benchmark checks	2026-10-05T02:04:46.8282800Z      Running tests/fidelity_mode_c21.rs (target/release/deps/fidelity_mode_c21-c0fbb281f7ce2081)
Native owner (ubuntu-24.04)	Q5.2 supplementary queue benchmark checks	2026-10-05T02:04:46.8290850Z 
Native owner (ubuntu-24.04)	Q5.2 supplementary queue benchmark checks	2026-10-05T02:04:46.8291174Z running 0 tests
Native owner (ubuntu-24.04)	Q5.2 supplementary queue benchmark checks	2026-10-05T02:04:46.8291332Z 
Native owner (ubuntu-24.04)	Q5.2 supplementary queue benchmark checks	2026-10-05T02:04:46.8291568Z test result: ok. 0 passed; 0 failed; 0 ignored; 0 measured; 10 filtered out; finished in 0.00s
Native owner (ubuntu-24.04)	Q5.2 supplementary queue benchmark checks	2026-10-05T02:04:46.8291885Z 
Native owner (ubuntu-24.04)	Q5.2 supplementary queue benchmark checks	2026-10-05T02:04:46.8292858Z      Running tests/flow_actor_domain_context_v1.rs (target/release/deps/flow_actor_domain_context_v1-f2e758c18d38099a)
Native owner (ubuntu-24.04)	Q5.2 supplementary queue benchmark checks	2026-10-05T02:04:46.8299561Z 
Native owner (ubuntu-24.04)	Q5.2 supplementary queue benchmark checks	2026-10-05T02:04:46.8299801Z running 0 tests
Native owner (ubuntu-24.04)	Q5.2 supplementary queue benchmark checks	2026-10-05T02:04:46.8300102Z 
Native owner (ubuntu-24.04)	Q5.2 supplementary queue benchmark checks	2026-10-05T02:04:46.8300319Z test result: ok. 0 passed; 0 failed; 0 ignored; 0 measured; 6 filtered out; finished in 0.00s
Native owner (ubuntu-24.04)	Q5.2 supplementary queue benchmark checks	2026-10-05T02:04:46.8300562Z 
Native owner (ubuntu-24.04)	Q5.2 supplementary queue benchmark checks	2026-10-05T02:04:46.8301163Z      Running tests/flow_builder_migration_v1.rs (target/release/deps/flow_builder_migration_v1-08bfd90afdc5f0f9)
Native owner (ubuntu-24.04)	Q5.2 supplementary queue benchmark checks	2026-10-05T02:04:46.8307227Z 
Native owner (ubuntu-24.04)	Q5.2 supplementary queue benchmark checks	2026-10-05T02:04:46.8307327Z running 0 tests
Native owner (ubuntu-24.04)	Q5.2 supplementary queue benchmark checks	2026-10-05T02:04:46.8307425Z 
Native owner (ubuntu-24.04)	Q5.2 supplementary queue benchmark checks	2026-10-05T02:04:46.8307677Z test result: ok. 0 passed; 0 failed; 0 ignored; 0 measured; 6 filtered out; finished in 0.00s
Native owner (ubuntu-24.04)	Q5.2 supplementary queue benchmark checks	2026-10-05T02:04:46.8307992Z 
Native owner (ubuntu-24.04)	Q5.2 supplementary queue benchmark checks	2026-10-05T02:04:46.8308604Z      Running tests/flow_capacity_v1.rs (target/release/deps/flow_capacity_v1-ae9ae0787496eea9)
Native owner (ubuntu-24.04)	Q5.2 supplementary queue benchmark checks	2026-10-05T02:04:46.8315619Z 
Native owner (ubuntu-24.04)	Q5.2 supplementary queue benchmark checks	2026-10-05T02:04:46.8315793Z running 0 tests
Native owner (ubuntu-24.04)	Q5.2 supplementary queue benchmark checks	2026-10-05T02:04:46.8315926Z 
Native owner (ubuntu-24.04)	Q5.2 supplementary queue benchmark checks	2026-10-05T02:04:46.8316148Z test result: ok. 0 passed; 0 failed; 0 ignored; 0 measured; 5 filtered out; finished in 0.00s
Native owner (ubuntu-24.04)	Q5.2 supplementary queue benchmark checks	2026-10-05T02:04:46.8316467Z 
Native owner (ubuntu-24.04)	Q5.2 supplementary queue benchmark checks	2026-10-05T02:04:46.8316860Z      Running tests/flow_continuations_v1.rs (target/release/deps/flow_continuations_v1-9ec214b4eab6d866)
Native owner (ubuntu-24.04)	Q5.2 supplementary queue benchmark checks	2026-10-05T02:04:46.8322806Z 
Native owner (ubuntu-24.04)	Q5.2 supplementary queue benchmark checks	2026-10-05T02:04:46.8322898Z running 0 tests
Native owner (ubuntu-24.04)	Q5.2 supplementary queue benchmark checks	2026-10-05T02:04:46.8323012Z 
Native owner (ubuntu-24.04)	Q5.2 supplementary queue benchmark checks	2026-10-05T02:04:46.8323329Z test result: ok. 0 passed; 0 failed; 0 ignored; 0 measured; 8 filtered out; finished in 0.00s
Native owner (ubuntu-24.04)	Q5.2 supplementary queue benchmark checks	2026-10-05T02:04:46.8323827Z 
Native owner (ubuntu-24.04)	Q5.2 supplementary queue benchmark checks	2026-10-05T02:04:46.8324287Z      Running tests/flow_determinism_conformance_v1.rs (target/release/deps/flow_determinism_conformance_v1-3c58aea5caa74a1f)
Native owner (ubuntu-24.04)	Q5.2 supplementary queue benchmark checks	2026-10-05T02:04:46.8330110Z 
Native owner (ubuntu-24.04)	Q5.2 supplementary queue benchmark checks	2026-10-05T02:04:46.8330201Z running 0 tests
Native owner (ubuntu-24.04)	Q5.2 supplementary queue benchmark checks	2026-10-05T02:04:46.8330327Z 
Native owner (ubuntu-24.04)	Q5.2 supplementary queue benchmark checks	2026-10-05T02:04:46.8330547Z test result: ok. 0 passed; 0 failed; 0 ignored; 0 measured; 1 filtered out; finished in 0.00s
Native owner (ubuntu-24.04)	Q5.2 supplementary queue benchmark checks	2026-10-05T02:04:46.8330875Z 
Native owner (ubuntu-24.04)	Q5.2 supplementary queue benchmark checks	2026-10-05T02:04:46.8331241Z      Running tests/flow_errors_v1.rs (target/release/deps/flow_errors_v1-49ddac709e33020f)
Native owner (ubuntu-24.04)	Q5.2 supplementary queue benchmark checks	2026-10-05T02:04:46.8337661Z 
Native owner (ubuntu-24.04)	Q5.2 supplementary queue benchmark checks	2026-10-05T02:04:46.8337788Z running 0 tests
Native owner (ubuntu-24.04)	Q5.2 supplementary queue benchmark checks	2026-10-05T02:04:46.8337943Z 
Native owner (ubuntu-24.04)	Q5.2 supplementary queue benchmark checks	2026-10-05T02:04:46.8338378Z test result: ok. 0 passed; 0 failed; 0 ignored; 0 measured; 1 filtered out; finished in 0.00s
Native owner (ubuntu-24.04)	Q5.2 supplementary queue benchmark checks	2026-10-05T02:04:46.8338811Z 
Native owner (ubuntu-24.04)	Q5.2 supplementary queue benchmark checks	2026-10-05T02:04:46.8339804Z      Running tests/flow_lifecycle_snapshot_v1.rs (target/release/deps/flow_lifecycle_snapshot_v1-8ccbf51aca5b4b0b)
Native owner (ubuntu-24.04)	Q5.2 supplementary queue benchmark checks	2026-10-05T02:04:46.8345037Z 
Native owner (ubuntu-24.04)	Q5.2 supplementary queue benchmark checks	2026-10-05T02:04:46.8345140Z running 0 tests
Native owner (ubuntu-24.04)	Q5.2 supplementary queue benchmark checks	2026-10-05T02:04:46.8345260Z 
Native owner (ubuntu-24.04)	Q5.2 supplementary queue benchmark checks	2026-10-05T02:04:46.8345867Z test result: ok. 0 passed; 0 failed; 0 ignored; 0 measured; 8 filtered out; finished in 0.00s
Native owner (ubuntu-24.04)	Q5.2 supplementary queue benchmark checks	2026-10-05T02:04:46.8346218Z 
Native owner (ubuntu-24.04)	Q5.2 supplementary queue benchmark checks	2026-10-05T02:04:46.8346474Z      Running tests/flow_lifecycle_v1.rs (target/release/deps/flow_lifecycle_v1-c83b003c7d72d5e8)
Native owner (ubuntu-24.04)	Q5.2 supplementary queue benchmark checks	2026-10-05T02:04:46.8352714Z 
Native owner (ubuntu-24.04)	Q5.2 supplementary queue benchmark checks	2026-10-05T02:04:46.8352902Z running 0 tests
Native owner (ubuntu-24.04)	Q5.2 supplementary queue benchmark checks	2026-10-05T02:04:46.8353036Z 
Native owner (ubuntu-24.04)	Q5.2 supplementary queue benchmark checks	2026-10-05T02:04:46.8353409Z test result: ok. 0 passed; 0 failed; 0 ignored; 0 measured; 4 filtered out; finished in 0.00s
Native owner (ubuntu-24.04)	Q5.2 supplementary queue benchmark checks	2026-10-05T02:04:46.8353701Z 
Native owner (ubuntu-24.04)	Q5.2 supplementary queue benchmark checks	2026-10-05T02:04:46.8353963Z      Running tests/flow_preemption_eligibility_v1.rs (target/release/deps/flow_preemption_eligibility_v1-b984781f5b97178f)
Native owner (ubuntu-24.04)	Q5.2 supplementary queue benchmark checks	2026-10-05T02:04:46.8360310Z 
Native owner (ubuntu-24.04)	Q5.2 supplementary queue benchmark checks	2026-10-05T02:04:46.8360457Z running 0 tests
Native owner (ubuntu-24.04)	Q5.2 supplementary queue benchmark checks	2026-10-05T02:04:46.8360589Z 
Native owner (ubuntu-24.04)	Q5.2 supplementary queue benchmark checks	2026-10-05T02:04:46.8360801Z test result: ok. 0 passed; 0 failed; 0 ignored; 0 measured; 8 filtered out; finished in 0.00s
Native owner (ubuntu-24.04)	Q5.2 supplementary queue benchmark checks	2026-10-05T02:04:46.8361100Z 
Native owner (ubuntu-24.04)	Q5.2 supplementary queue benchmark checks	2026-10-05T02:04:46.8361521Z      Running tests/flow_preemption_primary_v1.rs (target/release/deps/flow_preemption_primary_v1-9ef0595b32578eb6)
Native owner (ubuntu-24.04)	Q5.2 supplementary queue benchmark checks	2026-10-05T02:04:46.8367542Z 
Native owner (ubuntu-24.04)	Q5.2 supplementary queue benchmark checks	2026-10-05T02:04:46.8367652Z running 0 tests
Native owner (ubuntu-24.04)	Q5.2 supplementary queue benchmark checks	2026-10-05T02:04:46.8367768Z 
Native owner (ubuntu-24.04)	Q5.2 supplementary queue benchmark checks	2026-10-05T02:04:46.8367982Z test result: ok. 0 passed; 0 failed; 0 ignored; 0 measured; 1 filtered out; finished in 0.00s
Native owner (ubuntu-24.04)	Q5.2 supplementary queue benchmark checks	2026-10-05T02:04:46.8368224Z 
Native owner (ubuntu-24.04)	Q5.2 supplementary queue benchmark checks	2026-10-05T02:04:46.8368949Z      Running tests/flow_preemption_property_v1.rs (target/release/deps/flow_preemption_property_v1-6bc463944b06db23)
Native owner (ubuntu-24.04)	Q5.2 supplementary queue benchmark checks	2026-10-05T02:04:46.8374975Z 
Native owner (ubuntu-24.04)	Q5.2 supplementary queue benchmark checks	2026-10-05T02:04:46.8375065Z running 0 tests
Native owner (ubuntu-24.04)	Q5.2 supplementary queue benchmark checks	2026-10-05T02:04:46.8375185Z 
Native owner (ubuntu-24.04)	Q5.2 supplementary queue benchmark checks	2026-10-05T02:04:46.8375386Z test result: ok. 0 passed; 0 failed; 0 ignored; 0 measured; 1 filtered out; finished in 0.00s
Native owner (ubuntu-24.04)	Q5.2 supplementary queue benchmark checks	2026-10-05T02:04:46.8375819Z 
Native owner (ubuntu-24.04)	Q5.2 supplementary queue benchmark checks	2026-10-05T02:04:46.8376186Z      Running tests/flow_preemption_secondary_v1.rs (target/release/deps/flow_preemption_secondary_v1-97625392f0aa4ceb)
Native owner (ubuntu-24.04)	Q5.2 supplementary queue benchmark checks	2026-10-05T02:04:46.8382149Z 
Native owner (ubuntu-24.04)	Q5.2 supplementary queue benchmark checks	2026-10-05T02:04:46.8382343Z running 0 tests
Native owner (ubuntu-24.04)	Q5.2 supplementary queue benchmark checks	2026-10-05T02:04:46.8382460Z 
Native owner (ubuntu-24.04)	Q5.2 supplementary queue benchmark checks	2026-10-05T02:04:46.8382663Z test result: ok. 0 passed; 0 failed; 0 ignored; 0 measured; 1 filtered out; finished in 0.00s
Native owner (ubuntu-24.04)	Q5.2 supplementary queue benchmark checks	2026-10-05T02:04:46.8382978Z 
Native owner (ubuntu-24.04)	Q5.2 supplementary queue benchmark checks	2026-10-05T02:04:46.8383381Z      Running tests/flow_queue_v1.rs (target/release/deps/flow_queue_v1-e2afd04782ab0e9d)
Native owner (ubuntu-24.04)	Q5.2 supplementary queue benchmark checks	2026-10-05T02:04:46.8389403Z 
Native owner (ubuntu-24.04)	Q5.2 supplementary queue benchmark checks	2026-10-05T02:04:46.8389506Z running 0 tests
Native owner (ubuntu-24.04)	Q5.2 supplementary queue benchmark checks	2026-10-05T02:04:46.8389618Z 
Native owner (ubuntu-24.04)	Q5.2 supplementary queue benchmark checks	2026-10-05T02:04:46.8389822Z test result: ok. 0 passed; 0 failed; 0 ignored; 0 measured; 8 filtered out; finished in 0.00s
Native owner (ubuntu-24.04)	Q5.2 supplementary queue benchmark checks	2026-10-05T02:04:46.8390105Z 
Native owner (ubuntu-24.04)	Q5.2 supplementary queue benchmark checks	2026-10-05T02:04:46.8390745Z      Running tests/flow_registration_phase_v1.rs (target/release/deps/flow_registration_phase_v1-359261d83b171345)
Native owner (ubuntu-24.04)	Q5.2 supplementary queue benchmark checks	2026-10-05T02:04:46.8396536Z 
Native owner (ubuntu-24.04)	Q5.2 supplementary queue benchmark checks	2026-10-05T02:04:46.8396697Z running 0 tests
Native owner (ubuntu-24.04)	Q5.2 supplementary queue benchmark checks	2026-10-05T02:04:46.8396826Z 
Native owner (ubuntu-24.04)	Q5.2 supplementary queue benchmark checks	2026-10-05T02:04:46.8397037Z test result: ok. 0 passed; 0 failed; 0 ignored; 0 measured; 5 filtered out; finished in 0.00s
Native owner (ubuntu-24.04)	Q5.2 supplementary queue benchmark checks	2026-10-05T02:04:46.8397300Z 
Native owner (ubuntu-24.04)	Q5.2 supplementary queue benchmark checks	2026-10-05T02:04:46.8397843Z      Running tests/flow_same_tick_budget_v1.rs (target/release/deps/flow_same_tick_budget_v1-38d2a84dc2f8c79a)
Native owner (ubuntu-24.04)	Q5.2 supplementary queue benchmark checks	2026-10-05T02:04:46.8404255Z 
Native owner (ubuntu-24.04)	Q5.2 supplementary queue benchmark checks	2026-10-05T02:04:46.8404429Z running 0 tests
Native owner (ubuntu-24.04)	Q5.2 supplementary queue benchmark checks	2026-10-05T02:04:46.8404594Z 
Native owner (ubuntu-24.04)	Q5.2 supplementary queue benchmark checks	2026-10-05T02:04:46.8404801Z test result: ok. 0 passed; 0 failed; 0 ignored; 0 measured; 9 filtered out; finished in 0.00s
Native owner (ubuntu-24.04)	Q5.2 supplementary queue benchmark checks	2026-10-05T02:04:46.8405077Z 
Native owner (ubuntu-24.04)	Q5.2 supplementary queue benchmark checks	2026-10-05T02:04:46.8405303Z      Running tests/flow_shared_domain_v1.rs (target/release/deps/flow_shared_domain_v1-f8ffc78fb344f286)
Native owner (ubuntu-24.04)	Q5.2 supplementary queue benchmark checks	2026-10-05T02:04:46.8412415Z 
Native owner (ubuntu-24.04)	Q5.2 supplementary queue benchmark checks	2026-10-05T02:04:46.8412636Z running 0 tests
Native owner (ubuntu-24.04)	Q5.2 supplementary queue benchmark checks	2026-10-05T02:04:46.8412760Z 
Native owner (ubuntu-24.04)	Q5.2 supplementary queue benchmark checks	2026-10-05T02:04:46.8413002Z test result: ok. 0 passed; 0 failed; 0 ignored; 0 measured; 7 filtered out; finished in 0.00s
Native owner (ubuntu-24.04)	Q5.2 supplementary queue benchmark checks	2026-10-05T02:04:46.8413377Z 
Native owner (ubuntu-24.04)	Q5.2 supplementary queue benchmark checks	2026-10-05T02:04:46.8413694Z      Running tests/flow_staff_bed_cleaning_v1.rs (target/release/deps/flow_staff_bed_cleaning_v1-6160ad62e4b1cd42)
Native owner (ubuntu-24.04)	Q5.2 supplementary queue benchmark checks	2026-10-05T02:04:46.8419567Z 
Native owner (ubuntu-24.04)	Q5.2 supplementary queue benchmark checks	2026-10-05T02:04:46.8419673Z running 0 tests
Native owner (ubuntu-24.04)	Q5.2 supplementary queue benchmark checks	2026-10-05T02:04:46.8419811Z 
Native owner (ubuntu-24.04)	Q5.2 supplementary queue benchmark checks	2026-10-05T02:04:46.8420013Z test result: ok. 0 passed; 0 failed; 0 ignored; 0 measured; 6 filtered out; finished in 0.00s
Native owner (ubuntu-24.04)	Q5.2 supplementary queue benchmark checks	2026-10-05T02:04:46.8420306Z 
Native owner (ubuntu-24.04)	Q5.2 supplementary queue benchmark checks	2026-10-05T02:04:46.8420587Z      Running tests/flow_work_v1.rs (target/release/deps/flow_work_v1-6f5d71065fdfb590)
Native owner (ubuntu-24.04)	Q5.2 supplementary queue benchmark checks	2026-10-05T02:04:46.8426952Z 
Native owner (ubuntu-24.04)	Q5.2 supplementary queue benchmark checks	2026-10-05T02:04:46.8427200Z running 0 tests
Native owner (ubuntu-24.04)	Q5.2 supplementary queue benchmark checks	2026-10-05T02:04:46.8427341Z 
Native owner (ubuntu-24.04)	Q5.2 supplementary queue benchmark checks	2026-10-05T02:04:46.8427576Z test result: ok. 0 passed; 0 failed; 0 ignored; 0 measured; 4 filtered out; finished in 0.00s
Native owner (ubuntu-24.04)	Q5.2 supplementary queue benchmark checks	2026-10-05T02:04:46.8427890Z 
Native owner (ubuntu-24.04)	Q5.2 supplementary queue benchmark checks	2026-10-05T02:04:46.8428529Z      Running tests/flow_world_view_v1.rs (target/release/deps/flow_world_view_v1-a7e59b3498052252)
Native owner (ubuntu-24.04)	Q5.2 supplementary queue benchmark checks	2026-10-05T02:04:46.8435234Z 
Native owner (ubuntu-24.04)	Q5.2 supplementary queue benchmark checks	2026-10-05T02:04:46.8435326Z running 0 tests
Native owner (ubuntu-24.04)	Q5.2 supplementary queue benchmark checks	2026-10-05T02:04:46.8435437Z 
Native owner (ubuntu-24.04)	Q5.2 supplementary queue benchmark checks	2026-10-05T02:04:46.8435758Z test result: ok. 0 passed; 0 failed; 0 ignored; 0 measured; 6 filtered out; finished in 0.00s
Native owner (ubuntu-24.04)	Q5.2 supplementary queue benchmark checks	2026-10-05T02:04:46.8436050Z 
Native owner (ubuntu-24.04)	Q5.2 supplementary queue benchmark checks	2026-10-05T02:04:46.8438087Z      Running tests/q53_legacy_public_surface_v1.rs (target/release/deps/q53_legacy_public_surface_v1-518958072398ff50)
Native owner (ubuntu-24.04)	Q5.2 supplementary queue benchmark checks	2026-10-05T02:04:46.8443621Z 
Native owner (ubuntu-24.04)	Q5.2 supplementary queue benchmark checks	2026-10-05T02:04:46.8443781Z running 0 tests
Native owner (ubuntu-24.04)	Q5.2 supplementary queue benchmark checks	2026-10-05T02:04:46.8444043Z 
Native owner (ubuntu-24.04)	Q5.2 supplementary queue benchmark checks	2026-10-05T02:04:46.8444266Z test result: ok. 0 passed; 0 failed; 0 ignored; 0 measured; 3 filtered out; finished in 0.00s
Native owner (ubuntu-24.04)	Q5.2 supplementary queue benchmark checks	2026-10-05T02:04:46.8444548Z 
Native owner (ubuntu-24.04)	Q5.2 supplementary queue benchmark checks	2026-10-05T02:04:47.0638623Z {"cases": 1, "input_sha256": "3a8f7fa2c9a8bf6f9991d3c4c0f347351644826436984d97e6e21b0af3cbecb0", "result": ".artifacts/ci/q52/runtime/20261005T020446889713Z/result.json", "status": "complete", "timeouts": 0}
Native owner (ubuntu-24.04)	Preserve Q5.2 supplementary benchmark evidence	﻿2026-10-05T02:04:47.0939379Z ##[group]Run actions/upload-artifact@ea165f8d65b6e75b540449e92b4886f43607fa02
Native owner (ubuntu-24.04)	Preserve Q5.2 supplementary benchmark evidence	2026-10-05T02:04:47.0939723Z with:
Native owner (ubuntu-24.04)	Preserve Q5.2 supplementary benchmark evidence	2026-10-05T02:04:47.0939905Z   name: q52-queue-benchmarks-ubuntu-24.04
Native owner (ubuntu-24.04)	Preserve Q5.2 supplementary benchmark evidence	2026-10-05T02:04:47.0940122Z   path: .artifacts/ci/q52/
Native owner (ubuntu-24.04)	Preserve Q5.2 supplementary benchmark evidence	2026-10-05T02:04:47.0940437Z   retention-days: 7
Native owner (ubuntu-24.04)	Preserve Q5.2 supplementary benchmark evidence	2026-10-05T02:04:47.0940608Z   if-no-files-found: error
Native owner (ubuntu-24.04)	Preserve Q5.2 supplementary benchmark evidence	2026-10-05T02:04:47.0940793Z   compression-level: 6
Native owner (ubuntu-24.04)	Preserve Q5.2 supplementary benchmark evidence	2026-10-05T02:04:47.0940962Z   overwrite: false
Native owner (ubuntu-24.04)	Preserve Q5.2 supplementary benchmark evidence	2026-10-05T02:04:47.0941134Z   include-hidden-files: false
Native owner (ubuntu-24.04)	Preserve Q5.2 supplementary benchmark evidence	2026-10-05T02:04:47.0941313Z env:
Native owner (ubuntu-24.04)	Preserve Q5.2 supplementary benchmark evidence	2026-10-05T02:04:47.0941512Z   pythonLocation: /opt/hostedtoolcache/Python/3.14.8/x64
Native owner (ubuntu-24.04)	Preserve Q5.2 supplementary benchmark evidence	2026-10-05T02:04:47.0941836Z   PKG_CONFIG_PATH: /opt/hostedtoolcache/Python/3.14.8/x64/lib/pkgconfig
Native owner (ubuntu-24.04)	Preserve Q5.2 supplementary benchmark evidence	2026-10-05T02:04:47.0942148Z   Python_ROOT_DIR: /opt/hostedtoolcache/Python/3.14.8/x64
Native owner (ubuntu-24.04)	Preserve Q5.2 supplementary benchmark evidence	2026-10-05T02:04:47.0942431Z   Python2_ROOT_DIR: /opt/hostedtoolcache/Python/3.14.8/x64
Native owner (ubuntu-24.04)	Preserve Q5.2 supplementary benchmark evidence	2026-10-05T02:04:47.0942712Z   Python3_ROOT_DIR: /opt/hostedtoolcache/Python/3.14.8/x64
Native owner (ubuntu-24.04)	Preserve Q5.2 supplementary benchmark evidence	2026-10-05T02:04:47.0942996Z   LD_LIBRARY_PATH: /opt/hostedtoolcache/Python/3.14.8/x64/lib
Native owner (ubuntu-24.04)	Preserve Q5.2 supplementary benchmark evidence	2026-10-05T02:04:47.0943276Z ##[endgroup]
Native owner (ubuntu-24.04)	Preserve Q5.2 supplementary benchmark evidence	2026-10-05T02:04:47.2171729Z (node:9377) [DEP0040] DeprecationWarning: The `punycode` module is deprecated. Please use a userland alternative instead.
Native owner (ubuntu-24.04)	Preserve Q5.2 supplementary benchmark evidence	2026-10-05T02:04:47.2172300Z (Use `node --trace-deprecation ...` to show where the warning was created)
Native owner (ubuntu-24.04)	Preserve Q5.2 supplementary benchmark evidence	2026-10-05T02:04:47.2250100Z With the provided path, there will be 17 files uploaded
Native owner (ubuntu-24.04)	Preserve Q5.2 supplementary benchmark evidence	2026-10-05T02:04:47.2253048Z Artifact name is valid!
Native owner (ubuntu-24.04)	Preserve Q5.2 supplementary benchmark evidence	2026-10-05T02:04:47.2253458Z Root directory input is valid!
Native owner (ubuntu-24.04)	Preserve Q5.2 supplementary benchmark evidence	2026-10-05T02:04:47.4781057Z Beginning upload of artifact content to blob storage
Native owner (ubuntu-24.04)	Preserve Q5.2 supplementary benchmark evidence	2026-10-05T02:04:47.5096381Z (node:9377) [DEP0169] DeprecationWarning: `url.parse()` behavior is not standardized and prone to errors that have security implications. Use the WHATWG URL API instead. CVEs are not issued for `url.parse()` vulnerabilities.
Native owner (ubuntu-24.04)	Preserve Q5.2 supplementary benchmark evidence	2026-10-05T02:04:47.6705781Z Uploaded bytes 38858
Native owner (ubuntu-24.04)	Preserve Q5.2 supplementary benchmark evidence	2026-10-05T02:04:47.7111075Z Finished uploading artifact content to blob storage!
Native owner (ubuntu-24.04)	Preserve Q5.2 supplementary benchmark evidence	2026-10-05T02:04:47.7111864Z SHA256 digest of uploaded artifact zip is 77e6cffcf65356acd0aa1b43fd92a9a733cc3ac0d79b3bb3f2c1bdfce5431ff7
Native owner (ubuntu-24.04)	Preserve Q5.2 supplementary benchmark evidence	2026-10-05T02:04:47.7112861Z Finalizing artifact upload
Native owner (ubuntu-24.04)	Preserve Q5.2 supplementary benchmark evidence	2026-10-05T02:04:47.9357684Z Artifact q52-queue-benchmarks-ubuntu-24.04.zip successfully finalized. Artifact ID 11322290932
Native owner (ubuntu-24.04)	Preserve Q5.2 supplementary benchmark evidence	2026-10-05T02:04:47.9358483Z Artifact q52-queue-benchmarks-ubuntu-24.04 has been successfully uploaded! Final size is 38858 bytes. Artifact ID is 11322290932
Native owner (ubuntu-24.04)	Preserve Q5.2 supplementary benchmark evidence	2026-10-05T02:04:47.9365912Z Artifact download URL: https://github.com/edithatogo/kairos/actions/runs/37253816240/artifacts/11322290932
Native owner (ubuntu-24.04)	Preserve Q5.1 conformance evidence	﻿2026-10-05T02:04:47.9473490Z ##[group]Run actions/upload-artifact@ea165f8d65b6e75b540449e92b4886f43607fa02
Native owner (ubuntu-24.04)	Preserve Q5.1 conformance evidence	2026-10-05T02:04:47.9473889Z with:
Native owner (ubuntu-24.04)	Preserve Q5.1 conformance evidence	2026-10-05T02:04:47.9474098Z   name: q51-conformance-ubuntu-24.04
Native owner (ubuntu-24.04)	Preserve Q5.1 conformance evidence	2026-10-05T02:04:47.9474321Z   path: .artifacts/ci/q51/
Native owner (ubuntu-24.04)	Preserve Q5.1 conformance evidence	2026-10-05T02:04:47.9474516Z   retention-days: 7
Native owner (ubuntu-24.04)	Preserve Q5.1 conformance evidence	2026-10-05T02:04:47.9474691Z   if-no-files-found: error
Native owner (ubuntu-24.04)	Preserve Q5.1 conformance evidence	2026-10-05T02:04:47.9474877Z   compression-level: 6
Native owner (ubuntu-24.04)	Preserve Q5.1 conformance evidence	2026-10-05T02:04:47.9475060Z   overwrite: false
Native owner (ubuntu-24.04)	Preserve Q5.1 conformance evidence	2026-10-05T02:04:47.9475234Z   include-hidden-files: false
Native owner (ubuntu-24.04)	Preserve Q5.1 conformance evidence	2026-10-05T02:04:47.9475419Z env:
Native owner (ubuntu-24.04)	Preserve Q5.1 conformance evidence	2026-10-05T02:04:47.9475617Z   pythonLocation: /opt/hostedtoolcache/Python/3.14.8/x64
Native owner (ubuntu-24.04)	Preserve Q5.1 conformance evidence	2026-10-05T02:04:47.9475955Z   PKG_CONFIG_PATH: /opt/hostedtoolcache/Python/3.14.8/x64/lib/pkgconfig
Native owner (ubuntu-24.04)	Preserve Q5.1 conformance evidence	2026-10-05T02:04:47.9476266Z   Python_ROOT_DIR: /opt/hostedtoolcache/Python/3.14.8/x64
Native owner (ubuntu-24.04)	Preserve Q5.1 conformance evidence	2026-10-05T02:04:47.9476552Z   Python2_ROOT_DIR: /opt/hostedtoolcache/Python/3.14.8/x64
Native owner (ubuntu-24.04)	Preserve Q5.1 conformance evidence	2026-10-05T02:04:47.9476828Z   Python3_ROOT_DIR: /opt/hostedtoolcache/Python/3.14.8/x64
Native owner (ubuntu-24.04)	Preserve Q5.1 conformance evidence	2026-10-05T02:04:47.9477118Z   LD_LIBRARY_PATH: /opt/hostedtoolcache/Python/3.14.8/x64/lib
Native owner (ubuntu-24.04)	Preserve Q5.1 conformance evidence	2026-10-05T02:04:47.9477398Z ##[endgroup]
Native owner (ubuntu-24.04)	Preserve Q5.1 conformance evidence	2026-10-05T02:04:48.0634511Z (node:9389) [DEP0040] DeprecationWarning: The `punycode` module is deprecated. Please use a userland alternative instead.
Native owner (ubuntu-24.04)	Preserve Q5.1 conformance evidence	2026-10-05T02:04:48.0635237Z (Use `node --trace-deprecation ...` to show where the warning was created)
Native owner (ubuntu-24.04)	Preserve Q5.1 conformance evidence	2026-10-05T02:04:48.0690111Z With the provided path, there will be 9 files uploaded
Native owner (ubuntu-24.04)	Preserve Q5.1 conformance evidence	2026-10-05T02:04:48.0697989Z Artifact name is valid!
Native owner (ubuntu-24.04)	Preserve Q5.1 conformance evidence	2026-10-05T02:04:48.0703315Z Root directory input is valid!
Native owner (ubuntu-24.04)	Preserve Q5.1 conformance evidence	2026-10-05T02:04:48.3481955Z Beginning upload of artifact content to blob storage
Native owner (ubuntu-24.04)	Preserve Q5.1 conformance evidence	2026-10-05T02:04:48.3783645Z (node:9389) [DEP0169] DeprecationWarning: `url.parse()` behavior is not standardized and prone to errors that have security implications. Use the WHATWG URL API instead. CVEs are not issued for `url.parse()` vulnerabilities.
Native owner (ubuntu-24.04)	Preserve Q5.1 conformance evidence	2026-10-05T02:04:48.5325060Z Uploaded bytes 10565
Native owner (ubuntu-24.04)	Preserve Q5.1 conformance evidence	2026-10-05T02:04:48.5777131Z Finished uploading artifact content to blob storage!
Native owner (ubuntu-24.04)	Preserve Q5.1 conformance evidence	2026-10-05T02:04:48.5777888Z SHA256 digest of uploaded artifact zip is c1de3435f707d08ab205a6d02e46e83431ad987a56696b3055c66e4865ac0bb5
Native owner (ubuntu-24.04)	Preserve Q5.1 conformance evidence	2026-10-05T02:04:48.5778595Z Finalizing artifact upload
Native owner (ubuntu-24.04)	Preserve Q5.1 conformance evidence	2026-10-05T02:04:48.7904941Z Artifact q51-conformance-ubuntu-24.04.zip successfully finalized. Artifact ID 11321892080
Native owner (ubuntu-24.04)	Preserve Q5.1 conformance evidence	2026-10-05T02:04:48.7905537Z Artifact q51-conformance-ubuntu-24.04 has been successfully uploaded! Final size is 10565 bytes. Artifact ID is 11321892080
Native owner (ubuntu-24.04)	Preserve Q5.1 conformance evidence	2026-10-05T02:04:48.7911175Z Artifact download URL: https://github.com/edithatogo/kairos/actions/runs/37253816240/artifacts/11321892080
Native owner (ubuntu-24.04)	Test Arrow IO with Rust 1.99.0	﻿2026-10-05T02:04:48.8006751Z ##[group]Run set -o pipefail
Native owner (ubuntu-24.04)	Test Arrow IO with Rust 1.99.0	2026-10-05T02:04:48.8007097Z ^[[36;1mset -o pipefail^[[0m
Native owner (ubuntu-24.04)	Test Arrow IO with Rust 1.99.0	2026-10-05T02:04:48.8007335Z ^[[36;1mlog_dir=".artifacts/ci/arrow-io/1.99.0/${EXPECTED_OS}"^[[0m
Native owner (ubuntu-24.04)	Test Arrow IO with Rust 1.99.0	2026-10-05T02:04:48.8007601Z ^[[36;1mmkdir -p "$log_dir"^[[0m
Native owner (ubuntu-24.04)	Test Arrow IO with Rust 1.99.0	2026-10-05T02:04:48.8007833Z ^[[36;1mtask_rustc="$(rustup which --toolchain 1.99.0 rustc)"^[[0m
Native owner (ubuntu-24.04)	Test Arrow IO with Rust 1.99.0	2026-10-05T02:04:48.8008091Z ^[[36;1mtask_bin="$(dirname "$task_rustc")"^[[0m
Native owner (ubuntu-24.04)	Test Arrow IO with Rust 1.99.0	2026-10-05T02:04:48.8008352Z ^[[36;1mtask_cargo="$(rustup which --toolchain 1.99.0 cargo)"^[[0m
Native owner (ubuntu-24.04)	Test Arrow IO with Rust 1.99.0	2026-10-05T02:04:48.8008821Z ^[[36;1mexport RUSTC="$task_rustc" RUSTDOC="$task_bin/rustdoc" PATH="$task_bin:$PATH"^[[0m
Native owner (ubuntu-24.04)	Test Arrow IO with Rust 1.99.0	2026-10-05T02:04:48.8009249Z ^[[36;1m"$task_cargo" -V | tee "$log_dir/toolchain.log"^[[0m
Native owner (ubuntu-24.04)	Test Arrow IO with Rust 1.99.0	2026-10-05T02:04:48.8009524Z ^[[36;1m"$task_rustc" -vV | tee -a "$log_dir/toolchain.log"^[[0m
Native owner (ubuntu-24.04)	Test Arrow IO with Rust 1.99.0	2026-10-05T02:04:48.8009805Z ^[[36;1mgrep -Fx 'release: 1.99.0' "$log_dir/toolchain.log"^[[0m
Native owner (ubuntu-24.04)	Test Arrow IO with Rust 1.99.0	2026-10-05T02:04:48.8010063Z ^[[36;1mif [ "$EXPECTED_OS" = macos-15 ]; then^[[0m
Native owner (ubuntu-24.04)	Test Arrow IO with Rust 1.99.0	2026-10-05T02:04:48.8010340Z ^[[36;1m  grep -Fx 'host: aarch64-apple-darwin' "$log_dir/toolchain.log"^[[0m
Native owner (ubuntu-24.04)	Test Arrow IO with Rust 1.99.0	2026-10-05T02:04:48.8010643Z ^[[36;1melse^[[0m
Native owner (ubuntu-24.04)	Test Arrow IO with Rust 1.99.0	2026-10-05T02:04:48.8010880Z ^[[36;1m  grep -Fx 'host: x86_64-unknown-linux-gnu' "$log_dir/toolchain.log"^[[0m
Native owner (ubuntu-24.04)	Test Arrow IO with Rust 1.99.0	2026-10-05T02:04:48.8011138Z ^[[36;1mfi^[[0m
Native owner (ubuntu-24.04)	Test Arrow IO with Rust 1.99.0	2026-10-05T02:04:48.8011326Z ^[[36;1mpython_dir="$RUNNER_TEMP/c1-arrow-io-python"^[[0m
Native owner (ubuntu-24.04)	Test Arrow IO with Rust 1.99.0	2026-10-05T02:04:48.8011590Z ^[[36;1mpython -m venv "$python_dir"^[[0m
Native owner (ubuntu-24.04)	Test Arrow IO with Rust 1.99.0	2026-10-05T02:04:48.8011860Z ^[[36;1m"$python_dir/bin/python" --version | tee "$log_dir/python.log"^[[0m
Native owner (ubuntu-24.04)	Test Arrow IO with Rust 1.99.0	2026-10-05T02:04:48.8012503Z ^[[36;1m"$python_dir/bin/python" -m pip install --disable-pip-version-check --no-input --only-binary=:all: --require-hashes -r scripts/c1-arrow-io-python-tools.lock 2>&1 | tee -a "$log_dir/python.log"^[[0m
Native owner (ubuntu-24.04)	Test Arrow IO with Rust 1.99.0	2026-10-05T02:04:48.8013435Z ^[[36;1m"$python_dir/bin/python" -c 'import platform, pyarrow; assert platform.python_version() == "3.14.8", platform.python_version(); assert pyarrow.__version__ == "25.0.1", pyarrow.__version__' 2>&1 | tee -a "$log_dir/python.log"^[[0m
Native owner (ubuntu-24.04)	Test Arrow IO with Rust 1.99.0	2026-10-05T02:04:48.8014146Z ^[[36;1mfixtures="crates/kairo-ecs-arrow-io/tests/fixtures/interop_v1/generate.py"^[[0m
Native owner (ubuntu-24.04)	Test Arrow IO with Rust 1.99.0	2026-10-05T02:04:48.8014534Z ^[[36;1m"$python_dir/bin/python" "$fixtures" --check 2>&1 | tee "$log_dir/fixtures.log"^[[0m
Native owner (ubuntu-24.04)	Test Arrow IO with Rust 1.99.0	2026-10-05T02:04:48.8014873Z ^[[36;1moutput_dir="$GITHUB_WORKSPACE/$log_dir/rust-output"^[[0m
Native owner (ubuntu-24.04)	Test Arrow IO with Rust 1.99.0	2026-10-05T02:04:48.8015124Z ^[[36;1mtest ! -e "$output_dir"^[[0m
Native owner (ubuntu-24.04)	Test Arrow IO with Rust 1.99.0	2026-10-05T02:04:48.8015321Z ^[[36;1mmkdir -p "$output_dir"^[[0m
Native owner (ubuntu-24.04)	Test Arrow IO with Rust 1.99.0	2026-10-05T02:04:48.8015544Z ^[[36;1mexport KAIROS_INTEROP_OUTDIR="$output_dir"^[[0m
Native owner (ubuntu-24.04)	Test Arrow IO with Rust 1.99.0	2026-10-05T02:04:48.8015864Z ^[[36;1mexport KAIROS_C11_PHYSICAL_OUTDIR="$GITHUB_WORKSPACE/$log_dir/c11-rust-output"^[[0m
Native owner (ubuntu-24.04)	Test Arrow IO with Rust 1.99.0	2026-10-05T02:04:48.8016302Z ^[[36;1m"$task_cargo" test --locked -p kairo-ecs-arrow-io --all-features 2>&1 | tee "$log_dir/test.log"^[[0m
Native owner (ubuntu-24.04)	Test Arrow IO with Rust 1.99.0	2026-10-05T02:04:48.8016831Z ^[[36;1m"$task_cargo" test --locked -p kairo-ecs-arrow --features resource-lifecycle-io 2>&1 | tee "$log_dir/resource-lifecycle.log"^[[0m
Native owner (ubuntu-24.04)	Test Arrow IO with Rust 1.99.0	2026-10-05T02:04:48.8017301Z ^[[36;1mexport C43_OUTPUT_DIR="$GITHUB_WORKSPACE/$log_dir/c43-rust-output"^[[0m
Native owner (ubuntu-24.04)	Test Arrow IO with Rust 1.99.0	2026-10-05T02:04:48.8018109Z ^[[36;1m"$task_cargo" test --locked -p kairo-ecs-calibration --no-default-features --features ipc,parquet --test arrow_output_c43 --test sidecar_adapter_c43 --test sidecar_pipeline_c43 c43_ 2>&1 | tee "$log_dir/c43-native.log"^[[0m
Native owner (ubuntu-24.04)	Test Arrow IO with Rust 1.99.0	2026-10-05T02:04:48.8019232Z ^[[36;1m"$python_dir/bin/python" conformance/c43/readback.py --self-test 2>&1 | tee "$log_dir/c43-reader-controls.log"^[[0m
Native owner (ubuntu-24.04)	Test Arrow IO with Rust 1.99.0	2026-10-05T02:04:48.8019856Z ^[[36;1m"$python_dir/bin/python" conformance/c43/readback.py --require-manifests --mutation-controls "$C43_OUTPUT_DIR" 2>&1 | tee "$log_dir/c43-readback.log"^[[0m
Native owner (ubuntu-24.04)	Test Arrow IO with Rust 1.99.0	2026-10-05T02:04:48.8020323Z ^[[36;1mtest -s "$output_dir/rust.ipc_file"^[[0m
Native owner (ubuntu-24.04)	Test Arrow IO with Rust 1.99.0	2026-10-05T02:04:48.8020566Z ^[[36;1mtest -s "$output_dir/rust.ipc_stream"^[[0m
Native owner (ubuntu-24.04)	Test Arrow IO with Rust 1.99.0	2026-10-05T02:04:48.8020835Z ^[[36;1mtest -s "$output_dir/rust.parquet"^[[0m
Native owner (ubuntu-24.04)	Test Arrow IO with Rust 1.99.0	2026-10-05T02:04:48.8021245Z ^[[36;1m"$python_dir/bin/python" "$fixtures" --check-rust "$output_dir" 2>&1 | tee "$log_dir/pyarrow-readback.log"^[[0m
Native owner (ubuntu-24.04)	Test Arrow IO with Rust 1.99.0	2026-10-05T02:04:48.8022049Z ^[[36;1m"$python_dir/bin/python" crates/kairo-ecs-arrow-io/tests/fixtures/calibration_physical_v2/generate.py --check-rust "$KAIROS_C11_PHYSICAL_OUTDIR" 2>&1 | tee "$log_dir/c11-pyarrow-readback.log"^[[0m
Native owner (ubuntu-24.04)	Test Arrow IO with Rust 1.99.0	2026-10-05T02:04:48.8056926Z shell: /usr/bin/bash -e {0}
Native owner (ubuntu-24.04)	Test Arrow IO with Rust 1.99.0	2026-10-05T02:04:48.8057145Z env:
Native owner (ubuntu-24.04)	Test Arrow IO with Rust 1.99.0	2026-10-05T02:04:48.8057357Z   pythonLocation: /opt/hostedtoolcache/Python/3.14.8/x64
Native owner (ubuntu-24.04)	Test Arrow IO with Rust 1.99.0	2026-10-05T02:04:48.8057667Z   PKG_CONFIG_PATH: /opt/hostedtoolcache/Python/3.14.8/x64/lib/pkgconfig
Native owner (ubuntu-24.04)	Test Arrow IO with Rust 1.99.0	2026-10-05T02:04:48.8057981Z   Python_ROOT_DIR: /opt/hostedtoolcache/Python/3.14.8/x64
Native owner (ubuntu-24.04)	Test Arrow IO with Rust 1.99.0	2026-10-05T02:04:48.8058257Z   Python2_ROOT_DIR: /opt/hostedtoolcache/Python/3.14.8/x64
Native owner (ubuntu-24.04)	Test Arrow IO with Rust 1.99.0	2026-10-05T02:04:48.8058539Z   Python3_ROOT_DIR: /opt/hostedtoolcache/Python/3.14.8/x64
Native owner (ubuntu-24.04)	Test Arrow IO with Rust 1.99.0	2026-10-05T02:04:48.8058972Z   LD_LIBRARY_PATH: /opt/hostedtoolcache/Python/3.14.8/x64/lib
Native owner (ubuntu-24.04)	Test Arrow IO with Rust 1.99.0	2026-10-05T02:04:48.8059227Z   EXPECTED_OS: ubuntu-24.04
Native owner (ubuntu-24.04)	Test Arrow IO with Rust 1.99.0	2026-10-05T02:04:48.8059423Z ##[endgroup]
Native owner (ubuntu-24.04)	Test Arrow IO with Rust 1.99.0	2026-10-05T02:04:48.8237137Z cargo 1.99.0 (5f94df478 2026-08-27)
Native owner (ubuntu-24.04)	Test Arrow IO with Rust 1.99.0	2026-10-05T02:04:48.8293076Z rustc 1.99.0 (b940084d7 2026-09-28)
Native owner (ubuntu-24.04)	Test Arrow IO with Rust 1.99.0	2026-10-05T02:04:48.8293479Z binary: rustc
Native owner (ubuntu-24.04)	Test Arrow IO with Rust 1.99.0	2026-10-05T02:04:48.8293847Z commit-hash: b940084d7eb6a299eb4bfeb8e34901bc051e7ac4
Native owner (ubuntu-24.04)	Test Arrow IO with Rust 1.99.0	2026-10-05T02:04:48.8294215Z commit-date: 2026-09-28
Native owner (ubuntu-24.04)	Test Arrow IO with Rust 1.99.0	2026-10-05T02:04:48.8294443Z host: x86_64-unknown-linux-gnu
Native owner (ubuntu-24.04)	Test Arrow IO with Rust 1.99.0	2026-10-05T02:04:48.8294786Z release: 1.99.0
Native owner (ubuntu-24.04)	Test Arrow IO with Rust 1.99.0	2026-10-05T02:04:48.8295387Z LLVM version: 23.1.1
Native owner (ubuntu-24.04)	Test Arrow IO with Rust 1.99.0	2026-10-05T02:04:48.8309917Z release: 1.99.0
Native owner (ubuntu-24.04)	Test Arrow IO with Rust 1.99.0	2026-10-05T02:04:48.8317870Z host: x86_64-unknown-linux-gnu
Native owner (ubuntu-24.04)	Test Arrow IO with Rust 1.99.0	2026-10-05T02:04:50.7835401Z Python 3.14.8
Native owner (ubuntu-24.04)	Test Arrow IO with Rust 1.99.0	2026-10-05T02:04:51.2095936Z Collecting numpy==2.5.3 (from -r scripts/c1-arrow-io-python-tools.lock (line 4))
Native owner (ubuntu-24.04)	Test Arrow IO with Rust 1.99.0	2026-10-05T02:04:51.2832911Z   Downloading numpy-2.5.3-cp314-cp314-manylinux_2_27_x86_64.manylinux_2_28_x86_64.whl (16.7 MB)
Native owner (ubuntu-24.04)	Test Arrow IO with Rust 1.99.0	2026-10-05T02:04:51.5379945Z      ━━━━━━━━━━━━━━━━━━━━━━━━━━━━━━━━━━━━━━━━ 16.7/16.7 MB 76.6 MB/s  0:00:00
Native owner (ubuntu-24.04)	Test Arrow IO with Rust 1.99.0	2026-10-05T02:04:51.6340814Z Collecting pyarrow==25.0.1 (from -r scripts/c1-arrow-io-python-tools.lock (line 7))
Native owner (ubuntu-24.04)	Test Arrow IO with Rust 1.99.0	2026-10-05T02:04:51.6493500Z   Downloading pyarrow-25.0.1-cp314-cp314-manylinux_2_28_x86_64.whl (50.1 MB)
Native owner (ubuntu-24.04)	Test Arrow IO with Rust 1.99.0	2026-10-05T02:04:52.0402944Z      ━━━━━━━━━━━━━━━━━━━━━━━━━━━━━━━━━━━━━━━━ 50.1/50.1 MB 128.3 MB/s  0:00:00
Native owner (ubuntu-24.04)	Test Arrow IO with Rust 1.99.0	2026-10-05T02:04:52.0928069Z Installing collected packages: pyarrow, numpy
Native owner (ubuntu-24.04)	Test Arrow IO with Rust 1.99.0	2026-10-05T02:04:54.6295392Z 
Native owner (ubuntu-24.04)	Test Arrow IO with Rust 1.99.0	2026-10-05T02:04:54.6304203Z Successfully installed numpy-2.5.3 pyarrow-25.0.1
Native owner (ubuntu-24.04)	Test Arrow IO with Rust 1.99.0	2026-10-05T02:04:54.9039947Z PASS: deterministic PyArrow 25.0.1 fixture schema, values, metadata and hashes
Native owner (ubuntu-24.04)	Test Arrow IO with Rust 1.99.0	2026-10-05T02:04:54.9777397Z  Downloading crates ...
Native owner (ubuntu-24.04)	Test Arrow IO with Rust 1.99.0	2026-10-05T02:04:55.0819661Z   Downloaded seq-macro v0.3.6
Native owner (ubuntu-24.04)	Test Arrow IO with Rust 1.99.0	2026-10-05T02:04:55.0880616Z   Downloaded base64 v0.23.1
Native owner (ubuntu-24.04)	Test Arrow IO with Rust 1.99.0	2026-10-05T02:04:55.0898552Z   Downloaded twox-hash v2.1.4
Native owner (ubuntu-24.04)	Test Arrow IO with Rust 1.99.0	2026-10-05T02:04:55.1463210Z   Downloaded parquet v60.0.0
Native owner (ubuntu-24.04)	Test Arrow IO with Rust 1.99.0	2026-10-05T02:04:55.1752481Z    Compiling libm v0.2.16
Native owner (ubuntu-24.04)	Test Arrow IO with Rust 1.99.0	2026-10-05T02:04:55.1753039Z    Compiling zerocopy v0.8.48
Native owner (ubuntu-24.04)	Test Arrow IO with Rust 1.99.0	2026-10-05T02:04:55.1753964Z    Compiling num-traits v0.2.19
Native owner (ubuntu-24.04)	Test Arrow IO with Rust 1.99.0	2026-10-05T02:04:55.1761136Z    Compiling syn v2.0.117
Native owner (ubuntu-24.04)	Test Arrow IO with Rust 1.99.0	2026-10-05T02:04:55.2999490Z    Compiling getrandom v0.3.4
Native owner (ubuntu-24.04)	Test Arrow IO with Rust 1.99.0	2026-10-05T02:04:55.3670814Z    Compiling version_check v0.9.5
Native owner (ubuntu-24.04)	Test Arrow IO with Rust 1.99.0	2026-10-05T02:04:55.4219826Z    Compiling bytes v1.12.1
Native owner (ubuntu-24.04)	Test Arrow IO with Rust 1.99.0	2026-10-05T02:04:55.5131230Z    Compiling ahash v0.8.12
Native owner (ubuntu-24.04)	Test Arrow IO with Rust 1.99.0	2026-10-05T02:04:55.6830163Z    Compiling semver v1.0.28
Native owner (ubuntu-24.04)	Test Arrow IO with Rust 1.99.0	2026-10-05T02:04:55.8254095Z    Compiling iana-time-zone v0.1.65
Native owner (ubuntu-24.04)	Test Arrow IO with Rust 1.99.0	2026-10-05T02:04:55.8549676Z    Compiling arrow-schema v60.0.0
Native owner (ubuntu-24.04)	Test Arrow IO with Rust 1.99.0	2026-10-05T02:04:56.2249690Z    Compiling once_cell v1.21.4
Native owner (ubuntu-24.04)	Test Arrow IO with Rust 1.99.0	2026-10-05T02:04:56.2849919Z    Compiling rustc_version v0.4.1
Native owner (ubuntu-24.04)	Test Arrow IO with Rust 1.99.0	2026-10-05T02:04:56.4239675Z    Compiling num-integer v0.1.47
Native owner (ubuntu-24.04)	Test Arrow IO with Rust 1.99.0	2026-10-05T02:04:56.4271459Z    Compiling chrono v0.4.45
Native owner (ubuntu-24.04)	Test Arrow IO with Rust 1.99.0	2026-10-05T02:04:56.6380303Z    Compiling num-bigint v0.5.1
Native owner (ubuntu-24.04)	Test Arrow IO with Rust 1.99.0	2026-10-05T02:04:56.9844461Z    Compiling num-complex v0.4.6
Native owner (ubuntu-24.04)	Test Arrow IO with Rust 1.99.0	2026-10-05T02:04:57.2534347Z    Compiling hashbrown v0.17.1
Native owner (ubuntu-24.04)	Test Arrow IO with Rust 1.99.0	2026-10-05T02:04:57.5059981Z    Compiling flatbuffers v25.12.19
Native owner (ubuntu-24.04)	Test Arrow IO with Rust 1.99.0	2026-10-05T02:04:57.6540082Z    Compiling seq-macro v0.3.6
Native owner (ubuntu-24.04)	Test Arrow IO with Rust 1.99.0	2026-10-05T02:04:57.6830360Z    Compiling base64 v0.23.1
Native owner (ubuntu-24.04)	Test Arrow IO with Rust 1.99.0	2026-10-05T02:04:57.6860167Z    Compiling zerocopy-derive v0.8.48
Native owner (ubuntu-24.04)	Test Arrow IO with Rust 1.99.0	2026-10-05T02:04:57.8470904Z    Compiling twox-hash v2.1.4
Native owner (ubuntu-24.04)	Test Arrow IO with Rust 1.99.0	2026-10-05T02:04:59.9011950Z    Compiling half v2.7.1
Native owner (ubuntu-24.04)	Test Arrow IO with Rust 1.99.0	2026-10-05T02:05:00.0479508Z    Compiling arrow-buffer v60.0.0
Native owner (ubuntu-24.04)	Test Arrow IO with Rust 1.99.0	2026-10-05T02:05:00.4248241Z    Compiling arrow-data v60.0.0
Native owner (ubuntu-24.04)	Test Arrow IO with Rust 1.99.0	2026-10-05T02:05:00.8419958Z    Compiling arrow-array v60.0.0
Native owner (ubuntu-24.04)	Test Arrow IO with Rust 1.99.0	2026-10-05T02:05:02.0969607Z    Compiling arrow-cmp v60.0.0
Native owner (ubuntu-24.04)	Test Arrow IO with Rust 1.99.0	2026-10-05T02:05:02.5060271Z    Compiling arrow-select v60.0.0
Native owner (ubuntu-24.04)	Test Arrow IO with Rust 1.99.0	2026-10-05T02:05:03.8250625Z    Compiling arrow-ipc v60.0.0
Native owner (ubuntu-24.04)	Test Arrow IO with Rust 1.99.0	2026-10-05T02:05:04.6842747Z    Compiling parquet v60.0.0
Native owner (ubuntu-24.04)	Test Arrow IO with Rust 1.99.0	2026-10-05T02:05:08.5148188Z    Compiling kairo-ecs-arrow-io v0.1.0 (/home/runner/work/kairos/kairos/crates/kairo-ecs-arrow-io)
Native owner (ubuntu-24.04)	Test Arrow IO with Rust 1.99.0	2026-10-05T02:05:12.6001077Z     Finished `test` profile [unoptimized + debuginfo] target(s) in 17.66s
Native owner (ubuntu-24.04)	Test Arrow IO with Rust 1.99.0	2026-10-05T02:05:12.6042540Z      Running unittests src/lib.rs (target/debug/deps/kairo_ecs_arrow_io-e2316ca7ecc581f6)
Native owner (ubuntu-24.04)	Test Arrow IO with Rust 1.99.0	2026-10-05T02:05:12.6057643Z 
Native owner (ubuntu-24.04)	Test Arrow IO with Rust 1.99.0	2026-10-05T02:05:12.6058016Z running 27 tests
Native owner (ubuntu-24.04)	Test Arrow IO with Rust 1.99.0	2026-10-05T02:05:12.6063336Z test error::tests::limit_error_keeps_the_named_limit ... ok
Native owner (ubuntu-24.04)	Test Arrow IO with Rust 1.99.0	2026-10-05T02:05:12.6063968Z test ipc::tests::column_cap_is_checked_for_file_stream_and_writer_paths ... ok
Native owner (ubuntu-24.04)	Test Arrow IO with Rust 1.99.0	2026-10-05T02:05:12.6065416Z test ipc::tests::file_and_stream_keep_typed_empty_schema ... ok
Native owner (ubuntu-24.04)	Test Arrow IO with Rust 1.99.0	2026-10-05T02:05:12.6067347Z test ipc::tests::field_metadata_mismatch_is_rejected ... ok
Native owner (ubuntu-24.04)	Test Arrow IO with Rust 1.99.0	2026-10-05T02:05:12.6068018Z test ipc::tests::file_and_stream_round_trip_multiple_batches ... ok
Native owner (ubuntu-24.04)	Test Arrow IO with Rust 1.99.0	2026-10-05T02:05:12.6068922Z test ipc::tests::malformed_and_truncated_inputs_are_errors_not_panics ... ok
Native owner (ubuntu-24.04)	Test Arrow IO with Rust 1.99.0	2026-10-05T02:05:12.6069617Z test ipc::tests::writer_counts_zero_row_batches_too ... ok
Native owner (ubuntu-24.04)	Test Arrow IO with Rust 1.99.0	2026-10-05T02:05:12.6070142Z test ipc::tests::file_batch_cap_is_checked_before_reading_batches ... ok
Native owner (ubuntu-24.04)	Test Arrow IO with Rust 1.99.0	2026-10-05T02:05:12.6070802Z test ipc::tests::writers_reject_output_cap_before_returning_partial_bytes ... ok
Native owner (ubuntu-24.04)	Test Arrow IO with Rust 1.99.0	2026-10-05T02:05:12.6071564Z test ipc::tests::readers_reject_schema_mismatch_and_each_resource_limit ... ok
Native owner (ubuntu-24.04)	Test Arrow IO with Rust 1.99.0	2026-10-05T02:05:12.6074596Z test ipc::tests::zero_row_batch_counts_toward_batch_limit ... ok
Native owner (ubuntu-24.04)	Test Arrow IO with Rust 1.99.0	2026-10-05T02:05:12.6075305Z test limits::tests::bounded_buffer_accepts_exact_limit_and_rejects_before_appending_past_it ... ok
Native owner (ubuntu-24.04)	Test Arrow IO with Rust 1.99.0	2026-10-05T02:05:12.6075925Z test limits::tests::checked_count_overflow_fails_closed ... ok
Native owner (ubuntu-24.04)	Test Arrow IO with Rust 1.99.0	2026-10-05T02:05:12.6076378Z test limits::tests::every_zero_cap_is_invalid ... ok
Native owner (ubuntu-24.04)	Test Arrow IO with Rust 1.99.0	2026-10-05T02:05:12.6076920Z test limits::tests::independent_input_column_batch_and_total_row_caps_are_enforced ... ok
Native owner (ubuntu-24.04)	Test Arrow IO with Rust 1.99.0	2026-10-05T02:05:12.6083376Z test parquet::tests::malformed_and_truncated_files_are_errors_not_panics ... ok
Native owner (ubuntu-24.04)	Test Arrow IO with Rust 1.99.0	2026-10-05T02:05:12.6091401Z test parquet::tests::column_cap_is_checked_before_parquet_reader_or_writer_work ... ok
Native owner (ubuntu-24.04)	Test Arrow IO with Rust 1.99.0	2026-10-05T02:05:12.6092277Z test parquet::tests::field_metadata_mismatch_is_not_ignored ... ok
Native owner (ubuntu-24.04)	Test Arrow IO with Rust 1.99.0	2026-10-05T02:05:12.6092987Z test parquet::tests::caller_arrow_schema_metadata_round_trips_without_replacing_reserved_footer_value ... ok
Native owner (ubuntu-24.04)	Test Arrow IO with Rust 1.99.0	2026-10-05T02:05:12.6093619Z test parquet::tests::parquet_empty_batch_list_preserves_schema ... ok
Native owner (ubuntu-24.04)	Test Arrow IO with Rust 1.99.0	2026-10-05T02:05:12.6094378Z test parquet::tests::parquet_footer_copies_sorted_global_schema_metadata ... ok
Native owner (ubuntu-24.04)	Test Arrow IO with Rust 1.99.0	2026-10-05T02:05:12.6094951Z test parquet::tests::parquet_reader_restores_validated_schema_metadata_on_batches ... ok
Native owner (ubuntu-24.04)	Test Arrow IO with Rust 1.99.0	2026-10-05T02:05:12.6096580Z test parquet::tests::parquet_round_trip_bounds_row_groups_and_rows ... ok
Native owner (ubuntu-24.04)	Test Arrow IO with Rust 1.99.0	2026-10-05T02:05:12.6097091Z test parquet::tests::reader_enforces_encoded_bytes_rows_columns_and_schema ... ok
Native owner (ubuntu-24.04)	Test Arrow IO with Rust 1.99.0	2026-10-05T02:05:12.6097698Z test parquet::tests::schema_metadata_mismatch_is_not_ignored ... ok
Native owner (ubuntu-24.04)	Test Arrow IO with Rust 1.99.0	2026-10-05T02:05:12.6098330Z test parquet::tests::max_batches_counts_returned_batches_across_row_groups ... ok
Native owner (ubuntu-24.04)	Test Arrow IO with Rust 1.99.0	2026-10-05T02:05:12.6098952Z test parquet::tests::writer_prevalidates_batches_and_caps_output ... ok
Native owner (ubuntu-24.04)	Test Arrow IO with Rust 1.99.0	2026-10-05T02:05:12.6099241Z 
Native owner (ubuntu-24.04)	Test Arrow IO with Rust 1.99.0	2026-10-05T02:05:12.6099662Z test result: ok. 27 passed; 0 failed; 0 ignored; 0 measured; 0 filtered out; finished in 0.00s
Native owner (ubuntu-24.04)	Test Arrow IO with Rust 1.99.0	2026-10-05T02:05:12.6100112Z 
Native owner (ubuntu-24.04)	Test Arrow IO with Rust 1.99.0	2026-10-05T02:05:12.6102710Z      Running tests/calibration_physical_v2.rs (target/debug/deps/calibration_physical_v2-afe2012fe1c6ec91)
Native owner (ubuntu-24.04)	Test Arrow IO with Rust 1.99.0	2026-10-05T02:05:12.6116563Z 
Native owner (ubuntu-24.04)	Test Arrow IO with Rust 1.99.0	2026-10-05T02:05:12.6116695Z running 2 tests
Native owner (ubuntu-24.04)	Test Arrow IO with Rust 1.99.0	2026-10-05T02:05:12.6856095Z test actual_ipc_tables_use_full_frozen_schema_and_roundtrip ... ok
Native owner (ubuntu-24.04)	Test Arrow IO with Rust 1.99.0	2026-10-05T02:05:12.8832801Z test actual_parquet_tables_use_full_frozen_schema_and_roundtrip ... ok
Native owner (ubuntu-24.04)	Test Arrow IO with Rust 1.99.0	2026-10-05T02:05:12.8833146Z 
Native owner (ubuntu-24.04)	Test Arrow IO with Rust 1.99.0	2026-10-05T02:05:12.8833341Z test result: ok. 2 passed; 0 failed; 0 ignored; 0 measured; 0 filtered out; finished in 0.27s
Native owner (ubuntu-24.04)	Test Arrow IO with Rust 1.99.0	2026-10-05T02:05:12.8833606Z 
Native owner (ubuntu-24.04)	Test Arrow IO with Rust 1.99.0	2026-10-05T02:05:12.8836345Z      Running tests/ingestion_physical_v1.rs (target/debug/deps/ingestion_physical_v1-1382cbdcc4d89f36)
Native owner (ubuntu-24.04)	Test Arrow IO with Rust 1.99.0	2026-10-05T02:05:12.8854511Z 
Native owner (ubuntu-24.04)	Test Arrow IO with Rust 1.99.0	2026-10-05T02:05:12.8855128Z running 1 test
Native owner (ubuntu-24.04)	Test Arrow IO with Rust 1.99.0	2026-10-05T02:05:13.4624363Z test actual_physical_tables_roundtrip_across_formats_orders_and_layouts ... ok
Native owner (ubuntu-24.04)	Test Arrow IO with Rust 1.99.0	2026-10-05T02:05:13.4624758Z 
Native owner (ubuntu-24.04)	Test Arrow IO with Rust 1.99.0	2026-10-05T02:05:13.4624954Z test result: ok. 1 passed; 0 failed; 0 ignored; 0 measured; 0 filtered out; finished in 0.58s
Native owner (ubuntu-24.04)	Test Arrow IO with Rust 1.99.0	2026-10-05T02:05:13.4625191Z 
Native owner (ubuntu-24.04)	Test Arrow IO with Rust 1.99.0	2026-10-05T02:05:13.4628512Z      Running tests/interop_v1.rs (target/debug/deps/interop_v1-72a41fc1c3977c5d)
Native owner (ubuntu-24.04)	Test Arrow IO with Rust 1.99.0	2026-10-05T02:05:13.4643892Z 
Native owner (ubuntu-24.04)	Test Arrow IO with Rust 1.99.0	2026-10-05T02:05:13.4643999Z running 1 test
Native owner (ubuntu-24.04)	Test Arrow IO with Rust 1.99.0	2026-10-05T02:05:13.4672345Z test pyarrow_fixtures_are_read_and_rust_transports_are_written ... ok
Native owner (ubuntu-24.04)	Test Arrow IO with Rust 1.99.0	2026-10-05T02:05:13.4672706Z 
Native owner (ubuntu-24.04)	Test Arrow IO with Rust 1.99.0	2026-10-05T02:05:13.4672953Z test result: ok. 1 passed; 0 failed; 0 ignored; 0 measured; 0 filtered out; finished in 0.00s
Native owner (ubuntu-24.04)	Test Arrow IO with Rust 1.99.0	2026-10-05T02:05:13.4673280Z 
Native owner (ubuntu-24.04)	Test Arrow IO with Rust 1.99.0	2026-10-05T02:05:13.4674474Z    Doc-tests kairo_ecs_arrow_io
Native owner (ubuntu-24.04)	Test Arrow IO with Rust 1.99.0	2026-10-05T02:05:13.4870578Z 
Native owner (ubuntu-24.04)	Test Arrow IO with Rust 1.99.0	2026-10-05T02:05:13.4871224Z running 0 tests
Native owner (ubuntu-24.04)	Test Arrow IO with Rust 1.99.0	2026-10-05T02:05:13.4871416Z 
Native owner (ubuntu-24.04)	Test Arrow IO with Rust 1.99.0	2026-10-05T02:05:13.4871642Z test result: ok. 0 passed; 0 failed; 0 ignored; 0 measured; 0 filtered out; finished in 0.00s
Native owner (ubuntu-24.04)	Test Arrow IO with Rust 1.99.0	2026-10-05T02:05:13.4871887Z 
Native owner (ubuntu-24.04)	Test Arrow IO with Rust 1.99.0	2026-10-05T02:05:13.5269485Z    Compiling arrow-ipc v60.0.0
Native owner (ubuntu-24.04)	Test Arrow IO with Rust 1.99.0	2026-10-05T02:05:14.1524399Z    Compiling kairo-ecs-arrow-io v0.1.0 (/home/runner/work/kairos/kairos/crates/kairo-ecs-arrow-io)
Native owner (ubuntu-24.04)	Test Arrow IO with Rust 1.99.0	2026-10-05T02:05:14.2594235Z    Compiling kairo-ecs-arrow v0.1.0 (/home/runner/work/kairos/kairos/crates/kairo-ecs-arrow)
Native owner (ubuntu-24.04)	Test Arrow IO with Rust 1.99.0	2026-10-05T02:05:15.2493037Z     Finished `test` profile [unoptimized + debuginfo] target(s) in 1.75s
Native owner (ubuntu-24.04)	Test Arrow IO with Rust 1.99.0	2026-10-05T02:05:15.2579098Z      Running unittests src/lib.rs (target/debug/deps/kairo_ecs_arrow-e45b4c40b8517594)
Native owner (ubuntu-24.04)	Test Arrow IO with Rust 1.99.0	2026-10-05T02:05:15.2588629Z 
Native owner (ubuntu-24.04)	Test Arrow IO with Rust 1.99.0	2026-10-05T02:05:15.2589573Z running 7 tests
Native owner (ubuntu-24.04)	Test Arrow IO with Rust 1.99.0	2026-10-05T02:05:15.2590827Z test resource_lifecycle::tests::ordinal_validation_does_not_saturate_at_u32_max ... ok
Native owner (ubuntu-24.04)	Test Arrow IO with Rust 1.99.0	2026-10-05T02:05:15.2591307Z test tests::dispatched_record_maps_core_event_fields ... ok
Native owner (ubuntu-24.04)	Test Arrow IO with Rust 1.99.0	2026-10-05T02:05:15.2591635Z test tests::event_log_batch_round_trips_smoke_bytes ... ok
Native owner (ubuntu-24.04)	Test Arrow IO with Rust 1.99.0	2026-10-05T02:05:15.2592167Z test tests::event_log_schema_matches_track_04_order ... ok
Native owner (ubuntu-24.04)	Test Arrow IO with Rust 1.99.0	2026-10-05T02:05:15.2592517Z test tests::previous_facade_still_flushes_records ... ok
Native owner (ubuntu-24.04)	Test Arrow IO with Rust 1.99.0	2026-10-05T02:05:15.2592912Z test tests::smoke_bytes_preserve_escaped_strings_and_payload_ref ... ok
Native owner (ubuntu-24.04)	Test Arrow IO with Rust 1.99.0	2026-10-05T02:05:15.2593388Z test tests::validation_rejects_incompatible_schema_version ... ok
Native owner (ubuntu-24.04)	Test Arrow IO with Rust 1.99.0	2026-10-05T02:05:15.2593658Z 
Native owner (ubuntu-24.04)	Test Arrow IO with Rust 1.99.0	2026-10-05T02:05:15.2594178Z test result: ok. 7 passed; 0 failed; 0 ignored; 0 measured; 0 filtered out; finished in 0.00s
Native owner (ubuntu-24.04)	Test Arrow IO with Rust 1.99.0	2026-10-05T02:05:15.2594512Z 
Native owner (ubuntu-24.04)	Test Arrow IO with Rust 1.99.0	2026-10-05T02:05:15.2594793Z      Running tests/legacy_smoke_bytes_v1.rs (target/debug/deps/legacy_smoke_bytes_v1-63f173974c214308)
Native owner (ubuntu-24.04)	Test Arrow IO with Rust 1.99.0	2026-10-05T02:05:15.2601249Z 
Native owner (ubuntu-24.04)	Test Arrow IO with Rust 1.99.0	2026-10-05T02:05:15.2601356Z running 1 test
Native owner (ubuntu-24.04)	Test Arrow IO with Rust 1.99.0	2026-10-05T02:05:15.2603199Z test legacy_smoke_bytes_match_frozen_custom_format_and_roundtrip ... ok
Native owner (ubuntu-24.04)	Test Arrow IO with Rust 1.99.0	2026-10-05T02:05:15.2603501Z 
Native owner (ubuntu-24.04)	Test Arrow IO with Rust 1.99.0	2026-10-05T02:05:15.2603746Z test result: ok. 1 passed; 0 failed; 0 ignored; 0 measured; 0 filtered out; finished in 0.00s
Native owner (ubuntu-24.04)	Test Arrow IO with Rust 1.99.0	2026-10-05T02:05:15.2603982Z 
Native owner (ubuntu-24.04)	Test Arrow IO with Rust 1.99.0	2026-10-05T02:05:15.2604658Z      Running tests/resource_lifecycle_v1.rs (target/debug/deps/resource_lifecycle_v1-17d2e7dfe6096bc8)
Native owner (ubuntu-24.04)	Test Arrow IO with Rust 1.99.0	2026-10-05T02:05:15.2614111Z 
Native owner (ubuntu-24.04)	Test Arrow IO with Rust 1.99.0	2026-10-05T02:05:15.2614287Z running 6 tests
Native owner (ubuntu-24.04)	Test Arrow IO with Rust 1.99.0	2026-10-05T02:05:15.2627843Z test empty_batch_and_manual_work_nulls_are_typed_and_distinct_from_zero ... ok
Native owner (ubuntu-24.04)	Test Arrow IO with Rust 1.99.0	2026-10-05T02:05:15.2632652Z test frozen_schema_order_types_nullability_and_metadata_match_contract ... ok
Native owner (ubuntu-24.04)	Test Arrow IO with Rust 1.99.0	2026-10-05T02:05:15.2633446Z test engine_records_cover_every_enum_token_and_full_width_values ... ok
Native owner (ubuntu-24.04)	Test Arrow IO with Rust 1.99.0	2026-10-05T02:05:15.2633896Z test every_column_maps_the_expected_source_value ... ok
Native owner (ubuntu-24.04)	Test Arrow IO with Rust 1.99.0	2026-10-05T02:05:15.2634375Z test bounded_arrowio_stream_and_file_roundtrip_preserve_all_columns_and_metadata ... ok
Native owner (ubuntu-24.04)	Test Arrow IO with Rust 1.99.0	2026-10-05T02:05:15.2634780Z test rejects_malformed_event_order_run_ids_and_snapshot_references ... ok
Native owner (ubuntu-24.04)	Test Arrow IO with Rust 1.99.0	2026-10-05T02:05:15.2635022Z 
Native owner (ubuntu-24.04)	Test Arrow IO with Rust 1.99.0	2026-10-05T02:05:15.2635251Z test result: ok. 6 passed; 0 failed; 0 ignored; 0 measured; 0 filtered out; finished in 0.00s
Native owner (ubuntu-24.04)	Test Arrow IO with Rust 1.99.0	2026-10-05T02:05:15.2635574Z 
Native owner (ubuntu-24.04)	Test Arrow IO with Rust 1.99.0	2026-10-05T02:05:15.2635809Z      Running tests/schema_compatibility.rs (target/debug/deps/schema_compatibility-56783f84c141e05c)
Native owner (ubuntu-24.04)	Test Arrow IO with Rust 1.99.0	2026-10-05T02:05:15.2642600Z 
Native owner (ubuntu-24.04)	Test Arrow IO with Rust 1.99.0	2026-10-05T02:05:15.2642859Z running 4 tests
Native owner (ubuntu-24.04)	Test Arrow IO with Rust 1.99.0	2026-10-05T02:05:15.2646320Z test event_log_schema_is_stable_for_binding_consumers ... ok
Native owner (ubuntu-24.04)	Test Arrow IO with Rust 1.99.0	2026-10-05T02:05:15.2646834Z test checked_in_schema_json_matches_runtime_contract ... ok
Native owner (ubuntu-24.04)	Test Arrow IO with Rust 1.99.0	2026-10-05T02:05:15.2647258Z test event_log_schema_fingerprint_is_stable ... ok
Native owner (ubuntu-24.04)	Test Arrow IO with Rust 1.99.0	2026-10-05T02:05:15.2647691Z test event_log_smoke_roundtrip_preserves_ordering_fields ... ok
Native owner (ubuntu-24.04)	Test Arrow IO with Rust 1.99.0	2026-10-05T02:05:15.2647937Z 
Native owner (ubuntu-24.04)	Test Arrow IO with Rust 1.99.0	2026-10-05T02:05:15.2648177Z test result: ok. 4 passed; 0 failed; 0 ignored; 0 measured; 0 filtered out; finished in 0.00s
Native owner (ubuntu-24.04)	Test Arrow IO with Rust 1.99.0	2026-10-05T02:05:15.2648478Z 
Native owner (ubuntu-24.04)	Test Arrow IO with Rust 1.99.0	2026-10-05T02:05:15.2648794Z      Running tests/trace_time.rs (target/debug/deps/trace_time-54c17d6dfabc2c5f)
Native owner (ubuntu-24.04)	Test Arrow IO with Rust 1.99.0	2026-10-05T02:05:15.2654897Z 
Native owner (ubuntu-24.04)	Test Arrow IO with Rust 1.99.0	2026-10-05T02:05:15.2655002Z running 6 tests
Native owner (ubuntu-24.04)	Test Arrow IO with Rust 1.99.0	2026-10-05T02:05:15.2657429Z test minute_precision_is_retained_and_episode_end_does_not_imply_departure ... ok
Native owner (ubuntu-24.04)	Test Arrow IO with Rust 1.99.0	2026-10-05T02:05:15.2658032Z test occurrence_requires_the_right_clock_role_and_present_lineage ... ok
Native owner (ubuntu-24.04)	Test Arrow IO with Rust 1.99.0	2026-10-05T02:05:15.2658418Z test relative_ticks_are_exact_and_reject_pre_origin ... ok
Native owner (ubuntu-24.04)	Test Arrow IO with Rust 1.99.0	2026-10-05T02:05:15.2659414Z test exclusions_and_explicit_lineage_have_standard_error_and_preserve_meaning ... ok
Native owner (ubuntu-24.04)	Test Arrow IO with Rust 1.99.0	2026-10-05T02:05:15.2659924Z test unresolved_or_coarse_timestamps_are_exclusions_not_fabricated_ticks ... ok
Native owner (ubuntu-24.04)	Test Arrow IO with Rust 1.99.0	2026-10-05T02:05:15.2660444Z test valid_boarding_after_episode_end_is_not_rejected_as_reversed_location_time ... ok
Native owner (ubuntu-24.04)	Test Arrow IO with Rust 1.99.0	2026-10-05T02:05:15.2660752Z 
Native owner (ubuntu-24.04)	Test Arrow IO with Rust 1.99.0	2026-10-05T02:05:15.2660994Z test result: ok. 6 passed; 0 failed; 0 ignored; 0 measured; 0 filtered out; finished in 0.00s
Native owner (ubuntu-24.04)	Test Arrow IO with Rust 1.99.0	2026-10-05T02:05:15.2661315Z 
Native owner (ubuntu-24.04)	Test Arrow IO with Rust 1.99.0	2026-10-05T02:05:15.2661563Z      Running tests/trace_time_roles_v1.rs (target/debug/deps/trace_time_roles_v1-119bbc39c94d453a)
Native owner (ubuntu-24.04)	Test Arrow IO with Rust 1.99.0	2026-10-05T02:05:15.2665830Z 
Native owner (ubuntu-24.04)	Test Arrow IO with Rust 1.99.0	2026-10-05T02:05:15.2665930Z running 6 tests
Native owner (ubuntu-24.04)	Test Arrow IO with Rust 1.99.0	2026-10-05T02:05:15.2668466Z test accepted_occurrence_projects_to_unchanged_wrapper_fields ... ok
Native owner (ubuntu-24.04)	Test Arrow IO with Rust 1.99.0	2026-10-05T02:05:15.2670267Z test every_role_has_exact_full_signed_span_and_origin ... ok
Native owner (ubuntu-24.04)	Test Arrow IO with Rust 1.99.0	2026-10-05T02:05:15.2670929Z test every_role_precision_and_lineage_is_preserved ... ok
Native owner (ubuntu-24.04)	Test Arrow IO with Rust 1.99.0	2026-10-05T02:05:15.2671470Z test each_role_retains_existing_exclusion_classification ... ok
Native owner (ubuntu-24.04)	Test Arrow IO with Rust 1.99.0	2026-10-05T02:05:15.2671873Z test shared_error_precedence_is_not_reordered ... ok
Native owner (ubuntu-24.04)	Test Arrow IO with Rust 1.99.0	2026-10-05T02:05:15.2672166Z test occurrence_wrapper_preserves_missing_and_role_precedence ... ok
Native owner (ubuntu-24.04)	Test Arrow IO with Rust 1.99.0	2026-10-05T02:05:15.2672674Z 
Native owner (ubuntu-24.04)	Test Arrow IO with Rust 1.99.0	2026-10-05T02:05:15.2672861Z test result: ok. 6 passed; 0 failed; 0 ignored; 0 measured; 0 filtered out; finished in 0.00s
Native owner (ubuntu-24.04)	Test Arrow IO with Rust 1.99.0	2026-10-05T02:05:15.2673098Z 
Native owner (ubuntu-24.04)	Test Arrow IO with Rust 1.99.0	2026-10-05T02:05:15.2673305Z      Running tests/trace_time_signed_span.rs (target/debug/deps/trace_time_signed_span-507ce6419c636e21)
Native owner (ubuntu-24.04)	Test Arrow IO with Rust 1.99.0	2026-10-05T02:05:15.2677440Z 
Native owner (ubuntu-24.04)	Test Arrow IO with Rust 1.99.0	2026-10-05T02:05:15.2677545Z running 1 test
Native owner (ubuntu-24.04)	Test Arrow IO with Rust 1.99.0	2026-10-05T02:05:15.2679782Z test relative_ticks_accepts_full_ordered_signed_domain ... ok
Native owner (ubuntu-24.04)	Test Arrow IO with Rust 1.99.0	2026-10-05T02:05:15.2680065Z 
Native owner (ubuntu-24.04)	Test Arrow IO with Rust 1.99.0	2026-10-05T02:05:15.2680286Z test result: ok. 1 passed; 0 failed; 0 ignored; 0 measured; 0 filtered out; finished in 0.00s
Native owner (ubuntu-24.04)	Test Arrow IO with Rust 1.99.0	2026-10-05T02:05:15.2680528Z 
Native owner (ubuntu-24.04)	Test Arrow IO with Rust 1.99.0	2026-10-05T02:05:15.2680692Z    Doc-tests kairo_ecs_arrow
Native owner (ubuntu-24.04)	Test Arrow IO with Rust 1.99.0	2026-10-05T02:05:15.2928760Z 
Native owner (ubuntu-24.04)	Test Arrow IO with Rust 1.99.0	2026-10-05T02:05:15.2929122Z running 0 tests
Native owner (ubuntu-24.04)	Test Arrow IO with Rust 1.99.0	2026-10-05T02:05:15.2929378Z 
Native owner (ubuntu-24.04)	Test Arrow IO with Rust 1.99.0	2026-10-05T02:05:15.2929774Z test result: ok. 0 passed; 0 failed; 0 ignored; 0 measured; 0 filtered out; finished in 0.00s
Native owner (ubuntu-24.04)	Test Arrow IO with Rust 1.99.0	2026-10-05T02:05:15.2930086Z 
Native owner (ubuntu-24.04)	Test Arrow IO with Rust 1.99.0	2026-10-05T02:05:15.3346223Z    Compiling serde_core v1.0.228
Native owner (ubuntu-24.04)	Test Arrow IO with Rust 1.99.0	2026-10-05T02:05:15.3346863Z    Compiling kairo-ecs-arrow-io v0.1.0 (/home/runner/work/kairos/kairos/crates/kairo-ecs-arrow-io)
Native owner (ubuntu-24.04)	Test Arrow IO with Rust 1.99.0	2026-10-05T02:05:16.4971000Z    Compiling serde_json v1.0.149
Native owner (ubuntu-24.04)	Test Arrow IO with Rust 1.99.0	2026-10-05T02:05:16.9068976Z    Compiling kairo-ecs-calibration v0.1.0 (/home/runner/work/kairos/kairos/crates/kairo-ecs-calibration)
Native owner (ubuntu-24.04)	Test Arrow IO with Rust 1.99.0	2026-10-05T02:05:19.4652241Z     Finished `test` profile [unoptimized + debuginfo] target(s) in 4.16s
Native owner (ubuntu-24.04)	Test Arrow IO with Rust 1.99.0	2026-10-05T02:05:19.4692466Z      Running tests/arrow_output_c43.rs (target/debug/deps/arrow_output_c43-5ec7a356f495762f)
Native owner (ubuntu-24.04)	Test Arrow IO with Rust 1.99.0	2026-10-05T02:05:19.4708979Z 
Native owner (ubuntu-24.04)	Test Arrow IO with Rust 1.99.0	2026-10-05T02:05:19.4709563Z running 7 tests
Native owner (ubuntu-24.04)	Test Arrow IO with Rust 1.99.0	2026-10-05T02:05:19.4722384Z test c43_rejects_inconsistent_residual_unknown_fields_and_duplicate_records ... ok
Native owner (ubuntu-24.04)	Test Arrow IO with Rust 1.99.0	2026-10-05T02:05:19.4727053Z test c43_schemas_preserve_empty_shapes_and_output_types ... ok
Native owner (ubuntu-24.04)	Test Arrow IO with Rust 1.99.0	2026-10-05T02:05:19.4727788Z test c43_residual_sort_uses_raw_string_order_for_escaped_ids ... ok
Native owner (ubuntu-24.04)	Test Arrow IO with Rust 1.99.0	2026-10-05T02:05:19.4728295Z test c43_roundtrips_full_width_ticks_nulls_and_canonical_strata ... ok
Native owner (ubuntu-24.04)	Test Arrow IO with Rust 1.99.0	2026-10-05T02:05:19.4729211Z test c43_sort_uses_full_residual_identity_and_numeric_occurrence ... ok
Native owner (ubuntu-24.04)	Test Arrow IO with Rust 1.99.0	2026-10-05T02:05:19.4734385Z test c43_validates_frozen_keys_metric_semantics_and_decode_rows ... ok
Native owner (ubuntu-24.04)	Test Arrow IO with Rust 1.99.0	2026-10-05T02:05:19.4786817Z test c43_actual_ipc_file_stream_and_parquet_roundtrip ... ok
Native owner (ubuntu-24.04)	Test Arrow IO with Rust 1.99.0	2026-10-05T02:05:19.4787103Z 
Native owner (ubuntu-24.04)	Test Arrow IO with Rust 1.99.0	2026-10-05T02:05:19.4787341Z test result: ok. 7 passed; 0 failed; 0 ignored; 0 measured; 0 filtered out; finished in 0.01s
Native owner (ubuntu-24.04)	Test Arrow IO with Rust 1.99.0	2026-10-05T02:05:19.4787647Z 
Native owner (ubuntu-24.04)	Test Arrow IO with Rust 1.99.0	2026-10-05T02:05:19.4790065Z      Running tests/sidecar_adapter_c43.rs (target/debug/deps/sidecar_adapter_c43-22ff30d9f02bd161)
Native owner (ubuntu-24.04)	Test Arrow IO with Rust 1.99.0	2026-10-05T02:05:19.4798040Z 
Native owner (ubuntu-24.04)	Test Arrow IO with Rust 1.99.0	2026-10-05T02:05:19.4798176Z running 12 tests
Native owner (ubuntu-24.04)	Test Arrow IO with Rust 1.99.0	2026-10-05T02:05:19.4829519Z test c43_contradictory_source_clocks_fail_and_retain_both_raw_sides ... ok
Native owner (ubuntu-24.04)	Test Arrow IO with Rust 1.99.0	2026-10-05T02:05:19.4830300Z test c43_empty_residual_population_still_emits_declared_empty_metric_summaries ... ok
Native owner (ubuntu-24.04)	Test Arrow IO with Rust 1.99.0	2026-10-05T02:05:19.4830973Z test c43_emits_c0_sidecars_from_kernels_and_joins_explicit_event ... ok
Native owner (ubuntu-24.04)	Test Arrow IO with Rust 1.99.0	2026-10-05T02:05:19.4831668Z test c43_in_window_nonpoint_is_ineligible_but_not_window_excluded ... ok
Native owner (ubuntu-24.04)	Test Arrow IO with Rust 1.99.0	2026-10-05T02:05:19.4832313Z test c43_failed_prediction_preserves_reference_censor_and_missing_lineage ... ok
Native owner (ubuntu-24.04)	Test Arrow IO with Rust 1.99.0	2026-10-05T02:05:19.4835474Z test c43_max_u128_is_exact_and_window_exclusion_does_not_rewrite_point_residual ... ok
Native owner (ubuntu-24.04)	Test Arrow IO with Rust 1.99.0	2026-10-05T02:05:19.4836259Z test c43_noncomputed_statuses_keep_null_contract_and_overlapping_counts ... ok
Native owner (ubuntu-24.04)	Test Arrow IO with Rust 1.99.0	2026-10-05T02:05:19.4836981Z test c43_input_permutation_preserves_logical_records_and_metric_bits ... ok
Native owner (ubuntu-24.04)	Test Arrow IO with Rust 1.99.0	2026-10-05T02:05:19.4843400Z test c43_invalid_run_event_hash_and_duplicate_key_fail_with_raw_diagnostics ... ok
Native owner (ubuntu-24.04)	Test Arrow IO with Rust 1.99.0	2026-10-05T02:05:19.4851194Z test c43_paired_metric_denominator_is_matched_pairs_and_manifest_keeps_cohort_counts ... ok
Native owner (ubuntu-24.04)	Test Arrow IO with Rust 1.99.0	2026-10-05T02:05:19.4857872Z test c43_structurally_invalid_metric_rows_fail_with_both_raw_cohorts ... ok
Native owner (ubuntu-24.04)	Test Arrow IO with Rust 1.99.0	2026-10-05T02:05:19.4865275Z test c43_unmatched_missing_failed_and_infeasible_pairs_keep_schema_statuses ... ok
Native owner (ubuntu-24.04)	Test Arrow IO with Rust 1.99.0	2026-10-05T02:05:19.4865822Z 
Native owner (ubuntu-24.04)	Test Arrow IO with Rust 1.99.0	2026-10-05T02:05:19.4866009Z test result: ok. 12 passed; 0 failed; 0 ignored; 0 measured; 0 filtered out; finished in 0.01s
Native owner (ubuntu-24.04)	Test Arrow IO with Rust 1.99.0	2026-10-05T02:05:19.4866343Z 
Native owner (ubuntu-24.04)	Test Arrow IO with Rust 1.99.0	2026-10-05T02:05:19.4868132Z      Running tests/sidecar_pipeline_c43.rs (target/debug/deps/sidecar_pipeline_c43-95eea1b69214bb20)
Native owner (ubuntu-24.04)	Test Arrow IO with Rust 1.99.0	2026-10-05T02:05:19.4881232Z 
Native owner (ubuntu-24.04)	Test Arrow IO with Rust 1.99.0	2026-10-05T02:05:19.4881382Z running 2 tests
Native owner (ubuntu-24.04)	Test Arrow IO with Rust 1.99.0	2026-10-05T02:05:19.4903263Z test c43_empty_runtime_preserves_typed_residual_schema_and_null_metrics ... ok
Native owner (ubuntu-24.04)	Test Arrow IO with Rust 1.99.0	2026-10-05T02:05:21.6077428Z test c43_runtime_records_and_hashes_survive_permutation_and_physical_framing ... ok
Native owner (ubuntu-24.04)	Test Arrow IO with Rust 1.99.0	2026-10-05T02:05:21.6077865Z 
Native owner (ubuntu-24.04)	Test Arrow IO with Rust 1.99.0	2026-10-05T02:05:21.6078144Z test result: ok. 2 passed; 0 failed; 0 ignored; 0 measured; 0 filtered out; finished in 2.12s
Native owner (ubuntu-24.04)	Test Arrow IO with Rust 1.99.0	2026-10-05T02:05:21.6078468Z 
Native owner (ubuntu-24.04)	Test Arrow IO with Rust 1.99.0	2026-10-05T02:05:22.1503709Z {
Native owner (ubuntu-24.04)	Test Arrow IO with Rust 1.99.0	2026-10-05T02:05:22.1504049Z   "controls": [
Native owner (ubuntu-24.04)	Test Arrow IO with Rust 1.99.0	2026-10-05T02:05:22.1504247Z     {
Native owner (ubuntu-24.04)	Test Arrow IO with Rust 1.99.0	2026-10-05T02:05:22.1504444Z       "file": "residual.ipc_file",
Native owner (ubuntu-24.04)	Test Arrow IO with Rust 1.99.0	2026-10-05T02:05:22.1504677Z       "id": "wrong_type",
Native owner (ubuntu-24.04)	Test Arrow IO with Rust 1.99.0	2026-10-05T02:05:22.1505224Z       "rejection": "ValueError: residual physical schema/type/order/nullability/metadata mismatch"
Native owner (ubuntu-24.04)	Test Arrow IO with Rust 1.99.0	2026-10-05T02:05:22.1505577Z     },
Native owner (ubuntu-24.04)	Test Arrow IO with Rust 1.99.0	2026-10-05T02:05:22.1505725Z     {
Native owner (ubuntu-24.04)	Test Arrow IO with Rust 1.99.0	2026-10-05T02:05:22.1505892Z       "file": "residual.ipc_stream",
Native owner (ubuntu-24.04)	Test Arrow IO with Rust 1.99.0	2026-10-05T02:05:22.1506099Z       "id": "mutated_u128",
Native owner (ubuntu-24.04)	Test Arrow IO with Rust 1.99.0	2026-10-05T02:05:22.1506403Z       "rejection": "ValueError: residual physical values/nulls differ from actual logical JSON"
Native owner (ubuntu-24.04)	Test Arrow IO with Rust 1.99.0	2026-10-05T02:05:22.1506730Z     },
Native owner (ubuntu-24.04)	Test Arrow IO with Rust 1.99.0	2026-10-05T02:05:22.1506877Z     {
Native owner (ubuntu-24.04)	Test Arrow IO with Rust 1.99.0	2026-10-05T02:05:22.1507034Z       "file": "residual.parquet",
Native owner (ubuntu-24.04)	Test Arrow IO with Rust 1.99.0	2026-10-05T02:05:22.1507246Z       "id": "required_null",
Native owner (ubuntu-24.04)	Test Arrow IO with Rust 1.99.0	2026-10-05T02:05:22.1507556Z       "rejection": "ValueError: residual physical schema/type/order/nullability/metadata mismatch"
Native owner (ubuntu-24.04)	Test Arrow IO with Rust 1.99.0	2026-10-05T02:05:22.1507883Z     },
Native owner (ubuntu-24.04)	Test Arrow IO with Rust 1.99.0	2026-10-05T02:05:22.1508024Z     {
Native owner (ubuntu-24.04)	Test Arrow IO with Rust 1.99.0	2026-10-05T02:05:22.1508178Z       "file": "residual.parquet",
Native owner (ubuntu-24.04)	Test Arrow IO with Rust 1.99.0	2026-10-05T02:05:22.1508383Z       "id": "wrong_metadata",
Native owner (ubuntu-24.04)	Test Arrow IO with Rust 1.99.0	2026-10-05T02:05:22.1508819Z       "rejection": "ValueError: residual physical schema/type/order/nullability/metadata mismatch"
Native owner (ubuntu-24.04)	Test Arrow IO with Rust 1.99.0	2026-10-05T02:05:22.1509168Z     }
Native owner (ubuntu-24.04)	Test Arrow IO with Rust 1.99.0	2026-10-05T02:05:22.1509315Z   ],
Native owner (ubuntu-24.04)	Test Arrow IO with Rust 1.99.0	2026-10-05T02:05:22.1509684Z   "logical_schema_validation": "bounded evaluator for unchanged C0 residual/metric definitions; fails closed on unsupported keywords",
Native owner (ubuntu-24.04)	Test Arrow IO with Rust 1.99.0	2026-10-05T02:05:22.1510439Z   "positive_oracle": "typed Arrow IPC file/stream and Parquet tables match independently frozen schemas and canonical logical records; residual 0-to-u128-max exact difference retained",
Native owner (ubuntu-24.04)	Test Arrow IO with Rust 1.99.0	2026-10-05T02:05:22.1510971Z   "pyarrow": "25.0.1",
Native owner (ubuntu-24.04)	Test Arrow IO with Rust 1.99.0	2026-10-05T02:05:22.1511164Z   "status": "pass"
Native owner (ubuntu-24.04)	Test Arrow IO with Rust 1.99.0	2026-10-05T02:05:22.1511325Z }
Native owner (ubuntu-24.04)	Test Arrow IO with Rust 1.99.0	2026-10-05T02:05:22.4854066Z {
Native owner (ubuntu-24.04)	Test Arrow IO with Rust 1.99.0	2026-10-05T02:05:22.4854480Z   "actual_manifest_mutation_controls": [
Native owner (ubuntu-24.04)	Test Arrow IO with Rust 1.99.0	2026-10-05T02:05:22.4854781Z     {
Native owner (ubuntu-24.04)	Test Arrow IO with Rust 1.99.0	2026-10-05T02:05:22.4854986Z       "control": "residual_pairs",
Native owner (ubuntu-24.04)	Test Arrow IO with Rust 1.99.0	2026-10-05T02:05:22.4855228Z       "expected": "reject",
Native owner (ubuntu-24.04)	Test Arrow IO with Rust 1.99.0	2026-10-05T02:05:22.4855562Z       "observed": "ValueError: join_manifest residual_pairs differs from residual records"
Native owner (ubuntu-24.04)	Test Arrow IO with Rust 1.99.0	2026-10-05T02:05:22.4855897Z     },
Native owner (ubuntu-24.04)	Test Arrow IO with Rust 1.99.0	2026-10-05T02:05:22.4856044Z     {
Native owner (ubuntu-24.04)	Test Arrow IO with Rust 1.99.0	2026-10-05T02:05:22.4856194Z       "control": "residual_raw_rows",
Native owner (ubuntu-24.04)	Test Arrow IO with Rust 1.99.0	2026-10-05T02:05:22.4856395Z       "expected": "reject",
Native owner (ubuntu-24.04)	Test Arrow IO with Rust 1.99.0	2026-10-05T02:05:22.4856694Z       "observed": "ValueError: join_manifest residual_raw_rows differs from retained raw records"
Native owner (ubuntu-24.04)	Test Arrow IO with Rust 1.99.0	2026-10-05T02:05:22.4856997Z     },
Native owner (ubuntu-24.04)	Test Arrow IO with Rust 1.99.0	2026-10-05T02:05:22.4857142Z     {
Native owner (ubuntu-24.04)	Test Arrow IO with Rust 1.99.0	2026-10-05T02:05:22.4857291Z       "control": "residual_hash",
Native owner (ubuntu-24.04)	Test Arrow IO with Rust 1.99.0	2026-10-05T02:05:22.4857484Z       "expected": "reject",
Native owner (ubuntu-24.04)	Test Arrow IO with Rust 1.99.0	2026-10-05T02:05:22.4857837Z       "observed": "ValueError: join_manifest residual_raw_rows_canonical_sha256 differs from canonical raw_records array"
Native owner (ubuntu-24.04)	Test Arrow IO with Rust 1.99.0	2026-10-05T02:05:22.4858193Z     },
Native owner (ubuntu-24.04)	Test Arrow IO with Rust 1.99.0	2026-10-05T02:05:22.4858330Z     {
Native owner (ubuntu-24.04)	Test Arrow IO with Rust 1.99.0	2026-10-05T02:05:22.4858481Z       "control": "metric_raw_count",
Native owner (ubuntu-24.04)	Test Arrow IO with Rust 1.99.0	2026-10-05T02:05:22.4858828Z       "expected": "reject",
Native owner (ubuntu-24.04)	Test Arrow IO with Rust 1.99.0	2026-10-05T02:05:22.4859149Z       "observed": "ValueError: metric reference raw-row count differs from join/source manifest"
Native owner (ubuntu-24.04)	Test Arrow IO with Rust 1.99.0	2026-10-05T02:05:22.4859460Z     },
Native owner (ubuntu-24.04)	Test Arrow IO with Rust 1.99.0	2026-10-05T02:05:22.4859773Z     {
Native owner (ubuntu-24.04)	Test Arrow IO with Rust 1.99.0	2026-10-05T02:05:22.4859940Z       "control": "metric_hash",
Native owner (ubuntu-24.04)	Test Arrow IO with Rust 1.99.0	2026-10-05T02:05:22.4860137Z       "expected": "reject",
Native owner (ubuntu-24.04)	Test Arrow IO with Rust 1.99.0	2026-10-05T02:05:22.4860499Z       "observed": "ValueError: metric_raw_rows_canonical_sha256 differs from retained metric raw records"
Native owner (ubuntu-24.04)	Test Arrow IO with Rust 1.99.0	2026-10-05T02:05:22.4860818Z     },
Native owner (ubuntu-24.04)	Test Arrow IO with Rust 1.99.0	2026-10-05T02:05:22.4860960Z     {
Native owner (ubuntu-24.04)	Test Arrow IO with Rust 1.99.0	2026-10-05T02:05:22.4861112Z       "control": "group_unmatched",
Native owner (ubuntu-24.04)	Test Arrow IO with Rust 1.99.0	2026-10-05T02:05:22.4861320Z       "expected": "reject",
Native owner (ubuntu-24.04)	Test Arrow IO with Rust 1.99.0	2026-10-05T02:05:22.4861593Z       "observed": "ValueError: C4.2 group diagnostic unmatched_count expected 9, got 4"
Native owner (ubuntu-24.04)	Test Arrow IO with Rust 1.99.0	2026-10-05T02:05:22.4861873Z     },
Native owner (ubuntu-24.04)	Test Arrow IO with Rust 1.99.0	2026-10-05T02:05:22.4862016Z     {
Native owner (ubuntu-24.04)	Test Arrow IO with Rust 1.99.0	2026-10-05T02:05:22.4862162Z       "control": "event_handle",
Native owner (ubuntu-24.04)	Test Arrow IO with Rust 1.99.0	2026-10-05T02:05:22.4862343Z       "expected": "reject",
Native owner (ubuntu-24.04)	Test Arrow IO with Rust 1.99.0	2026-10-05T02:05:22.4862662Z       "observed": "ValueError: join_manifest row 0 event handle bytes disagree with causal_ref"
Native owner (ubuntu-24.04)	Test Arrow IO with Rust 1.99.0	2026-10-05T02:05:22.4862962Z     },
Native owner (ubuntu-24.04)	Test Arrow IO with Rust 1.99.0	2026-10-05T02:05:22.4863099Z     {
Native owner (ubuntu-24.04)	Test Arrow IO with Rust 1.99.0	2026-10-05T02:05:22.4863253Z       "control": "residual_status",
Native owner (ubuntu-24.04)	Test Arrow IO with Rust 1.99.0	2026-10-05T02:05:22.4863545Z       "expected": "reject",
Native owner (ubuntu-24.04)	Test Arrow IO with Rust 1.99.0	2026-10-05T02:05:22.4863827Z       "observed": "ValueError: join_manifest residual status/uniqueness differs from sidecar"
Native owner (ubuntu-24.04)	Test Arrow IO with Rust 1.99.0	2026-10-05T02:05:22.4864130Z     },
Native owner (ubuntu-24.04)	Test Arrow IO with Rust 1.99.0	2026-10-05T02:05:22.4864268Z     {
Native owner (ubuntu-24.04)	Test Arrow IO with Rust 1.99.0	2026-10-05T02:05:22.4864435Z       "control": "missing_join_manifest.json",
Native owner (ubuntu-24.04)	Test Arrow IO with Rust 1.99.0	2026-10-05T02:05:22.4864660Z       "expected": "reject",
Native owner (ubuntu-24.04)	Test Arrow IO with Rust 1.99.0	2026-10-05T02:05:22.4864947Z       "observed": "ValueError: required runtime evidence missing or empty: join_manifest.json"
Native owner (ubuntu-24.04)	Test Arrow IO with Rust 1.99.0	2026-10-05T02:05:22.4865257Z     },
Native owner (ubuntu-24.04)	Test Arrow IO with Rust 1.99.0	2026-10-05T02:05:22.4865394Z     {
Native owner (ubuntu-24.04)	Test Arrow IO with Rust 1.99.0	2026-10-05T02:05:22.4865554Z       "control": "empty_join_manifest.json",
Native owner (ubuntu-24.04)	Test Arrow IO with Rust 1.99.0	2026-10-05T02:05:22.4865773Z       "expected": "reject",
Native owner (ubuntu-24.04)	Test Arrow IO with Rust 1.99.0	2026-10-05T02:05:22.4866049Z       "observed": "ValueError: required runtime evidence missing or empty: join_manifest.json"
Native owner (ubuntu-24.04)	Test Arrow IO with Rust 1.99.0	2026-10-05T02:05:22.4866355Z     },
Native owner (ubuntu-24.04)	Test Arrow IO with Rust 1.99.0	2026-10-05T02:05:22.4866489Z     {
Native owner (ubuntu-24.04)	Test Arrow IO with Rust 1.99.0	2026-10-05T02:05:22.4866644Z       "control": "missing_source_manifest.json",
Native owner (ubuntu-24.04)	Test Arrow IO with Rust 1.99.0	2026-10-05T02:05:22.4866855Z       "expected": "reject",
Native owner (ubuntu-24.04)	Test Arrow IO with Rust 1.99.0	2026-10-05T02:05:22.4867148Z       "observed": "ValueError: required runtime evidence missing or empty: source_manifest.json"
Native owner (ubuntu-24.04)	Test Arrow IO with Rust 1.99.0	2026-10-05T02:05:22.4867444Z     },
Native owner (ubuntu-24.04)	Test Arrow IO with Rust 1.99.0	2026-10-05T02:05:22.4867576Z     {
Native owner (ubuntu-24.04)	Test Arrow IO with Rust 1.99.0	2026-10-05T02:05:22.4867736Z       "control": "empty_source_manifest.json",
Native owner (ubuntu-24.04)	Test Arrow IO with Rust 1.99.0	2026-10-05T02:05:22.4867945Z       "expected": "reject",
Native owner (ubuntu-24.04)	Test Arrow IO with Rust 1.99.0	2026-10-05T02:05:22.4868221Z       "observed": "ValueError: required runtime evidence missing or empty: source_manifest.json"
Native owner (ubuntu-24.04)	Test Arrow IO with Rust 1.99.0	2026-10-05T02:05:22.4868522Z     },
Native owner (ubuntu-24.04)	Test Arrow IO with Rust 1.99.0	2026-10-05T02:05:22.4868750Z     {
Native owner (ubuntu-24.04)	Test Arrow IO with Rust 1.99.0	2026-10-05T02:05:22.4868969Z       "control": "missing_event_log.smoke",
Native owner (ubuntu-24.04)	Test Arrow IO with Rust 1.99.0	2026-10-05T02:05:22.4869181Z       "expected": "reject",
Native owner (ubuntu-24.04)	Test Arrow IO with Rust 1.99.0	2026-10-05T02:05:22.4869470Z       "observed": "ValueError: required runtime evidence missing or empty: event_log.smoke"
Native owner (ubuntu-24.04)	Test Arrow IO with Rust 1.99.0	2026-10-05T02:05:22.4869759Z     },
Native owner (ubuntu-24.04)	Test Arrow IO with Rust 1.99.0	2026-10-05T02:05:22.4869902Z     {
Native owner (ubuntu-24.04)	Test Arrow IO with Rust 1.99.0	2026-10-05T02:05:22.4870056Z       "control": "empty_event_log.smoke",
Native owner (ubuntu-24.04)	Test Arrow IO with Rust 1.99.0	2026-10-05T02:05:22.4870249Z       "expected": "reject",
Native owner (ubuntu-24.04)	Test Arrow IO with Rust 1.99.0	2026-10-05T02:05:22.4870542Z       "observed": "ValueError: required runtime evidence missing or empty: event_log.smoke"
Native owner (ubuntu-24.04)	Test Arrow IO with Rust 1.99.0	2026-10-05T02:05:22.4870826Z     },
Native owner (ubuntu-24.04)	Test Arrow IO with Rust 1.99.0	2026-10-05T02:05:22.4870965Z     {
Native owner (ubuntu-24.04)	Test Arrow IO with Rust 1.99.0	2026-10-05T02:05:22.4871119Z       "control": "raw_clock_contradiction",
Native owner (ubuntu-24.04)	Test Arrow IO with Rust 1.99.0	2026-10-05T02:05:22.4871322Z       "expected": "reject",
Native owner (ubuntu-24.04)	Test Arrow IO with Rust 1.99.0	2026-10-05T02:05:22.4871577Z       "observed": "ValueError: raw residual source clock differs from join row"
Native owner (ubuntu-24.04)	Test Arrow IO with Rust 1.99.0	2026-10-05T02:05:22.4871840Z     }
Native owner (ubuntu-24.04)	Test Arrow IO with Rust 1.99.0	2026-10-05T02:05:22.4871974Z   ],
Native owner (ubuntu-24.04)	Test Arrow IO with Rust 1.99.0	2026-10-05T02:05:22.4872261Z   "c0_logical_schema_sha256": "8c46db62f691f243385a4ebdf8a7a3d3670e2655dd0c3f82cba4335ced2a3842",
Native owner (ubuntu-24.04)	Test Arrow IO with Rust 1.99.0	2026-10-05T02:05:22.4872581Z   "counts": {
Native owner (ubuntu-24.04)	Test Arrow IO with Rust 1.99.0	2026-10-05T02:05:22.4872740Z     "metric": 7,
Native owner (ubuntu-24.04)	Test Arrow IO with Rust 1.99.0	2026-10-05T02:05:22.4872894Z     "residual": 8
Native owner (ubuntu-24.04)	Test Arrow IO with Rust 1.99.0	2026-10-05T02:05:22.4873044Z   },
Native owner (ubuntu-24.04)	Test Arrow IO with Rust 1.99.0	2026-10-05T02:05:22.4873347Z   "directory": "/home/runner/work/kairos/kairos/.artifacts/ci/arrow-io/1.99.0/ubuntu-24.04/c43-rust-output",
Native owner (ubuntu-24.04)	Test Arrow IO with Rust 1.99.0	2026-10-05T02:05:22.4873695Z   "event_join": "checked",
Native owner (ubuntu-24.04)	Test Arrow IO with Rust 1.99.0	2026-10-05T02:05:22.4873865Z   "formats": {
Native owner (ubuntu-24.04)	Test Arrow IO with Rust 1.99.0	2026-10-05T02:05:22.4874131Z     "metric.ipc_file": {
Native owner (ubuntu-24.04)	Test Arrow IO with Rust 1.99.0	2026-10-05T02:05:22.4874303Z       "rows": 7,
Native owner (ubuntu-24.04)	Test Arrow IO with Rust 1.99.0	2026-10-05T02:05:22.4874552Z       "sha256": "245228c545090fe7c93be558baff2e666b28288b80ff3960341cc43d7e5560f8"
Native owner (ubuntu-24.04)	Test Arrow IO with Rust 1.99.0	2026-10-05T02:05:22.4874823Z     },
Native owner (ubuntu-24.04)	Test Arrow IO with Rust 1.99.0	2026-10-05T02:05:22.4874969Z     "metric.ipc_stream": {
Native owner (ubuntu-24.04)	Test Arrow IO with Rust 1.99.0	2026-10-05T02:05:22.4875144Z       "rows": 7,
Native owner (ubuntu-24.04)	Test Arrow IO with Rust 1.99.0	2026-10-05T02:05:22.4875383Z       "sha256": "9f308920f50db2acc8fe874cfc0a02bb0b19b474aa7ba90fc36dd591e5e77059"
Native owner (ubuntu-24.04)	Test Arrow IO with Rust 1.99.0	2026-10-05T02:05:22.4875655Z     },
Native owner (ubuntu-24.04)	Test Arrow IO with Rust 1.99.0	2026-10-05T02:05:22.4875806Z     "metric.parquet": {
Native owner (ubuntu-24.04)	Test Arrow IO with Rust 1.99.0	2026-10-05T02:05:22.4875970Z       "rows": 7,
Native owner (ubuntu-24.04)	Test Arrow IO with Rust 1.99.0	2026-10-05T02:05:22.4876209Z       "sha256": "19abe034080fa6d70a00e2faefef7d4980250137694a9a5485eac761d8e4797c"
Native owner (ubuntu-24.04)	Test Arrow IO with Rust 1.99.0	2026-10-05T02:05:22.4876473Z     },
Native owner (ubuntu-24.04)	Test Arrow IO with Rust 1.99.0	2026-10-05T02:05:22.4876620Z     "residual.ipc_file": {
Native owner (ubuntu-24.04)	Test Arrow IO with Rust 1.99.0	2026-10-05T02:05:22.4876795Z       "rows": 8,
Native owner (ubuntu-24.04)	Test Arrow IO with Rust 1.99.0	2026-10-05T02:05:22.4877034Z       "sha256": "ab0ff50aa99fce46b9658c3c25d8d8dbfb1677b2889b1ae6e935af707732f074"
Native owner (ubuntu-24.04)	Test Arrow IO with Rust 1.99.0	2026-10-05T02:05:22.4877302Z     },
Native owner (ubuntu-24.04)	Test Arrow IO with Rust 1.99.0	2026-10-05T02:05:22.4877446Z     "residual.ipc_stream": {
Native owner (ubuntu-24.04)	Test Arrow IO with Rust 1.99.0	2026-10-05T02:05:22.4877691Z       "rows": 8,
Native owner (ubuntu-24.04)	Test Arrow IO with Rust 1.99.0	2026-10-05T02:05:22.4877935Z       "sha256": "73cfe3708b21549925b479737a5801b060c6213c5f2a6f3d26a8955de88b36fc"
Native owner (ubuntu-24.04)	Test Arrow IO with Rust 1.99.0	2026-10-05T02:05:22.4878204Z     },
Native owner (ubuntu-24.04)	Test Arrow IO with Rust 1.99.0	2026-10-05T02:05:22.4878353Z     "residual.parquet": {
Native owner (ubuntu-24.04)	Test Arrow IO with Rust 1.99.0	2026-10-05T02:05:22.4878535Z       "rows": 8,
Native owner (ubuntu-24.04)	Test Arrow IO with Rust 1.99.0	2026-10-05T02:05:22.4878907Z       "sha256": "08fe7dab8de26786cdbe0bcad501c1fb608a36d0b78872f2f71af6c3003c999e"
Native owner (ubuntu-24.04)	Test Arrow IO with Rust 1.99.0	2026-10-05T02:05:22.4879217Z     }
Native owner (ubuntu-24.04)	Test Arrow IO with Rust 1.99.0	2026-10-05T02:05:22.4879362Z   },
Native owner (ubuntu-24.04)	Test Arrow IO with Rust 1.99.0	2026-10-05T02:05:22.4879517Z   "framing_variants": {
Native owner (ubuntu-24.04)	Test Arrow IO with Rust 1.99.0	2026-10-05T02:05:22.4879712Z     "framing-1": {
Native owner (ubuntu-24.04)	Test Arrow IO with Rust 1.99.0	2026-10-05T02:05:22.4880007Z       "c0_logical_schema_sha256": "8c46db62f691f243385a4ebdf8a7a3d3670e2655dd0c3f82cba4335ced2a3842",
Native owner (ubuntu-24.04)	Test Arrow IO with Rust 1.99.0	2026-10-05T02:05:22.4880327Z       "counts": {
Native owner (ubuntu-24.04)	Test Arrow IO with Rust 1.99.0	2026-10-05T02:05:22.4880500Z         "metric": 7,
Native owner (ubuntu-24.04)	Test Arrow IO with Rust 1.99.0	2026-10-05T02:05:22.4880664Z         "residual": 8
Native owner (ubuntu-24.04)	Test Arrow IO with Rust 1.99.0	2026-10-05T02:05:22.4880830Z       },
Native owner (ubuntu-24.04)	Test Arrow IO with Rust 1.99.0	2026-10-05T02:05:22.4881151Z       "directory": "/home/runner/work/kairos/kairos/.artifacts/ci/arrow-io/1.99.0/ubuntu-24.04/c43-rust-output/framing-1",
Native owner (ubuntu-24.04)	Test Arrow IO with Rust 1.99.0	2026-10-05T02:05:22.4881527Z       "event_join": "checked",
Native owner (ubuntu-24.04)	Test Arrow IO with Rust 1.99.0	2026-10-05T02:05:22.4881713Z       "formats": {
Native owner (ubuntu-24.04)	Test Arrow IO with Rust 1.99.0	2026-10-05T02:05:22.4881870Z         "metric.ipc_file": {
Native owner (ubuntu-24.04)	Test Arrow IO with Rust 1.99.0	2026-10-05T02:05:22.4882037Z           "rows": 7,
Native owner (ubuntu-24.04)	Test Arrow IO with Rust 1.99.0	2026-10-05T02:05:22.4882290Z           "sha256": "211f796878f5239d6413ab195b08eee4318cc841ea1b7e1031a52b34aa24536c"
Native owner (ubuntu-24.04)	Test Arrow IO with Rust 1.99.0	2026-10-05T02:05:22.4882561Z         },
Native owner (ubuntu-24.04)	Test Arrow IO with Rust 1.99.0	2026-10-05T02:05:22.4882715Z         "metric.ipc_stream": {
Native owner (ubuntu-24.04)	Test Arrow IO with Rust 1.99.0	2026-10-05T02:05:22.4882881Z           "rows": 7,
Native owner (ubuntu-24.04)	Test Arrow IO with Rust 1.99.0	2026-10-05T02:05:22.4883123Z           "sha256": "ea40e5a7f9738e047af9563de17967c01fbdb74e82a57b7298fbc669ca9b839b"
Native owner (ubuntu-24.04)	Test Arrow IO with Rust 1.99.0	2026-10-05T02:05:22.4883410Z         },
Native owner (ubuntu-24.04)	Test Arrow IO with Rust 1.99.0	2026-10-05T02:05:22.4883554Z         "metric.parquet": {
Native owner (ubuntu-24.04)	Test Arrow IO with Rust 1.99.0	2026-10-05T02:05:22.4883713Z           "rows": 7,
Native owner (ubuntu-24.04)	Test Arrow IO with Rust 1.99.0	2026-10-05T02:05:22.4883953Z           "sha256": "6075c1149dfdad972587d6e848684fc757962ae5ce5974303666950b5b9f5c3e"
Native owner (ubuntu-24.04)	Test Arrow IO with Rust 1.99.0	2026-10-05T02:05:22.4884212Z         },
Native owner (ubuntu-24.04)	Test Arrow IO with Rust 1.99.0	2026-10-05T02:05:22.4884360Z         "residual.ipc_file": {
Native owner (ubuntu-24.04)	Test Arrow IO with Rust 1.99.0	2026-10-05T02:05:22.4884540Z           "rows": 8,
Native owner (ubuntu-24.04)	Test Arrow IO with Rust 1.99.0	2026-10-05T02:05:22.4884780Z           "sha256": "3ae11cf21c6ae749dc6575e0c476346ee34b4201c8fc4b7a226e56406103ddd6"
Native owner (ubuntu-24.04)	Test Arrow IO with Rust 1.99.0	2026-10-05T02:05:22.4885061Z         },
Native owner (ubuntu-24.04)	Test Arrow IO with Rust 1.99.0	2026-10-05T02:05:22.4885214Z         "residual.ipc_stream": {
Native owner (ubuntu-24.04)	Test Arrow IO with Rust 1.99.0	2026-10-05T02:05:22.4885404Z           "rows": 8,
Native owner (ubuntu-24.04)	Test Arrow IO with Rust 1.99.0	2026-10-05T02:05:22.4885646Z           "sha256": "2eaeb81b4d2d71f8e2c8954959b8cc32548003c6f35a9dc9a0d6a6102d533590"
Native owner (ubuntu-24.04)	Test Arrow IO with Rust 1.99.0	2026-10-05T02:05:22.4885920Z         },
Native owner (ubuntu-24.04)	Test Arrow IO with Rust 1.99.0	2026-10-05T02:05:22.4886080Z         "residual.parquet": {
Native owner (ubuntu-24.04)	Test Arrow IO with Rust 1.99.0	2026-10-05T02:05:22.4886259Z           "rows": 8,
Native owner (ubuntu-24.04)	Test Arrow IO with Rust 1.99.0	2026-10-05T02:05:22.4886501Z           "sha256": "27afae10fc5eb520b40550a405ba2dbd3f095dc0620bf7787387575507873b83"
Native owner (ubuntu-24.04)	Test Arrow IO with Rust 1.99.0	2026-10-05T02:05:22.4886783Z         }
Native owner (ubuntu-24.04)	Test Arrow IO with Rust 1.99.0	2026-10-05T02:05:22.4886917Z       },
Native owner (ubuntu-24.04)	Test Arrow IO with Rust 1.99.0	2026-10-05T02:05:22.4887194Z       "legacy_event_schema_sha256": "2e8025a5997f1e056956d47db3b18d3e01e3b0fd865d7235803811ae2aab9dcc",
Native owner (ubuntu-24.04)	Test Arrow IO with Rust 1.99.0	2026-10-05T02:05:22.4887514Z       "pyarrow": "25.0.1",
Native owner (ubuntu-24.04)	Test Arrow IO with Rust 1.99.0	2026-10-05T02:05:22.4887732Z       "python": "3.14.8 (main, Oct  1 2026, 02:38:33) [GCC 13.3.0]"
Native owner (ubuntu-24.04)	Test Arrow IO with Rust 1.99.0	2026-10-05T02:05:22.4888076Z     },
Native owner (ubuntu-24.04)	Test Arrow IO with Rust 1.99.0	2026-10-05T02:05:22.4888239Z     "framing-2": {
Native owner (ubuntu-24.04)	Test Arrow IO with Rust 1.99.0	2026-10-05T02:05:22.4888545Z       "c0_logical_schema_sha256": "8c46db62f691f243385a4ebdf8a7a3d3670e2655dd0c3f82cba4335ced2a3842",
Native owner (ubuntu-24.04)	Test Arrow IO with Rust 1.99.0	2026-10-05T02:05:22.4888958Z       "counts": {
Native owner (ubuntu-24.04)	Test Arrow IO with Rust 1.99.0	2026-10-05T02:05:22.4889119Z         "metric": 7,
Native owner (ubuntu-24.04)	Test Arrow IO with Rust 1.99.0	2026-10-05T02:05:22.4889287Z         "residual": 8
Native owner (ubuntu-24.04)	Test Arrow IO with Rust 1.99.0	2026-10-05T02:05:22.4889445Z       },
Native owner (ubuntu-24.04)	Test Arrow IO with Rust 1.99.0	2026-10-05T02:05:22.4889763Z       "directory": "/home/runner/work/kairos/kairos/.artifacts/ci/arrow-io/1.99.0/ubuntu-24.04/c43-rust-output/framing-2",
Native owner (ubuntu-24.04)	Test Arrow IO with Rust 1.99.0	2026-10-05T02:05:22.4890142Z       "event_join": "checked",
Native owner (ubuntu-24.04)	Test Arrow IO with Rust 1.99.0	2026-10-05T02:05:22.4890318Z       "formats": {
Native owner (ubuntu-24.04)	Test Arrow IO with Rust 1.99.0	2026-10-05T02:05:22.4890481Z         "metric.ipc_file": {
Native owner (ubuntu-24.04)	Test Arrow IO with Rust 1.99.0	2026-10-05T02:05:22.4890652Z           "rows": 7,
Native owner (ubuntu-24.04)	Test Arrow IO with Rust 1.99.0	2026-10-05T02:05:22.4890897Z           "sha256": "02828ec73dbb47ec801ea97576f053b471dd21ebdd096d7c4fc888ce167cc6a2"
Native owner (ubuntu-24.04)	Test Arrow IO with Rust 1.99.0	2026-10-05T02:05:22.4891175Z         },
Native owner (ubuntu-24.04)	Test Arrow IO with Rust 1.99.0	2026-10-05T02:05:22.4891325Z         "metric.ipc_stream": {
Native owner (ubuntu-24.04)	Test Arrow IO with Rust 1.99.0	2026-10-05T02:05:22.4891581Z           "rows": 7,
Native owner (ubuntu-24.04)	Test Arrow IO with Rust 1.99.0	2026-10-05T02:05:22.4891848Z           "sha256": "bea9bc79c25c62a813777d2de1776ada2d4a1fbeac0e9c76d9a0e7aecec89f8b"
Native owner (ubuntu-24.04)	Test Arrow IO with Rust 1.99.0	2026-10-05T02:05:22.4892132Z         },
Native owner (ubuntu-24.04)	Test Arrow IO with Rust 1.99.0	2026-10-05T02:05:22.4892293Z         "metric.parquet": {
Native owner (ubuntu-24.04)	Test Arrow IO with Rust 1.99.0	2026-10-05T02:05:22.4892471Z           "rows": 7,
Native owner (ubuntu-24.04)	Test Arrow IO with Rust 1.99.0	2026-10-05T02:05:22.4892717Z           "sha256": "f7896a7f4b4215cb3812cf9f99d4c9b1fed42216dcd6b388ab144c9f9aca192d"
Native owner (ubuntu-24.04)	Test Arrow IO with Rust 1.99.0	2026-10-05T02:05:22.4893006Z         },
Native owner (ubuntu-24.04)	Test Arrow IO with Rust 1.99.0	2026-10-05T02:05:22.4893162Z         "residual.ipc_file": {
Native owner (ubuntu-24.04)	Test Arrow IO with Rust 1.99.0	2026-10-05T02:05:22.4893344Z           "rows": 8,
Native owner (ubuntu-24.04)	Test Arrow IO with Rust 1.99.0	2026-10-05T02:05:22.4893596Z           "sha256": "321f9909bb52538c724e53fa6fb71d0c5891f93de00d73474d332aaa927feb43"
Native owner (ubuntu-24.04)	Test Arrow IO with Rust 1.99.0	2026-10-05T02:05:22.4893871Z         },
Native owner (ubuntu-24.04)	Test Arrow IO with Rust 1.99.0	2026-10-05T02:05:22.4894038Z         "residual.ipc_stream": {
Native owner (ubuntu-24.04)	Test Arrow IO with Rust 1.99.0	2026-10-05T02:05:22.4894224Z           "rows": 8,
Native owner (ubuntu-24.04)	Test Arrow IO with Rust 1.99.0	2026-10-05T02:05:22.4894470Z           "sha256": "71996955fef915b632e9848cc3840992d7a3b11983d5ebb78e562cdb99bb3552"
Native owner (ubuntu-24.04)	Test Arrow IO with Rust 1.99.0	2026-10-05T02:05:22.4894744Z         },
Native owner (ubuntu-24.04)	Test Arrow IO with Rust 1.99.0	2026-10-05T02:05:22.4894892Z         "residual.parquet": {
Native owner (ubuntu-24.04)	Test Arrow IO with Rust 1.99.0	2026-10-05T02:05:22.4895090Z           "rows": 8,
Native owner (ubuntu-24.04)	Test Arrow IO with Rust 1.99.0	2026-10-05T02:05:22.4895337Z           "sha256": "0f3b1c28e73751559965a14ad2fafe40b160524e0c092c40c59fc74673199df0"
Native owner (ubuntu-24.04)	Test Arrow IO with Rust 1.99.0	2026-10-05T02:05:22.4895616Z         }
Native owner (ubuntu-24.04)	Test Arrow IO with Rust 1.99.0	2026-10-05T02:05:22.4895765Z       },
Native owner (ubuntu-24.04)	Test Arrow IO with Rust 1.99.0	2026-10-05T02:05:22.4896033Z       "legacy_event_schema_sha256": "2e8025a5997f1e056956d47db3b18d3e01e3b0fd865d7235803811ae2aab9dcc",
Native owner (ubuntu-24.04)	Test Arrow IO with Rust 1.99.0	2026-10-05T02:05:22.4896349Z       "pyarrow": "25.0.1",
Native owner (ubuntu-24.04)	Test Arrow IO with Rust 1.99.0	2026-10-05T02:05:22.4896602Z       "python": "3.14.8 (main, Oct  1 2026, 02:38:33) [GCC 13.3.0]"
Native owner (ubuntu-24.04)	Test Arrow IO with Rust 1.99.0	2026-10-05T02:05:22.4896832Z     },
Native owner (ubuntu-24.04)	Test Arrow IO with Rust 1.99.0	2026-10-05T02:05:22.4896990Z     "framing-64": {
Native owner (ubuntu-24.04)	Test Arrow IO with Rust 1.99.0	2026-10-05T02:05:22.4897294Z       "c0_logical_schema_sha256": "8c46db62f691f243385a4ebdf8a7a3d3670e2655dd0c3f82cba4335ced2a3842",
Native owner (ubuntu-24.04)	Test Arrow IO with Rust 1.99.0	2026-10-05T02:05:22.4897619Z       "counts": {
Native owner (ubuntu-24.04)	Test Arrow IO with Rust 1.99.0	2026-10-05T02:05:22.4897791Z         "metric": 7,
Native owner (ubuntu-24.04)	Test Arrow IO with Rust 1.99.0	2026-10-05T02:05:22.4897954Z         "residual": 8
Native owner (ubuntu-24.04)	Test Arrow IO with Rust 1.99.0	2026-10-05T02:05:22.4898121Z       },
Native owner (ubuntu-24.04)	Test Arrow IO with Rust 1.99.0	2026-10-05T02:05:22.4898447Z       "directory": "/home/runner/work/kairos/kairos/.artifacts/ci/arrow-io/1.99.0/ubuntu-24.04/c43-rust-output/framing-64",
Native owner (ubuntu-24.04)	Test Arrow IO with Rust 1.99.0	2026-10-05T02:05:22.4898916Z       "event_join": "checked",
Native owner (ubuntu-24.04)	Test Arrow IO with Rust 1.99.0	2026-10-05T02:05:22.4899105Z       "formats": {
Native owner (ubuntu-24.04)	Test Arrow IO with Rust 1.99.0	2026-10-05T02:05:22.4899266Z         "metric.ipc_file": {
Native owner (ubuntu-24.04)	Test Arrow IO with Rust 1.99.0	2026-10-05T02:05:22.4899435Z           "rows": 7,
Native owner (ubuntu-24.04)	Test Arrow IO with Rust 1.99.0	2026-10-05T02:05:22.4899687Z           "sha256": "245228c545090fe7c93be558baff2e666b28288b80ff3960341cc43d7e5560f8"
Native owner (ubuntu-24.04)	Test Arrow IO with Rust 1.99.0	2026-10-05T02:05:22.4899953Z         },
Native owner (ubuntu-24.04)	Test Arrow IO with Rust 1.99.0	2026-10-05T02:05:22.4900108Z         "metric.ipc_stream": {
Native owner (ubuntu-24.04)	Test Arrow IO with Rust 1.99.0	2026-10-05T02:05:22.4900279Z           "rows": 7,
Native owner (ubuntu-24.04)	Test Arrow IO with Rust 1.99.0	2026-10-05T02:05:22.4900520Z           "sha256": "9f308920f50db2acc8fe874cfc0a02bb0b19b474aa7ba90fc36dd591e5e77059"
Native owner (ubuntu-24.04)	Test Arrow IO with Rust 1.99.0	2026-10-05T02:05:22.4900796Z         },
Native owner (ubuntu-24.04)	Test Arrow IO with Rust 1.99.0	2026-10-05T02:05:22.4900943Z         "metric.parquet": {
Native owner (ubuntu-24.04)	Test Arrow IO with Rust 1.99.0	2026-10-05T02:05:22.4901110Z           "rows": 7,
Native owner (ubuntu-24.04)	Test Arrow IO with Rust 1.99.0	2026-10-05T02:05:22.4901356Z           "sha256": "19abe034080fa6d70a00e2faefef7d4980250137694a9a5485eac761d8e4797c"
Native owner (ubuntu-24.04)	Test Arrow IO with Rust 1.99.0	2026-10-05T02:05:22.4901621Z         },
Native owner (ubuntu-24.04)	Test Arrow IO with Rust 1.99.0	2026-10-05T02:05:22.4901776Z         "residual.ipc_file": {
Native owner (ubuntu-24.04)	Test Arrow IO with Rust 1.99.0	2026-10-05T02:05:22.4902034Z           "rows": 8,
Native owner (ubuntu-24.04)	Test Arrow IO with Rust 1.99.0	2026-10-05T02:05:22.4902278Z           "sha256": "ab0ff50aa99fce46b9658c3c25d8d8dbfb1677b2889b1ae6e935af707732f074"
Native owner (ubuntu-24.04)	Test Arrow IO with Rust 1.99.0	2026-10-05T02:05:22.4902555Z         },
Native owner (ubuntu-24.04)	Test Arrow IO with Rust 1.99.0	2026-10-05T02:05:22.4902709Z         "residual.ipc_stream": {
Native owner (ubuntu-24.04)	Test Arrow IO with Rust 1.99.0	2026-10-05T02:05:22.4902906Z           "rows": 8,
Native owner (ubuntu-24.04)	Test Arrow IO with Rust 1.99.0	2026-10-05T02:05:22.4903148Z           "sha256": "73cfe3708b21549925b479737a5801b060c6213c5f2a6f3d26a8955de88b36fc"
Native owner (ubuntu-24.04)	Test Arrow IO with Rust 1.99.0	2026-10-05T02:05:22.4903418Z         },
Native owner (ubuntu-24.04)	Test Arrow IO with Rust 1.99.0	2026-10-05T02:05:22.4903582Z         "residual.parquet": {
Native owner (ubuntu-24.04)	Test Arrow IO with Rust 1.99.0	2026-10-05T02:05:22.4903762Z           "rows": 8,
Native owner (ubuntu-24.04)	Test Arrow IO with Rust 1.99.0	2026-10-05T02:05:22.4904006Z           "sha256": "08fe7dab8de26786cdbe0bcad501c1fb608a36d0b78872f2f71af6c3003c999e"
Native owner (ubuntu-24.04)	Test Arrow IO with Rust 1.99.0	2026-10-05T02:05:22.4904292Z         }
Native owner (ubuntu-24.04)	Test Arrow IO with Rust 1.99.0	2026-10-05T02:05:22.4904429Z       },
Native owner (ubuntu-24.04)	Test Arrow IO with Rust 1.99.0	2026-10-05T02:05:22.4904713Z       "legacy_event_schema_sha256": "2e8025a5997f1e056956d47db3b18d3e01e3b0fd865d7235803811ae2aab9dcc",
Native owner (ubuntu-24.04)	Test Arrow IO with Rust 1.99.0	2026-10-05T02:05:22.4905041Z       "pyarrow": "25.0.1",
Native owner (ubuntu-24.04)	Test Arrow IO with Rust 1.99.0	2026-10-05T02:05:22.4905257Z       "python": "3.14.8 (main, Oct  1 2026, 02:38:33) [GCC 13.3.0]"
Native owner (ubuntu-24.04)	Test Arrow IO with Rust 1.99.0	2026-10-05T02:05:22.4905544Z     }
Native owner (ubuntu-24.04)	Test Arrow IO with Rust 1.99.0	2026-10-05T02:05:22.4905675Z   },
Native owner (ubuntu-24.04)	Test Arrow IO with Rust 1.99.0	2026-10-05T02:05:22.4905942Z   "legacy_event_schema_sha256": "2e8025a5997f1e056956d47db3b18d3e01e3b0fd865d7235803811ae2aab9dcc",
Native owner (ubuntu-24.04)	Test Arrow IO with Rust 1.99.0	2026-10-05T02:05:22.4906272Z   "pyarrow": "25.0.1",
Native owner (ubuntu-24.04)	Test Arrow IO with Rust 1.99.0	2026-10-05T02:05:22.4906478Z   "python": "3.14.8 (main, Oct  1 2026, 02:38:33) [GCC 13.3.0]"
Native owner (ubuntu-24.04)	Test Arrow IO with Rust 1.99.0	2026-10-05T02:05:22.4906714Z }
Native owner (ubuntu-24.04)	Test Arrow IO with Rust 1.99.0	2026-10-05T02:05:22.6267868Z PASS: PyArrow read Rust IPC file/stream and Parquet outputs exactly
Native owner (ubuntu-24.04)	Test Arrow IO with Rust 1.99.0	2026-10-05T02:05:22.9670505Z PASS: 3 physical tables, 9 files, exact schema/metadata and logical payloads
Native owner (ubuntu-24.04)	Preserve Arrow IO Rust 1.98 evidence	﻿2026-10-05T02:05:22.9981149Z ##[group]Run actions/upload-artifact@ea165f8d65b6e75b540449e92b4886f43607fa02
Native owner (ubuntu-24.04)	Preserve Arrow IO Rust 1.98 evidence	2026-10-05T02:05:22.9981480Z with:
Native owner (ubuntu-24.04)	Preserve Arrow IO Rust 1.98 evidence	2026-10-05T02:05:22.9981667Z   name: arrow-io-rust-1.99.0-ubuntu-24.04
Native owner (ubuntu-24.04)	Preserve Arrow IO Rust 1.98 evidence	2026-10-05T02:05:22.9981920Z   path: .artifacts/ci/arrow-io/1.99.0/ubuntu-24.04/
Native owner (ubuntu-24.04)	Preserve Arrow IO Rust 1.98 evidence	2026-10-05T02:05:22.9982162Z   retention-days: 7
Native owner (ubuntu-24.04)	Preserve Arrow IO Rust 1.98 evidence	2026-10-05T02:05:22.9982349Z   if-no-files-found: error
Native owner (ubuntu-24.04)	Preserve Arrow IO Rust 1.98 evidence	2026-10-05T02:05:22.9982556Z   compression-level: 6
Native owner (ubuntu-24.04)	Preserve Arrow IO Rust 1.98 evidence	2026-10-05T02:05:22.9982733Z   overwrite: false
Native owner (ubuntu-24.04)	Preserve Arrow IO Rust 1.98 evidence	2026-10-05T02:05:22.9982919Z   include-hidden-files: false
Native owner (ubuntu-24.04)	Preserve Arrow IO Rust 1.98 evidence	2026-10-05T02:05:22.9983113Z env:
Native owner (ubuntu-24.04)	Preserve Arrow IO Rust 1.98 evidence	2026-10-05T02:05:22.9983326Z   pythonLocation: /opt/hostedtoolcache/Python/3.14.8/x64
Native owner (ubuntu-24.04)	Preserve Arrow IO Rust 1.98 evidence	2026-10-05T02:05:22.9983658Z   PKG_CONFIG_PATH: /opt/hostedtoolcache/Python/3.14.8/x64/lib/pkgconfig
Native owner (ubuntu-24.04)	Preserve Arrow IO Rust 1.98 evidence	2026-10-05T02:05:22.9983989Z   Python_ROOT_DIR: /opt/hostedtoolcache/Python/3.14.8/x64
Native owner (ubuntu-24.04)	Preserve Arrow IO Rust 1.98 evidence	2026-10-05T02:05:22.9984297Z   Python2_ROOT_DIR: /opt/hostedtoolcache/Python/3.14.8/x64
Native owner (ubuntu-24.04)	Preserve Arrow IO Rust 1.98 evidence	2026-10-05T02:05:22.9984589Z   Python3_ROOT_DIR: /opt/hostedtoolcache/Python/3.14.8/x64
Native owner (ubuntu-24.04)	Preserve Arrow IO Rust 1.98 evidence	2026-10-05T02:05:22.9984925Z   LD_LIBRARY_PATH: /opt/hostedtoolcache/Python/3.14.8/x64/lib
Native owner (ubuntu-24.04)	Preserve Arrow IO Rust 1.98 evidence	2026-10-05T02:05:22.9985187Z ##[endgroup]
Native owner (ubuntu-24.04)	Preserve Arrow IO Rust 1.98 evidence	2026-10-05T02:05:23.1205450Z (node:10549) [DEP0040] DeprecationWarning: The `punycode` module is deprecated. Please use a userland alternative instead.
Native owner (ubuntu-24.04)	Preserve Arrow IO Rust 1.98 evidence	2026-10-05T02:05:23.1206307Z (Use `node --trace-deprecation ...` to show where the warning was created)
Native owner (ubuntu-24.04)	Preserve Arrow IO Rust 1.98 evidence	2026-10-05T02:05:23.1313765Z With the provided path, there will be 74 files uploaded
Native owner (ubuntu-24.04)	Preserve Arrow IO Rust 1.98 evidence	2026-10-05T02:05:23.1316901Z Artifact name is valid!
Native owner (ubuntu-24.04)	Preserve Arrow IO Rust 1.98 evidence	2026-10-05T02:05:23.1317506Z Root directory input is valid!
Native owner (ubuntu-24.04)	Preserve Arrow IO Rust 1.98 evidence	2026-10-05T02:05:23.3962376Z Beginning upload of artifact content to blob storage
Native owner (ubuntu-24.04)	Preserve Arrow IO Rust 1.98 evidence	2026-10-05T02:05:23.4775945Z (node:10549) [DEP0169] DeprecationWarning: `url.parse()` behavior is not standardized and prone to errors that have security implications. Use the WHATWG URL API instead. CVEs are not issued for `url.parse()` vulnerabilities.
Native owner (ubuntu-24.04)	Preserve Arrow IO Rust 1.98 evidence	2026-10-05T02:05:23.7152996Z Uploaded bytes 231105
Native owner (ubuntu-24.04)	Preserve Arrow IO Rust 1.98 evidence	2026-10-05T02:05:23.7534516Z Finished uploading artifact content to blob storage!
Native owner (ubuntu-24.04)	Preserve Arrow IO Rust 1.98 evidence	2026-10-05T02:05:23.7535139Z SHA256 digest of uploaded artifact zip is d97bc2a337c25f5190c3a501e9a10cd27636702ddb602d57df3082972f526fcd
Native owner (ubuntu-24.04)	Preserve Arrow IO Rust 1.98 evidence	2026-10-05T02:05:23.7535853Z Finalizing artifact upload
Native owner (ubuntu-24.04)	Preserve Arrow IO Rust 1.98 evidence	2026-10-05T02:05:23.9789698Z Artifact arrow-io-rust-1.99.0-ubuntu-24.04.zip successfully finalized. Artifact ID 11321523866
Native owner (ubuntu-24.04)	Preserve Arrow IO Rust 1.98 evidence	2026-10-05T02:05:23.9790477Z Artifact arrow-io-rust-1.99.0-ubuntu-24.04 has been successfully uploaded! Final size is 231105 bytes. Artifact ID is 11321523866
Native owner (ubuntu-24.04)	Preserve Arrow IO Rust 1.98 evidence	2026-10-05T02:05:23.9795264Z Artifact download URL: https://github.com/edithatogo/kairos/actions/runs/37253816240/artifacts/11321523866
Native owner (ubuntu-24.04)	Post Install pinned Python for Arrow IO interoperability	﻿2026-10-05T02:05:23.9932203Z Post job cleanup.
Native owner (ubuntu-24.04)	Post Run actions/checkout@de0fac2e4500dabe0009e67214ff5f5447ce83dd	﻿2026-10-05T02:05:24.0857222Z Post job cleanup.
Native owner (ubuntu-24.04)	Post Run actions/checkout@de0fac2e4500dabe0009e67214ff5f5447ce83dd	2026-10-05T02:05:24.1488802Z [command]/usr/bin/git version
Native owner (ubuntu-24.04)	Post Run actions/checkout@de0fac2e4500dabe0009e67214ff5f5447ce83dd	2026-10-05T02:05:24.1518155Z git version 2.55.0
Native owner (ubuntu-24.04)	Post Run actions/checkout@de0fac2e4500dabe0009e67214ff5f5447ce83dd	2026-10-05T02:05:24.1544159Z Temporarily overriding HOME='/home/runner/work/_temp/6fef3da3-5b5c-46dc-8c8e-90b602087022' before making global git config changes
Native owner (ubuntu-24.04)	Post Run actions/checkout@de0fac2e4500dabe0009e67214ff5f5447ce83dd	2026-10-05T02:05:24.1545023Z Adding repository directory to the temporary git global config as a safe directory
Native owner (ubuntu-24.04)	Post Run actions/checkout@de0fac2e4500dabe0009e67214ff5f5447ce83dd	2026-10-05T02:05:24.1548357Z [command]/usr/bin/git config --global --add safe.directory /home/runner/work/kairos/kairos
Native owner (ubuntu-24.04)	Post Run actions/checkout@de0fac2e4500dabe0009e67214ff5f5447ce83dd	2026-10-05T02:05:24.1571763Z Removing SSH command configuration
Native owner (ubuntu-24.04)	Post Run actions/checkout@de0fac2e4500dabe0009e67214ff5f5447ce83dd	2026-10-05T02:05:24.1576385Z [command]/usr/bin/git config --local --name-only --get-regexp core\.sshCommand
Native owner (ubuntu-24.04)	Post Run actions/checkout@de0fac2e4500dabe0009e67214ff5f5447ce83dd	2026-10-05T02:05:24.1600650Z [command]/usr/bin/git submodule foreach --recursive sh -c "git config --local --name-only --get-regexp 'core\.sshCommand' && git config --local --unset-all 'core.sshCommand' || :"
Native owner (ubuntu-24.04)	Post Run actions/checkout@de0fac2e4500dabe0009e67214ff5f5447ce83dd	2026-10-05T02:05:24.1763501Z Removing HTTP extra header
Native owner (ubuntu-24.04)	Post Run actions/checkout@de0fac2e4500dabe0009e67214ff5f5447ce83dd	2026-10-05T02:05:24.1767584Z [command]/usr/bin/git config --local --name-only --get-regexp http\.https\:\/\/github\.com\/\.extraheader
Native owner (ubuntu-24.04)	Post Run actions/checkout@de0fac2e4500dabe0009e67214ff5f5447ce83dd	2026-10-05T02:05:24.1789745Z [command]/usr/bin/git submodule foreach --recursive sh -c "git config --local --name-only --get-regexp 'http\.https\:\/\/github\.com\/\.extraheader' && git config --local --unset-all 'http.https://github.com/.extraheader' || :"
Native owner (ubuntu-24.04)	Post Run actions/checkout@de0fac2e4500dabe0009e67214ff5f5447ce83dd	2026-10-05T02:05:24.1960162Z Removing includeIf entries pointing to credentials config files
Native owner (ubuntu-24.04)	Post Run actions/checkout@de0fac2e4500dabe0009e67214ff5f5447ce83dd	2026-10-05T02:05:24.1965745Z [command]/usr/bin/git config --local --name-only --get-regexp ^includeIf\.gitdir:
Native owner (ubuntu-24.04)	Post Run actions/checkout@de0fac2e4500dabe0009e67214ff5f5447ce83dd	2026-10-05T02:05:24.2014003Z [command]/usr/bin/git submodule foreach --recursive git config --local --show-origin --name-only --get-regexp remote.origin.url
Native owner (ubuntu-24.04)	Complete job	﻿2026-10-05T02:05:24.2324240Z Cleaning up orphan processes
Native owner (ubuntu-24.04)	Complete job	2026-10-05T02:05:24.2583114Z ##[warning]Node.js 20 is deprecated. The following actions target Node.js 20 but are being forced to run on Node.js 24: actions/upload-artifact@ea165f8d65b6e75b540449e92b4886f43607fa02. For more information see: https://github.blog/changelog/2025-09-19-deprecation-of-node-20-on-github-actions-runners/
